Gene	M_BDQ_30min_1	M_BDQ_2hrs_1	M_DMSO_30min_1	M_DMSO_2hrs_1	M_CTRL_30min_1	M_CTRL_2hrs_1	M_BDQ_30min_2B	M_BDQ_2hrs_2B	M_DMSO_30min_2B	M_DMSO_2hrs_2B	M_CTRL_30min_2B	M_CTRL_2hrs_2B	D_BDQ_30min_1	D_DMSO_30min_1	D_CTRL_30min_1	D_BDQ_2hrs_1	D_DMSO_2hrs_1	D_CTRL_2hrs_1	D_BDQ_30min_2T	D_DMSO_30min_2T	D_CTRL_30min_2T	D_BDQ_2hrs_2T	D_DMSO_2hrs_2T	D_CTRL_2hrs_2T
RV1984a	96	70	78	185	98	33	62	128	35	85	35	82	39	9	35	32	30	27	52	39	28	53	20	20
RVnc0001	0	0	0	0	0	0	0	0	0	0	0	0	0	0	0	0	0	0	0	0	0	0	0	0
RVnc0002	0	0	0	0	0	0	0	0	0	0	0	0	0	0	0	0	0	0	0	0	0	0	0	0
RVnc0003	0	0	0	0	0	0	0	0	0	0	0	0	0	0	0	0	0	0	0	0	0	0	0	0
RVnc0004	694	317	418	811	424	166	274	508	194	414	129	381	73	26	59	77	31	30	173	113	70	163	58	58
RVnc0005	88	44	59	99	47	17	57	116	36	62	31	43	18	14	19	21	28	10	14	32	16	30	25	12
RVnc0006	3	0	0	0	0	0	0	1	0	0	1	0	0	0	0	0	0	0	0	1	0	0	0	0
RVnc0008	196	111	150	252	134	42	96	148	61	92	55	114	14	5	5	10	4	0	20	6	4	6	4	3
RVnc0010	569	370	421	695	402	131	363	580	242	381	146	288	208	69	132	83	72	51	230	147	129	108	75	55
RVnc0012	0	0	0	0	0	0	0	0	0	0	0	0	0	0	0	0	0	0	0	0	0	0	0	0
RVnc0013	0	1	2	0	0	1	0	0	0	0	0	0	1	0	1	0	0	0	0	0	0	0	0	0
RVnc0015	36	26	26	40	17	6	16	11	10	12	6	7	13	0	6	2	2	1	9	3	5	2	1	4
RVnc0018	0	0	0	0	0	0	0	0	0	0	0	0	0	0	0	0	0	0	0	0	0	0	0	0
RVnc0021	1255	757	992	1900	948	300	545	889	393	789	261	573	63	16	38	35	17	5	109	38	38	45	11	5
RVnc0024	0	0	0	0	0	0	0	0	0	0	0	0	0	0	0	0	0	0	0	0	0	0	0	0
RVnc0034	68	55	94	100	59	30	68	78	27	60	31	47	21	10	17	18	15	13	39	40	18	48	28	25
RVnc0035	0	0	0	0	0	0	0	0	0	0	0	0	0	0	0	0	0	0	0	0	0	0	0	0
RVnc0036	0	0	0	3	5	0	0	6	1	0	0	1	0	2	0	2	0	0	0	1	2	0	0	0
RVnc0036a	3479404	1879521	2713426	4401567	2258729	876381	2954203	3666221	1791021	2503945	1101770	2121314	400084	123895	276187	188700	114451	91134	502969	326424	272836	271374	122235	96200
RVnc0040	237	140	191	235	134	44	129	177	71	132	58	96	80	49	70	38	62	39	95	112	71	65	68	41
RVnc0046	1218660	738621	986653	1551151	863623	287994	1178759	1528331	441846	751072	368058	772434	416312	131813	260575	223047	170955	130369	524341	353522	270975	322647	188859	140053
RVnc0047	0	0	0	0	0	0	0	0	0	0	0	0	0	0	0	0	0	0	0	0	0	0	0	0
Rv0001	4579	3124	3969	4119	2383	833	4791	5259	2315	2619	1669	1678	7474	5883	11162	5071	7253	7526	8896	14877	9510	7243	7560	7441
Rv0002	2375	1347	1776	2426	1379	379	1343	1712	830	1150	614	882	326	125	227	269	178	120	462	332	203	390	197	128
Rv0003	618	284	382	662	310	89	304	442	171	259	131	256	65	23	45	50	58	34	80	53	47	76	58	34
Rv0004	796	496	597	951	527	186	641	971	301	533	228	392	203	120	179	226	195	100	234	277	170	231	208	108
Rv0005	23878	15148	21465	63222	34459	13754	19968	64010	10147	33150	8009	27867	15365	8282	15342	24256	26176	25350	18432	21692	13883	33030	27911	25903
Rv0006	24252	16248	22902	67198	37371	16056	22137	74321	10844	35703	8910	29009	16682	16449	23514	33963	54306	61127	19638	40710	22294	45929	56331	61409
Rv0007	4191	2565	3376	10932	5650	2075	2810	7920	1630	4733	1233	4465	411	270	330	815	785	410	557	862	375	1336	1073	548
Rv0008c	314	179	242	386	230	103	269	399	151	240	110	191	84	106	152	115	121	119	119	307	150	157	161	100
Rv0009	5591	4032	4601	7009	4311	1537	6124	8744	2978	4339	1967	2880	4768	4992	7077	2716	4060	3703	5680	12967	6694	3836	4420	3858
Rv0010c	2390	1484	1838	3411	1817	653	1854	3281	1045	1808	737	1363	782	485	947	394	399	395	1012	1399	978	620	481	412
Rv0011c	2768	1786	2261	4406	2348	875	2668	4825	1384	2739	894	1764	2536	1356	2326	1830	2217	1799	2652	3389	2076	2384	2200	1912
Rv0012	983	613	833	2005	1106	390	945	2203	435	1068	352	857	427	433	562	597	817	614	572	1102	504	814	907	743
Rv0013	985	609	671	1566	846	276	668	1408	381	833	263	584	359	217	366	323	357	304	401	564	383	523	401	316
Rv0014c	2971	2095	2472	5522	2887	1049	2769	5743	1311	2885	942	2046	1520	1264	1966	2696	4044	3833	1791	3465	1888	3861	4407	4102
Rv0015c	2074	1417	1662	3865	2079	715	1854	4051	869	1801	648	1554	495	386	566	934	1061	774	727	1206	675	1378	1394	858
Rv0016c	2342	1354	1696	3201	1815	600	1481	2784	957	1702	690	1158	854	529	900	1382	1509	1382	1001	1382	887	2023	1905	1644
Rv0017c	2165	1500	1969	3855	2040	714	2004	4269	949	2061	691	1459	1537	1248	1920	2615	3301	3349	1840	3321	1925	3536	3710	3477
Rv0018c	2535	1672	2110	5417	2827	1023	2067	5354	1032	2647	802	1932	747	628	1062	1590	2275	1911	1014	2112	1161	2700	2796	2366
Rv0019c	944	662	816	1965	1020	420	891	1911	424	1057	292	773	305	314	453	686	782	765	384	829	486	890	1031	757
Rv0020c	9839	6249	8250	16650	9440	3301	8248	17036	4330	9393	2972	6633	5018	3780	5877	6870	7930	6647	6152	10528	6004	10175	9125	7306
Rv0021c	1432	787	997	1706	930	238	848	1165	570	874	351	671	279	123	212	225	233	119	359	343	232	378	251	139
Rv0022c	66	37	50	106	71	14	44	98	37	54	10	21	83	81	129	90	151	127	136	258	131	174	209	139
Rv0023	289	134	153	591	289	91	233	522	119	270	68	241	65	64	81	206	232	132	82	234	87	286	267	174
Rv0024	173	101	126	477	249	81	197	464	110	260	62	139	87	87	107	135	264	225	94	313	134	278	314	284
Rv0025	150	73	100	244	113	39	96	142	65	92	36	109	47	24	19	37	20	17	59	42	25	60	27	11
Rv0026	1213	774	925	2169	1185	433	937	2071	549	1167	368	947	1279	816	1221	1367	1515	1052	1638	2146	1228	1807	1660	1210
Rv0027	543	393	495	853	474	165	516	945	269	518	186	331	1364	810	1436	1032	1184	1232	1589	2285	1472	1531	1351	1431
Rv0028	489	350	406	794	359	145	404	677	215	385	131	292	494	340	552	347	423	437	579	904	561	533	488	432
Rv0029	891	564	699	1184	663	215	726	1257	396	670	261	556	275	232	309	325	397	297	366	541	323	441	434	284
Rv0030	164	104	115	235	136	21	102	157	51	87	44	106	34	11	21	26	20	14	39	26	17	38	24	6
Rv0032	228	162	210	300	169	59	188	284	97	182	74	145	126	64	124	129	123	88	148	182	104	173	122	99
Rv0033	4	1	7	3	5	0	0	1	0	1	2	0	1	0	0	0	0	0	1	0	0	2	0	0
Rv0034	22	7	5	19	8	2	6	19	8	10	2	14	0	0	2	3	2	0	1	0	2	1	2	3
Rv0035	508	345	394	548	264	91	391	506	199	294	154	204	294	248	434	246	275	230	364	570	367	259	284	217
Rv0036c	866	488	634	1249	724	193	610	925	349	668	223	412	199	131	160	181	208	110	200	288	187	283	191	121
Rv0037c	1082	609	748	1601	908	271	679	1442	397	810	259	584	144	105	125	144	198	155	183	304	141	218	211	203
Rv0038	1257	761	1008	2053	1198	423	920	1708	542	1149	345	866	440	240	458	453	408	397	580	664	425	617	401	434
Rv0039c	276	195	215	452	239	68	216	394	120	211	90	188	91	62	112	119	112	92	116	219	109	189	129	96
Rv0040c	1167	701	983	1164	693	280	831	1001	482	648	320	456	1001	1033	1245	1520	2031	1633	1318	3014	1370	2231	2128	1709
Rv0041	1718	967	1343	2307	1192	473	1230	1937	661	1086	477	879	540	251	378	549	491	368	656	722	385	769	536	419
Rv0042c	713	460	559	1159	708	246	571	1127	323	783	221	455	575	579	845	546	738	479	748	1510	816	885	846	616
Rv0043c	514	264	324	752	428	126	338	639	202	402	132	242	184	110	197	169	201	123	234	289	186	271	233	141
Rv0044c	376	213	313	621	348	139	320	669	156	376	130	291	191	93	180	214	304	193	225	233	210	313	279	206
Rv0045c	908	421	675	1037	587	225	565	850	296	512	261	545	144	100	146	326	353	237	148	285	174	488	418	273
Rv0046c	6397	3950	5793	11020	5872	2587	5391	11445	2733	5990	2302	5830	5488	4718	8299	14732	20106	19139	6674	12276	7178	20195	21342	19757
Rv0047c	2843	1847	2765	5495	2923	1337	1799	4413	1235	3325	883	2632	2468	1400	2685	6060	4909	4101	3380	4192	2558	9636	5774	4677
Rv0048c	349	204	279	423	223	98	255	451	158	260	87	163	106	75	159	153	216	167	157	236	155	277	255	168
Rv0049	1409	864	1062	1787	1041	397	1029	1762	474	967	377	769	231	254	248	481	551	374	338	732	337	682	715	471
Rv0050	3757	2340	3149	6640	3808	1275	2977	6334	1437	3365	1160	2852	1324	732	1322	1493	1644	1082	1752	2166	1345	2465	2173	1242
Rv0051	1441	844	1166	2506	1365	495	1040	2288	592	1250	468	950	544	359	505	694	794	754	688	813	480	940	824	698
Rv0052	529	311	365	786	358	133	347	607	217	351	119	288	145	73	157	145	114	88	168	191	165	218	141	115
Rv0053	598	325	439	575	364	121	380	512	250	273	163	232	173	90	195	95	150	117	219	244	196	176	134	157
Rv0054	2219	1289	1562	2788	1575	497	1302	2204	959	1553	573	1242	323	235	337	413	453	288	429	686	338	625	500	389
Rv0055	348	290	289	509	301	109	246	422	178	304	111	207	96	56	95	64	61	35	118	158	85	143	79	65
Rv0056	1449	980	1284	1997	1129	450	1190	2002	636	1136	488	977	634	369	549	645	711	592	704	929	564	1013	762	627
Rv0057	712	519	660	1410	735	323	584	1649	322	903	238	545	474	359	728	834	1042	1098	642	888	651	1179	1102	1158
Rv0058	6984	4205	4889	13983	7545	2606	5576	13281	2924	7192	1909	5498	1700	857	1601	2776	2849	2234	2136	2329	1573	3979	3086	2323
Rv0059	977	584	755	1509	774	293	630	1427	348	700	309	584	154	140	235	339	505	384	202	416	223	504	563	364
Rv0060	10976	7106	8573	15118	8313	2952	9224	15395	5047	8875	3385	6252	3102	1863	3467	3354	4050	4072	3838	4787	3299	4799	4449	4341
Rv0061c	2781	1565	2111	3376	1926	706	2013	3503	984	1738	841	1639	767	319	550	490	456	385	822	775	553	663	477	441
Rv0062	914	590	814	1442	779	282	748	1357	385	794	310	644	261	193	298	280	273	185	314	590	328	350	361	191
Rv0063	794	521	682	1172	662	269	600	1006	325	591	270	572	237	205	274	235	290	197	257	545	270	314	304	264
Rv0063a	41	37	48	63	29	8	19	32	11	41	11	23	1	1	0	2	7	0	3	6	0	7	2	1
Rv0064	4675	2773	4376	9512	5204	2137	3867	10377	1942	4919	1712	4243	1492	988	1642	3492	4264	3613	1747	2644	1606	4711	4555	3762
Rv0064A	3	2	4	9	8	5	0	6	0	7	4	4	1	0	2	0	0	0	0	0	1	3	0	1
Rv0065	309	213	315	377	211	74	268	350	167	195	124	144	219	122	249	193	208	339	264	374	219	343	289	372
Rv0066c	2463	1452	2068	3785	2041	774	1868	3637	932	2001	807	1546	1236	550	1090	1338	1409	1162	1587	1694	1095	2110	1449	1127
Rv0067c	223	152	174	379	212	71	169	310	110	213	65	144	50	26	54	79	68	40	70	72	66	140	74	53
Rv0068	234	138	183	320	143	50	174	266	72	151	59	119	110	121	130	198	231	348	86	334	140	264	257	329
Rv0069c	1254	828	960	1412	723	254	1144	1512	644	770	432	497	412	410	613	489	742	495	523	1128	645	631	783	495
Rv0070c	1795	1161	1407	2093	1161	430	1688	2417	827	1197	592	704	611	620	819	1031	1619	1316	794	1762	877	1510	1878	1423
Rv0071	216	156	183	306	194	46	181	240	79	193	81	150	43	35	54	48	67	41	43	106	53	78	64	55
Rv0072	1168	822	1011	2035	1172	389	995	2085	529	1126	350	836	556	424	577	634	779	637	742	1022	554	1025	855	622
Rv0073	859	526	577	1889	1042	350	688	1828	382	1021	238	763	383	158	311	468	530	328	555	520	331	804	628	382
Rv0074	586	401	489	1214	696	227	530	1344	242	658	156	458	194	157	224	268	417	292	226	458	252	402	498	346
Rv0075	662	373	491	1009	543	193	470	815	246	498	162	427	108	76	80	106	109	64	180	174	95	150	102	72
Rv0076c	419	263	390	402	254	111	344	434	170	301	142	161	247	120	223	208	231	221	291	423	273	286	258	278
Rv0077c	208	127	192	263	154	45	180	264	116	141	64	121	39	44	28	51	74	78	51	91	52	70	91	73
Rv0078	265	166	218	470	237	111	223	602	123	283	87	213	83	126	131	148	295	307	65	250	127	207	334	297
Rv0078A	1257	810	1176	2253	1183	432	1216	2607	569	1315	459	1002	622	319	547	557	633	589	604	817	545	645	552	510
Rv0078B	10	6	4	8	2	0	1	5	4	4	3	1	0	0	0	0	0	0	0	0	0	0	0	0
Rv0079	73	46	64	7172	3800	1176	56	9341	23	3468	24	1675	9	18	28	88	546	2688	8	46	17	142	610	3191
Rv0080	39	20	45	811	493	167	30	593	18	464	12	187	11	3	8	10	17	76	11	10	8	15	9	71
Rv0081	26	14	120	140	92	65	26	106	7	81	52	85	29	16	20	21	8	9	55	43	16	19	10	9
Rv0082	15	3	40	25	17	17	1	16	3	9	9	25	2	0	2	2	0	0	1	0	5	1	1	0
Rv0083	119	87	538	431	245	242	99	413	60	216	161	369	77	92	145	75	116	89	118	262	161	103	140	101
Rv0084	108	66	387	225	124	141	76	198	40	113	149	239	124	74	110	55	93	55	105	242	116	77	75	65
Rv0085	38	16	152	90	45	54	28	77	17	54	39	95	44	32	41	24	33	28	50	120	37	37	33	42
Rv0086	264	157	506	459	251	206	196	434	106	213	194	354	164	169	155	114	143	106	210	435	149	141	164	114
Rv0087	125	99	280	213	88	118	104	198	64	87	118	151	131	111	221	59	86	57	164	312	181	85	92	67
Rv0088	1032	555	1072	1007	570	225	694	816	323	461	400	505	301	98	198	228	177	97	362	239	187	310	158	85
Rv0089	306	181	338	288	149	73	217	297	147	148	112	151	73	73	75	136	219	116	80	161	68	165	214	157
Rv0090	65	48	91	87	58	20	63	85	26	47	34	40	20	13	9	19	22	19	37	30	14	24	36	25
Rv0091	237	166	227	318	163	74	258	332	128	169	83	105	68	116	130	170	286	250	88	316	161	204	304	264
Rv0092	1326	869	1114	2100	1124	371	1207	2140	621	1124	420	853	213	286	337	401	653	467	329	645	353	592	778	532
Rv0093c	354	210	254	552	290	85	295	575	137	278	85	218	73	88	98	123	181	137	98	220	97	162	186	141
Rv0094c	31	8	21	39	14	9	8	41	8	27	3	12	5	2	1	6	7	3	1	7	2	8	3	2
Rv0095c	204	119	130	373	190	57	131	287	76	204	48	134	39	18	28	51	39	34	39	61	45	67	62	24
Rv0096	161	108	116	157	93	29	121	182	62	85	42	50	38	46	36	80	125	105	53	95	38	143	133	117
Rv0097	259	159	203	326	221	76	186	372	81	178	70	143	154	59	87	222	169	137	161	132	101	302	172	144
Rv0098	128	70	103	179	76	37	114	191	64	147	56	64	99	81	128	205	219	289	127	210	100	279	216	285
Rv0099	549	293	382	740	426	142	367	698	198	442	141	364	76	25	75	137	140	110	100	100	64	221	142	122
Rv0100	4	7	3	11	5	2	3	6	2	2	2	1	2	0	0	0	0	0	0	0	0	0	1	0
Rv0101	2833	1669	2330	5422	2829	1108	2156	4880	1173	2606	828	2178	624	455	701	971	1208	964	835	1173	716	1318	1241	981
Rv0102	1826	1166	1529	4439	2425	871	1429	4090	723	2242	596	1818	561	346	515	1031	938	776	646	903	503	1468	1090	789
Rv0103c	2097	1318	1588	3608	2144	731	1690	3641	879	1923	576	1499	478	387	428	690	709	537	560	899	450	932	784	577
Rv0104	1362	827	877	2204	1286	391	1103	2223	564	1300	327	830	699	481	725	860	1067	953	821	1218	698	1110	1056	983
Rv0105c	24	10	12	27	21	4	10	29	8	16	4	6	4	2	9	13	6	0	9	1	7	9	6	0
Rv0106	282	167	231	446	267	70	215	441	117	235	84	187	92	77	97	100	108	118	66	172	106	164	120	109
Rv0107c	7114	4500	5196	12799	6991	2221	6021	13003	3065	6189	2052	4819	1888	2138	2857	2586	4063	3044	2282	5631	2863	3749	4362	3373
Rv0108c	5339	3472	4140	6216	3611	1190	5502	7237	2713	3810	1787	2438	6709	5360	8152	3433	4318	3512	7582	13439	8043	4299	4407	3536
Rv0109	289	165	210	379	275	74	158	309	111	190	81	141	49	34	47	55	47	49	53	74	41	78	70	71
Rv0110	451	268	362	747	460	131	354	755	182	351	128	268	142	82	137	133	157	136	196	217	154	211	168	136
Rv0111	4201	2787	3815	6612	3563	1341	3576	6229	1786	3332	1343	2796	1124	745	1190	1311	1557	1152	1484	2244	1233	2190	1899	1302
Rv0112	511	318	471	918	422	206	494	1036	231	453	175	356	325	229	403	502	721	718	410	589	335	588	637	710
Rv0113	294	199	254	465	237	103	248	423	138	258	86	166	181	65	132	116	156	91	178	191	147	154	158	80
Rv0114	184	108	169	340	183	80	172	354	81	191	63	149	54	28	38	50	52	43	70	56	43	88	67	63
Rv0115	166	96	130	270	175	60	115	230	60	147	67	146	31	6	18	27	15	14	41	30	8	35	21	21
Rv0115a	571	345	589	313	167	72	481	395	230	192	236	158	22	9	25	10	15	7	31	38	20	19	9	6
Rv0116c	2147	1239	1758	2312	1224	449	1613	2261	806	1103	768	1089	199	131	262	223	210	180	258	364	224	340	257	194
Rv0117	279	125	191	269	128	52	133	226	86	135	64	125	50	58	66	63	47	38	75	116	65	79	49	67
Rv0118c	307	212	406	487	235	170	261	526	114	262	164	304	168	206	238	153	254	166	223	538	216	233	255	212
Rv0119	556	347	531	634	355	152	459	641	229	330	224	285	144	144	204	214	329	261	153	382	175	286	378	309
Rv0120c	1454	943	1295	2290	1401	476	1222	2452	656	1268	533	1028	462	423	616	959	1292	1124	581	1192	594	1471	1444	1224
Rv0121c	158	134	171	395	200	85	162	359	70	204	47	148	30	11	34	70	54	64	57	33	34	106	69	41
Rv0122	115	70	100	94	52	30	73	83	67	62	46	27	3	10	11	18	25	18	15	20	6	17	33	16
Rv0123	217	115	168	170	114	36	236	188	103	105	67	79	53	49	49	37	69	73	54	100	76	61	84	72
Rv0124	197	123	142	229	141	48	127	158	67	119	61	74	28	7	25	25	14	18	49	26	23	35	26	17
Rv0125	2849	1741	2238	4000	2292	757	2070	3652	1149	2083	898	1676	431	383	611	655	779	570	547	1215	678	1041	1002	728
Rv0126	1281	831	1199	2364	1310	528	1213	2524	580	1339	522	929	445	329	564	687	949	814	532	946	531	1021	1007	910
Rv0127	1313	756	1024	1700	876	336	973	1643	483	774	366	797	226	125	230	263	250	235	277	386	249	390	312	212
Rv0128	832	513	750	760	377	135	592	640	290	397	255	266	223	196	263	222	224	210	227	357	201	209	218	160
Rv0129c	6230	4257	6471	6212	3508	1564	6390	7567	2854	3684	2478	2712	3411	4381	6244	4855	8389	7320	3948	11017	5626	6200	8368	7147
Rv0130	198	115	181	186	117	40	161	222	94	87	76	79	118	109	154	126	164	115	140	277	149	190	179	121
Rv0131c	412	306	356	521	311	112	367	475	202	249	124	171	89	96	114	134	150	103	162	266	120	174	199	109
Rv0132c	445	313	365	673	386	137	326	580	182	381	134	225	46	43	66	80	70	98	62	121	58	129	124	104
Rv0133	531	347	417	1232	689	205	411	1068	219	660	130	522	218	252	308	505	597	564	289	653	329	642	685	566
Rv0134	611	308	357	948	516	138	347	666	225	512	145	446	82	47	58	110	86	58	129	144	84	151	116	54
Rv0135c	962	572	853	1232	738	278	746	1270	442	708	294	548	386	189	355	351	354	328	445	575	373	489	398	305
Rv0136	461	261	362	565	310	105	364	583	169	308	137	225	106	133	144	150	175	181	155	280	117	182	174	151
Rv0137c	1559	930	1211	2481	1329	539	1130	2114	649	1477	425	920	455	177	479	421	383	416	646	615	417	610	472	449
Rv0138	142	125	123	290	186	52	142	312	68	216	54	104	190	103	226	253	285	309	217	323	213	356	287	259
Rv0139	540	299	432	992	511	149	453	948	232	526	168	382	204	128	162	295	260	180	280	343	175	431	296	209
Rv0140	444	242	315	502	272	107	264	444	185	283	114	185	167	84	129	116	83	47	170	160	90	153	106	54
Rv0141c	373	246	291	413	245	89	281	410	179	259	123	179	205	144	131	155	115	114	231	299	174	171	111	134
Rv0142	500	381	459	777	455	125	480	791	211	340	166	312	98	121	171	99	145	113	156	362	166	160	208	105
Rv0143c	997	549	691	1702	976	272	778	1769	331	871	254	732	420	349	490	497	606	416	535	961	486	688	667	433
Rv0144	1385	767	1069	2928	1590	488	784	1980	495	1530	405	1213	394	114	291	288	268	212	437	387	262	426	257	195
Rv0145	4452	2768	4044	9883	5288	1924	4127	10225	1964	5199	1489	4646	1613	1498	2020	2182	2824	1991	2034	3976	2080	3232	3273	2244
Rv0146	1139	728	998	3179	1629	629	902	2974	483	1623	416	1431	303	204	279	501	546	407	412	629	282	758	663	448
Rv0147	3302	1989	2514	7864	4246	1484	2771	8424	1445	4267	975	3457	1029	847	1219	2006	2594	1959	1396	2388	1290	2836	2915	2208
Rv0148	1798	1078	1515	2855	1565	568	1550	3011	848	1608	590	1250	649	543	952	813	1063	997	787	1256	841	1110	1062	942
Rv0149	1712	974	1259	2382	1362	403	1412	2412	624	1085	514	1072	159	84	173	220	228	122	209	288	146	329	254	151
Rv0150c	93	66	95	149	80	29	67	82	38	69	40	69	6	2	10	7	17	11	14	13	26	21	12	15
Rv0151c	706	395	509	883	534	159	545	987	303	527	215	348	275	190	369	321	426	338	401	486	289	462	467	377
Rv0152c	379	213	273	487	276	119	310	457	157	289	104	172	76	62	89	148	168	146	67	148	98	202	174	162
Rv0153c	642	396	502	1140	606	235	508	1117	308	610	217	437	174	199	307	294	436	364	213	483	258	383	423	359
Rv0154c	935	658	860	1862	1094	471	770	2132	501	1223	295	771	521	590	935	1002	1449	1313	585	1695	957	1380	1512	1422
Rv0155	272	155	203	342	237	46	209	432	106	223	71	170	101	94	145	213	227	155	142	304	122	234	321	167
Rv0156	69	43	43	108	56	17	38	74	30	53	18	35	47	9	28	28	20	8	56	27	36	38	23	11
Rv0157	1227	741	953	1750	1003	239	974	1650	536	884	338	683	446	351	493	496	550	441	574	910	451	731	600	379
Rv0157A	18	7	8	9	4	0	2	2	5	7	4	5	0	0	0	0	1	1	2	0	0	1	0	1
Rv0158	274	175	268	423	232	96	222	353	92	237	100	184	118	71	124	139	140	108	158	191	99	190	174	129
Rv0159c	735	416	585	922	471	179	554	831	297	481	221	418	264	172	255	281	351	357	285	416	239	397	434	339
Rv0160c	241	116	148	347	180	50	184	363	99	180	55	110	41	28	21	54	88	62	41	85	27	104	67	80
Rv0161	111	61	82	132	76	28	90	145	45	58	34	45	24	11	31	22	23	9	43	37	44	27	27	18
Rv0162c	192	113	104	249	123	47	147	225	87	115	37	94	47	45	69	75	81	46	63	133	81	107	91	76
Rv0163	123	51	79	113	67	22	44	56	49	77	32	24	56	8	37	40	14	20	75	52	33	52	11	16
Rv0164	1331	873	1003	1764	1036	331	1112	1573	693	1023	395	764	904	476	748	549	460	353	1163	1294	755	711	540	349
Rv0165c	1449	818	1105	1975	1071	367	1191	1849	631	1029	416	853	375	263	439	337	441	325	495	681	458	471	460	312
Rv0166	4274	2809	3340	5524	3143	1107	3735	5637	1658	2818	1331	2197	2737	1829	2864	2480	3042	2167	3313	4483	2732	3247	3020	2105
Rv0167	4422	2865	3358	5272	3063	885	4023	5647	1969	2551	1322	2045	1927	1172	1822	1194	1452	1137	2187	2866	1664	1648	1432	1105
Rv0168	2366	1566	1789	3348	1782	488	1817	2714	959	1503	655	1139	472	270	399	336	348	261	579	646	401	514	355	258
Rv0169	4103	2625	3324	5596	2823	975	3674	5582	1705	2702	1265	1834	1444	1016	1901	1352	1459	1210	1799	2837	1739	1884	1714	1289
Rv0170	6381	3991	5374	6827	3612	1215	4817	6358	2633	3430	2043	2185	2348	1318	2187	1579	1428	1193	2914	3503	2170	2259	1562	1331
Rv0171	7376	5046	6421	8117	4426	1479	6721	8595	3174	4128	2594	2700	2960	2300	4112	2438	3097	2897	4070	6907	4109	3693	3725	3455
Rv0172	14538	9634	12198	12517	6577	2461	14034	14685	6676	6770	4954	4228	12150	8215	16073	5992	7943	8398	14879	21309	14714	8566	8354	8737
Rv0173	9095	6005	7695	8742	4390	1716	8687	9249	4088	4325	2879	2935	4972	3002	5300	2389	2727	2351	5861	7882	5028	3363	3000	2452
Rv0174	14764	9605	11220	17323	9128	3398	13238	17759	6704	8281	4309	6463	9624	4913	9151	3847	3884	3252	12633	13660	9823	5674	4333	3455
Rv0175	4080	2429	3052	6734	3682	1159	2827	5717	1647	3482	1083	2700	1241	762	1758	729	846	746	1459	1980	1331	943	778	666
Rv0176	3296	2127	2637	6658	3539	1295	2830	6366	1387	3159	947	2346	1083	692	1115	1000	883	706	1120	1931	1093	1366	971	821
Rv0177	1832	1349	1575	3720	1977	846	1494	3787	855	2077	626	1180	1899	1081	1869	1214	1291	1570	2309	2808	2045	1737	1376	1571
Rv0178	2890	1912	2430	4248	2268	895	2631	4804	1261	2371	1006	1567	2449	2057	4242	1512	1851	1936	3170	5464	3645	2036	2170	2096
Rv0179c	1810	1153	1631	2318	1382	529	1310	2125	829	1361	580	941	1414	1042	1629	1549	1818	1470	1762	2642	1634	2350	2062	1558
Rv0180c	1336	819	920	2382	1406	478	1122	2597	541	1278	373	1035	345	337	484	714	974	897	439	861	484	1015	1131	1013
Rv0181c	935	570	692	2513	1372	502	886	2822	370	1375	240	1034	247	221	261	745	1052	852	291	547	280	1022	1178	836
Rv0182c	2273	1421	1539	5628	3108	1080	1847	5961	940	3259	594	2074	575	574	902	1943	2591	2657	688	1475	882	2886	2917	2880
Rv0183	565	296	412	797	472	135	373	694	211	453	166	343	195	147	217	300	370	191	220	438	245	449	381	245
Rv0184	912	677	783	2781	1597	562	916	3097	430	1639	270	1043	434	667	751	1284	2353	2185	591	1822	812	1828	2668	2397
Rv0185	303	227	299	866	536	196	249	991	155	555	108	330	137	121	155	380	464	424	164	365	188	514	633	486
Rv0186	4830	3148	4157	9639	5403	2083	3832	9523	2070	5058	1434	3767	1236	1156	1526	2707	3221	2402	1563	3026	1595	4030	3498	2657
Rv0186A	1604	822	1053	1559	861	301	668	900	426	760	291	445	160	56	91	191	97	61	215	117	75	330	78	65
Rv0187	566	350	450	721	443	162	431	749	227	425	158	332	187	159	228	323	407	343	269	449	216	554	485	424
Rv0188	1396	735	1040	967	503	210	951	857	442	426	379	493	172	98	179	182	238	241	172	256	147	297	259	192
Rv0189c	2397	1511	1998	4427	2359	877	2096	4481	1011	2199	694	1991	820	641	971	1113	1460	1304	1051	1955	1081	1521	1756	1443
Rv0190	3021	1890	2449	5910	3120	1166	2264	5598	1366	3278	854	2528	843	364	632	892	666	522	997	1032	638	1207	753	523
Rv0191	1167	747	977	2608	1414	528	839	2144	414	1296	330	989	256	159	291	473	544	368	359	540	290	774	578	443
Rv0192	1984	1316	1728	3883	2172	833	1810	4409	960	2164	654	1649	898	1161	1578	1899	3425	3392	1141	3387	1610	2858	3911	3831
Rv0193c	361	182	258	442	240	91	206	389	129	203	95	198	82	37	81	83	102	94	89	102	64	132	126	81
Rv0194	472	275	344	552	292	109	362	534	170	323	156	228	109	99	124	115	140	107	142	272	130	143	153	103
Rv0195	63	47	50	128	78	32	47	149	29	73	23	80	9	4	7	14	13	9	8	23	3	9	15	6
Rv0196	31	16	17	48	24	3	19	33	10	10	6	21	2	0	2	1	3	6	6	2	4	13	1	1
Rv0197	479	277	426	417	208	81	380	358	192	218	161	173	107	49	74	68	73	48	118	153	83	88	70	66
Rv0198c	2801	1854	2761	4491	2575	1033	2707	5057	1383	2606	1013	1873	2357	2004	3522	2587	3764	4189	2879	5390	3189	3703	3908	4238
Rv0199	307	198	195	500	255	93	232	497	140	325	78	160	186	118	190	256	340	269	189	354	189	350	315	273
Rv0200	316	176	227	520	281	88	231	506	125	266	96	189	84	50	71	88	98	98	81	134	72	179	127	138
Rv0201c	584	255	398	920	441	169	283	682	159	409	133	323	92	41	89	104	86	81	123	182	102	176	85	78
Rv0202c	8644	5354	6724	17945	10130	3433	6985	18436	4082	10063	2434	7220	1899	1706	2336	3031	3927	3079	2681	4787	2483	4680	4400	3291
Rv0203	366	236	297	393	257	87	225	288	142	197	79	172	49	12	58	30	25	13	74	55	51	53	31	12
Rv0204c	1460	936	1203	1938	986	380	1149	1927	580	966	467	841	333	313	437	341	433	302	415	813	457	531	537	323
Rv0205	1044	676	829	2036	1116	419	819	1987	441	1078	315	861	344	220	416	534	668	562	441	682	353	781	781	613
Rv0206c	19725	12664	16584	31214	17322	6551	17256	33428	8454	15946	6325	12536	10372	6488	11668	13810	15229	13386	12402	16475	10838	19772	17047	14396
Rv0207c	3559	2206	3118	4614	2641	946	2759	4214	1506	2404	1147	1965	1188	790	1149	1264	1539	1096	1535	2175	1306	1910	1805	1233
Rv0208c	1806	1043	1528	2053	1269	487	1251	1732	654	1105	504	1001	575	314	478	787	823	561	732	785	502	1141	823	611
Rv0209	292	171	237	435	226	69	240	436	111	209	80	192	55	34	91	95	131	90	74	174	89	188	168	104
Rv0210	284	172	200	405	200	59	190	341	91	192	69	155	71	33	64	66	86	80	79	102	70	104	91	93
Rv0211	4049	2279	3566	6478	3303	1297	3084	6093	1646	3388	1457	2970	1301	759	1248	1536	1622	1115	1600	2013	1160	2141	1669	1197
Rv0212c	408	214	330	428	201	78	286	385	141	212	128	195	59	60	93	76	71	51	94	193	88	99	106	35
Rv0213c	972	572	890	1206	703	258	682	1091	371	686	305	506	114	60	142	131	84	83	157	160	129	161	108	86
Rv0214	559	365	467	653	396	151	398	687	207	363	167	329	92	71	115	140	118	101	121	195	103	184	147	100
Rv0216	157	102	131	206	129	47	131	210	68	114	40	81	56	21	40	49	44	21	64	50	22	69	46	20
Rv0217c	287	193	218	355	203	68	243	403	121	203	85	164	113	71	108	103	143	104	99	241	113	148	166	104
Rv0218	345	190	240	372	228	70	230	419	117	212	94	172	60	37	85	81	69	53	68	89	67	119	71	31
Rv0219	24	11	17	54	22	9	7	39	8	20	8	8	3	2	1	6	10	13	4	12	5	9	9	11
Rv0220	3729	2260	2910	8608	4749	1453	3144	8482	1711	4837	1189	3218	2051	1748	2204	3168	3955	2714	2616	5092	2312	4507	4503	3035
Rv0221	2142	1261	1765	4587	2610	784	1545	4238	878	2515	655	1741	1275	596	1356	1637	1500	1443	1667	1742	1282	2473	1736	1535
Rv0222	282	173	237	452	268	65	199	351	109	271	82	178	77	58	78	58	52	34	90	159	95	99	106	39
Rv0223c	542	337	522	748	416	139	375	661	216	333	170	314	143	66	152	125	138	98	174	227	109	189	151	136
Rv0224c	237	158	179	368	184	53	224	352	92	172	84	136	50	35	46	40	66	27	65	98	42	61	80	39
Rv0225	580	373	447	1042	536	166	588	1140	234	550	157	442	270	274	336	402	701	410	353	870	347	607	656	483
Rv0226c	489	295	358	704	412	136	369	662	199	342	135	242	81	101	102	82	127	85	130	222	116	125	143	100
Rv0227c	3456	2330	2873	4175	2399	855	3003	4560	1687	2479	1069	1528	2226	1603	2834	1810	2441	1966	2863	4174	2590	2519	2490	2033
Rv0228	649	399	453	1120	577	205	482	1014	244	567	158	500	236	212	332	437	480	493	319	514	281	574	549	496
Rv0229c	1203	710	991	1893	1035	404	1019	2122	454	1005	417	911	725	465	878	945	1018	751	950	1352	902	1324	1180	955
Rv0230c	626	435	543	817	441	151	530	851	288	511	203	282	295	349	597	406	585	510	416	975	597	526	675	515
Rv0231	830	563	628	977	524	210	718	983	369	559	247	328	324	328	448	442	510	376	469	836	489	645	567	443
Rv0232	1175	718	1107	4600	2576	1190	1029	5610	521	3009	428	2221	712	546	789	2573	3156	2213	1052	1641	833	3851	3676	2618
Rv0233	718	501	740	3164	1750	724	543	2832	301	1755	249	1363	627	264	387	1372	1157	856	799	648	453	2035	1367	935
Rv0234c	785	560	731	1707	941	309	639	1537	379	949	247	738	349	314	421	893	971	637	490	867	434	1216	1025	695
Rv0235c	566	384	513	680	332	164	556	734	276	389	217	284	343	250	378	299	458	392	343	686	377	440	444	385
Rv0236A	227	142	170	364	205	52	102	155	78	224	51	87	66	34	52	64	44	25	91	93	39	65	38	30
Rv0236c	2226	1355	1648	4970	2699	880	1574	4425	934	2484	570	1721	667	635	807	1193	1724	1257	907	2108	968	1891	2127	1464
Rv0237	656	408	519	1201	647	191	524	1049	330	636	193	442	206	188	282	247	284	235	282	619	345	383	303	278
Rv0238	669	434	530	1327	720	248	505	1168	247	676	180	603	284	137	279	416	435	341	393	346	260	569	463	376
Rv0239	480	328	394	814	435	168	246	367	189	548	133	287	181	94	177	194	135	176	237	317	170	258	117	190
Rv0240	244	204	260	530	276	87	163	399	141	297	94	165	50	40	55	74	51	40	61	88	41	120	76	42
Rv0241c	3360	2330	2857	5789	3043	1012	3532	6941	1712	3150	1180	1930	3131	5029	7451	6995	12017	13547	4422	13139	7246	10001	14154	15324
Rv0242c	5395	3186	3855	9621	5389	1597	4043	8812	2139	4830	1510	3574	1993	1988	2498	4371	6145	5143	2672	5380	2558	6129	6417	5310
Rv0243	18599	11409	15095	37078	20503	6864	15854	38168	8063	19354	5990	15023	6240	4835	6860	10590	11588	8635	8241	13086	6971	15466	13106	9048
Rv0244c	1719	1094	1560	2479	1263	491	1449	2497	766	1234	599	967	458	400	711	544	670	645	552	1149	652	826	774	720
Rv0245	750	453	549	890	492	148	569	814	279	447	214	369	108	62	131	106	105	68	162	175	116	142	121	69
Rv0246	1017	636	880	1596	799	338	859	1471	456	822	326	685	346	204	335	461	548	463	480	514	347	682	560	423
Rv0247c	800	572	858	1437	789	352	843	1648	358	767	318	550	965	555	1190	808	1049	950	1183	1554	1027	1034	1005	1002
Rv0248c	2296	1424	1983	4098	2291	800	1781	3796	904	2054	708	1845	828	419	841	1205	1190	791	1056	1236	875	1728	1272	830
Rv0249c	821	521	679	1437	821	315	699	1330	359	810	228	589	680	371	551	843	908	808	774	1020	511	1216	976	821
Rv0250c	3637	2307	3220	5816	3588	1398	2409	4507	1634	3825	1237	2406	1964	865	1896	1507	1236	997	2381	2502	1809	2097	1274	1063
Rv0251c	585	378	611	521	314	128	460	531	224	226	230	320	75	59	86	87	71	65	110	158	79	109	93	59
Rv0252	548	284	1086	784	487	417	363	659	197	374	371	806	46	49	68	84	80	71	80	96	60	115	93	77
Rv0253	103	69	175	117	69	56	65	108	46	61	62	111	30	26	65	20	19	6	58	81	49	30	26	4
Rv0254c	122	75	147	142	85	39	74	107	45	59	62	80	14	23	26	6	16	14	11	30	11	15	16	19
Rv0255c	420	264	401	542	269	85	381	525	147	267	136	235	49	61	56	68	74	69	54	134	96	88	98	90
Rv0256c	944	546	698	1068	591	173	685	952	345	578	214	455	232	227	342	296	442	338	314	715	388	471	579	414
Rv0257	981	528	786	787	395	146	580	628	334	368	274	286	266	58	158	131	88	73	344	242	168	178	83	69
Rv0258c	173	109	169	241	137	64	106	232	75	129	36	95	42	34	49	63	74	46	56	73	39	82	62	54
Rv0259c	49	57	92	101	35	27	45	79	28	50	40	55	2	6	11	9	8	12	8	13	4	17	11	10
Rv0260c	103	75	247	162	120	85	91	131	60	104	78	181	8	1	13	13	11	5	11	13	3	18	13	15
Rv0261c	148	93	215	240	115	69	96	186	57	117	82	151	25	20	13	44	29	15	27	34	20	45	36	14
Rv0262c	432	295	350	751	400	157	328	784	173	375	134	349	80	101	140	148	232	150	95	254	132	223	250	238
Rv0263c	383	249	315	625	385	97	305	759	165	356	93	237	166	322	394	442	776	702	196	818	380	565	892	764
Rv0264c	466	285	379	902	508	178	486	1237	205	537	132	317	342	759	897	951	2106	1965	496	2012	954	1416	2440	2130
Rv0265c	406	267	332	830	488	151	395	993	200	506	123	357	314	369	348	401	618	596	391	862	391	558	704	616
Rv0266c	1057	570	784	2132	1160	381	861	2159	434	1034	280	791	162	158	212	343	488	440	213	521	270	492	564	502
Rv0267	1724	1112	1409	2753	1452	557	1337	2449	722	1360	555	1106	620	322	593	408	409	266	788	902	605	574	482	310
Rv0268c	2223	1364	1430	2061	1088	295	1448	1545	901	1031	498	598	480	292	481	431	437	363	621	820	519	640	491	361
Rv0269c	515	273	319	664	369	137	350	666	168	364	139	283	67	49	65	91	109	82	76	147	85	153	113	104
Rv0270	3273	2071	2543	7219	3818	1335	2517	6877	1429	3800	979	2811	1751	1000	1727	2133	2173	1688	2056	2633	1664	3286	2470	1789
Rv0271c	2392	1483	2016	4511	2422	909	2024	4556	986	2342	776	1919	951	797	1100	1389	1672	1349	1154	2316	1171	1790	1948	1495
Rv0272c	366	237	326	496	244	109	361	584	132	259	106	211	248	224	290	254	418	443	271	513	264	351	389	399
Rv0273c	147	81	120	234	115	43	130	225	61	104	44	68	121	67	160	180	206	183	149	248	157	224	230	203
Rv0274	88	77	95	161	98	34	98	187	38	93	22	56	51	34	55	83	82	65	56	117	66	99	97	84
Rv0275c	505	340	436	866	441	168	477	894	239	437	160	286	140	186	271	302	558	492	176	526	266	406	600	468
Rv0276	388	202	255	426	245	81	225	317	118	205	93	156	37	19	44	56	50	58	56	75	34	113	87	66
Rv0277c	1997	1106	1486	2144	1046	375	1336	1482	730	923	556	929	612	296	511	399	383	273	677	805	524	529	427	308
Rv0278c	475	273	301	561	284	78	320	433	142	245	95	198	34	38	55	47	54	43	58	109	48	56	58	41
Rv0279c	728	410	529	911	508	139	462	617	228	511	210	320	51	27	55	62	74	33	61	114	62	100	85	43
Rv0280	291	235	296	434	226	109	238	367	119	222	113	216	134	85	148	143	126	101	196	168	136	220	123	92
Rv0281	1946	1156	1481	3392	1941	660	1243	2827	641	1666	525	1340	445	301	381	567	582	538	510	929	506	899	701	689
Rv0282	6527	4210	5655	16401	8792	3671	5947	17416	2856	8401	2127	6642	1907	1464	2492	3390	4382	3510	2260	3840	2275	4610	4701	3681
Rv0283	4029	2765	3441	10979	5726	2199	3532	10973	1822	5564	1290	4350	1109	1004	1428	1951	2696	2157	1440	2748	1557	2828	3132	2288
Rv0284	7122	4740	5988	20591	11021	4514	6218	22094	3081	10350	2294	8224	2809	2707	4091	4948	7724	7433	3624	7555	4349	7694	9243	8392
Rv0285	66	23	47	128	56	26	19	59	14	46	17	39	3	0	0	2	1	0	2	1	3	1	0	0
Rv0286	1933	1476	1782	6407	3570	1396	1898	6863	948	3267	648	2546	1485	1033	1532	1567	1568	1552	1978	2634	1449	2288	1859	1693
Rv0287	427	228	342	726	486	143	231	594	128	381	118	343	111	51	70	67	41	33	156	139	85	112	64	44
Rv0288	770	530	664	1576	956	322	461	1016	325	905	185	439	297	104	206	231	124	77	369	313	187	268	102	91
Rv0289	2649	1847	2536	7042	4336	1538	2410	7601	1219	4024	942	2691	1439	1766	2028	2093	3568	3297	1760	4570	2010	3072	3583	3390
Rv0290	2069	1433	1942	5835	3335	1119	1664	5310	877	2862	601	2261	525	440	531	750	891	698	725	1255	579	1080	929	672
Rv0291	2589	1850	2271	7622	4491	1811	2422	8564	1167	4087	917	3081	619	719	956	1410	2181	1343	906	2381	1153	2318	2990	1688
Rv0292	1121	740	985	2556	1397	507	876	2465	448	1212	322	1082	264	211	252	372	411	243	279	532	286	473	471	239
Rv0293c	1461	874	1120	2973	1612	585	987	2722	576	1463	374	1198	347	249	361	800	863	634	475	710	380	1167	1151	704
Rv0294	128	100	122	230	141	66	87	189	70	142	48	99	40	44	64	71	111	79	67	91	55	91	110	97
Rv0295c	787	400	597	1141	669	233	611	1237	292	598	241	436	441	327	482	540	611	516	513	939	512	877	716	623
Rv0296c	718	437	612	884	556	178	621	1023	316	502	252	338	482	364	551	477	613	590	645	928	516	632	623	720
Rv0297	4685	2595	3268	5560	3282	935	2883	4431	1560	2623	1181	2212	352	188	352	413	348	197	449	521	334	636	393	250
Rv0298	444	229	355	564	286	128	229	335	153	255	134	187	135	60	113	169	81	86	208	195	111	222	98	99
Rv0299	306	193	279	447	210	112	212	379	148	250	109	198	247	203	295	312	342	234	320	642	381	445	359	283
Rv0300	276	186	314	522	269	134	158	308	119	278	114	199	179	64	133	147	115	94	231	185	108	235	103	92
Rv0301	610	328	498	864	457	191	366	668	219	448	192	372	297	113	280	262	222	191	425	385	208	443	283	211
Rv0302	831	420	612	1176	631	276	700	1416	299	610	258	590	406	378	690	796	1004	972	559	1147	671	1156	1211	1092
Rv0303	811	463	542	862	410	200	675	813	334	417	249	334	187	105	195	211	255	182	217	327	225	326	283	198
Rv0304c	5889	3404	4417	3158	1623	599	4510	3034	2504	1691	1899	1053	1238	677	1523	1274	1474	1302	1298	1663	1250	1703	1452	1267
Rv0305c	1174	643	852	1190	580	200	804	1190	433	582	327	423	317	166	456	470	491	490	391	548	370	605	520	481
Rv0306	106	73	107	183	130	31	78	162	34	89	28	67	53	41	76	86	98	90	61	103	54	106	102	91
Rv0307c	94	36	67	96	55	13	36	59	25	38	18	54	2	1	2	4	6	3	4	3	2	6	1	1
Rv0308	600	354	487	918	529	176	454	953	268	519	186	373	443	198	293	377	435	342	438	602	289	467	508	323
Rv0309	1410	904	1234	1240	709	265	1163	1262	593	744	429	518	1530	927	1539	1519	1670	1244	1906	2516	1484	1993	1773	1267
Rv0310c	99	54	76	97	53	18	79	94	28	69	30	52	41	23	38	63	40	26	58	49	31	69	32	12
Rv0311	223	131	196	438	229	85	189	419	94	241	63	147	57	51	52	127	126	104	84	152	65	180	167	130
Rv0312	1667	1101	1326	1517	812	322	1096	1383	608	705	482	541	784	665	894	1459	1921	1481	1088	1719	952	2190	2127	1665
Rv0313	1119	675	964	2012	1172	414	759	1512	402	915	353	898	182	135	252	178	127	118	276	297	208	285	176	155
Rv0314c	1977	1236	1560	3211	1794	691	1583	3357	890	1836	582	1441	1318	1281	1884	1272	1612	1336	1523	3504	1836	1969	1796	1548
Rv0315	1994	1323	1460	2825	1645	491	1832	2898	871	1614	573	1126	570	385	534	391	446	290	740	1010	488	542	521	318
Rv0316	604	364	371	882	489	197	393	811	210	498	145	313	83	79	97	121	153	123	110	245	112	187	194	167
Rv0317c	907	559	680	1819	981	308	776	1720	419	934	248	743	233	161	274	318	383	283	293	447	274	573	451	331
Rv0318c	188	101	169	213	117	35	138	181	80	130	65	85	35	48	41	35	43	29	60	95	66	68	57	45
Rv0319	287	168	214	555	304	103	237	494	108	320	80	229	102	67	129	110	110	102	113	168	103	150	129	85
Rv0320	109	68	71	210	110	37	67	195	44	110	34	78	92	61	77	62	49	43	122	157	74	80	52	49
Rv0321	437	277	381	497	319	122	409	638	215	373	155	203	480	342	475	247	350	278	455	827	416	351	309	251
Rv0322	121	63	86	139	74	16	79	118	56	72	27	60	18	17	14	25	37	25	26	40	22	28	37	25
Rv0323c	133	105	113	202	112	46	95	181	64	121	44	91	71	58	106	65	89	69	89	155	91	121	104	94
Rv0324	100	40	64	125	55	21	69	120	23	69	32	60	29	14	22	30	41	23	38	35	12	32	29	25
Rv0325	4	3	13	14	9	0	4	11	3	6	3	9	0	0	0	2	0	3	4	1	0	2	2	2
Rv0326	24	18	23	37	18	11	19	38	9	23	7	11	6	1	6	9	6	12	16	18	6	16	7	10
Rv0327c	132	77	129	197	96	30	76	192	59	100	48	77	49	46	48	68	76	68	49	81	73	82	81	74
Rv0328	316	199	257	677	360	118	328	787	125	297	110	253	163	181	271	366	494	399	232	585	310	470	488	427
Rv0329c	44	24	28	85	33	12	37	49	11	36	19	29	15	20	31	24	28	20	25	35	29	40	44	40
Rv0330c	59	48	47	134	58	20	41	97	19	49	21	37	19	31	18	22	52	62	22	71	31	43	71	46
Rv0331	121	94	112	179	116	40	109	190	64	90	36	83	59	75	106	85	133	74	82	172	95	129	127	102
Rv0332	496	299	397	776	467	164	345	724	233	410	120	275	48	48	108	65	87	47	86	124	85	119	91	43
Rv0333	260	165	192	382	246	106	210	448	127	249	76	189	94	81	102	98	143	122	110	223	138	134	150	125
Rv0334	147	103	120	276	136	56	85	149	60	121	49	81	28	9	40	32	18	23	40	48	19	41	11	43
Rv0335c	227	143	217	301	184	60	144	229	81	170	69	130	24	26	26	27	42	14	29	54	20	49	53	22
Rv0336	110	72	87	241	97	33	73	173	60	107	27	89	1	4	5	7	15	10	8	11	4	7	12	9
Rv0337c	1644	1063	1417	2504	1412	457	1359	2339	731	1367	521	971	573	502	758	743	895	840	714	1481	738	1147	976	1065
Rv0338c	3579	2224	2876	6692	3661	1137	3093	7008	1563	3624	1092	2443	2732	2495	3912	3826	5710	5773	3514	6440	3907	5577	6150	6283
Rv0339c	966	631	792	2050	1107	377	825	2010	374	1016	249	820	197	178	238	429	521	381	220	469	236	637	583	374
Rv0340	413	257	308	664	378	142	353	727	178	367	127	326	73	80	114	153	179	181	110	207	126	206	195	167
Rv0341	5505	2984	5230	6531	3576	1448	3146	4997	1632	2350	1459	2519	109	140	113	144	187	132	141	329	113	203	253	160
Rv0342	2625	1581	2617	4407	2246	1024	2010	3895	832	1924	800	1609	636	370	545	601	634	514	742	993	550	855	685	579
Rv0343	1917	1082	1623	3185	1658	681	1513	2994	624	1419	536	1191	233	186	299	375	606	459	307	590	292	603	610	511
Rv0344c	248	125	205	309	186	75	135	216	91	134	57	128	38	26	46	49	45	31	43	45	35	75	56	20
Rv0345	154	92	125	243	129	41	123	184	70	137	53	108	44	49	73	60	66	115	42	143	56	94	87	110
Rv0346c	2463	1535	1945	4337	2431	783	2346	4848	1063	2314	772	1781	2055	1739	2441	2321	3323	2915	2499	4441	2448	3338	3455	3148
Rv0347	468	300	397	592	330	106	334	562	183	306	137	250	193	112	202	194	215	186	233	287	173	259	253	188
Rv0348	392	245	288	372	241	82	271	348	182	210	108	159	56	46	69	87	107	45	110	121	80	129	106	52
Rv0349	326	172	193	308	142	50	196	251	115	147	88	141	67	41	84	76	110	87	90	150	77	168	90	82
Rv0350	5652	3466	5223	7429	3780	1610	4522	7239	2221	3385	1922	3053	1913	1377	2432	2620	2693	2714	2401	3690	2322	3556	2962	2800
Rv0351	1493	843	1291	1559	804	350	784	1180	552	720	427	582	159	75	103	147	83	47	159	159	97	194	90	63
Rv0352	2665	1521	2135	3474	1637	626	2068	2998	965	1471	876	1408	206	212	298	422	504	406	309	687	334	596	561	444
Rv0353	427	295	367	444	225	82	309	425	143	215	119	172	95	51	107	94	75	83	89	144	102	125	90	115
Rv0354c	870	479	722	667	373	100	574	511	349	331	218	234	104	69	114	85	56	56	161	135	101	96	67	51
Rv0355c	6765	4253	5313	8058	4645	1579	5859	8800	2904	4665	2119	2874	2263	1503	3538	2939	3832	3858	2707	3716	2618	4092	3987	3971
Rv0356c	783	494	546	1044	608	184	511	808	277	629	182	358	95	64	145	99	105	91	137	200	163	182	144	108
Rv0357c	669	396	444	881	497	168	461	803	249	489	172	366	144	63	114	147	122	87	187	200	124	212	151	85
Rv0358	56	38	31	72	33	9	53	71	20	38	11	29	8	5	7	14	16	16	10	18	12	12	28	16
Rv0359	206	102	138	229	110	38	121	161	87	88	44	69	38	34	60	32	48	32	56	84	57	50	50	28
Rv0360c	144	102	126	216	146	47	124	232	55	142	48	83	38	45	68	65	102	55	55	156	73	86	147	69
Rv0361	1108	709	910	2135	1158	405	989	2360	491	1170	349	756	621	517	866	1153	1445	1272	696	1456	833	1416	1548	1328
Rv0362	638	386	520	1059	537	212	504	1018	229	558	212	458	167	86	194	244	256	228	197	312	177	312	307	240
Rv0363c	2256	1517	2022	4906	2737	983	2541	6376	1159	3062	776	2022	2385	2371	3806	3016	4421	4347	3184	6657	3712	4339	5023	5007
Rv0364	1043	572	762	1504	842	274	852	1484	403	849	262	575	501	293	408	330	425	306	573	759	463	472	438	309
Rv0365c	560	314	417	984	477	209	352	843	216	461	142	403	94	81	133	166	155	164	115	266	121	219	181	147
Rv0366c	212	105	162	256	148	51	120	178	71	91	69	118	16	10	13	25	37	22	21	29	10	48	30	23
Rv0367c	692	378	473	771	394	129	448	620	255	362	203	373	64	46	57	62	57	42	73	118	60	118	79	47
Rv0368c	579	367	560	424	228	114	490	455	224	196	224	232	26	40	33	33	24	33	31	93	31	26	42	39
Rv0369c	176	61	129	99	48	21	56	55	50	34	35	45	5	1	2	0	1	0	9	2	3	3	2	0
Rv0370c	749	460	753	575	289	145	642	543	323	279	311	247	15	14	32	30	28	17	31	55	31	54	38	20
Rv0371c	233	127	181	168	56	36	138	156	70	88	84	67	5	3	2	4	3	5	6	14	8	6	6	2
Rv0372c	951	528	975	708	414	182	734	661	420	351	362	323	17	33	29	21	29	37	27	55	25	16	23	38
Rv0373c	3181	1929	2921	2649	1335	565	2498	2782	1302	1452	1166	1202	157	147	196	181	235	182	182	445	229	260	293	190
Rv0374c	91	68	68	89	37	16	43	40	46	37	35	27	0	2	1	1	3	0	3	2	0	3	3	0
Rv0375c	789	471	659	781	444	160	605	740	285	437	220	317	23	35	46	34	54	47	36	109	30	47	77	56
Rv0376c	256	180	219	466	293	98	234	517	114	257	112	239	43	47	58	55	96	68	48	149	71	98	116	94
Rv0377	475	261	412	997	571	212	380	1113	183	546	128	414	156	188	221	460	454	495	168	395	183	515	509	458
Rv0378	29	23	29	80	46	14	34	72	16	46	13	20	9	3	4	20	9	16	8	12	9	16	15	15
Rv0379	124	65	72	136	74	16	49	68	23	51	24	49	10	4	12	9	15	12	11	17	10	19	9	11
Rv0380c	470	295	312	530	258	118	311	422	174	206	132	184	73	52	97	64	60	52	103	179	96	102	85	62
Rv0381c	886	547	626	1358	702	244	700	1234	392	731	283	529	149	107	174	238	276	164	170	343	166	337	341	188
Rv0382c	742	476	638	1327	754	252	590	1393	352	682	210	635	151	178	159	293	407	292	207	517	195	503	475	328
Rv0383c	3163	1989	2640	5795	3148	1121	2453	5092	1367	3218	967	2576	946	461	881	1314	1262	881	1390	1808	1119	2324	1923	1193
Rv0384c	1311	719	966	1523	873	327	926	1489	534	830	333	691	356	325	470	448	655	498	439	874	451	623	685	569
Rv0385	527	263	411	666	366	136	347	584	177	315	162	238	73	41	62	102	137	93	77	126	106	127	147	100
Rv0386	1228	710	915	1304	774	210	986	1248	495	686	306	454	299	162	241	257	265	171	349	512	266	346	292	192
Rv0389	315	161	215	492	248	73	171	356	111	256	58	172	58	37	67	100	126	90	62	126	75	117	136	136
Rv0390	254	152	188	381	186	67	171	434	97	218	75	151	134	83	149	140	162	133	124	204	121	176	127	130
Rv0391	839	477	603	1383	752	237	628	1283	376	702	253	537	293	174	311	271	256	220	376	448	313	394	277	241
Rv0392c	346	232	284	704	376	138	267	525	180	326	79	244	139	90	153	142	184	130	186	242	143	215	177	158
Rv0393	668	398	534	1586	865	317	609	1615	299	837	195	659	140	177	228	203	414	243	200	543	227	406	483	245
Rv0394c	719	528	552	1329	773	271	414	825	315	850	211	393	270	259	315	261	397	366	327	609	322	430	411	379
Rv0395	26	16	20	44	18	5	13	31	9	19	8	9	2	8	21	14	17	14	3	15	16	21	19	17
Rv0396	37	22	17	42	14	8	15	40	13	23	11	13	10	6	8	5	7	7	9	10	5	11	2	15
Rv0397	74	35	52	115	46	13	32	75	18	52	27	46	4	8	4	12	9	15	9	17	8	12	14	14
Rv0397A	390	234	342	492	277	68	203	334	139	239	128	185	57	28	19	32	32	20	86	36	22	65	39	31
Rv0398c	793	547	838	882	454	192	795	926	419	460	338	372	118	155	268	192	276	243	193	459	263	273	330	291
Rv0399c	503	374	456	1275	693	278	476	1407	259	747	181	518	292	223	405	336	439	458	361	611	388	478	534	485
Rv0400c	653	401	478	1359	771	206	479	1215	279	658	162	524	136	138	194	201	277	205	165	406	178	272	296	232
Rv0401	52	18	34	61	28	12	38	41	22	38	9	23	10	5	9	5	11	3	10	13	7	4	12	8
Rv0402c	510	309	375	605	339	123	370	604	147	347	139	282	306	153	309	286	281	258	342	389	267	388	352	281
Rv0403c	149	78	121	254	122	38	120	183	54	125	39	84	153	88	114	128	129	103	175	174	93	184	122	127
Rv0404	875	562	678	1304	703	241	701	1359	398	670	236	555	799	380	670	640	672	644	970	973	560	954	684	646
Rv0405	1071	732	837	2047	1086	329	865	2040	428	906	307	750	882	339	757	638	694	589	1014	979	695	888	713	612
Rv0406c	219	154	190	420	253	85	157	367	112	222	64	161	48	38	68	57	60	44	79	95	79	91	56	45
Rv0407	1006	728	922	1990	1163	388	885	2177	519	1192	354	839	344	253	453	416	486	409	455	662	441	633	517	430
Rv0408	1126	724	916	2503	1357	485	852	2279	490	1240	361	982	280	219	318	472	526	450	349	590	356	693	588	456
Rv0409	805	489	678	1445	757	274	550	1183	369	738	229	567	203	84	174	185	129	144	256	268	119	255	136	127
Rv0410c	3266	2039	2724	5320	2717	1031	2589	5237	1350	2634	984	2151	333	291	447	615	748	550	481	719	503	866	897	669
Rv0411c	1707	1213	1512	3164	1647	736	1545	3655	706	1801	575	1153	435	422	713	880	1409	1414	514	1215	683	1349	1608	1547
Rv0412c	2568	1756	2236	4281	2309	888	2001	3956	1195	2330	827	1633	643	537	781	854	934	895	657	1327	736	1184	1038	921
Rv0413	277	148	191	353	237	65	121	244	83	185	70	159	24	21	14	23	43	13	37	28	18	44	19	26
Rv0414c	148	80	106	259	115	64	123	213	56	107	38	124	33	38	52	58	54	35	25	62	31	58	51	60
Rv0415	438	210	305	541	323	99	225	399	119	241	115	278	34	16	27	45	40	23	26	45	28	67	53	22
Rv0416	1	2	2	1	1	0	1	1	0	0	0	0	0	0	0	0	0	0	0	0	0	0	0	0
Rv0417	173	87	127	203	116	62	108	182	66	88	50	83	16	13	14	27	25	18	28	25	10	41	30	34
Rv0418	625	364	367	952	572	152	387	777	238	503	173	362	177	96	151	259	249	124	242	251	133	378	242	148
Rv0419	2149	1214	1663	3115	1695	517	1291	2549	886	1673	585	1195	539	333	650	481	656	530	663	1024	658	751	784	572
Rv0420c	324	171	257	402	200	63	183	312	84	162	92	185	22	10	24	30	17	26	29	39	26	19	42	21
Rv0421c	512	329	467	958	477	151	420	815	230	395	177	420	65	56	93	94	102	87	75	171	90	128	116	75
Rv0422c	882	596	875	1674	861	385	744	1555	425	922	303	696	286	283	384	413	488	486	334	757	400	589	541	479
Rv0423c	4635	3297	4546	8090	4431	1857	4518	9071	2253	4569	1778	3398	2193	2226	3561	3953	6164	5094	2881	6258	3595	6105	7351	6038
Rv0424c	658	352	511	673	362	128	397	428	255	306	173	267	100	33	59	89	48	28	109	67	42	98	35	20
Rv0425c	11796	7585	10261	23358	13317	4832	9848	22570	5039	12117	3746	9239	2200	2051	3069	5155	7337	5576	2964	6070	3096	7736	8543	6172
Rv0426c	1729	1097	1418	2629	1604	484	1473	2582	727	1467	469	1144	491	493	615	742	1063	699	642	1270	666	1106	1194	767
Rv0427c	540	331	352	958	548	194	500	1094	242	563	185	434	240	240	383	603	734	609	296	694	335	813	875	675
Rv0428c	153	105	129	259	144	60	154	275	73	175	62	62	72	75	128	135	188	124	96	241	97	196	229	133
Rv0429c	278	191	183	398	211	69	224	386	127	200	92	149	124	102	171	190	236	145	184	292	165	295	285	138
Rv0430	1079	611	876	814	503	187	635	694	375	455	308	372	213	85	126	147	131	85	286	267	128	276	123	99
Rv0431	753	478	677	694	444	176	474	575	289	418	224	274	309	185	292	286	237	218	380	410	311	415	214	237
Rv0432	1194	846	923	1938	1115	429	1154	2349	618	1261	368	694	1113	2100	2625	2135	4543	4534	1354	5597	2676	3137	5165	5019
Rv0433	1104	674	812	2017	1046	400	958	2057	452	1016	277	697	525	429	641	768	814	556	808	1203	685	1183	954	660
Rv0434	1082	618	770	1520	874	302	797	1298	436	765	312	604	272	159	258	224	257	214	309	447	241	333	290	245
Rv0435c	1980	1252	1571	3553	1892	616	1642	3424	925	1767	594	1441	361	381	538	516	821	553	491	1119	487	793	880	577
Rv0436c	898	575	779	1426	826	336	767	1477	398	812	258	508	369	182	276	330	329	255	435	511	288	492	381	251
Rv0437c	628	419	562	1061	610	215	645	1382	311	505	207	447	141	202	257	377	559	402	172	612	271	517	652	444
Rv0438c	401	200	272	568	286	97	260	473	139	299	91	206	90	52	76	84	64	51	99	106	61	116	98	59
Rv0439c	319	190	220	525	295	91	238	616	123	309	89	177	233	277	334	326	581	483	339	779	418	507	654	552
Rv0440	38745	24526	28843	26714	14500	4885	33857	27851	17576	13818	11177	9890	1499	1381	2016	295	488	426	1829	3630	2001	434	522	404
Rv0441c	1562	936	1221	2247	1297	448	1197	2082	710	1353	501	992	303	212	283	371	443	252	422	599	314	551	427	280
Rv0442c	1056	616	673	1839	907	311	810	1721	415	920	262	598	299	220	427	499	650	451	335	585	376	723	630	478
Rv0443	565	369	395	861	446	146	335	643	214	424	163	338	129	47	79	112	81	39	168	124	80	138	80	37
Rv0444c	1813	1062	1365	2375	1290	380	1141	1759	768	1246	482	819	144	101	150	202	175	97	184	265	135	283	192	130
Rv0445c	797	360	485	818	468	110	359	571	183	297	166	348	57	26	39	57	39	36	72	54	40	68	43	37
Rv0446c	1077	660	764	1512	778	237	753	1219	408	769	290	606	86	55	81	87	65	52	87	142	84	123	91	56
Rv0447c	3161	2009	2274	4783	2493	815	2591	4872	1389	2460	931	1685	250	174	286	223	262	195	263	451	243	260	228	213
Rv0448c	991	626	779	1865	1026	397	874	2268	472	1054	279	603	93	93	154	161	225	217	138	236	149	228	238	217
Rv0449c	4519	2804	3094	7550	4035	1291	3593	7732	1757	3741	1153	2531	228	232	313	265	310	253	276	573	286	352	410	263
Rv0450c	2306	1405	1838	2791	1533	531	1836	2777	931	1477	650	1048	1090	639	1104	1413	1689	1388	1272	1621	1006	1889	1734	1574
Rv0451c	276	161	235	351	198	64	158	305	107	169	90	106	123	35	70	81	62	61	144	86	70	127	59	40
Rv0452	73	38	39	57	24	9	47	32	27	25	12	27	7	0	5	0	6	6	14	11	4	4	5	9
Rv0453	393	227	268	443	227	72	269	396	125	208	98	192	47	36	55	50	63	39	62	90	48	82	72	38
Rv0455c	1676	958	1151	2722	1547	455	1248	2494	724	1486	447	1070	1443	446	1249	1041	878	705	1718	1201	1114	1495	930	762
Rv0456A	14	9	10	25	14	0	16	15	7	8	7	9	3	3	7	5	7	14	5	12	10	3	6	12
Rv0456B	0	0	0	1	0	1	0	1	2	0	0	0	0	0	0	0	0	0	0	0	0	0	0	0
Rv0456c	131	74	109	199	89	43	114	164	54	113	28	83	61	71	131	91	119	117	75	213	99	100	152	99
Rv0457c	298	175	278	327	206	70	222	305	102	168	99	147	85	44	85	96	126	111	119	151	86	165	126	167
Rv0458	1974	1235	1601	3463	1907	680	1721	3689	903	1959	684	1401	571	462	805	939	1174	855	702	1327	781	1310	1259	902
Rv0459	326	206	255	339	213	69	222	288	134	186	103	127	45	25	48	52	58	21	50	73	55	61	66	24
Rv0460	775	428	577	686	416	141	468	538	341	412	210	257	155	81	171	125	108	104	209	245	153	168	108	108
Rv0461	727	488	635	848	443	145	578	740	365	449	209	304	159	76	122	125	100	78	203	207	94	185	118	69
Rv0462	2994	1906	2227	4425	2575	771	2527	4545	1299	2316	847	1871	1523	964	1984	1536	2012	1661	1874	2460	1771	2132	2065	1682
Rv0463	449	296	419	667	402	137	309	429	183	421	154	219	128	44	162	125	74	69	150	119	97	179	88	63
Rv0464c	1023	665	799	1617	942	318	753	1492	451	891	332	684	293	133	229	253	237	145	336	351	212	386	241	143
Rv0465c	1204	810	1462	2066	1065	702	971	2245	502	1106	580	1137	316	247	443	447	491	420	407	679	403	663	536	517
Rv0466	1751	1064	1213	2319	1270	405	1293	2103	664	1008	453	930	457	213	250	346	330	243	528	524	294	472	333	260
Rv0467	6593	4259	8013	6038	3329	1335	6093	6494	3110	3399	3052	2758	1054	891	1426	1892	2254	1993	1380	2550	1461	2890	2608	2192
Rv0468	1949	1233	2047	2195	1105	380	1490	1885	810	1011	775	952	402	211	352	551	487	301	491	551	313	702	528	336
Rv0469	2723	1384	2135	2812	1524	479	1599	2037	821	1403	730	1054	978	161	361	479	302	255	1099	433	365	657	313	210
Rv0470A	306	186	223	589	251	106	239	500	102	292	79	240	28	24	40	60	78	49	44	81	35	60	94	43
Rv0470c	6987	4265	5507	10702	5602	2181	5775	10674	3086	5794	2246	4723	4509	3357	5814	5019	6383	6259	5605	8868	5430	6827	6640	6460
Rv0471c	384	258	287	836	462	154	264	707	151	448	106	338	91	31	97	163	128	101	120	152	93	253	148	116
Rv0472c	1345	773	969	2397	1404	540	1106	2392	590	1327	424	1033	1117	582	1211	1212	1277	1240	1312	1490	1002	1687	1379	1199
Rv0473	1167	725	963	2558	1413	534	915	2456	461	1221	373	1155	306	133	243	426	353	311	358	418	256	563	458	336
Rv0474	680	461	525	1194	683	254	628	1157	309	620	187	458	563	289	473	631	857	673	598	756	472	878	820	659
Rv0475	3138	2059	2388	7072	4167	1243	2164	6077	1200	3728	980	3044	1631	517	1071	1434	1200	713	2181	1484	994	2091	1354	803
Rv0476	1006	551	670	1498	910	287	814	1599	342	845	262	633	415	208	275	283	323	302	466	556	295	414	367	288
Rv0477	845	548	692	1977	1174	375	604	1489	390	1192	287	785	216	147	227	283	369	188	267	440	241	429	360	233
Rv0478	934	498	631	1841	963	301	641	1659	350	867	259	825	169	159	196	218	246	234	212	379	185	347	289	243
Rv0479c	2563	1737	2206	4270	2406	857	2355	4692	1305	2570	920	1665	1855	1197	1952	1370	1625	1544	2335	3414	1975	2031	1971	1719
Rv0480c	672	407	551	865	550	181	473	958	278	473	199	380	139	145	194	241	261	190	200	398	233	306	324	174
Rv0481c	224	137	207	300	156	42	177	265	98	176	66	125	84	42	67	80	59	47	84	120	56	124	61	25
Rv0482	507	276	388	753	410	154	406	863	224	474	149	273	399	430	641	629	1064	951	452	1204	611	930	1233	1062
Rv0483	2395	1477	2211	4145	1960	752	2111	3923	1059	1972	798	1540	571	510	971	1054	1389	1064	813	1523	862	1515	1481	1050
Rv0484c	312	167	219	463	271	67	248	456	128	230	73	174	79	79	115	113	157	86	137	209	120	169	188	72
Rv0485	1616	1027	1310	3466	1703	602	1157	3218	640	1646	470	1243	410	405	543	1027	1116	813	580	1088	525	1464	1239	833
Rv0486	2428	1467	1809	6463	3597	1237	1889	5701	940	3451	673	2655	517	374	607	1036	1077	785	702	1153	566	1713	1363	954
Rv0487	604	324	457	1196	698	211	435	934	218	612	170	499	120	28	83	76	42	20	165	99	90	114	58	32
Rv0488	217	114	125	351	171	60	119	255	95	188	34	163	15	11	9	17	8	8	21	35	14	39	14	15
Rv0489	556	310	422	1079	549	180	452	983	181	500	150	440	303	290	383	475	672	508	418	783	390	736	766	676
Rv0490	5004	2957	3909	10056	5225	1772	3722	8653	1909	4853	1334	3960	711	393	703	1075	1062	862	891	1030	680	1627	1210	943
Rv0491	1654	986	1364	2891	1493	490	1326	2566	641	1349	484	1238	318	147	244	241	296	173	348	404	227	371	274	175
Rv0492A	18	12	18	14	14	6	8	16	8	10	4	7	0	0	3	2	1	0	1	2	2	3	1	0
Rv0492c	784	516	674	1429	740	255	718	1320	336	668	273	594	98	138	149	209	366	262	124	378	155	315	405	317
Rv0493c	92	64	64	117	56	14	61	108	20	49	27	48	11	14	8	13	15	10	24	15	14	30	27	16
Rv0494	142	115	125	206	108	47	126	208	65	106	39	69	29	37	54	50	76	72	56	100	63	76	99	90
Rv0495c	1427	796	1148	2704	1554	623	1224	3124	570	1694	415	1091	971	908	1648	1479	2242	2207	1231	2613	1599	2334	2531	2527
Rv0496	732	398	516	1066	633	171	444	768	250	481	180	437	108	73	85	138	151	75	143	149	94	188	118	87
Rv0497	891	511	654	1398	870	240	639	1325	369	762	270	535	150	144	181	268	370	269	162	435	196	402	434	313
Rv0498	743	511	614	1246	685	246	655	1554	355	740	265	500	134	285	319	321	859	608	197	785	356	499	1014	703
Rv0499	263	134	143	345	168	44	140	209	66	155	60	141	27	13	18	17	20	3	29	47	11	27	23	5
Rv0500	594	362	450	817	500	177	386	643	266	565	162	300	241	149	259	240	160	148	354	326	236	358	234	172
Rv0500A	1338	859	1054	1325	722	219	1115	1286	521	664	404	566	532	360	433	362	412	274	706	899	452	512	461	323
Rv0501	9747	5627	7390	9872	5734	2030	7052	9784	3523	5254	2781	4292	1750	883	1264	1277	1459	1045	2140	2305	1304	1869	1624	1224
Rv0502	14242	8934	10932	24110	12836	4559	11740	24940	5935	12216	4399	9949	2704	2176	3618	3587	4106	3350	3498	5980	3586	5071	4713	3623
Rv0503c	2213	1339	1641	3031	1723	548	1478	2518	921	1662	589	1220	1075	513	916	805	676	599	1419	1283	869	1101	702	659
Rv0504c	890	593	771	1108	648	220	814	1176	444	703	304	418	449	317	538	450	493	467	543	976	607	633	690	554
Rv0505c	2768	1775	2337	4612	2660	941	2458	4888	1237	2525	853	1661	952	934	1526	1196	1531	1245	1209	2444	1431	1687	1778	1339
Rv0506	755	455	574	691	385	130	464	517	283	369	198	255	116	47	103	134	103	106	165	139	118	215	131	115
Rv0507	1440	824	1047	2195	1174	364	1184	2057	527	1036	398	779	714	444	761	1015	1341	1458	915	1101	626	1396	1444	1365
Rv0508	97	62	65	126	70	18	77	93	25	39	27	49	28	11	32	16	12	10	32	26	17	41	16	13
Rv0509	5337	3355	4135	11722	6540	2197	4156	11766	1956	5736	1487	4963	1852	1213	1759	3304	3029	2216	2143	3288	1746	4756	3376	2104
Rv0510	3980	2344	2863	8285	4336	1467	2629	7085	1460	4015	1030	3138	865	454	741	1314	1034	685	1176	1298	753	1992	1314	765
Rv0511	7471	4798	5936	19948	10631	3715	5314	17263	2995	9472	2094	7770	1445	1287	1568	3651	4048	2893	1889	3554	1794	5375	4581	3416
Rv0512	2010	1222	1596	5839	3039	987	1474	4842	800	2481	556	2392	386	242	391	767	796	495	543	722	348	1043	868	590
Rv0513	904	522	657	2079	1161	383	566	1888	358	1079	224	976	289	133	253	366	337	227	360	389	260	478	329	270
Rv0514	417	237	322	981	544	182	286	812	140	473	97	368	92	80	112	143	151	122	119	207	109	197	169	118
Rv0515	158	90	98	284	149	55	103	214	61	165	39	97	24	3	19	33	35	28	33	45	15	47	37	35
Rv0516c	2003	1212	1491	3106	2049	499	1335	2598	864	1999	528	1120	1346	692	1191	1113	1141	724	1617	1720	1063	1435	1138	782
Rv0517	798	532	531	940	535	165	549	818	307	491	202	366	219	141	239	169	253	152	243	381	222	327	237	202
Rv0518	589	390	492	764	400	143	492	648	282	399	166	301	188	164	213	213	263	309	243	391	214	250	266	269
Rv0519c	525	332	445	684	381	124	280	469	170	345	150	238	223	146	244	223	221	186	266	417	218	296	253	209
Rv0522	1491	862	1112	1985	1089	374	1079	1832	607	1037	419	881	490	280	473	380	381	280	572	723	419	513	399	305
Rv0523c	97	58	65	104	71	28	63	113	48	69	28	42	21	10	37	35	11	10	31	43	18	26	17	23
Rv0524	1459	863	1007	3615	2010	627	1141	3630	686	1789	405	1431	399	431	472	1099	1617	1289	509	1207	488	1583	2019	1406
Rv0525	429	239	342	1108	679	232	366	1075	183	621	138	409	97	125	150	343	422	345	159	314	183	472	509	405
Rv0526	407	267	315	1121	570	203	223	765	189	641	104	353	155	109	144	277	258	288	200	291	175	380	290	302
Rv0527	574	312	394	1076	604	189	325	833	168	414	152	383	110	58	54	178	164	141	132	176	83	220	171	119
Rv0528	1594	1079	1273	4413	2315	888	1574	4931	708	2376	502	1548	550	840	868	1734	3048	2468	712	2125	959	2329	3498	2751
Rv0529	832	574	766	1905	1097	347	957	2376	331	938	299	749	310	385	397	666	1079	992	390	1017	421	934	1195	1083
Rv0530	2171	1409	1729	3608	1945	713	1915	3470	881	1893	610	1386	334	365	601	692	1083	741	507	1154	650	1109	1136	820
Rv0530A	18	12	21	30	25	5	13	16	2	12	2	11	1	1	2	2	0	2	3	0	3	3	0	0
Rv0531	356	235	266	572	361	118	267	559	134	284	83	211	63	41	46	49	75	65	105	123	75	77	85	45
Rv0532	275	180	205	387	241	72	144	218	103	160	72	132	34	15	62	23	36	21	70	62	80	73	69	40
Rv0533c	815	521	708	1336	778	276	728	1443	403	775	277	527	374	303	669	432	564	528	489	898	507	650	588	500
Rv0534c	426	216	280	484	271	79	207	339	142	250	106	145	35	20	37	38	45	43	44	65	32	52	25	57
Rv0535	165	103	140	304	168	53	128	258	55	173	35	122	38	18	31	39	44	40	59	41	41	69	64	31
Rv0536	266	155	200	452	223	86	171	439	96	223	75	175	36	35	68	81	100	64	60	110	70	87	87	52
Rv0537c	1796	1053	1267	3101	1558	509	1500	2937	767	1471	462	1102	500	530	599	680	917	725	521	1377	608	946	1019	743
Rv0538	2006	1325	1674	4899	2567	1068	1677	4584	802	2501	608	2076	339	340	408	800	1014	738	491	982	490	1336	1323	887
Rv0539	3299	2066	2624	5787	3155	1433	2023	4396	1430	3326	959	2106	546	422	638	887	585	523	661	1134	656	1212	688	615
Rv0540	123	73	91	188	109	39	104	250	50	96	49	66	30	37	45	62	96	73	43	109	56	95	113	69
Rv0541c	990	647	689	2132	1115	357	812	1935	447	1013	261	809	163	186	255	293	339	270	251	570	249	437	415	319
Rv0542c	1719	1147	1379	3924	1940	670	1585	3939	822	1949	535	1497	343	394	495	727	1044	844	405	1040	517	915	1241	872
Rv0543c	1874	1074	1424	3223	1777	599	1473	3250	785	1727	468	1277	757	543	734	1006	1141	914	957	1318	794	1329	1182	1025
Rv0544c	110	60	73	170	85	20	60	111	37	101	26	51	25	14	29	33	41	24	35	40	29	40	35	25
Rv0545c	7097	4512	5429	12952	7206	2130	5887	13186	2984	6662	1990	4883	2871	2149	2867	3257	4393	3273	3552	5644	2936	4606	4818	3523
Rv0546c	231	148	177	422	231	52	192	450	83	241	66	137	118	125	181	163	243	189	159	315	175	230	244	209
Rv0547c	300	199	243	418	275	82	204	381	98	236	79	205	48	45	55	80	69	64	75	106	46	88	72	68
Rv0548c	684	428	538	1158	632	206	570	1117	251	618	164	518	231	167	268	301	328	177	320	448	268	380	300	218
Rv0549c	203	127	212	291	169	67	168	244	87	155	73	142	60	52	50	53	63	67	69	135	53	91	78	65
Rv0550c	26	15	15	43	11	10	10	16	14	10	12	15	2	2	1	4	5	2	6	1	3	2	9	4
Rv0551c	591	357	467	1229	646	273	476	1201	228	637	189	572	161	141	244	323	453	398	187	421	209	395	472	320
Rv0552	1823	1156	1472	2904	1542	523	1467	2684	697	1560	552	1359	335	307	398	671	869	666	433	795	397	907	987	742
Rv0553	148	102	122	277	148	39	128	216	54	146	40	105	15	18	23	57	71	24	47	67	30	88	61	34
Rv0554	479	333	367	718	397	136	380	718	205	345	141	243	219	150	239	184	216	146	239	380	257	262	261	150
Rv0555	1332	875	975	2682	1512	476	983	2345	494	1371	320	1004	222	225	299	566	804	484	332	754	347	887	921	578
Rv0556	400	270	320	795	368	141	333	745	176	425	135	289	185	130	190	222	254	245	221	353	191	320	269	286
Rv0557	5643	2992	4023	7811	4135	1337	2773	5030	1851	3958	1360	2821	510	471	660	698	934	772	595	1187	671	999	1029	755
Rv0558	1176	755	945	2129	1167	438	944	2048	564	1163	322	880	321	244	296	411	508	408	349	694	321	590	568	460
Rv0559c	1860	1387	1522	3688	2067	765	1521	3306	874	2095	557	1322	1456	1082	2463	1805	2032	1936	1826	2719	2156	2479	2000	1979
Rv0560c	460	248	336	789	414	163	294	725	188	410	120	306	78	115	147	112	115	130	107	276	122	153	152	180
Rv0561c	231	138	218	454	288	90	186	471	88	234	75	169	51	69	95	119	143	110	66	130	73	146	131	105
Rv0562	1574	1039	1189	2529	1419	543	1229	2382	706	1525	458	1069	670	424	746	863	761	534	906	1215	762	1296	953	602
Rv0563	2568	1524	2349	5599	2623	1129	2247	5862	977	2477	819	2684	530	582	698	1946	2865	2218	607	1560	730	2766	3030	2318
Rv0564c	1572	933	1293	3192	1534	738	1272	3213	596	1594	529	1428	530	438	648	988	1333	1290	629	1150	632	1436	1566	1430
Rv0565c	408	251	294	589	339	131	311	644	186	320	99	271	231	139	232	247	305	276	283	293	217	378	307	250
Rv0566c	102	83	97	175	105	27	96	189	49	143	38	84	172	101	202	172	200	107	195	282	188	218	168	113
Rv0567	758	435	594	746	406	125	553	678	333	395	247	336	175	78	132	132	150	82	170	208	140	250	146	85
Rv0568	4324	2497	3270	6763	3838	1352	3552	6987	1735	3839	1146	2677	1308	1293	1739	2619	3689	2831	1438	3306	1671	3643	3925	2900
Rv0569	72	24	32	938	550	135	23	502	34	374	9	216	15	9	6	6	2	3	9	13	4	9	7	5
Rv0570	744	430	584	7142	4594	1334	585	7657	279	4080	209	2005	91	106	127	191	259	329	128	277	121	305	261	326
Rv0571c	851	498	716	1880	1079	345	631	1746	296	965	240	784	64	57	81	123	173	133	77	181	87	162	174	165
Rv0572c	152	97	132	464	330	99	143	551	67	347	53	144	71	36	79	42	59	123	112	95	60	64	78	126
Rv0573c	191	91	109	254	152	43	109	250	64	122	53	99	36	23	29	33	51	52	38	68	39	51	61	42
Rv0574c	151	85	71	494	324	98	90	541	36	307	26	171	33	38	56	52	48	88	30	95	39	68	78	101
Rv0575c	171	103	153	413	225	103	135	461	77	206	61	213	42	23	45	41	57	51	26	63	42	53	71	76
Rv0576	1297	841	1023	2033	1086	366	1084	2074	506	1075	333	809	709	663	959	950	1053	1045	797	1754	957	1225	1181	1135
Rv0577	1144	762	936	1839	1014	351	1138	1997	560	903	412	687	517	287	522	487	496	285	671	852	524	688	605	372
Rv0578c	2307	1509	1754	5729	3477	986	1606	4096	857	2567	627	2001	318	173	284	466	431	265	403	576	283	745	486	317
Rv0579	1488	1005	1269	2442	1354	483	1344	2858	723	1432	495	958	798	796	1226	886	1265	1171	940	2086	1208	1256	1275	1191
Rv0580c	853	573	803	1267	764	273	701	1163	364	682	259	523	373	297	367	307	355	259	436	847	406	504	411	303
Rv0581	19	5	6	7	5	2	2	9	4	3	4	1	0	0	0	1	0	0	0	1	1	0	1	0
Rv0582	182	99	148	157	96	28	144	138	76	101	62	66	71	46	69	36	48	66	80	161	52	60	63	78
Rv0583c	583	312	434	610	364	112	413	532	224	339	154	230	214	164	273	218	238	147	267	343	249	256	210	107
Rv0584	589	342	461	987	473	175	445	903	287	467	142	369	185	138	200	171	221	194	249	342	184	258	231	208
Rv0585c	414	321	435	720	416	121	356	672	189	386	128	307	121	97	108	190	207	201	201	269	156	339	321	244
Rv0586	1271	688	833	2242	1245	473	977	2515	423	1121	334	960	440	287	530	716	952	855	519	785	517	1081	1108	883
Rv0587	703	489	585	1546	905	308	676	1623	301	836	223	640	191	115	177	309	399	297	218	363	207	426	434	375
Rv0588	541	372	494	1399	711	242	437	1071	245	637	162	463	177	100	144	232	232	218	233	270	141	352	266	235
Rv0589	937	603	837	1825	993	381	675	1644	350	850	277	689	296	134	227	336	376	283	325	312	205	541	431	297
Rv0591	1521	1066	1375	2825	1438	595	1499	2963	672	1361	523	1151	558	423	685	811	1028	817	685	1016	624	1129	1033	873
Rv0592	903	598	801	1258	718	288	754	1235	417	646	293	480	493	310	586	527	582	667	577	837	586	706	637	672
Rv0593	751	550	628	1088	618	213	554	1055	366	591	190	445	359	253	456	428	575	536	451	629	405	666	541	487
Rv0594	1805	1043	1419	3020	1545	649	1409	2885	728	1415	578	1486	587	542	756	727	967	875	695	1341	741	956	1083	965
Rv0595c	2080	1518	2152	3253	1730	806	1884	3612	1096	2124	842	1363	1747	1792	2916	2242	3401	3369	2100	4554	2736	3335	3717	3474
Rv0596c	760	386	592	951	441	145	219	356	276	434	186	340	39	11	15	39	15	9	47	36	16	33	12	3
Rv0597c	1314	748	985	2628	1474	491	1120	2675	549	1402	362	1315	2218	2821	3433	3293	5536	4730	2639	7311	3467	4567	6011	4929
Rv0598c	266	178	246	532	320	136	247	597	121	323	84	244	1119	1200	1882	1453	1806	2051	1390	3171	1830	1968	1932	2066
Rv0599c	47	20	24	48	37	11	36	30	16	32	14	21	32	10	26	26	15	13	48	22	6	48	24	16
Rv0600c	78	46	66	85	51	9	46	55	21	40	21	32	29	8	20	13	5	4	10	30	14	16	8	9
Rv0601c	24	7	22	26	12	12	11	21	7	8	3	12	9	12	17	11	7	4	16	25	16	24	11	6
Rv0602c	25	16	14	41	17	11	24	35	11	25	11	18	8	0	3	12	10	8	13	10	5	19	18	4
Rv0603	5	2	3	5	1	0	6	6	0	7	2	0	0	0	0	0	0	2	0	0	0	1	0	0
Rv0604	431	273	320	636	344	112	365	590	214	344	117	215	123	181	246	219	455	344	174	490	252	364	471	421
Rv0605	1714	922	984	4268	2398	648	1361	4334	635	2036	366	1912	263	171	234	534	594	429	256	464	268	730	698	470
Rv0607	474	270	280	1178	680	218	373	1231	175	609	145	524	88	99	103	205	390	363	82	239	112	274	430	367
Rv0608	188	115	165	239	147	38	103	141	94	115	51	78	50	7	23	28	18	12	53	43	43	41	25	14
Rv0609	57	36	49	86	55	14	29	70	22	36	17	42	21	9	23	5	20	8	30	18	16	21	15	10
Rv0609A	75	42	29	86	56	21	28	46	15	29	9	27	4	0	9	10	5	14	13	6	10	8	10	6
Rv0610c	966	568	749	1733	960	322	819	1754	363	902	223	673	201	193	259	321	467	329	251	566	258	421	562	409
Rv0611c	2080	1264	1590	3067	1802	572	1353	2462	855	1809	546	1220	672	294	469	540	364	303	798	846	520	881	404	304
Rv0612	219	129	152	368	226	65	170	331	81	216	53	176	21	30	20	46	37	53	23	81	29	50	43	59
Rv0613c	2032	1297	1571	3338	1871	636	1820	3303	872	1792	622	1209	388	453	690	695	1001	754	550	1337	686	1029	1193	775
Rv0614	53	35	34	64	41	12	32	47	24	27	17	20	12	16	21	15	23	21	26	59	20	19	29	26
Rv0615	335	193	237	473	229	81	186	338	106	199	88	166	40	21	19	25	31	15	46	35	26	48	36	27
Rv0616A	195	101	166	347	192	93	122	243	90	197	74	122	29	10	16	38	26	19	38	31	18	39	22	8
Rv0617	482	261	368	975	510	218	376	932	177	542	135	390	288	272	492	589	696	634	337	754	461	744	731	729
Rv0620	163	81	146	420	196	76	158	454	73	222	64	170	45	72	83	133	184	118	64	153	91	220	186	136
Rv0621	742	384	462	1092	636	152	548	1056	286	571	157	424	59	46	75	150	174	119	74	156	75	201	191	153
Rv0622	471	247	310	557	285	90	302	479	197	291	96	213	47	17	35	38	42	39	59	52	39	67	51	42
Rv0623	129	76	130	169	113	28	85	164	45	82	42	85	31	7	15	30	21	6	40	28	26	37	19	11
Rv0624	201	124	194	314	186	62	154	286	93	143	44	124	95	73	143	91	126	112	102	204	121	139	103	96
Rv0625c	333	274	315	630	288	130	325	595	150	256	145	268	91	110	127	114	214	128	103	328	162	204	251	147
Rv0626	107	73	86	136	82	26	41	80	29	45	21	29	13	4	3	9	1	8	4	9	3	12	0	2
Rv0627	287	193	252	447	195	60	167	247	133	204	80	171	38	20	32	32	35	48	48	72	46	76	43	52
Rv0628c	3289	2078	2675	4454	2536	823	3196	5049	1447	2568	1060	1842	361	507	689	540	945	758	488	1451	721	803	1083	920
Rv0629c	623	367	505	746	383	142	452	688	282	318	167	309	64	57	100	99	100	56	79	200	87	114	126	70
Rv0630c	983	631	802	1294	709	221	913	1202	449	613	340	499	197	279	283	348	541	366	261	640	283	466	628	372
Rv0631c	407	243	358	551	252	98	346	577	179	286	130	209	100	114	119	275	405	289	127	341	101	344	412	353
Rv0632c	1123	649	809	1625	898	271	743	1376	482	928	309	677	523	338	513	523	471	375	642	934	554	715	485	323
Rv0633c	574	365	481	877	523	166	457	819	239	435	165	368	285	138	258	323	305	199	401	423	243	468	346	242
Rv0634A	409	296	326	499	304	61	258	334	147	272	104	212	59	16	31	39	21	33	85	57	43	59	24	27
Rv0634B	125	47	83	69	38	12	59	32	35	40	22	27	14	7	7	5	1	3	10	9	2	10	6	3
Rv0634c	706	415	588	1166	599	221	532	1048	280	571	188	463	313	244	436	412	563	505	365	686	422	566	649	509
Rv0635	663	384	457	561	325	115	404	380	191	254	178	200	60	26	44	53	42	24	126	74	53	94	25	33
Rv0636	148	89	124	173	71	14	51	64	47	66	34	24	8	0	6	1	6	0	7	6	3	8	5	0
Rv0637	2479	1384	1923	2108	1157	334	1491	1482	1005	1083	677	725	292	97	209	185	132	76	349	278	208	257	148	78
Rv0638	6209	3852	4927	10403	5403	1924	5906	10959	3017	5509	1997	5099	965	889	1355	1397	1956	1207	1203	2594	1429	2286	2393	1416
Rv0639	8402	4781	6405	13588	7425	2717	5888	12216	3040	6498	2394	6385	1709	642	1304	1519	1348	927	1898	1522	1079	2032	1346	845
Rv0640	4394	2975	3818	8292	4550	1862	3786	8284	2046	4741	1461	3733	1647	890	1405	1643	1586	1206	2175	2473	1558	2453	1748	1297
Rv0641	7523	4674	6030	18744	10009	3540	6635	19525	3190	9658	2380	9029	3027	2078	3368	3380	3709	2266	3794	5461	3335	4577	4068	2549
Rv0642c	3926	2490	3130	5997	3240	1087	3075	5669	1746	3218	1145	2289	2481	1130	2046	1826	1797	1324	2905	2937	1929	2564	1886	1448
Rv0643c	2566	1741	2133	3546	1999	679	2503	4006	1236	2043	815	1357	2110	1548	2559	2292	3111	2806	2547	4176	2398	3214	3393	2915
Rv0644c	1148	723	846	1174	722	232	926	1147	512	664	311	432	306	194	327	376	384	362	446	517	309	552	473	361
Rv0645c	899	543	662	1225	693	217	733	1200	399	724	227	414	685	305	678	483	511	374	839	786	661	685	571	463
Rv0646c	573	398	430	1131	583	189	479	1148	241	581	154	408	201	184	304	412	581	504	282	640	332	576	647	514
Rv0647c	1078	656	815	2099	1098	330	853	2046	431	1084	298	756	465	385	539	704	979	739	616	1010	508	1044	1040	748
Rv0648	388	235	283	635	362	116	292	622	140	343	108	254	81	131	171	263	350	276	122	328	173	322	443	309
Rv0649	57	69	53	101	58	22	73	121	33	50	27	46	8	24	22	34	59	40	33	78	41	90	77	65
Rv0650	98	73	52	134	52	15	74	80	28	52	30	39	17	18	21	18	31	23	22	51	24	31	31	32
Rv0651	960	732	1118	2311	1416	550	960	2771	440	1444	437	1118	1035	1215	1696	1900	3181	2573	1185	3141	1658	2497	3327	2561
Rv0652	263	171	260	545	386	144	240	548	114	298	116	233	189	119	167	191	186	132	252	340	180	311	247	168
Rv0653c	448	312	474	811	463	183	483	941	207	490	172	425	312	285	371	375	578	430	327	658	373	542	628	448
Rv0654	480	335	416	555	312	141	382	536	192	355	154	257	121	120	155	206	212	230	186	304	138	322	258	216
Rv0655	23089	14696	17668	43700	23822	8200	21904	48934	10737	25011	7400	18875	18685	11988	23715	19353	21778	17379	22112	30992	21556	26572	22997	18275
Rv0656c	434	224	352	738	422	170	295	700	168	394	129	373	71	31	61	118	77	54	85	107	44	133	90	56
Rv0657c	183	112	166	248	143	53	75	177	48	114	31	81	29	7	13	16	4	19	36	33	18	30	16	10
Rv0658c	586	349	465	1372	673	292	466	1499	209	719	168	648	188	138	151	142	187	121	173	318	131	219	245	128
Rv0659c	1293	731	1185	2412	1279	572	1012	2512	449	1287	425	1126	504	386	638	597	724	566	616	1064	650	805	836	610
Rv0660c	497	287	405	770	439	162	179	395	154	392	105	256	51	21	48	63	27	34	52	53	42	86	34	25
Rv0661c	20	10	18	40	18	6	13	22	10	17	2	13	7	4	7	10	5	11	5	7	5	8	4	3
Rv0662c	18	9	12	24	13	8	7	13	9	10	6	5	4	0	0	2	0	0	0	1	1	2	1	0
Rv0663	1748	936	1360	2478	1433	449	1219	2259	662	1245	512	1128	364	225	408	478	543	393	418	583	366	663	623	388
Rv0664	61	46	46	90	52	17	46	39	15	45	16	34	2	4	1	2	9	3	5	6	1	10	10	3
Rv0665	58	32	55	86	34	15	31	53	16	55	20	32	7	3	4	12	8	13	6	8	8	16	8	4
Rv0666	31	10	11	23	10	2	8	13	11	16	2	13	0	0	0	0	0	0	0	0	0	4	0	0
Rv0667	117559	82095	109839	259904	137852	58415	112323	269431	56708	129098	42439	123126	19787	13126	21685	15802	19429	15987	24411	36232	20554	22353	21298	16898
Rv0668	63388	44303	58907	308200	166945	67132	54925	298340	29275	156062	21196	141720	19816	17228	25309	15949	23167	18566	24446	46119	24439	22183	24393	19817
Rv0669c	2037	1511	1836	11442	5627	2556	2019	12647	916	5172	654	5584	598	700	767	778	1068	873	770	1818	908	1169	1234	914
Rv0670	1002	655	876	2023	1063	380	809	1798	429	998	327	827	204	147	229	347	288	227	309	348	243	435	341	224
Rv0671	508	301	419	954	503	188	340	686	209	470	128	363	86	51	111	105	122	124	112	237	113	146	120	109
Rv0672	975	588	874	1584	845	351	690	1431	411	729	344	685	314	190	337	282	267	184	374	577	311	427	298	229
Rv0673	348	212	368	716	322	182	313	738	176	360	131	304	119	117	144	148	166	106	149	433	181	240	307	179
Rv0674	230	124	175	353	197	79	127	263	105	198	88	154	75	49	83	80	96	98	78	141	84	158	121	93
Rv0675	335	167	244	457	201	123	173	413	125	224	81	200	355	383	531	879	1222	1093	497	1175	507	1338	1314	1221
Rv0676c	5053	2858	4876	8883	4268	2171	3753	7731	1604	3486	1483	3379	41636	24891	43756	57525	65178	53340	50613	65978	42016	81590	70525	55644
Rv0677c	1897	1092	2017	3193	1610	931	1670	3402	648	1450	669	1264	29010	22530	37626	40583	49320	42975	35676	59816	37057	58166	53986	45376
Rv0678	468	271	403	701	316	153	283	473	175	276	129	263	462	189	349	327	264	146	535	526	325	558	314	179
Rv0679c	631	428	564	1097	654	270	557	1062	307	667	184	424	1397	888	1598	1220	1430	1236	1818	2275	1584	1760	1480	1402
Rv0680c	813	452	552	1019	630	202	477	780	285	472	187	442	206	123	194	290	311	215	243	297	185	386	343	232
Rv0681	1156	697	924	1720	994	327	828	1517	493	837	344	763	382	227	429	467	600	476	485	689	391	692	639	505
Rv0682	7833	4600	6476	7445	4091	1462	5206	6147	2746	3407	2412	3572	1186	482	868	601	553	273	1512	1295	809	903	595	288
Rv0683	4055	2712	3920	4986	2746	1078	3331	4542	1941	2759	1412	2198	893	696	1032	647	943	837	1064	1985	1104	1068	1142	903
Rv0684	23514	15281	21383	32743	17259	7114	21493	35340	10698	16981	8542	14950	8612	6176	10146	5327	7366	5906	10405	16452	9309	7183	7908	6222
Rv0685	25559	17013	23130	36140	20663	8184	22058	36608	12230	19800	9016	16591	12165	6729	14384	5494	5775	4980	14751	18007	12529	7742	6439	5324
Rv0686	622	484	652	1231	581	274	671	1341	298	665	273	597	288	128	260	166	156	143	345	336	239	238	164	175
Rv0687	326	190	212	547	293	95	165	331	85	214	81	218	33	12	22	37	13	9	53	31	10	47	22	15
Rv0688	917	496	664	1216	623	225	599	870	336	571	244	449	173	91	135	143	136	116	177	264	120	226	142	100
Rv0689c	51	22	39	63	20	8	42	55	13	41	15	21	6	8	8	5	9	2	11	20	6	8	6	3
Rv0690c	2099	1363	1832	4285	2295	1005	1761	4428	989	2229	646	2046	526	449	708	1107	1355	1320	700	1290	749	1617	1583	1498
Rv0691A	0	0	0	0	0	0	0	0	0	0	0	0	0	0	0	0	0	0	0	0	0	0	0	0
Rv0691c	276	207	256	387	204	86	193	324	87	188	95	115	260	116	298	184	203	196	291	423	301	283	268	241
Rv0692	957	651	1038	1273	710	278	772	1255	456	685	342	496	557	427	739	425	415	413	743	1082	764	618	508	502
Rv0693	7686	5275	7413	13822	6984	3013	7256	14871	3822	6994	2900	5872	3734	4290	5639	4083	6533	5761	4728	11738	5517	5725	7062	5953
Rv0694	3800	2575	3330	8786	4467	1653	2647	7201	1551	3996	1249	3944	2203	880	1617	1488	1284	1133	2511	2447	1588	2049	1441	1168
Rv0695	2159	1432	1659	5653	3046	1039	1797	5472	922	2648	618	2609	327	362	438	578	801	526	494	1017	473	894	825	613
Rv0696	2652	1948	2222	7668	4115	1677	2803	9653	1357	4077	855	3304	1021	1369	2138	2036	4231	4552	1325	3874	2088	2963	4869	4894
Rv0697	917	566	633	2815	1503	588	778	2705	398	1345	234	1213	291	263	327	392	515	427	356	650	329	600	508	485
Rv0698	184	130	179	389	206	90	198	416	107	206	57	193	85	115	179	255	426	365	104	330	167	264	495	389
Rv0699	8	6	14	17	16	0	4	9	4	8	15	12	6	0	2	1	1	0	2	1	2	1	2	0
Rv0700	26198	17296	22662	39422	20526	7786	26889	41008	12474	20718	8817	17730	5059	3196	4684	3147	3760	2468	6517	8766	4954	4567	4147	2748
Rv0701	20882	13172	17209	35835	18823	7102	17111	35108	8759	17344	6268	17216	2601	2225	2876	2271	3148	2280	3165	5782	2857	3117	3246	2310
Rv0702	14603	9559	11932	26972	14872	5811	10471	22913	6277	12933	4754	11835	1566	1184	1793	1464	1616	1054	2020	3277	1841	2208	1985	1241
Rv0703	5506	3720	5113	10260	5570	2429	3739	7854	2484	5683	1890	3953	1479	602	1222	830	675	635	1989	1682	1254	1128	927	692
Rv0704	22904	16339	20906	51024	27131	11517	22390	56822	10839	25169	8112	23003	9893	7265	11617	6162	7503	6714	12673	20084	11857	9020	8502	7457
Rv0705	12515	9091	11978	30135	16637	7463	9417	28215	6563	18315	4465	11893	11324	4190	9043	4416	4070	4298	14558	11870	8821	6464	4527	4948
Rv0706	6228	4854	5946	17624	9693	4461	6067	19016	3302	9802	2115	6931	2136	3181	4031	2567	4368	3208	2377	7232	3449	3204	4045	3101
Rv0707	9070	6814	8650	27832	14694	6282	9042	28334	4532	14538	3156	12295	4181	2683	4067	2712	2844	2419	5260	7719	4138	3858	3414	2796
Rv0708	2069	1512	1922	7337	3875	1705	2034	8043	1075	4541	731	2964	1546	2984	3589	1834	4210	5203	1994	7946	3606	2536	4898	5602
Rv0709	473	299	381	1332	713	234	158	589	125	573	102	321	63	6	23	43	12	4	66	49	32	50	14	6
Rv0710	1842	1162	1572	6762	3704	1395	1090	4395	784	3646	597	2905	646	180	500	365	251	179	825	576	447	586	338	238
Rv0711	2984	1951	2632	9673	4712	2104	2707	10742	1378	5038	1135	4353	1660	1321	2259	2903	3820	3223	2106	3504	2279	4401	4301	3453
Rv0712	833	516	639	2562	1253	492	587	2164	310	1119	220	1150	124	81	102	250	238	185	145	234	105	336	277	151
Rv0713	1407	833	1060	1520	845	347	1169	1624	604	839	441	628	306	253	445	286	291	220	438	570	356	400	349	195
Rv0714	5957	3429	4811	7800	4173	1532	4780	6720	2930	4355	1789	3351	1296	1047	1558	1205	1280	1124	1759	2633	1472	1751	1405	1148
Rv0715	1134	632	824	1526	884	349	570	1049	331	648	319	543	171	36	89	101	74	39	169	97	89	148	65	43
Rv0716	3442	2152	2774	6087	3191	1066	2709	5104	1449	3003	941	2629	746	425	730	538	608	398	994	1320	751	864	670	444
Rv0717	635	371	467	665	396	166	276	392	149	314	143	217	121	34	99	64	35	40	142	98	92	125	46	26
Rv0718	8640	5762	7586	13013	7070	2660	7660	13108	4438	7494	2799	5573	3974	2747	4607	2213	2893	2607	5122	7348	4728	3348	3303	2848
Rv0719	3276	2308	2853	6698	3484	1385	3204	7446	1523	3397	1071	2817	1977	1065	2238	1091	1257	1061	2491	2998	2158	1510	1302	1188
Rv0720	1187	880	1200	2853	1721	699	959	2703	623	1716	487	1130	614	561	848	595	598	588	849	1585	885	850	681	655
Rv0721	1898	1198	1532	5008	2596	833	1288	3413	773	2365	479	2106	302	146	243	182	138	96	416	390	242	256	149	123
Rv0722	100	49	69	141	84	34	22	65	14	77	11	32	13	5	8	16	6	9	21	18	11	27	5	7
Rv0723	1207	700	921	3627	1989	564	838	2810	372	1184	307	1918	256	83	171	112	102	67	310	255	193	170	112	73
Rv0724	7017	4155	5480	15916	8302	3019	5506	14536	2864	7798	2173	7536	1111	618	1066	1608	1505	1047	1505	1846	1061	2375	1714	1153
Rv0725c	657	320	438	1020	490	232	364	891	226	404	160	449	94	62	73	119	113	105	124	177	61	140	117	111
Rv0726c	429	289	355	618	372	116	335	553	196	332	145	269	356	138	274	232	188	145	356	353	209	324	215	139
Rv0727c	251	159	249	315	197	73	130	253	57	174	68	122	51	15	49	54	48	25	63	90	48	76	60	42
Rv0728c	141	65	107	164	86	37	94	173	51	100	33	86	20	21	34	44	60	49	30	72	51	63	92	42
Rv0729	167	99	114	213	126	39	127	185	44	125	52	85	21	18	17	25	31	15	22	49	18	40	41	22
Rv0730	769	474	592	1299	755	205	504	933	363	694	218	487	198	89	134	170	135	99	189	173	140	230	134	78
Rv0731c	476	292	367	649	344	125	433	779	249	386	146	314	160	190	226	176	305	246	192	453	212	294	331	227
Rv0732	2011	1212	1487	2322	1320	393	1355	1892	803	1227	515	821	747	309	553	520	467	386	833	743	521	694	434	338
Rv0733	576	349	443	643	384	92	355	378	216	275	138	209	94	48	82	63	57	35	98	96	60	79	53	31
Rv0734	1047	606	762	855	477	136	839	862	395	469	276	317	182	150	189	124	171	137	203	382	175	170	196	158
Rv0735	2109	1262	2092	6225	3075	1767	1994	7455	895	3119	881	4292	102	171	172	110	264	192	119	305	166	177	259	206
Rv0736	1191	623	1181	4061	2065	1051	824	3639	423	1890	471	2676	30	17	22	30	25	9	32	48	29	40	30	10
Rv0737	120	93	128	499	247	134	85	378	54	233	50	368	11	8	8	7	4	17	23	20	6	11	7	18
Rv0738	549	290	415	917	466	154	361	694	213	406	150	410	82	77	89	141	184	87	103	208	86	143	219	112
Rv0739	284	153	225	367	182	84	193	333	122	211	82	170	110	52	82	72	68	49	93	108	76	115	71	58
Rv0740	680	385	494	622	423	118	391	534	238	373	188	341	73	26	43	34	35	12	79	59	46	67	41	18
Rv0742	336	201	241	555	290	111	312	588	116	242	95	248	122	39	84	73	80	46	144	159	87	120	113	54
Rv0743c	112	95	87	229	124	44	95	170	66	131	42	87	35	14	47	44	63	50	57	50	41	72	61	35
Rv0744c	69	38	53	83	55	9	36	60	31	42	20	40	9	2	3	15	15	16	17	17	9	21	22	13
Rv0745	30	12	23	41	27	7	25	36	16	28	9	19	3	9	12	3	6	4	9	16	2	8	4	2
Rv0746	177	119	116	266	122	41	81	157	40	82	45	96	7	1	3	4	3	1	13	7	2	6	5	6
Rv0747	1143	757	1094	2337	1304	449	753	1563	383	1083	375	967	28	21	20	36	33	36	43	80	39	71	55	31
Rv0748	102	73	72	136	95	27	59	81	40	69	28	46	16	7	10	7	13	6	30	30	21	12	3	2
Rv0749	125	75	100	134	92	43	81	122	53	67	41	89	86	57	120	39	44	64	130	149	89	66	54	53
Rv0749A	201	117	140	227	142	44	79	120	61	123	41	78	41	6	17	17	12	7	37	22	10	25	9	10
Rv0750	411	250	380	499	279	111	239	347	165	294	110	219	39	30	53	52	68	68	69	89	57	82	53	84
Rv0751c	920	604	952	1617	874	343	822	1559	464	914	371	794	136	173	286	324	491	365	220	481	295	535	606	450
Rv0752c	674	406	688	1106	591	303	474	948	258	528	259	600	72	58	95	141	142	119	120	154	117	193	157	146
Rv0753c	1458	871	1448	2400	1359	659	1215	2600	593	1380	563	1424	251	256	365	420	576	466	353	774	361	601	696	532
Rv0754	377	240	345	566	371	152	267	582	138	303	118	316	61	35	44	55	70	36	53	91	44	81	75	49
Rv0755c	2398	1389	1702	3435	1902	678	1668	3178	985	1719	642	1434	1251	300	807	638	542	375	1441	868	673	850	567	375
Rv0756c	973	552	760	1256	780	269	907	1275	451	737	267	541	259	295	399	280	405	255	341	858	399	419	462	326
Rv0757	1180	706	1032	1634	812	248	838	1367	479	792	390	706	479	168	372	245	279	224	548	484	322	377	292	195
Rv0758	1900	1160	1797	2604	1367	485	1451	2248	777	1313	571	1052	516	306	428	503	466	409	648	845	437	805	579	397
Rv0759c	575	327	422	601	313	124	403	554	225	315	168	246	247	124	192	138	138	112	249	332	251	234	157	107
Rv0760c	453	332	479	458	266	95	411	482	216	248	183	206	282	158	267	149	143	102	384	439	265	237	156	134
Rv0761c	1774	1113	1284	1748	987	318	1494	1878	781	934	556	675	751	695	951	642	773	650	935	1725	955	895	901	712
Rv0762c	100	52	75	103	43	17	58	64	23	52	24	45	9	1	11	6	5	1	9	5	6	5	4	8
Rv0763c	13	5	12	20	10	5	10	20	5	13	5	7	2	2	0	3	1	1	4	1	3	3	0	0
Rv0764c	344	227	303	520	260	118	314	534	158	283	124	190	109	104	153	205	354	424	123	238	148	285	306	433
Rv0765c	121	67	90	199	92	32	105	145	51	81	42	88	14	11	6	18	18	13	22	31	7	35	38	9
Rv0766c	258	118	199	321	167	68	195	345	112	176	61	125	88	53	66	154	183	144	82	150	88	184	185	193
Rv0767c	72	62	89	130	46	35	92	147	29	75	41	48	23	22	36	42	41	47	31	63	47	57	40	45
Rv0768	187	130	140	219	131	39	126	207	100	143	51	117	46	34	66	61	56	90	53	121	58	91	70	91
Rv0769	244	134	192	265	159	61	205	239	94	136	79	84	94	77	139	129	169	137	120	193	126	219	145	162
Rv0770	113	62	77	118	67	22	77	99	37	61	37	47	5	9	10	17	16	13	16	18	13	25	15	14
Rv0771	82	45	80	77	43	19	55	73	29	31	22	17	30	12	6	28	9	6	48	19	8	40	18	11
Rv0772	517	362	416	710	358	126	468	622	261	328	167	280	87	49	116	128	162	90	105	222	95	164	128	92
Rv0773c	542	384	496	864	506	156	432	839	276	493	166	307	278	234	419	334	441	369	335	628	407	490	487	417
Rv0774c	622	352	402	939	509	156	334	692	201	483	126	278	197	134	194	262	242	188	219	383	204	375	290	186
Rv0775	138	93	128	243	110	48	126	187	65	136	32	112	22	3	22	31	13	4	26	15	23	38	24	6
Rv0776c	147	80	122	329	145	59	108	263	68	159	55	143	18	19	20	75	37	36	37	65	21	79	41	34
Rv0777	1136	663	863	1926	1040	350	732	1563	365	915	290	832	256	79	171	287	252	159	305	271	192	386	254	180
Rv0778	586	295	450	838	491	153	356	663	210	439	127	372	152	80	122	181	172	183	189	193	102	264	179	175
Rv0779c	47	32	53	80	43	9	30	71	12	24	18	23	10	5	15	18	33	19	13	22	17	22	32	20
Rv0780	223	133	177	382	215	69	170	402	105	240	71	139	256	181	329	395	545	462	299	489	290	539	514	465
Rv0783c	1377	773	956	1931	1065	350	1047	1998	612	1125	361	759	421	311	519	448	547	382	498	873	476	622	574	467
Rv0784	460	249	370	578	331	111	343	504	178	319	124	240	50	59	57	72	73	39	92	122	58	138	99	46
Rv0785	325	216	304	432	219	66	259	357	126	229	95	183	83	42	60	81	65	43	106	114	62	87	88	49
Rv0786c	138	75	91	199	114	34	81	143	57	116	32	60	34	21	46	47	36	29	70	52	43	67	55	21
Rv0787	1224	707	923	2043	1153	405	1121	2094	468	1112	349	835	215	225	286	447	562	313	299	624	323	631	619	332
Rv0787A	203	110	149	318	189	51	89	141	58	145	44	121	10	3	1	11	10	0	12	7	5	10	2	1
Rv0788	624	331	502	1093	540	212	399	774	259	541	169	448	78	49	91	101	102	75	113	126	98	144	113	85
Rv0789c	454	276	452	587	286	113	227	417	193	319	136	270	44	27	27	33	36	33	55	51	24	68	56	26
Rv0790c	272	159	256	535	243	106	242	405	129	259	96	202	78	75	130	125	232	188	109	232	130	193	237	221
Rv0791c	613	385	501	721	382	103	463	584	228	345	200	311	65	35	57	85	96	62	100	103	61	143	101	44
Rv0792c	394	204	273	557	292	93	264	506	120	293	104	234	58	41	82	107	125	96	98	140	98	124	136	99
Rv0793	44	32	49	99	65	12	45	91	19	62	12	32	4	5	12	12	21	14	10	17	12	22	14	11
Rv0794c	674	369	567	1114	636	241	542	1125	241	613	204	441	108	91	176	244	306	242	155	247	151	310	320	246
Rv0797	19	24	16	28	13	7	10	23	9	10	6	20	2	1	5	6	7	1	9	10	5	7	3	6
Rv0798c	604	386	474	976	630	190	541	937	302	625	156	350	325	237	388	318	471	397	332	523	376	419	403	311
Rv0799c	647	445	496	1341	687	274	581	1345	311	728	182	478	445	348	622	718	986	988	479	875	566	1004	977	920
Rv0800	264	159	209	455	305	97	207	484	103	252	89	180	75	95	127	145	189	165	115	252	110	207	217	230
Rv0801	88	55	66	125	70	21	57	86	39	89	28	38	20	19	18	15	9	19	38	31	16	38	17	13
Rv0802c	164	90	133	207	99	47	125	152	66	90	46	78	79	30	61	45	45	52	88	86	70	81	64	41
Rv0803	1698	1034	1338	2870	1721	554	1445	2972	617	1475	475	1104	374	309	396	678	989	736	484	995	431	1020	1232	793
Rv0804	312	150	245	463	218	71	207	338	87	225	89	198	35	40	53	58	88	92	58	102	61	89	100	101
Rv0805	5346	3290	4695	7314	3942	1374	5279	8299	2410	3761	1812	3349	1775	1475	1947	1496	2011	1570	2269	4060	1902	2158	2252	1643
Rv0806c	1060	690	930	1526	777	282	837	1394	459	720	345	700	262	151	201	269	259	229	330	336	206	368	323	248
Rv0807	270	166	210	438	273	91	187	450	111	252	87	201	61	39	82	83	88	68	41	124	73	115	97	77
Rv0808	4490	2940	3822	11663	6404	2312	3375	11280	2042	6608	1368	4310	1489	1170	1819	2595	3304	2684	1698	3345	1864	3606	3346	2752
Rv0809	2598	1662	2228	3883	2086	731	2016	3319	1117	1935	802	1517	518	272	496	528	470	406	611	855	504	701	513	445
Rv0810c	1968	1094	1426	2182	1257	406	874	1215	564	952	494	793	198	43	115	124	47	41	249	129	91	181	59	34
Rv0811c	960	509	686	1612	976	318	641	1414	323	784	257	758	83	62	109	108	143	87	131	191	121	192	178	98
Rv0812	372	208	308	595	329	106	269	560	145	274	116	238	68	63	81	70	90	70	97	172	83	91	114	67
Rv0813c	744	496	608	1135	685	201	661	983	317	581	241	447	142	123	156	134	169	103	172	279	153	212	147	133
Rv0814c	1169	806	1010	1447	793	318	1111	1531	582	844	453	592	306	428	426	265	352	338	380	1024	477	363	381	316
Rv0815c	1239	785	1021	1306	652	240	1155	1338	583	658	358	553	267	107	145	219	211	138	315	265	177	281	223	135
Rv0816c	143	81	114	140	81	35	95	145	59	85	43	61	50	27	34	25	37	18	51	71	33	44	44	34
Rv0817c	100	69	97	158	85	18	84	180	36	93	27	65	59	55	111	95	130	121	59	155	115	124	138	120
Rv0818	1208	646	807	2078	1135	311	645	1359	394	908	284	870	135	72	117	209	182	134	167	197	118	242	204	150
Rv0819	1044	593	742	1895	1038	402	721	1815	469	1046	289	824	138	128	201	314	310	188	215	341	201	435	425	268
Rv0820	1062	622	786	2239	1142	514	856	2346	454	1215	333	944	937	635	966	1357	1411	1371	1116	1596	979	1735	1610	1593
Rv0821c	1538	990	1381	4642	2426	1006	1459	5301	717	2574	548	2095	1227	1040	1351	2242	3124	2746	1477	2752	1518	3193	3388	3081
Rv0822c	3897	2499	3015	20202	10723	4009	3218	20303	1700	10412	1173	7750	2492	2098	3231	9058	11628	10751	3077	5746	3344	13568	13269	11804
Rv0823c	9334	6176	7681	39926	21302	7667	8944	44524	4072	20972	2896	15533	6555	8040	10483	20893	31910	28673	8819	23264	11538	31635	38318	33072
Rv0824c	11482	7090	8617	28689	16738	5513	7098	23567	4225	15099	3231	11829	7233	2456	4890	6997	5137	3783	8954	6328	4754	10051	5605	3971
Rv0825c	459	302	408	674	372	131	426	696	203	353	113	272	181	163	193	264	326	208	197	381	192	354	337	246
Rv0826	456	321	338	593	291	95	309	495	179	311	121	220	88	72	96	109	135	64	101	203	77	174	124	85
Rv0827c	746	482	527	1210	814	205	525	1096	284	788	189	460	390	202	349	566	576	364	474	586	374	796	642	423
Rv0828c	27	35	28	80	37	9	34	89	12	30	15	32	23	17	24	28	28	20	21	50	26	34	14	22
Rv0830	855	584	792	1422	803	356	781	1402	467	819	313	637	748	343	734	504	491	425	978	888	719	732	598	429
Rv0831c	3614	2563	3155	5598	3202	1260	3819	7198	1655	3307	1273	2445	4970	3654	6486	4352	5353	4949	6648	10872	6796	6713	6337	5657
Rv0832	352	210	260	574	299	97	208	355	129	272	92	203	39	12	25	56	34	17	58	60	24	81	48	23
Rv0833	2002	1337	1660	3368	1674	504	1335	2057	695	1327	555	1416	132	53	108	125	119	102	207	284	121	297	206	112
Rv0834c	6873	4284	5456	11326	6371	1957	4189	7623	2517	5292	1884	4339	110	64	126	130	104	98	178	251	157	195	155	92
Rv0835	607	380	487	991	578	225	591	1216	301	626	183	427	603	440	765	927	1205	1105	700	1343	786	1326	1321	1253
Rv0836c	273	125	159	343	162	48	210	360	100	167	55	131	60	54	66	96	98	132	68	143	67	119	135	117
Rv0837c	140	68	93	186	94	34	98	177	55	133	32	79	54	35	82	84	74	66	76	71	63	95	70	87
Rv0838	645	395	550	1068	597	242	535	1185	262	620	171	411	182	201	308	340	410	311	276	549	305	455	372	290
Rv0839	1772	1150	1127	4021	2302	1319	1790	4301	764	2072	511	3161	1078	1376	1951	1950	2717	2619	1102	3344	1708	2245	2742	2415
Rv0840c	484	300	304	1209	661	348	358	1093	222	604	121	844	196	73	134	231	212	154	209	188	121	368	222	166
Rv0841	27	19	21	42	15	16	19	49	7	24	4	22	0	0	3	5	14	5	0	4	1	8	13	6
Rv0842	102	76	73	175	66	21	77	125	42	69	30	70	15	6	15	23	21	1	18	23	11	34	20	15
Rv0843	204	141	157	279	162	56	134	263	90	162	41	102	30	16	50	59	50	55	51	60	37	89	42	58
Rv0844c	945	576	728	1555	938	265	717	1645	418	827	252	629	239	166	246	268	324	236	324	501	222	449	361	258
Rv0845	373	213	281	462	257	69	293	454	139	188	118	203	130	44	119	114	118	79	176	172	91	185	142	95
Rv0846c	613	364	533	786	435	163	516	747	232	377	178	364	114	96	159	267	342	296	162	255	119	424	410	289
Rv0847	1750	1062	1334	2164	1169	417	1278	2213	689	1113	476	738	241	317	545	682	1121	997	274	944	473	1046	1425	1104
Rv0848	509	324	544	837	437	177	362	809	191	420	159	284	86	65	96	172	252	177	116	204	90	240	260	201
Rv0849	380	209	349	526	280	107	281	549	139	234	120	198	50	59	68	165	177	148	96	150	79	211	230	187
Rv0851c	280	184	209	373	212	76	166	288	93	168	60	139	29	30	43	42	46	34	59	55	57	69	33	17
Rv0852	401	277	344	497	269	81	464	577	225	249	144	192	236	148	304	211	276	229	285	476	279	300	276	255
Rv0853c	788	493	638	936	527	181	538	753	314	446	238	351	253	144	191	176	251	198	293	395	184	305	229	163
Rv0854	108	58	75	155	84	15	76	133	48	78	23	47	137	46	105	120	86	70	130	134	99	106	88	66
Rv0855	194	108	131	255	154	34	137	212	76	121	44	107	57	34	56	107	87	44	67	91	56	123	77	58
Rv0856	438	269	369	650	386	136	348	688	166	391	121	285	255	85	186	151	146	119	297	266	163	203	149	104
Rv0857	295	160	189	431	246	70	151	281	85	207	77	228	85	19	50	37	40	24	98	65	46	55	44	28
Rv0858c	292	203	249	379	266	70	270	452	151	245	105	149	97	106	141	136	166	169	126	309	151	201	186	202
Rv0859	2758	1751	2624	5201	2917	1174	2333	5298	1223	2864	970	2254	961	901	1194	1340	1753	1476	1242	2327	1259	1972	2042	1628
Rv0860	4616	2929	4142	8272	4627	1720	3886	8169	2133	4422	1712	3990	1414	1034	1501	1629	1730	1232	1763	2841	1669	2168	1996	1399
Rv0861c	1187	675	918	2067	1111	359	823	1780	474	972	367	868	324	162	285	513	405	295	460	417	285	678	465	376
Rv0862c	746	450	580	1438	784	252	546	1365	300	698	244	492	214	186	274	407	649	450	251	564	283	611	772	578
Rv0863	361	149	227	461	222	72	105	204	34	132	62	115	36	3	14	30	9	7	57	13	5	29	6	6
Rv0864	875	516	634	1592	868	325	630	1396	312	818	233	632	281	166	259	225	253	148	341	371	235	357	212	168
Rv0865	521	296	426	1107	587	209	348	902	218	562	137	354	265	176	278	304	259	262	318	383	235	404	290	240
Rv0866	168	126	163	440	254	53	156	379	78	228	66	193	25	15	19	21	41	37	34	53	36	42	49	16
Rv0867c	807	489	708	1288	646	260	577	1130	344	615	297	477	97	57	117	209	206	133	144	223	117	384	340	221
Rv0868c	620	363	477	1076	601	203	427	1015	283	686	199	383	278	176	308	291	356	338	377	482	340	482	417	348
Rv0869c	2291	1486	1950	6230	3460	1100	1647	5743	940	3052	689	2419	595	559	713	1130	1485	1198	725	1639	818	1751	1847	1403
Rv0870c	428	289	399	1074	564	205	220	652	196	507	149	337	89	18	63	87	59	32	95	60	46	125	51	37
Rv0871	2387	1517	1830	3115	1767	589	1846	3154	1071	1749	712	1408	754	457	774	683	641	472	973	1384	783	1063	722	520
Rv0872c	5907	3527	4430	10595	6096	1807	4446	9341	2231	5311	1630	4241	616	378	488	753	684	358	752	998	579	1087	844	403
Rv0873	1594	919	1192	2508	1482	444	1080	2154	725	1321	409	1036	648	310	530	708	571	477	753	800	494	943	581	456
Rv0874c	1091	656	880	1759	920	368	885	1458	432	898	318	671	159	179	245	290	430	289	259	472	259	500	463	318
Rv0875c	619	376	529	1087	659	237	480	969	223	613	190	465	235	146	239	302	352	288	279	265	191	393	284	236
Rv0876c	1962	1175	1674	3927	2232	774	1426	3630	765	1960	558	1725	410	242	384	661	665	415	493	653	338	1064	749	471
Rv0877	2207	1108	1387	2909	1597	420	1432	2442	749	1330	484	1314	277	159	216	225	204	138	316	375	205	298	218	111
Rv0878c	1560	899	1109	1841	949	338	1075	1591	637	917	437	689	366	144	275	277	218	137	374	400	245	368	253	188
Rv0879c	512	350	435	656	400	130	548	839	256	356	168	272	539	639	920	427	675	570	645	1790	848	750	789	648
Rv0880	95	82	96	133	64	22	71	98	41	65	27	40	45	22	31	32	25	20	68	66	27	46	44	24
Rv0881	226	131	168	184	103	28	120	148	87	101	52	83	28	12	10	28	32	28	22	30	24	34	33	28
Rv0882	42	38	72	33	30	6	16	20	17	25	12	12	4	4	2	6	20	3	7	15	3	14	8	10
Rv0883c	2274	1455	2068	3084	1804	700	1697	2949	901	1668	742	1264	1278	879	1141	1862	1923	1481	1634	2447	1321	2920	2317	1816
Rv0884c	621	332	491	959	595	191	432	991	233	459	165	398	241	266	369	387	582	421	323	604	316	556	598	446
Rv0885	6166	3639	4812	7705	4350	1277	5174	7686	2450	4223	1762	2558	1008	497	892	2481	2495	1887	1278	1411	935	3409	2894	2019
Rv0886	3768	2384	3098	4552	2520	802	2806	4284	1471	2297	1040	1458	211	103	199	597	625	431	226	315	202	920	693	456
Rv0887c	211	122	183	228	142	63	151	230	93	133	74	105	49	39	65	44	59	44	62	98	61	73	47	40
Rv0888	1361	784	955	1574	858	260	1023	1384	525	832	311	594	1394	1133	2070	1561	2026	2108	1586	2700	1736	2114	2090	1975
Rv0889c	916	522	671	1714	882	297	760	1829	324	905	247	703	264	282	389	498	608	603	362	805	407	672	685	615
Rv0890c	591	421	509	864	461	159	524	839	291	436	185	328	294	257	325	543	621	511	355	613	286	660	667	489
Rv0891c	418	276	331	448	310	97	336	524	176	299	122	212	460	247	408	643	666	597	675	763	498	987	787	711
Rv0892	183	102	169	180	100	28	172	211	78	84	70	60	113	73	111	209	215	172	154	173	129	281	251	208
Rv0893c	53	37	50	91	41	15	49	83	30	48	22	33	34	40	71	109	121	97	60	76	63	150	151	114
Rv0894	451	351	361	956	518	193	424	1070	215	555	130	352	465	313	556	485	642	649	522	762	482	638	645	727
Rv0895	140	77	97	194	93	32	113	216	59	136	42	66	39	35	70	76	92	42	62	107	41	135	91	62
Rv0896	3970	2636	3044	8019	4740	1547	3667	8557	1850	4796	1153	3019	4365	2992	5235	4911	5798	5117	5290	7511	4907	6700	6031	5407
Rv0897c	989	535	770	2497	1194	470	700	2386	404	1315	270	1013	217	190	312	517	722	565	262	594	328	704	811	653
Rv0898c	524	287	365	891	473	181	266	555	167	441	108	356	79	33	62	75	68	36	94	79	52	138	52	34
Rv0899	333	201	285	435	280	67	228	398	137	219	85	207	125	60	119	130	117	87	143	179	83	157	118	108
Rv0900	2	3	2	1	3	0	1	3	4	1	0	2	0	0	0	0	0	1	0	0	0	3	0	0
Rv0901	95	57	67	140	73	21	49	97	45	66	27	58	11	4	12	7	23	7	16	14	13	22	15	17
Rv0902c	1474	920	1251	2447	1409	546	1102	2464	548	1260	437	1071	357	376	490	780	926	786	500	1035	553	1045	1140	866
Rv0903c	1045	681	820	1877	1139	344	664	1305	427	894	277	720	121	74	122	214	170	91	180	225	115	347	213	119
Rv0904c	388	182	238	416	240	74	237	316	149	215	89	170	38	35	43	54	43	45	47	93	45	76	60	31
Rv0905	384	213	321	679	423	129	311	824	152	345	117	316	226	177	314	376	418	411	292	458	276	506	504	419
Rv0906	236	112	144	374	184	59	130	271	84	205	60	120	67	49	78	78	68	51	83	138	64	102	67	57
Rv0907	107	77	115	132	92	32	113	166	49	90	50	68	116	101	151	143	244	193	137	314	165	247	293	177
Rv0908	370	188	257	352	180	86	265	366	154	185	125	160	168	123	185	183	218	210	208	350	187	200	240	189
Rv0909	340	204	238	452	249	89	157	246	146	313	85	133	119	24	34	56	45	31	132	57	49	92	33	30
Rv0910	491	253	333	842	474	147	318	684	185	514	124	371	112	37	58	78	79	37	159	100	83	154	73	46
Rv0911	569	422	468	1299	694	206	600	1462	311	666	178	525	265	305	348	567	787	816	284	819	372	740	883	828
Rv0912	371	163	307	611	315	107	268	500	164	296	84	262	174	115	198	200	222	173	182	281	211	283	232	201
Rv0913c	583	387	500	1473	830	255	529	1576	237	792	151	556	639	360	653	722	828	662	780	891	658	1046	852	681
Rv0914c	484	307	340	1288	673	190	416	1263	204	646	134	490	275	275	380	520	821	567	350	790	369	766	903	663
Rv0915c	148	98	123	258	139	51	120	232	51	114	41	101	27	27	37	84	84	61	38	88	46	119	101	75
Rv0916c	47	33	49	90	59	20	49	66	30	41	14	33	7	3	15	14	14	10	18	8	18	24	9	17
Rv0917	557	361	424	871	471	165	517	857	262	444	175	374	226	224	390	329	444	372	330	533	348	508	449	470
Rv0918	225	142	168	413	204	105	138	385	92	214	57	171	48	33	48	72	87	57	48	94	46	114	114	66
Rv0919	1154	843	959	2547	1431	537	1144	2898	506	1432	336	989	971	826	1275	1081	1565	1459	1170	2206	1318	1573	1619	1597
Rv0920c	1117	675	832	1124	583	202	817	954	534	583	318	408	174	76	143	97	87	62	193	210	147	156	110	58
Rv0921	496	258	350	452	303	86	308	388	203	242	119	197	87	46	84	91	45	57	113	121	69	110	74	70
Rv0922	4985	3092	3551	10755	5934	1993	4578	11714	2141	5720	1446	4077	1180	1201	1684	2551	3743	2967	1381	3164	1757	3992	4487	3079
Rv0923c	1144	672	831	1802	983	329	715	1374	388	857	294	693	139	88	114	203	236	179	174	248	130	342	236	166
Rv0924c	315	197	268	378	205	85	331	471	130	231	107	182	133	137	202	250	369	401	140	395	204	338	427	398
Rv0925c	668	478	647	814	485	179	686	911	316	507	278	339	639	557	996	899	983	1041	803	1449	1012	1300	1190	1133
Rv0926c	375	218	334	639	342	134	314	680	166	372	128	257	216	104	183	356	408	245	266	410	192	409	389	250
Rv0927c	226	183	222	495	254	96	239	542	155	260	81	170	157	168	236	361	509	472	155	432	229	425	561	540
Rv0928	595	393	475	849	492	159	397	744	241	456	177	353	212	148	178	268	290	324	257	290	173	390	289	290
Rv0929	316	140	224	551	269	112	178	408	109	288	86	220	65	32	47	95	90	85	88	77	35	109	93	76
Rv0930	1293	788	1025	2914	1608	622	1071	2889	461	1486	406	1226	788	597	1065	891	1225	1047	936	1483	1019	1288	1207	1074
Rv0931c	14847	9735	12579	33592	17610	6970	14053	38690	7040	18278	4886	13150	7855	8290	12604	13168	19016	18050	9838	22016	12165	18762	21650	19898
Rv0932c	9381	5733	7612	18630	9990	3772	8347	19591	4027	9953	3101	8094	5567	6407	9535	9245	16688	19956	6339	15260	9014	12096	16334	19023
Rv0933	1295	951	1057	2639	1589	550	1470	3570	681	1698	389	978	2303	1624	2468	2803	3642	3125	2912	4318	2439	4094	4013	3138
Rv0934	1259	956	1095	2721	1561	538	1171	3131	608	1583	427	1015	1192	849	1515	1625	2052	1908	1543	2539	1456	2351	2332	1948
Rv0935	740	504	588	1121	662	183	524	982	273	639	217	437	364	156	370	305	314	302	457	544	340	452	308	306
Rv0936	458	256	348	662	374	158	335	650	199	358	128	265	225	134	263	267	337	193	269	325	239	313	280	218
Rv0937c	610	334	453	1031	637	185	455	874	252	596	146	449	298	167	303	374	367	341	342	406	249	515	337	306
Rv0938	1635	1030	1315	4634	2672	780	1341	4829	708	2556	474	2092	752	719	1102	2184	3427	3200	1029	2102	1158	3006	3919	3437
Rv0939	1644	852	1153	3469	1791	596	1094	2914	582	1598	393	1526	462	286	456	765	885	684	483	781	450	1077	972	732
Rv0940c	668	430	474	1484	711	263	525	1386	291	715	204	646	240	158	254	258	330	242	270	454	275	365	379	245
Rv0941c	951	616	741	2150	1138	394	909	2445	487	1090	284	890	264	279	415	403	486	524	381	1018	515	687	715	658
Rv0942	26	16	18	27	15	4	14	14	7	14	4	13	3	1	0	2	2	0	1	0	0	1	3	0
Rv0943c	52	17	32	73	31	6	32	45	15	30	7	23	3	0	7	3	4	10	5	5	2	7	4	3
Rv0944	14	15	16	28	17	9	2	22	6	15	7	6	2	1	0	2	3	1	1	0	1	3	0	2
Rv0945	403	252	272	526	345	100	257	451	127	302	92	215	144	97	131	146	181	109	181	248	136	232	196	152
Rv0946c	775	542	739	1596	864	387	797	1990	363	961	228	632	551	766	1016	901	1558	1529	738	2205	1017	1295	1742	1721
Rv0948c	1589	912	1016	1669	1018	272	1238	1459	684	955	415	683	489	205	321	290	301	249	589	544	447	440	393	262
Rv0949	657	402	493	1124	660	241	619	1246	281	610	193	419	392	424	639	743	1009	1215	450	1040	569	1003	1043	1259
Rv0950c	925	508	749	1139	646	190	672	1179	317	572	256	441	260	128	200	202	161	118	380	459	275	383	291	203
Rv0951	1734	990	1178	1979	1143	325	1169	1654	750	1064	433	842	391	189	349	268	333	177	551	577	355	433	302	179
Rv0952	780	485	635	1003	597	168	516	845	318	512	238	340	187	100	140	111	148	109	216	187	134	203	159	113
Rv0953c	29	20	23	47	27	2	18	20	12	29	15	18	2	1	8	9	4	2	8	8	7	7	8	3
Rv0954	2554	1620	2028	3399	2017	605	1630	2839	1143	2155	730	1289	862	534	806	842	629	505	1058	1510	772	1193	697	542
Rv0955	1623	980	1215	2222	1204	383	1190	1989	626	1087	407	817	296	297	357	340	380	321	409	827	411	504	493	376
Rv0956	317	209	220	552	308	116	237	511	169	322	98	207	73	49	88	136	129	80	90	159	99	156	117	98
Rv0957	1011	607	790	1517	904	302	890	1647	478	847	310	530	329	314	416	443	691	447	462	879	451	702	763	453
Rv0958	1408	992	1229	2542	1525	517	1209	2631	613	1460	452	983	272	317	559	567	836	705	369	881	533	783	853	718
Rv0959	1768	1099	1538	2993	1608	550	1458	2753	685	1524	542	1090	159	206	307	340	472	308	248	491	272	497	532	377
Rv0959A	38	13	43	39	18	8	10	29	21	18	8	17	5	2	3	10	3	2	5	7	1	11	3	2
Rv0960	207	146	222	419	192	72	191	335	102	199	80	180	109	139	163	130	167	132	158	268	172	193	193	152
Rv0961	192	137	180	308	158	47	126	175	72	180	55	98	73	12	43	53	21	30	73	56	33	79	41	36
Rv0962c	105	56	68	147	80	29	51	55	28	59	24	63	16	8	8	18	9	4	26	16	8	21	13	11
Rv0963c	71	46	57	73	46	16	50	87	27	43	14	46	17	16	17	22	29	24	25	39	16	43	21	33
Rv0964c	79	46	54	80	40	20	62	73	28	35	18	31	15	29	49	77	58	45	35	101	66	64	67	38
Rv0965c	61	29	36	49	23	3	24	31	8	27	7	16	7	6	3	6	4	1	14	3	1	9	2	1
Rv0966c	388	243	290	474	296	98	316	365	145	255	108	179	72	66	76	60	70	45	114	152	76	132	89	59
Rv0967	1715	968	1565	3462	1943	754	1202	3004	550	1493	588	1708	390	146	272	387	340	152	471	401	269	587	298	180
Rv0968	94	79	102	236	133	35	35	82	33	97	17	98	13	2	2	3	3	1	12	1	6	10	3	2
Rv0969	5118	3379	5326	12935	7058	3193	4429	13155	2066	6097	1870	6626	1118	939	1162	2043	2875	2006	1405	2651	1184	3028	3265	2208
Rv0970	1483	903	1395	3255	1634	652	1233	2906	661	1449	473	1446	382	256	356	450	483	344	511	719	385	581	537	391
Rv0971c	542	358	511	1006	483	212	366	868	190	439	176	404	70	68	84	102	144	98	93	170	87	175	158	94
Rv0972c	900	596	900	1234	614	324	819	1229	424	626	324	526	644	443	759	377	456	324	842	1265	742	557	433	398
Rv0973c	935	551	842	1462	769	325	791	1478	414	719	301	592	302	291	356	399	455	386	363	739	439	461	590	458
Rv0974c	442	305	504	806	441	209	394	868	179	447	170	407	210	146	241	246	290	237	297	417	246	400	347	230
Rv0975c	255	159	215	439	246	106	238	489	105	201	86	228	66	84	136	141	200	114	96	260	123	174	231	119
Rv0976c	468	323	531	1015	538	236	422	997	227	479	170	426	168	203	212	390	671	588	178	525	281	563	764	619
Rv0977	1014	629	789	1537	848	262	824	1456	422	743	265	555	227	174	256	221	266	164	242	448	238	314	329	209
Rv0978c	79	48	55	122	71	24	46	87	32	49	40	32	11	4	6	5	8	6	3	8	7	19	5	8
Rv0979A	54	27	22	42	28	4	14	27	22	23	10	7	1	0	5	10	7	4	3	4	6	1	1	4
Rv0979c	13	12	23	38	25	3	12	32	8	19	5	11	5	0	2	6	5	7	2	6	8	10	19	10
Rv0980c	627	341	502	882	484	153	461	707	284	465	191	413	198	108	180	184	184	122	271	360	231	314	199	156
Rv0981	2417	1431	2019	6407	3077	1274	2107	6353	1011	3120	783	3012	801	661	992	1970	2548	1913	966	1819	969	2840	2615	1943
Rv0982	4653	2718	3957	20572	9515	3697	3595	17765	1893	9063	1538	9098	1605	930	1556	2822	2711	2478	1975	2659	1548	4299	3214	2544
Rv0983	7595	4676	6841	27971	13664	6077	6509	28865	3440	14301	2575	12742	2806	3181	5080	7902	12764	15019	3309	8366	4706	10947	13916	15420
Rv0984	1188	562	864	3064	1661	511	597	1809	309	1120	302	1543	94	24	42	94	57	34	113	84	58	148	73	31
Rv0985c	821	494	668	1639	816	347	635	1405	323	817	236	827	214	111	186	220	192	197	240	272	215	275	219	189
Rv0986	326	209	272	728	396	180	295	801	137	419	116	349	305	142	232	183	241	186	319	279	217	264	217	178
Rv0987	1075	687	789	2373	1072	488	971	2403	488	1135	350	1039	802	308	595	467	513	507	876	772	563	597	487	429
Rv0988	538	319	427	642	324	98	330	510	227	297	155	244	191	64	128	124	103	65	219	118	119	191	100	79
Rv0989c	411	250	355	575	287	110	366	538	175	288	143	238	103	57	139	79	111	106	132	201	113	121	96	122
Rv0990c	247	160	194	301	163	53	175	289	98	139	72	111	35	13	27	20	39	35	40	70	37	51	37	29
Rv0991c	742	468	666	568	314	127	612	612	325	335	237	217	182	106	206	156	174	168	192	303	184	150	160	145
Rv0992c	207	111	130	306	142	48	142	252	75	148	58	119	41	38	35	40	57	60	53	82	56	86	78	83
Rv0993	892	559	613	1526	861	264	654	1440	318	824	237	586	284	150	206	394	335	216	357	424	211	529	375	257
Rv0994	1574	981	1201	2598	1449	460	1024	2110	666	1274	440	997	454	195	330	510	452	344	553	597	317	696	473	367
Rv0995	354	199	273	565	306	122	262	536	146	294	100	234	118	78	108	124	138	143	133	226	109	201	154	133
Rv0996	3405	2013	3451	5066	2852	1171	2704	4967	1437	2505	1132	2224	642	653	854	1189	1630	1367	807	1750	782	1689	1806	1358
Rv0997	911	534	856	2791	1400	593	676	2619	318	1278	280	1429	310	223	326	581	561	472	362	677	306	807	687	498
Rv0997a	836	424	814	2202	914	348	515	1319	280	726	249	989	177	61	72	134	109	78	217	126	82	241	106	96
Rv0998	1075	643	861	2254	1187	479	810	2071	408	1058	296	1137	148	100	166	261	308	224	179	326	152	359	373	262
Rv0999	506	291	369	898	497	190	350	694	196	443	133	371	109	70	118	133	170	98	153	208	131	222	166	90
Rv1000c	462	292	334	845	444	121	396	769	184	358	123	362	47	28	39	91	79	57	62	87	39	112	80	63
Rv1001	487	288	329	968	455	138	384	888	228	450	129	358	256	231	303	354	530	385	294	618	242	480	541	412
Rv1002c	587	324	370	672	380	122	409	554	227	326	147	264	74	83	97	127	122	75	106	181	113	151	95	90
Rv1003	125	56	78	203	118	33	97	190	47	119	34	73	24	29	20	43	47	36	38	52	24	44	57	32
Rv1004c	710	393	514	1247	632	212	530	1155	250	667	163	461	51	49	74	110	141	80	87	202	118	223	258	141
Rv1005c	1128	728	944	2258	1200	519	1017	2342	489	1243	334	1044	151	150	202	241	301	246	162	446	222	324	389	254
Rv1006	6013	3725	4348	8416	4547	1518	5130	9037	2653	4601	1729	3258	1179	1039	1471	1805	2397	1781	1393	2675	1509	2400	2606	1955
Rv1007c	585	413	469	962	577	181	502	1045	277	572	212	387	434	381	589	576	718	609	482	1055	548	812	768	688
Rv1008	135	93	116	183	78	26	102	154	52	84	39	75	19	15	26	13	32	19	54	67	30	26	26	24
Rv1009	2034	1278	1500	3688	2067	662	2095	4333	1018	2092	649	1421	932	844	1225	766	1074	730	1193	2256	1277	1096	1275	759
Rv1010	908	609	607	1549	861	263	723	1578	418	814	259	547	363	273	356	287	388	278	394	728	384	375	355	253
Rv1011	259	159	191	364	190	67	154	295	94	176	59	165	72	33	63	48	46	31	76	105	49	56	43	30
Rv1012	108	45	57	151	73	29	42	109	30	71	22	50	15	14	10	19	14	5	28	23	14	23	11	3
Rv1013	3524	2201	3226	4368	2499	909	2988	4516	1553	2351	1247	1736	345	401	490	412	626	441	442	943	531	565	674	463
Rv1014c	120	106	114	144	65	28	89	113	60	74	47	60	21	11	15	14	29	18	20	46	18	34	22	17
Rv1015c	2456	1507	1877	2418	1339	508	2089	2361	1056	1426	735	998	384	381	440	468	564	401	509	964	460	655	658	395
Rv1016c	681	464	512	1038	532	185	626	1147	307	518	197	423	363	239	358	288	347	325	424	696	373	379	489	389
Rv1017c	2815	1841	2215	4145	2526	831	2868	5150	1403	2626	931	1558	2391	1927	2894	2297	3019	2725	2871	5147	3053	3355	3497	2950
Rv1018c	1768	1163	1358	3138	1730	595	1511	3040	780	1666	484	1235	601	830	1192	1088	1774	1494	873	2385	1178	1543	2013	1642
Rv1019	1169	697	958	2570	1404	493	927	2436	556	1478	387	1155	165	112	167	214	211	146	232	380	175	308	247	162
Rv1020	1738	1121	1460	3598	2101	688	1397	3539	752	1969	531	1573	312	331	488	688	902	708	448	1024	500	1118	1066	884
Rv1021	365	213	310	631	337	111	324	574	171	389	113	271	183	148	203	245	280	224	255	356	196	349	306	256
Rv1022	325	191	237	437	233	60	211	391	100	238	79	188	47	24	37	90	85	42	71	74	61	128	96	45
Rv1023	712	500	579	1133	542	212	530	1000	338	522	239	480	267	173	304	392	520	301	307	494	253	569	561	310
Rv1024	320	243	282	415	241	104	206	419	131	263	96	161	99	90	107	209	273	130	137	181	120	321	312	151
Rv1025	182	105	121	239	124	36	86	145	43	92	69	78	30	17	20	42	29	30	52	61	28	58	29	41
Rv1026	342	222	336	437	220	61	303	434	135	230	121	213	101	56	73	90	94	75	93	157	63	163	122	93
Rv1027c	180	116	108	219	107	48	124	235	73	112	75	90	63	32	69	61	68	66	98	102	62	73	74	77
Rv1028A	15	7	14	23	16	2	15	8	9	15	4	14	6	2	3	8	2	9	3	3	4	3	0	4
Rv1028c	642	354	467	919	540	220	381	786	235	538	172	385	100	65	102	186	163	116	127	179	108	256	168	130
Rv1029	417	207	281	425	258	84	275	437	138	233	108	229	79	65	94	160	104	84	86	169	101	145	142	98
Rv1030	323	176	233	364	231	88	217	334	116	172	81	167	54	42	46	55	95	78	81	103	73	101	84	71
Rv1031	55	34	43	53	25	14	23	48	18	25	14	20	3	2	7	3	2	0	5	12	3	7	5	0
Rv1032c	458	271	338	649	384	119	395	681	205	335	123	279	218	189	317	334	387	322	273	512	307	435	423	349
Rv1033c	297	173	233	384	263	75	217	385	127	239	101	139	201	95	179	174	172	138	212	312	176	259	188	142
Rv1037c	16	3	5	10	4	4	11	5	6	3	6	10	2	3	5	5	1	2	6	3	6	1	1	2
Rv1038c	3427	2233	2831	3296	2085	711	1936	2708	1582	2060	1091	1133	1231	364	689	434	298	197	1398	992	639	645	302	185
Rv1039c	278	148	255	336	161	72	159	272	95	169	93	160	31	6	15	18	33	14	40	32	24	28	31	18
Rv1040c	148	79	199	220	151	69	123	220	62	98	71	152	8	7	4	10	19	18	12	27	5	31	17	24
Rv1041c	61	41	42	109	50	16	97	108	23	42	31	47	7	7	14	13	13	19	5	15	17	22	20	22
Rv1042c	277	166	252	337	163	63	173	252	117	192	79	124	57	10	25	17	14	11	64	33	24	32	17	11
Rv1043c	1371	808	1105	2546	1160	531	925	2184	494	1190	392	1120	339	223	365	379	414	389	368	605	363	661	439	379
Rv1044	99	64	84	180	92	50	52	176	49	92	26	109	16	6	34	26	48	24	18	34	24	54	52	21
Rv1045	1025	611	889	1923	882	433	842	1833	409	930	335	1014	219	158	229	314	376	316	267	397	203	462	437	338
Rv1047	28	23	25	42	27	13	34	48	16	28	17	26	12	9	8	8	12	4	11	26	3	13	11	13
Rv1048c	211	125	129	223	124	33	127	187	73	130	65	97	50	17	33	40	36	19	60	58	42	49	36	37
Rv1049	85	49	55	85	42	12	47	57	36	32	11	30	21	5	29	13	9	6	21	28	13	13	4	13
Rv1050	41	33	34	39	14	7	28	51	13	23	14	25	3	8	7	7	8	10	9	9	7	8	5	7
Rv1051c	24	16	36	46	13	5	15	31	11	19	14	11	3	1	2	3	10	1	7	5	3	11	5	0
Rv1052	228	112	145	371	194	74	137	329	67	174	56	206	48	20	42	71	77	55	65	48	31	88	86	74
Rv1056	541	354	414	865	430	159	455	746	220	468	170	321	122	81	121	136	163	101	146	271	139	275	176	119
Rv1057	788	261	631	3348	709	324	683	3315	218	662	245	734	25	14	35	414	561	501	41	67	26	696	609	595
Rv1058	257	137	198	754	243	81	183	813	75	240	63	170	93	39	93	175	198	81	144	116	75	237	148	114
Rv1059	307	174	265	433	245	77	226	409	110	187	88	177	141	88	112	151	156	155	192	199	101	235	164	117
Rv1060	593	266	359	563	325	70	290	343	171	183	123	237	26	8	21	16	6	6	35	33	12	35	13	14
Rv1061	486	281	406	761	470	166	399	820	222	484	128	287	239	189	447	374	457	427	308	515	351	560	478	427
Rv1062	285	176	200	560	264	75	255	547	105	297	95	234	77	61	94	112	186	144	81	156	91	179	194	150
Rv1063c	488	295	382	980	491	159	410	912	192	481	138	432	107	93	124	183	263	193	118	290	103	246	290	198
Rv1064c	140	90	101	150	115	36	134	214	36	95	38	83	46	28	50	38	69	57	51	103	48	80	66	46
Rv1065	927	581	652	1677	839	296	603	1495	363	821	254	590	465	439	683	601	732	589	590	1215	632	911	802	701
Rv1066	82	67	69	143	56	25	70	91	31	74	14	57	7	9	7	24	15	11	24	32	16	36	14	14
Rv1067c	29	62	23	97	53	2	27	21	10	36	21	32	3	2	0	1	0	1	5	0	2	3	2	1
Rv1068c	135	72	82	191	117	37	74	145	54	106	31	75	39	15	41	55	36	35	41	53	21	67	39	35
Rv1069c	632	427	488	972	556	173	571	1118	312	574	197	340	375	394	481	563	729	674	453	915	501	847	925	796
Rv1070c	251	165	198	358	210	71	188	316	85	203	76	148	274	132	234	339	275	250	317	385	234	441	290	233
Rv1071c	288	171	219	412	226	82	222	423	132	243	89	188	107	106	122	229	243	148	162	300	160	320	286	185
Rv1072	31558	18223	26285	68588	34406	13075	20279	49930	11760	31781	9212	29756	6763	2243	3971	6234	4583	2859	8131	6218	3943	8814	5025	3122
Rv1073	4935	2850	4282	10039	4817	2210	3302	8041	1856	4922	1611	5116	821	415	781	882	770	693	1083	1049	698	1179	867	709
Rv1074c	3295	2012	2621	6045	3530	1199	2898	6266	1551	3697	956	2451	1585	1532	1936	2228	3103	2474	1944	3887	1950	3091	3405	2604
Rv1075c	345	183	280	415	234	70	277	445	145	212	112	165	108	126	126	122	165	160	124	303	150	166	191	169
Rv1076	1479	856	1223	2026	1100	445	1213	1830	595	1011	438	801	470	261	341	425	425	296	487	672	337	597	394	266
Rv1077	1768	1056	1390	2442	1271	452	1119	1973	701	1236	518	921	383	287	363	479	467	394	479	789	395	682	547	436
Rv1078	2713	1909	2141	2767	1541	476	2374	2735	1262	1438	794	962	376	310	398	301	344	258	578	904	476	503	459	344
Rv1079	2106	1211	1483	1706	963	309	1325	1461	782	825	552	618	248	139	236	183	153	130	283	415	250	225	153	117
Rv1080c	5056	3087	4687	7268	4132	1681	4096	7364	2364	4082	1859	3874	2782	1122	2317	2104	1757	1293	3351	2983	2077	2853	1892	1279
Rv1081c	404	276	343	567	332	113	428	650	219	351	158	217	79	118	144	152	240	135	125	322	172	198	204	149
Rv1082	873	506	698	1400	842	280	581	1669	257	684	261	673	278	208	358	527	677	571	364	534	313	808	649	575
Rv1083	30	24	30	63	34	12	15	27	15	33	11	17	8	4	9	14	4	6	19	5	7	12	11	6
Rv1084	760	456	608	1543	727	248	656	1389	292	681	268	578	108	125	187	254	333	257	178	425	185	372	422	338
Rv1085c	532	341	430	948	456	170	461	966	196	470	154	317	236	228	311	373	404	350	299	632	291	519	494	394
Rv1086	987	568	774	1837	1014	398	783	1811	393	900	315	758	204	156	219	221	255	190	265	383	231	323	293	232
Rv1087	211	132	162	316	171	68	143	205	45	137	49	149	18	5	24	22	37	29	38	51	16	53	41	43
Rv1088	71	41	52	91	62	18	59	112	32	56	22	36	31	29	49	33	29	26	39	67	30	49	28	34
Rv1088a	51	23	42	57	38	12	42	68	23	30	11	33	16	9	45	19	27	25	16	30	27	28	25	19
Rv1091	451	282	319	805	451	113	242	433	155	319	111	300	58	20	32	52	41	19	47	84	40	93	54	27
Rv1092c	707	472	536	1356	767	236	494	1080	313	784	205	544	244	162	243	310	359	309	335	423	259	512	357	327
Rv1093	2665	1980	2358	5484	3036	1109	2728	6043	1353	3033	920	2153	1630	2469	2707	2855	5358	4680	2029	6781	2860	4065	6027	5186
Rv1094	33487	21527	26505	93150	48802	16959	29070	86282	14463	46576	10521	37968	11646	6935	11539	15665	16943	12655	14798	18287	11368	22624	19176	13838
Rv1095	14074	8581	11101	44122	23104	8258	9174	34081	5739	22176	3996	18065	3487	2485	3630	6619	6865	6170	4504	6758	3832	9831	7882	6834
Rv1096	2382	1417	2127	3522	1938	849	1958	3737	1136	1981	850	1784	535	382	672	525	580	442	676	1034	566	725	610	481
Rv1097c	1015	617	824	1556	897	302	716	1409	482	850	321	593	392	409	540	401	596	546	520	1164	608	663	704	651
Rv1098c	1142	819	1072	2636	1506	509	1122	2638	610	1484	407	963	706	646	1008	985	1250	1180	836	1723	934	1307	1334	1256
Rv1099c	620	357	470	1123	619	178	422	916	224	517	164	419	156	76	172	168	141	111	195	233	163	230	143	126
Rv1100	657	421	560	1202	666	254	578	1220	264	673	221	559	294	308	424	345	616	540	338	904	466	602	734	590
Rv1101c	489	295	414	795	403	200	390	850	192	381	159	398	267	152	350	247	317	328	291	494	314	331	372	354
Rv1102c	260	151	236	377	197	87	197	338	128	209	86	154	197	133	243	243	244	218	271	380	240	342	284	218
Rv1103c	272	169	242	353	195	78	176	328	116	207	65	125	110	91	91	143	84	127	149	220	100	170	100	124
Rv1106c	1087	638	809	1528	839	252	780	1386	459	823	282	608	262	260	427	366	444	409	360	682	422	612	505	436
Rv1107c	14	3	8	9	6	3	5	5	5	5	4	7	0	0	0	1	0	0	3	1	0	0	1	0
Rv1108c	2090	1380	1702	5141	2672	910	2050	5302	936	2578	642	1874	582	739	967	1286	2368	1639	759	2024	994	1960	2659	1901
Rv1109c	2867	1839	2266	5232	3033	962	2251	5043	1270	3013	865	1703	1447	1100	1790	1808	2028	1559	1802	2869	1674	2528	2161	1654
Rv1110	1661	904	1176	2520	1425	424	864	1887	554	1197	389	1073	234	138	252	254	212	169	312	419	259	374	274	198
Rv1111c	1172	763	880	1648	969	326	948	1687	508	948	319	671	639	639	850	950	1402	1055	760	1826	780	1412	1527	1099
Rv1112	89	49	69	129	62	19	40	100	39	78	22	60	8	4	17	8	11	7	19	8	16	22	12	14
Rv1113	2	0	2	4	3	0	0	2	1	1	0	1	0	0	0	3	0	0	0	0	0	0	0	0
Rv1114	105	52	66	106	62	21	51	88	45	68	32	38	27	3	13	14	6	3	32	16	16	11	3	2
Rv1115	240	148	170	232	122	37	214	237	98	105	63	93	40	12	56	34	26	35	78	67	45	50	49	38
Rv1116	244	130	224	157	105	31	197	167	120	97	77	56	49	38	30	25	11	10	88	86	48	34	17	20
Rv1117	1155	546	764	1626	931	256	591	993	428	832	288	664	193	60	107	135	93	46	277	162	108	217	115	64
Rv1118c	429	272	309	621	322	131	324	610	178	288	128	266	147	119	176	149	142	151	163	345	142	193	171	150
Rv1119c	2	2	0	4	3	1	0	0	3	6	0	0	1	0	0	0	0	0	0	0	0	0	1	1
Rv1120c	23	13	20	33	29	10	20	32	9	21	6	17	2	8	8	8	21	6	9	16	12	12	17	8
Rv1121	2154	1294	1600	5110	2750	961	1950	5604	968	2885	670	2182	1262	933	1371	2497	2984	2313	1519	2484	1479	3645	3261	2608
Rv1122	806	545	727	1949	1061	361	750	2037	381	1000	276	847	429	254	450	625	725	569	638	786	489	1042	942	650
Rv1123c	435	279	341	728	428	136	343	692	191	409	144	336	147	113	211	175	228	185	186	311	158	224	274	226
Rv1124	371	213	301	659	384	124	367	580	128	341	81	256	82	71	96	131	184	102	97	237	84	175	191	121
Rv1125	284	148	226	484	250	80	224	400	106	252	99	179	58	44	50	107	102	138	62	132	64	149	104	163
Rv1126c	376	251	284	859	415	167	281	721	176	380	115	315	110	106	192	245	317	327	161	337	220	358	345	396
Rv1127c	1357	931	1145	3303	1907	715	1202	3403	603	1776	496	1363	399	388	525	997	1164	1030	538	978	581	1336	1270	1106
Rv1128c	494	287	392	1106	644	240	331	1038	172	614	156	441	128	78	169	420	473	400	150	247	134	643	469	392
Rv1129c	1486	980	1486	4436	2541	920	1405	5068	649	2533	558	1667	221	243	302	513	748	754	288	626	314	717	844	848
Rv1130	7001	4082	7253	11460	6587	2553	4696	10707	2578	5973	2428	4730	364	293	500	990	1036	847	436	824	457	1414	1175	974
Rv1131	3292	1934	3254	5193	2950	1189	2447	5300	1228	2892	1189	2153	335	277	397	540	796	558	388	742	405	771	860	661
Rv1132	2340	1434	2379	3702	1970	768	1900	3800	1009	1840	851	1576	1280	865	1529	1039	1225	973	1637	2248	1369	1352	1244	996
Rv1133c	15132	10916	15400	24892	15111	5149	15745	28165	7871	14075	5853	10277	7965	10511	12819	7923	13140	11331	10583	30856	13397	11966	16046	12942
Rv1134	32	24	24	64	35	9	47	73	18	44	6	27	6	6	6	9	14	12	10	21	4	16	11	8
Rv1135c	375	300	304	567	329	112	354	593	183	334	137	226	123	68	122	147	178	151	136	190	135	232	233	183
Rv1138a	123	107	148	343	187	79	115	351	65	191	56	197	15	17	10	18	28	20	16	44	16	32	17	15
Rv1138c	500	327	466	1116	636	251	427	993	235	601	166	679	26	34	41	60	62	65	56	85	57	105	77	59
Rv1139c	394	241	417	816	500	164	311	612	171	368	142	513	32	20	20	25	26	6	37	36	25	35	28	18
Rv1140	1134	740	993	1882	1082	403	899	1845	436	1141	341	707	503	301	476	759	663	538	624	786	531	1093	720	691
Rv1141c	525	375	519	732	403	133	466	698	227	397	160	284	94	99	117	159	235	169	143	261	118	261	260	185
Rv1142c	842	569	674	1830	924	362	579	1311	400	885	237	786	223	153	231	248	284	209	321	424	255	463	334	257
Rv1143	666	332	452	1044	547	175	461	892	241	555	194	377	160	140	169	248	298	207	176	351	185	288	277	216
Rv1144	1948	1242	1446	3009	1779	569	1856	3322	889	1753	582	1318	1031	748	1119	917	1046	781	1331	2063	1274	1305	1211	871
Rv1145	993	548	960	2067	1092	575	817	2010	393	1075	356	1345	64	39	70	90	70	63	92	104	69	119	91	58
Rv1146	808	455	645	1573	823	371	604	1379	299	805	226	875	110	79	109	141	171	107	133	199	137	203	180	127
Rv1147	909	527	773	1907	990	430	851	1965	398	855	324	972	198	159	198	169	234	185	203	408	222	249	212	180
Rv1148c	2204	1370	1668	3085	1793	649	1871	3232	947	1880	584	1307	535	280	813	839	956	1376	565	880	596	1180	1130	1505
Rv1149	7	2	5	10	4	3	7	8	2	2	1	0	2	0	7	1	1	0	1	0	1	0	3	1
Rv1151c	173	90	154	295	117	56	130	220	55	133	49	95	119	45	86	108	79	55	102	91	68	161	127	78
Rv1152	54	45	41	101	43	19	46	54	25	40	16	20	18	8	9	16	11	29	18	20	17	24	8	24
Rv1153c	253	188	208	413	229	65	169	355	87	242	65	115	114	104	171	160	144	156	147	263	164	279	174	154
Rv1154c	144	77	100	210	121	44	84	185	53	93	29	85	41	19	37	56	59	46	66	76	49	70	43	44
Rv1155	515	360	430	1096	619	221	441	1095	223	660	151	391	264	265	445	344	477	482	321	703	395	550	508	454
Rv1155a	49	24	18	54	25	11	13	28	6	16	7	32	4	2	0	4	0	0	0	4	2	4	2	2
Rv1156	2818	1793	2253	5219	2904	981	2255	4609	1196	2740	833	2228	1257	496	929	1073	753	562	1661	1280	884	1511	803	560
Rv1157c	1714	1127	1683	2220	1282	522	1124	1902	645	1086	668	927	698	369	742	588	568	426	892	1127	727	783	621	474
Rv1158c	3837	2589	4246	4984	2927	1276	3129	4880	1750	2741	1445	1753	3100	3512	4024	2865	3056	3540	4214	10522	4544	4559	4081	4016
Rv1159	964	620	786	1668	892	393	790	1559	397	883	319	624	383	294	493	438	442	460	565	809	542	699	573	560
Rv1159A	338	202	318	597	309	117	187	302	121	309	88	169	47	12	29	24	15	11	60	28	22	44	18	13
Rv1160	166	107	127	187	112	33	130	191	65	101	47	92	34	30	37	82	61	76	55	138	63	72	61	60
Rv1161	11993	7158	10231	24034	12531	4803	8956	22338	4553	11443	3791	10658	1551	1013	1588	2720	3011	2623	1965	2693	1660	3931	3496	2619
Rv1162	3336	2003	2923	6743	3441	1345	2579	6076	1396	3067	1031	2922	436	312	489	765	804	592	546	794	517	1013	858	699
Rv1163	839	590	686	1975	930	389	731	1885	339	899	272	729	87	100	164	308	484	356	94	331	162	496	572	390
Rv1164	884	552	762	1727	877	384	771	1769	309	850	255	715	164	108	201	235	273	227	218	321	172	318	300	249
Rv1165	1075	662	832	2334	1173	451	777	1834	431	1123	318	925	227	169	255	293	346	328	271	497	242	427	369	349
Rv1166	1670	1039	1276	2994	1591	621	1203	2794	674	1504	456	1197	282	301	385	461	542	516	377	744	404	635	588	534
Rv1167c	559	369	425	861	411	154	473	824	257	443	142	390	165	171	237	265	273	195	278	564	247	378	322	237
Rv1168c	416	196	277	484	257	86	240	303	142	259	105	173	65	42	88	117	145	118	106	173	105	171	143	120
Rv1169c	98	60	67	127	76	27	78	95	41	60	24	45	46	27	54	61	60	18	58	55	42	70	57	17
Rv1170	527	377	403	804	416	172	477	830	242	456	165	346	247	267	354	333	423	277	274	624	306	428	479	310
Rv1171	1152	697	841	1365	796	273	827	1194	447	715	341	562	555	218	420	355	338	301	624	581	367	480	346	270
Rv1172c	5161	3601	4558	6408	3663	1255	5112	7466	2152	3429	1771	2744	1820	1384	2126	1841	2632	1698	2396	3799	2165	2592	3056	1890
Rv1173	5898	3743	4918	11403	6230	2173	4975	11628	2508	6256	1864	4631	2977	3800	5195	4272	6483	5551	3791	10662	5403	6236	7771	6422
Rv1174c	11074	6866	8902	18004	9567	3531	8828	17868	4795	9799	3514	7355	4567	3639	5888	5271	5722	4572	5353	9395	5576	7277	6206	4885
Rv1175c	1458	815	1135	2006	1139	406	1177	1931	652	1062	401	848	694	576	819	876	1102	945	813	1688	843	1231	1327	981
Rv1176c	157	82	99	190	88	25	98	164	65	89	43	55	72	41	78	97	118	70	89	127	72	118	94	75
Rv1177	2607	1581	1796	6143	3294	1041	1602	4072	1060	3217	691	2309	761	220	436	671	440	202	944	520	380	903	378	231
Rv1178	2547	1528	1908	8474	4582	1518	2396	9159	1074	4028	766	3489	1043	1185	1364	2409	3895	2985	1265	3201	1499	3363	4521	3271
Rv1179c	1749	965	1310	5476	2943	991	1054	4205	604	2472	460	2476	417	317	418	862	959	623	529	776	387	1247	972	685
Rv1180	485	302	667	1079	623	266	399	1048	252	609	267	593	76	35	80	94	120	91	91	105	81	108	122	95
Rv1181	3999	2252	5243	4496	2252	1117	3488	4547	1665	2115	2123	2480	353	251	356	369	373	266	446	638	388	480	417	300
Rv1182	2757	1733	3925	1436	691	375	2511	1544	1309	713	1666	694	654	484	770	266	334	289	800	1125	736	406	314	295
Rv1183	3659	2282	4560	2484	1142	678	3219	2470	1548	1083	1777	1594	788	556	953	339	513	447	905	1568	958	431	512	442
Rv1184c	600	359	753	1394	655	353	421	1267	266	656	282	773	308	158	319	328	377	293	380	420	285	459	347	331
Rv1185c	1147	733	1385	1826	964	531	916	2044	450	942	555	1030	1734	1074	2176	1889	2274	2069	2187	2698	2015	2771	2350	2174
Rv1186c	189	117	144	211	122	58	134	215	51	114	42	135	31	14	54	48	67	51	43	37	47	74	63	71
Rv1187	1252	681	1235	1241	699	272	913	1209	461	664	395	471	75	72	93	179	224	210	91	220	105	258	261	216
Rv1188	494	283	498	561	251	87	287	381	150	194	153	197	21	8	12	65	33	32	34	31	12	103	63	26
Rv1189	301	151	249	394	167	57	229	366	86	157	95	188	41	32	59	61	129	105	44	97	38	103	143	111
Rv1190	226	156	248	327	157	80	198	315	91	149	77	120	42	37	46	68	80	82	41	91	48	81	117	81
Rv1191	251	202	236	452	271	85	247	437	109	211	97	216	95	81	118	97	116	91	133	224	114	148	190	111
Rv1192	1019	665	794	1763	1041	307	852	1683	528	997	311	631	538	316	550	509	616	438	750	989	576	817	775	513
Rv1193	844	549	653	1395	810	246	809	1527	376	752	244	564	214	262	330	259	505	424	269	729	365	439	575	442
Rv1194c	1939	1231	1616	2365	1229	483	1604	2415	860	1261	611	1063	961	734	1316	1015	1228	1443	1085	1763	1213	1182	1301	1459
Rv1195	222	124	182	302	133	36	144	197	66	123	63	106	325	67	183	293	129	123	378	307	190	396	173	109
Rv1196	5097	3103	4965	6902	3889	1556	4530	7710	2296	3367	2041	3362	2221	1246	2279	2122	1910	1292	2804	3651	2257	3266	2238	1560
Rv1197	1057	668	928	1399	801	296	862	1373	443	687	372	633	1767	661	988	1001	737	451	2146	1629	1100	1490	784	489
Rv1198	74	30	44	90	49	22	23	33	11	28	28	53	44	4	14	25	8	3	48	8	23	39	12	3
Rv1199c	242	120	183	270	133	49	230	339	113	146	79	121	130	75	179	139	192	140	170	239	172	186	201	157
Rv1200	1742	1031	1603	3162	1541	692	1594	3260	775	1601	581	1641	735	430	720	752	836	768	789	1000	635	925	834	704
Rv1201c	1305	904	947	2064	1235	352	1228	2324	619	1149	399	717	382	417	562	700	1049	954	479	1279	673	1049	1203	999
Rv1202	895	501	649	1359	756	250	688	1298	356	706	232	543	204	140	220	272	248	246	222	375	214	321	294	224
Rv1203c	56	36	35	66	32	11	37	60	20	36	14	25	8	4	4	1	2	5	2	17	6	2	15	13
Rv1204c	343	159	207	414	198	75	205	395	129	214	88	172	40	54	67	62	110	123	57	175	73	135	157	117
Rv1205	202	122	144	289	175	55	115	224	64	108	42	124	44	10	19	56	27	25	68	31	26	73	30	29
Rv1206	1512	1028	1226	3084	1846	516	1352	3314	662	1753	443	1181	511	444	694	946	1330	1061	642	1216	692	1388	1477	1220
Rv1207	539	289	364	767	434	144	343	651	246	454	123	246	165	169	231	216	245	281	214	364	189	270	249	257
Rv1208	445	264	333	713	399	104	303	622	173	317	109	271	104	67	91	123	146	116	138	202	125	228	175	114
Rv1209	704	468	561	1647	933	305	842	2111	380	949	236	660	155	114	219	289	276	186	194	334	210	348	328	219
Rv1210	1124	673	768	2304	1358	404	918	2102	469	1171	288	1007	172	62	106	159	133	51	246	163	113	284	142	72
Rv1211	726	402	537	1039	636	209	345	649	260	542	201	371	132	53	81	99	54	27	165	115	75	136	65	50
Rv1212c	1543	936	1266	1912	1088	475	1347	2037	586	1072	425	838	379	432	599	490	648	584	498	1141	591	758	669	655
Rv1213	870	526	633	1578	894	286	692	1578	398	881	253	626	326	268	409	478	651	469	394	669	398	721	696	539
Rv1214c	216	158	210	353	205	76	223	360	98	238	108	141	189	259	371	365	560	566	183	682	309	410	584	631
Rv1215c	1106	627	841	1560	834	303	647	1223	366	719	267	582	234	181	254	362	491	345	286	519	257	609	522	420
Rv1216c	653	359	554	918	500	209	452	786	207	486	208	354	282	161	232	234	264	265	318	438	271	324	295	275
Rv1217c	415	253	465	707	366	181	325	645	169	347	157	377	95	106	124	204	296	209	110	251	122	260	353	227
Rv1218c	308	157	331	562	270	127	230	575	98	263	104	255	134	111	165	336	368	304	199	303	168	429	381	371
Rv1219c	332	221	323	364	260	127	236	330	132	202	125	170	113	45	86	117	91	87	158	124	75	156	117	85
Rv1220c	321	201	229	649	364	123	229	560	140	354	106	250	188	152	216	331	313	293	242	391	249	522	381	377
Rv1221	6275	3669	6068	11670	5494	2706	4961	12005	2608	5910	2253	5394	2871	2617	4384	4553	5770	6723	3298	6718	4112	6084	6196	6958
Rv1222	2552	1488	2002	5139	2715	1043	2300	5679	1076	2552	714	2265	1120	1265	1735	2331	2839	2562	1534	3727	1825	3520	3410	2927
Rv1223	3916	2244	3083	7828	4130	1502	3046	7761	1449	3734	1202	3825	1189	1140	1671	2147	3079	2904	1521	2872	1647	2963	3161	3018
Rv1224	315	136	224	499	294	88	109	225	58	136	74	235	20	11	15	16	10	7	19	15	7	37	11	9
Rv1225c	1276	817	1173	2912	1488	613	1196	3146	538	1436	440	1200	441	661	840	1002	1739	1681	594	1815	926	1371	1958	1905
Rv1226c	421	277	364	1047	607	188	352	1076	171	501	121	423	75	70	94	157	213	151	111	207	95	193	278	207
Rv1227c	285	147	180	651	347	101	207	566	89	274	57	203	66	46	53	108	118	77	47	122	87	150	121	107
Rv1228	945	545	689	1224	667	205	537	971	342	634	228	439	116	59	100	118	111	75	149	169	100	146	115	89
Rv1228a	54	27	23	50	28	7	16	23	14	25	6	14	1	0	0	2	1	0	3	1	1	1	0	0
Rv1229c	2355	1461	1831	4880	2630	898	1722	4234	1081	2407	701	1821	520	412	584	768	749	548	650	1018	632	1114	815	617
Rv1230c	2258	1338	1702	2128	1210	384	1793	2201	909	1134	643	825	472	524	698	574	789	643	559	1368	638	826	889	623
Rv1231c	351	201	269	505	302	90	251	501	160	309	107	168	221	166	252	291	453	433	234	357	251	417	432	467
Rv1232c	924	467	607	1619	922	271	800	1624	396	916	216	625	318	290	428	623	656	578	420	730	426	783	814	644
Rv1233c	933	617	692	1632	921	282	856	1760	449	924	271	674	1156	876	1401	1192	1450	1201	1456	2270	1461	1790	1572	1189
Rv1234	305	188	235	436	240	58	150	259	98	198	73	155	75	32	56	62	54	24	94	81	46	89	41	37
Rv1235	583	318	449	974	523	160	374	760	227	430	143	404	112	90	122	162	205	149	141	227	106	272	204	148
Rv1236	395	264	375	665	357	121	371	717	205	387	142	252	166	139	153	202	234	186	208	274	134	229	239	214
Rv1237	258	145	181	274	161	44	132	216	80	143	67	102	53	18	28	43	48	23	38	50	26	53	47	28
Rv1238	846	539	752	939	493	182	612	818	381	471	291	345	281	153	286	324	315	301	405	441	299	386	334	305
Rv1239c	626	372	474	565	327	99	504	596	226	287	160	182	107	55	81	76	103	60	107	149	80	115	114	79
Rv1240	749	450	490	1044	613	147	579	957	363	589	200	387	322	257	344	319	427	235	414	684	366	540	520	312
Rv1241	16	1	7	24	5	5	7	7	6	12	2	5	5	1	3	0	1	1	2	4	0	5	3	0
Rv1242	127	84	113	152	79	28	123	188	61	106	46	54	152	309	376	216	498	565	189	817	369	314	525	652
Rv1243c	129	84	101	212	113	29	72	118	41	110	32	67	17	9	8	14	7	10	24	30	9	16	14	9
Rv1244	801	504	599	1153	604	197	682	1151	369	644	187	413	280	310	372	404	475	348	327	754	377	567	530	371
Rv1245c	1469	832	1033	2568	1394	444	1053	2364	651	1406	415	969	564	374	585	966	1084	871	661	974	602	1256	1174	929
Rv1246c	213	114	188	217	96	32	147	151	110	132	80	92	58	27	64	61	33	44	69	86	58	71	44	34
Rv1247c	222	120	177	184	99	44	130	186	70	110	62	86	82	64	96	74	49	69	97	117	102	103	44	71
Rv1248c	10973	7387	9755	15682	8710	3210	10736	18056	5105	9085	3820	5944	5590	5853	8666	8121	12523	12297	7223	15498	8356	11214	13604	13044
Rv1249c	1296	798	1025	2096	1144	356	1051	1892	617	1092	409	856	327	225	276	357	406	318	426	627	316	485	519	394
Rv1250	603	330	489	760	422	123	460	735	265	377	174	304	137	66	116	122	118	110	165	199	102	184	124	143
Rv1251c	721	491	759	938	552	226	605	950	320	469	262	349	146	169	207	286	384	331	207	465	241	404	472	325
Rv1252c	411	308	446	546	351	147	373	606	207	350	133	209	270	326	402	425	628	591	310	909	352	656	658	685
Rv1253	402	200	357	645	350	125	241	474	121	299	98	269	94	50	68	127	115	105	98	125	81	144	136	97
Rv1254	495	294	437	865	451	176	402	803	194	450	143	346	252	183	303	237	300	249	255	499	288	391	327	263
Rv1255c	277	147	223	372	213	82	227	461	96	246	73	157	67	118	135	133	239	216	107	310	146	222	277	276
Rv1256c	495	338	388	790	382	198	484	914	206	406	159	353	139	177	233	215	378	325	189	503	243	358	444	377
Rv1257c	1482	1020	1283	2739	1539	542	1345	2900	676	1551	524	1187	571	582	685	917	1043	822	634	1418	766	1152	1176	997
Rv1258c	126	82	124	205	107	36	113	184	67	119	50	85	48	76	64	61	97	94	52	137	92	128	124	107
Rv1259	40	43	51	88	48	22	60	100	21	42	15	28	18	14	13	10	17	24	8	50	7	31	38	23
Rv1260	385	244	304	694	363	108	330	585	167	360	119	247	301	142	272	375	318	242	347	316	263	508	348	247
Rv1261c	432	288	405	709	445	181	462	987	211	472	193	336	734	714	1202	979	1415	1322	862	1813	1137	1360	1492	1443
Rv1262c	129	84	111	176	114	36	90	143	78	121	28	87	28	10	41	40	36	12	33	47	40	59	41	22
Rv1263	134	80	111	201	128	37	101	196	48	111	53	79	62	50	57	107	143	119	63	155	53	137	152	139
Rv1264	1672	896	1165	2918	1734	474	1218	2439	549	1395	398	1291	309	204	292	351	478	295	364	548	278	552	571	290
Rv1265	1264	756	1114	1920	1081	354	864	1587	471	996	356	788	205	88	176	172	143	78	232	241	169	262	138	52
Rv1266c	2797	1763	2252	5486	2953	1133	2464	5929	1236	3184	858	2363	1288	1269	1975	2836	3819	3797	1716	3608	1979	4334	4356	4315
Rv1267c	207	138	183	240	144	53	177	227	118	116	62	80	40	58	67	110	130	97	81	134	89	122	131	91
Rv1268c	189	106	163	167	92	39	139	145	72	96	60	70	86	54	118	117	99	146	140	173	125	188	139	153
Rv1269c	155	111	107	156	104	33	104	132	66	103	46	73	72	35	56	83	68	47	78	118	47	140	72	40
Rv1270c	659	386	479	922	534	155	489	927	292	576	187	378	569	564	907	767	1270	1214	662	1532	808	1002	1291	1327
Rv1271c	909	581	730	1667	1008	299	708	1491	386	896	231	636	442	251	530	443	429	384	533	667	431	672	483	380
Rv1272c	1043	649	853	2765	1467	539	852	2789	452	1388	327	1106	513	402	608	979	1100	977	604	1027	616	1195	1166	932
Rv1273c	517	335	374	1079	540	209	454	1105	212	610	130	373	408	471	667	925	1511	1671	477	1246	605	1230	1700	1708
Rv1274	1017	631	783	1447	740	227	695	1015	415	644	262	570	260	100	189	199	189	104	319	352	197	285	189	129
Rv1275	366	196	255	435	273	58	187	297	118	187	88	154	72	37	48	52	47	37	132	82	67	89	30	45
Rv1276c	162	87	141	198	96	40	103	169	71	107	43	63	24	33	29	46	64	28	45	107	39	57	62	43
Rv1277	2239	1409	1581	3944	2289	803	1653	3941	878	2107	507	1348	338	364	459	1049	1682	1532	382	891	434	1499	1916	1500
Rv1278	2758	1762	1996	5435	3157	1043	2302	5627	1119	2862	781	2006	300	284	369	1078	1533	1091	381	795	394	1564	1862	1355
Rv1279	2809	1810	2515	4110	2199	824	2663	4595	1276	2253	986	1466	771	743	1026	1390	2214	1898	1008	2113	1080	1950	2375	1989
Rv1280c	1398	943	1369	1723	895	362	1115	1477	580	877	476	639	777	587	1229	1144	1426	1524	1050	1646	1126	1657	1574	1644
Rv1281c	637	408	536	1162	620	202	493	1145	263	607	193	385	177	187	267	355	523	398	318	514	271	473	661	426
Rv1282c	369	217	254	749	366	133	293	820	158	401	106	264	316	197	226	387	445	330	368	473	260	506	504	348
Rv1283c	464	287	364	854	514	129	338	713	174	435	127	293	168	86	133	263	247	147	195	316	162	312	263	198
Rv1284	266	180	213	251	139	70	222	256	101	173	75	99	107	71	126	103	80	66	144	209	157	149	90	86
Rv1285	170	91	116	177	81	32	88	139	48	69	36	69	19	6	10	45	43	43	12	18	6	58	46	35
Rv1286	714	387	737	963	413	157	604	897	331	479	271	349	207	129	263	642	684	704	228	312	239	991	714	671
Rv1287	134	77	128	230	112	37	124	204	69	106	50	106	43	53	67	107	133	74	71	133	54	167	121	86
Rv1288	233	125	203	256	158	43	159	225	97	157	68	135	66	34	72	106	141	152	88	125	65	150	160	141
Rv1289	398	256	274	674	427	131	381	802	183	411	113	284	387	306	531	515	703	531	487	788	465	706	702	508
Rv1290A	247	125	192	287	192	78	155	269	106	163	65	116	137	91	122	146	135	162	147	242	128	197	168	149
Rv1290c	563	377	414	1003	545	179	475	1090	226	576	165	380	295	304	495	540	803	693	418	821	473	787	814	699
Rv1291c	180	130	181	208	124	61	198	265	103	110	80	104	11	35	43	18	40	10	19	64	26	30	43	24
Rv1292	1085	741	956	2007	1137	404	1002	2153	478	1067	343	816	517	477	843	1264	1896	1548	715	1465	721	1835	2079	1753
Rv1293	1596	994	1289	3023	1553	614	1534	3233	639	1540	514	1139	631	630	875	1219	1664	1420	819	1834	869	1910	1923	1642
Rv1294	1472	957	1268	2743	1510	575	1198	2401	693	1467	539	950	388	324	430	817	915	560	568	873	416	1158	1019	669
Rv1295	1593	1042	1434	2750	1541	559	1420	2899	691	1370	553	1113	489	433	618	762	1148	816	542	1169	589	1108	1210	918
Rv1296	1264	747	1168	1672	828	323	1119	1590	505	801	474	709	497	361	525	426	543	471	580	854	521	591	612	489
Rv1297	62131	41873	51565	94680	52331	18677	55841	97251	29833	49746	20848	40796	26340	17532	29718	26193	31420	24474	32460	47673	28771	37916	35787	27313
Rv1298	6384	4256	5294	11318	6459	2276	4136	8775	2610	6035	1959	4143	2725	717	1631	1828	1192	873	3181	1806	1460	2316	1133	823
Rv1299	4269	2859	3830	10920	5826	2345	4066	11797	1862	5552	1321	4358	1959	2252	3063	3597	5512	4539	2307	5365	2679	4671	5586	4504
Rv1300	2654	1657	2063	7116	3593	1305	1809	6191	982	3266	713	3086	747	378	548	977	864	664	989	1070	627	1572	990	780
Rv1301	1422	933	1256	4298	2213	875	1339	4297	610	2127	457	1870	474	465	525	772	1097	890	605	1235	574	1067	1120	976
Rv1302	1068	649	838	2547	1293	458	852	2405	465	1263	320	900	408	219	392	460	444	419	459	686	385	519	470	456
Rv1303	827	506	574	1390	784	272	532	1250	313	650	240	482	434	211	366	464	438	397	543	566	339	639	503	390
Rv1304	820	513	565	1507	787	271	534	1178	375	828	226	470	385	203	403	366	435	415	527	488	378	552	451	446
Rv1305	867	641	684	1300	712	238	568	891	417	764	277	317	345	229	358	360	259	278	494	671	427	575	292	286
Rv1306	1712	1197	1391	2515	1355	430	1577	2780	845	1452	504	942	1234	717	1214	1146	1250	1104	1454	2000	1180	1633	1373	1050
Rv1307	2661	1735	2094	4111	2230	707	2278	3992	1383	2361	785	1512	1157	831	1315	1123	1354	1276	1472	2397	1319	1803	1632	1397
Rv1308	3062	2111	2551	4186	2197	738	2800	4025	1625	2203	986	1526	1137	819	1269	996	1224	947	1420	2259	1291	1420	1330	987
Rv1309	1957	1202	1656	2102	1156	398	1658	2046	856	1089	694	756	582	320	605	524	485	347	753	902	594	705	540	379
Rv1310	6163	4044	5220	6752	3513	1231	5736	7117	2915	3453	2029	2345	2626	2176	3249	2137	2773	2196	3177	5720	3355	2959	2912	2366
Rv1311	804	427	525	612	279	97	461	473	313	286	170	225	86	17	38	27	41	15	115	69	44	51	34	21
Rv1312	1359	890	1045	1694	834	317	1243	1504	755	891	373	573	281	137	215	240	148	93	433	472	267	329	146	150
Rv1313c	126	59	96	299	117	76	129	351	67	116	47	128	26	47	61	63	118	87	31	130	46	109	147	109
Rv1314c	212	140	143	392	204	94	152	405	90	258	47	152	181	90	167	173	196	128	212	240	146	234	213	137
Rv1315	1011	579	786	1751	947	271	752	1489	416	804	290	682	270	129	232	252	204	185	299	346	235	318	256	202
Rv1316c	2230	1423	1646	8267	4602	1848	1442	6113	884	4426	685	3424	248	102	164	178	140	106	276	294	194	232	180	121
Rv1317c	4938	3377	3447	33277	19283	7827	3657	31595	1926	17829	1275	14200	423	496	640	1318	2045	1729	604	1591	692	2034	2447	1832
Rv1318c	1112	704	899	17229	9937	3977	893	16363	482	9110	312	7794	165	121	184	359	458	342	239	401	187	486	520	394
Rv1319c	916	583	705	7679	4391	1846	812	8887	415	4252	263	3540	464	336	567	705	862	667	565	870	517	1043	998	708
Rv1320c	1540	985	1222	5052	2732	1042	1279	5387	678	2618	475	2163	974	827	1388	1345	1832	1698	1358	2208	1340	1990	1972	1833
Rv1321	990	638	807	1945	1035	368	871	1808	450	999	264	845	329	254	392	404	452	341	373	620	369	504	476	405
Rv1322	729	431	530	1230	550	236	492	847	332	605	204	447	338	234	389	568	466	533	464	791	429	844	616	620
Rv1322A	5561	3536	4359	11671	6543	2227	4629	11629	2573	6491	1645	4752	2913	1838	3026	3048	3188	2463	3518	4623	2933	4180	3431	2514
Rv1323	5137	3078	4067	9012	4965	1732	4081	9029	2114	4469	1583	4003	1288	678	1235	1602	1617	1113	1694	2023	1316	2393	1859	1276
Rv1324	2917	1896	2387	7271	3866	1360	2913	8247	1425	4170	975	3126	1862	1593	2370	3120	4126	3707	2303	4180	2289	4228	4361	3630
Rv1325c	146	97	83	285	175	56	85	240	44	157	32	139	23	11	25	51	75	34	51	68	23	84	71	31
Rv1326c	1491	935	1284	3231	1797	669	1296	3534	663	1729	531	1344	501	423	550	1116	1584	1383	575	1127	580	1611	1595	1382
Rv1327c	3239	1905	2658	6857	3877	1322	2781	7406	1382	3762	1058	2998	1212	1028	1662	2218	3022	2976	1616	2821	1613	3287	3577	3500
Rv1328	1785	1109	1394	2770	1616	487	1543	2992	717	1461	534	1176	642	406	660	739	919	583	847	1157	603	1036	927	600
Rv1329c	596	375	453	1059	583	221	474	1093	229	562	160	436	196	159	230	335	461	443	216	442	236	533	551	476
Rv1330c	304	248	309	809	457	163	296	852	175	443	95	254	131	138	167	287	443	343	138	394	181	417	491	442
Rv1331	619	327	542	1052	557	190	285	471	195	574	138	279	82	15	40	70	26	20	77	48	32	110	42	23
Rv1332	1665	1096	1441	3244	1716	740	1633	3653	700	1696	595	1422	777	787	1002	1235	1920	1767	921	1776	1029	1670	1861	1735
Rv1333	783	501	701	1871	1043	408	754	2142	324	1025	262	825	169	248	250	457	725	713	283	695	353	683	936	782
Rv1334	210	131	161	361	232	58	107	268	95	158	53	131	76	26	49	84	53	82	93	59	62	111	54	74
Rv1335	488	304	395	770	394	167	310	607	191	486	154	254	213	128	206	257	213	236	257	331	179	356	249	234
Rv1336	1079	602	898	1868	1049	370	656	1645	284	832	274	813	187	126	220	344	370	276	276	353	227	482	378	304
Rv1337	1011	583	887	1733	971	329	803	1552	376	899	289	729	453	189	487	484	480	348	530	577	405	727	517	358
Rv1338	912	655	779	1929	1018	375	864	2111	460	954	295	712	234	270	280	481	641	462	306	661	306	567	764	517
Rv1339	1246	824	966	2182	1140	446	1168	2410	567	1278	371	804	722	598	1246	1328	1706	1645	944	1669	1121	1740	1832	1632
Rv1340	1094	603	791	1604	902	298	898	1640	433	818	311	690	298	163	252	266	307	240	333	406	254	400	348	232
Rv1341	560	315	406	1012	494	194	552	1098	264	440	159	378	156	130	156	176	269	278	174	415	173	278	328	307
Rv1342c	137	50	69	142	86	26	55	90	53	76	28	74	11	3	15	7	15	12	12	8	18	16	12	6
Rv1343c	390	171	245	397	253	97	214	402	125	224	94	188	129	83	100	101	114	82	135	208	99	135	126	93
Rv1344	3	3	3	29	11	2	5	12	6	16	2	9	1	0	0	0	1	0	2	1	5	2	0	0
Rv1345	765	502	620	1581	910	264	636	1375	329	856	178	650	177	133	142	237	219	150	215	401	174	351	299	189
Rv1346	522	343	406	911	540	166	399	883	227	456	137	339	175	113	185	196	216	190	209	317	166	304	198	204
Rv1347c	204	128	141	304	193	75	163	354	100	189	61	132	107	115	172	131	143	137	154	278	165	185	168	116
Rv1348	659	422	558	1095	545	187	565	1070	277	498	200	427	174	137	194	170	224	245	263	375	193	285	311	255
Rv1349	435	272	308	626	355	115	374	723	178	335	136	250	71	83	121	117	144	170	102	201	122	166	201	156
Rv1350	40	24	22	71	31	12	20	48	10	32	11	31	25	8	28	25	23	15	35	19	23	40	22	31
Rv1351	62	41	47	63	32	12	20	70	18	37	19	29	14	4	14	26	10	15	16	16	14	28	17	9
Rv1352	822	459	597	1026	573	182	453	765	298	532	206	446	373	118	303	355	255	180	466	337	299	437	280	184
Rv1353c	150	100	145	221	122	49	140	236	75	128	54	108	76	63	73	130	116	75	106	157	65	165	160	83
Rv1354c	470	290	370	720	407	121	425	668	209	419	153	298	243	222	350	270	412	387	347	696	385	391	428	418
Rv1355c	474	302	432	797	458	149	362	732	205	469	142	378	133	90	146	305	420	325	158	285	163	447	423	336
Rv1356c	430	269	454	774	507	166	450	1037	206	414	166	359	358	278	382	529	718	664	512	721	486	792	878	716
Rv1357c	232	153	201	450	249	97	209	410	128	232	74	189	94	43	101	124	188	157	112	122	91	200	178	167
Rv1358	311	234	314	559	348	121	303	612	120	341	147	272	95	62	103	155	178	135	117	235	101	188	174	138
Rv1359	447	266	421	657	440	170	333	751	165	417	135	365	175	185	281	383	539	447	260	465	247	558	535	465
Rv1360	2638	1763	2044	6155	3478	1137	2287	6503	1170	3310	802	2630	1371	785	1188	2538	2796	1811	1843	2384	1360	3748	3033	2019
Rv1361c	1666	1102	1513	3165	1684	711	1547	3379	776	1766	665	1463	765	587	1014	1135	1374	1261	905	1476	869	1624	1507	1259
Rv1362c	870	543	774	992	641	232	743	1236	395	611	270	435	410	439	631	630	894	883	528	1060	549	760	927	921
Rv1363c	951	684	959	1040	660	250	1042	1336	502	753	344	437	401	586	786	846	1557	1587	544	1640	702	1089	1693	1551
Rv1364c	1219	803	1085	2198	1271	416	1075	2389	480	1185	398	874	285	261	356	552	706	592	335	622	329	782	793	596
Rv1365c	414	256	256	492	275	80	351	472	184	262	87	148	126	109	197	132	147	110	153	287	185	170	151	87
Rv1366	164	81	111	228	116	41	148	187	71	105	40	64	91	54	104	88	58	68	133	120	115	118	89	77
Rv1366A	43	41	44	61	46	14	25	49	18	49	15	24	16	5	9	13	3	4	16	21	5	6	8	5
Rv1367c	857	489	667	1176	638	215	636	1008	326	673	239	480	142	89	170	165	183	150	186	278	141	207	201	140
Rv1368	2069	1207	1422	2647	1451	521	1608	2574	943	1608	638	975	919	718	1285	807	1009	963	1150	2234	1253	1125	1177	1021
Rv1371	736	538	661	880	499	161	702	990	362	438	282	341	214	130	226	200	307	295	215	331	223	264	259	281
Rv1372	435	236	352	482	269	83	341	410	149	273	126	218	57	33	77	51	102	67	80	92	82	100	90	87
Rv1373	569	312	474	637	317	120	390	555	229	313	188	250	98	68	124	187	187	181	113	185	137	271	194	206
Rv1374c	54	44	58	80	47	17	53	64	44	38	21	23	21	6	10	7	5	8	21	10	13	12	6	10
Rv1375	1344	800	1275	3082	1565	620	1156	2926	610	1515	461	1476	147	131	186	94	100	127	185	276	179	135	100	120
Rv1376	623	383	537	1302	688	285	457	1102	263	560	178	572	79	31	38	79	80	60	104	103	69	132	127	72
Rv1377c	673	430	528	1339	715	264	536	1322	274	710	178	455	169	172	214	267	283	272	174	483	206	369	321	328
Rv1378c	2938	1852	2085	5129	2828	839	2501	5017	1182	2606	716	1668	137	187	229	383	568	409	189	565	242	517	694	533
Rv1379	223	138	174	300	161	62	149	254	99	115	69	106	20	14	36	56	59	52	44	46	28	91	71	47
Rv1380	370	260	307	614	343	101	321	511	188	315	111	234	64	23	48	168	170	134	82	135	42	228	209	132
Rv1381	773	479	517	1102	600	186	649	1014	304	530	196	332	89	98	141	267	426	266	133	282	142	412	479	337
Rv1382	89	58	57	110	61	21	47	79	27	57	23	44	3	3	7	19	12	7	8	10	3	15	9	18
Rv1383	521	310	419	587	302	119	427	569	185	294	144	202	71	46	57	168	198	135	79	142	69	176	220	130
Rv1384	4508	2731	3441	4244	2094	736	3928	4277	1929	2046	1426	1503	548	422	694	682	1121	768	737	1262	700	998	1115	816
Rv1385	911	563	694	1035	581	184	687	937	389	469	274	381	83	93	102	114	152	111	138	331	141	228	232	147
Rv1386	734	409	593	928	528	180	361	587	233	500	205	372	129	44	86	129	88	56	168	119	88	172	83	30
Rv1387	6976	4561	5912	15235	7347	2837	5941	15010	3162	7220	2276	6231	5272	3562	5959	6678	7550	6744	6434	9332	5653	9277	8086	6858
Rv1388	3868	2054	3092	3437	1794	652	2608	2816	1346	1554	1121	1523	830	236	488	405	210	165	972	624	480	530	294	120
Rv1389	1998	1378	1843	1804	945	364	1758	1659	1064	963	728	730	438	331	527	256	265	156	617	1053	542	375	249	155
Rv1390	4623	3139	4541	7740	4344	1865	3879	7851	2273	4868	1666	3199	3426	2553	4236	3411	4237	4949	4119	6358	3980	4804	4524	4903
Rv1391	6512	4266	5856	15042	7736	3151	6064	16212	2904	7602	2257	6617	1030	1498	1603	2661	4702	3118	1455	4355	1880	4146	5346	3564
Rv1392	8567	5540	7405	20751	10587	4322	7503	20245	4085	11105	3011	9676	2095	1520	2408	3117	3771	2760	2690	4254	2355	4689	4437	3203
Rv1393c	848	490	684	1893	961	372	637	1777	363	1014	249	755	403	275	464	688	754	650	476	820	446	876	816	639
Rv1394c	863	543	686	2271	1188	443	635	2003	367	1142	209	804	430	265	445	603	692	683	595	751	429	811	733	656
Rv1395	160	67	151	521	259	151	96	448	48	283	33	236	46	17	39	105	129	127	48	90	39	157	149	99
Rv1396c	1263	767	1052	5193	2846	1180	819	3910	413	2312	401	2681	342	317	533	1091	1376	1213	485	843	554	1587	1379	1265
Rv1397c	1846	1191	1825	5377	2645	1227	1580	5441	702	2632	742	2417	1373	1075	2032	4336	5466	5691	1748	3026	1994	6199	6149	6110
Rv1398c	5134	2476	3638	12269	5572	1913	2430	6964	1695	5344	1369	4867	768	167	448	1219	622	453	948	488	417	1641	623	467
Rv1399c	161	91	105	264	140	39	143	279	59	118	42	106	57	71	99	177	237	166	62	172	102	193	312	168
Rv1400c	490	297	362	829	457	156	377	750	222	473	154	276	215	222	220	479	490	316	295	544	229	630	585	314
Rv1401	353	235	317	690	418	132	290	712	157	391	84	259	323	199	263	543	555	435	366	505	308	777	596	419
Rv1402	554	342	429	1303	724	261	353	1063	190	693	120	553	100	61	112	238	280	164	116	228	121	391	360	187
Rv1403c	417	267	399	700	372	172	311	724	177	382	141	321	135	89	173	138	190	164	183	206	137	193	168	203
Rv1404	3732	2292	3450	7363	3886	1639	3084	8224	1515	4240	1333	3382	1675	1261	2045	2195	2399	2108	2333	3306	2057	3309	2728	2339
Rv1405c	482	281	440	1280	643	318	337	1147	166	637	183	706	56	39	95	96	120	78	63	130	76	148	131	102
Rv1406	463	308	354	963	618	160	438	1080	224	477	130	398	61	85	102	178	301	215	107	247	117	265	352	255
Rv1407	629	383	479	1221	621	234	570	1268	244	573	184	523	120	133	146	216	295	177	158	362	181	310	369	211
Rv1408	445	250	300	872	456	105	216	518	156	357	99	320	75	32	57	80	65	63	110	74	52	146	91	63
Rv1409	1223	835	960	2771	1408	491	1106	2863	540	1453	414	986	333	465	614	767	1494	1151	514	1441	562	1149	1715	1275
Rv1410c	4578	2834	3528	9541	5091	1658	3869	8860	2034	4585	1322	3564	1449	1041	1380	2055	2401	1671	1777	2807	1412	2897	2650	1740
Rv1411c	1422	816	1153	3011	1693	523	952	2453	642	1692	403	1103	970	656	1217	1390	1548	1470	1325	1814	1168	2043	1637	1599
Rv1412	224	150	185	360	207	60	162	278	68	143	69	151	61	40	40	60	66	47	119	94	44	111	78	30
Rv1413	311	175	230	334	218	85	245	346	148	236	120	160	113	86	126	137	122	123	147	285	145	198	160	153
Rv1414	74	32	50	55	19	12	34	60	31	34	18	32	9	14	5	12	8	3	14	10	4	10	7	4
Rv1415	1842	956	1337	3537	1843	600	1033	2725	610	1706	419	1434	344	159	260	530	531	409	485	485	327	799	625	457
Rv1416	1051	627	980	2283	1217	407	854	2169	419	1205	303	868	473	249	380	612	560	331	569	678	395	909	596	387
Rv1417	265	136	158	437	261	79	109	357	54	211	54	201	37	9	26	63	22	7	42	23	22	87	24	10
Rv1418	871	531	653	1528	780	301	691	1544	376	854	237	660	359	314	477	605	806	583	466	936	487	806	883	670
Rv1419	519	279	368	628	353	116	283	542	149	326	119	251	110	30	64	81	49	26	139	88	56	159	63	43
Rv1420	1213	706	973	2591	1299	441	1063	2501	487	1263	391	1014	357	296	373	605	719	473	485	767	422	860	853	574
Rv1421	408	232	323	665	343	108	243	503	144	343	121	254	75	39	83	87	104	64	65	96	81	137	138	85
Rv1422	1062	602	777	1832	963	300	642	1324	437	929	286	686	118	91	160	206	190	118	190	276	136	289	236	162
Rv1423	514	299	393	701	356	126	323	516	203	282	131	265	45	37	63	72	76	53	56	132	70	95	105	80
Rv1424c	252	136	249	369	228	99	176	376	116	209	72	165	111	92	126	108	155	186	132	217	127	143	139	211
Rv1425	1259	781	988	2609	1498	451	1038	2594	509	1363	398	1012	977	883	1294	1688	2012	1856	1216	2400	1259	2314	2241	2018
Rv1426c	1003	677	859	1881	1034	363	1006	2107	441	1036	339	619	457	415	494	624	824	616	605	1218	529	867	1005	665
Rv1427c	835	627	733	1781	954	297	819	1812	417	970	267	568	517	523	988	807	1067	943	599	1351	824	1101	1215	971
Rv1428c	841	504	603	1224	711	210	709	1227	371	760	229	423	361	385	471	581	721	585	451	1000	481	749	847	621
Rv1429	215	113	140	256	155	42	124	224	69	121	57	126	41	37	27	35	30	30	45	53	20	55	29	27
Rv1430	590	338	501	896	483	165	367	777	222	431	177	353	184	139	234	206	278	253	237	400	251	324	341	234
Rv1431	710	426	564	893	517	170	552	823	278	523	207	372	259	165	327	329	376	329	348	490	285	460	367	299
Rv1432	251	188	204	442	226	104	200	450	107	230	81	218	58	60	74	119	170	126	66	159	69	184	209	168
Rv1433	861	500	776	1426	832	354	575	1258	330	637	279	711	256	243	361	373	623	652	273	611	307	518	680	677
Rv1434	0	0	0	0	0	0	0	0	0	0	0	0	0	0	0	0	0	0	0	0	0	0	0	0
Rv1435c	3077	1713	2627	5534	3102	1091	1771	3907	1143	2843	868	2648	527	163	312	351	231	177	544	452	325	524	242	191
Rv1436	1576	1013	1330	3054	1773	553	1461	3413	769	1776	524	1173	2065	2324	3116	3800	5024	5754	2415	5910	3069	5173	5350	6225
Rv1437	1417	898	1217	2810	1692	506	1342	3135	633	1589	424	1056	814	701	954	1402	2181	1444	985	1841	941	1931	2412	1506
Rv1438	1093	691	868	1867	1006	327	975	1949	525	1009	346	689	1009	690	938	1272	1666	1449	1205	1670	917	1734	1718	1456
Rv1439c	238	138	144	270	154	53	182	234	78	158	52	131	36	14	39	28	38	22	42	64	32	43	19	27
Rv1440	219	142	204	299	158	54	140	219	91	142	68	125	63	35	56	53	35	34	99	93	48	82	41	51
Rv1441c	539	342	445	1046	610	192	346	891	192	552	137	408	117	137	170	183	202	164	187	364	169	271	209	150
Rv1442	2436	1646	2166	6072	3361	1170	2484	6846	1110	3164	868	2720	865	823	1169	1592	2386	1839	1108	2564	1255	2298	2596	2060
Rv1443c	509	314	364	840	449	181	390	829	202	431	164	350	182	195	345	257	398	423	229	549	369	387	429	455
Rv1444c	441	260	283	425	203	60	264	343	168	203	131	175	69	32	64	59	59	28	126	103	64	85	48	27
Rv1445c	603	397	516	790	419	140	572	769	306	411	201	316	237	296	412	263	449	404	275	873	410	385	480	415
Rv1446c	985	651	814	1406	750	261	904	1598	474	696	309	457	288	350	508	508	808	576	319	895	413	584	654	540
Rv1447c	1531	972	1357	2606	1361	496	1349	2334	735	1236	517	895	504	371	574	680	783	484	644	884	600	981	793	546
Rv1448c	1314	862	1039	2269	1216	411	925	2050	603	1144	393	740	426	315	512	510	558	478	595	842	487	787	641	479
Rv1449c	5093	3150	4043	8245	4722	1545	4097	8642	2139	4631	1501	3274	1459	1344	1869	2337	2933	2032	1965	3657	1936	3372	3610	2306
Rv1450c	474	267	304	514	310	85	296	488	148	289	78	216	63	81	133	78	121	48	122	294	159	180	183	121
Rv1451	1868	1060	1440	3011	1689	499	1504	2952	779	1470	532	1318	502	399	633	764	921	600	588	1096	562	1060	995	705
Rv1452c	52	29	43	89	57	18	29	58	18	40	18	40	2	2	1	5	9	1	4	7	3	6	8	1
Rv1453	524	311	395	684	403	135	449	737	233	366	147	248	282	211	358	312	420	440	291	570	329	424	484	480
Rv1454c	1140	675	839	1460	814	262	844	1479	420	817	278	622	361	379	521	441	621	571	458	1095	553	689	754	615
Rv1455	61	36	42	88	52	9	39	84	16	48	15	46	21	21	9	22	11	11	20	38	16	7	27	13
Rv1456c	221	141	166	275	152	55	207	265	92	134	78	116	31	37	61	42	50	37	56	159	69	68	72	49
Rv1457c	188	127	141	313	179	53	147	276	68	170	55	100	69	48	67	106	89	63	73	84	62	130	94	87
Rv1458c	751	413	534	954	559	137	519	923	285	500	186	346	160	130	179	229	286	189	240	420	224	424	329	274
Rv1459c	863	537	629	1632	918	320	702	1676	346	905	236	586	449	418	481	805	1131	888	631	1357	650	1415	1524	1119
Rv1460	1111	663	741	2129	1107	365	705	1845	403	1108	284	807	158	141	207	610	500	372	255	380	194	896	653	452
Rv1461	6200	3783	4373	14326	7398	2590	4935	14650	2520	6876	1638	5979	2559	1238	2066	3911	3338	2292	2880	3176	1803	5356	3626	2452
Rv1462	3337	1998	2128	6653	3228	1148	2520	6393	1218	3159	850	2373	316	290	385	916	976	640	411	836	431	1416	1078	742
Rv1463	1380	794	1022	2776	1374	484	1083	2764	550	1308	367	1018	244	229	328	625	776	549	324	625	344	942	945	647
Rv1464	2929	1716	1883	4745	2405	869	2274	4816	1137	2285	792	1833	280	215	298	725	729	465	348	537	282	1087	779	499
Rv1465	748	479	562	1010	516	216	679	1047	414	628	261	424	197	270	380	339	483	615	225	535	348	450	500	555
Rv1466	828	491	590	814	456	153	670	692	327	413	200	328	120	81	126	100	93	52	147	195	95	130	104	76
Rv1467c	900	571	748	1092	624	223	749	1221	364	595	271	431	265	171	350	334	457	462	356	566	370	490	548	505
Rv1468c	726	459	546	1021	605	209	532	928	254	553	222	471	66	54	78	93	111	80	102	174	83	133	143	68
Rv1469	587	357	459	700	362	134	437	678	270	337	168	211	391	352	426	334	496	343	448	852	467	464	589	418
Rv1470	258	143	197	284	170	60	204	354	96	185	111	115	204	109	253	155	204	182	297	313	213	212	199	206
Rv1471	527	310	386	757	417	170	268	521	147	287	141	359	37	11	25	27	34	12	53	38	23	51	31	20
Rv1472	783	460	551	1166	716	212	610	1155	308	593	203	539	237	117	180	183	210	182	234	374	179	218	213	182
Rv1473	1999	1253	1579	4100	2218	856	1923	4784	880	2293	614	1633	571	556	793	894	1472	1046	660	1601	795	1212	1580	1222
Rv1473A	179	115	136	205	111	27	61	93	40	91	44	73	8	7	15	20	3	4	11	27	24	32	18	8
Rv1474c	404	274	321	652	327	129	351	577	173	297	127	251	121	56	93	90	90	75	126	149	99	160	115	99
Rv1475c	3723	2421	3622	8383	4548	1948	3310	8927	1762	4517	1353	3884	3417	2494	4211	5035	6436	6328	4235	6709	3905	6982	6835	6601
Rv1476	812	472	542	884	551	175	538	802	310	510	195	382	356	186	359	413	420	325	453	482	316	593	421	387
Rv1477	4018	2441	3328	5499	3016	1126	3146	5020	1665	2710	1221	2200	2454	2295	3192	3929	5381	4240	2982	5981	3202	5443	6114	4708
Rv1478	973	564	879	1266	688	260	573	834	332	527	276	500	382	226	291	493	519	402	440	641	337	685	560	468
Rv1479	6864	4141	5555	11536	6297	2247	5109	11182	2751	5872	1990	4817	2774	1580	2520	3843	4033	3052	3417	4115	2441	5308	4064	3022
Rv1480	3233	2145	2807	6099	3336	1352	2970	6519	1523	3319	1113	2486	1011	1278	1549	1926	2842	2374	1296	3471	1597	2636	3056	2474
Rv1481	3152	1980	2654	5423	2929	1152	2715	5408	1422	2923	1020	1950	1161	941	1576	1714	1966	1897	1431	2603	1475	2434	2120	1817
Rv1482c	134	89	95	243	123	50	86	205	65	105	34	114	20	26	44	56	41	37	45	68	37	68	59	34
Rv1483	833	552	614	1640	975	240	697	1479	341	834	233	597	372	207	351	393	405	309	461	527	316	593	454	342
Rv1484	864	485	662	1415	843	222	672	1235	332	716	215	536	245	165	214	288	330	231	254	441	211	401	367	252
Rv1485	513	312	366	926	455	178	405	895	210	464	165	365	99	106	108	171	225	171	172	195	139	258	244	196
Rv1486c	1240	676	949	2185	1255	438	980	2018	473	1172	336	886	317	209	364	398	438	327	388	617	345	577	463	335
Rv1487	75	58	56	135	64	26	40	76	31	44	18	53	3	2	4	10	5	0	6	5	1	7	2	1
Rv1488	2851	1697	2183	5796	3284	1066	1817	4936	1044	2900	809	2342	517	276	509	801	766	540	695	860	501	1090	807	526
Rv1489	426	228	350	812	460	140	262	662	175	399	148	319	98	53	95	77	78	84	108	191	116	160	84	95
Rv1489A	101	55	71	161	68	43	61	123	31	70	24	60	9	2	8	6	4	5	13	21	4	26	5	7
Rv1490	848	519	681	928	474	188	676	992	365	498	268	406	295	134	249	192	208	187	369	371	295	278	225	177
Rv1491c	2325	1440	2028	3723	2009	784	1905	3733	973	1872	671	1553	727	619	748	822	1011	833	861	1753	860	1300	1160	895
Rv1492	1970	1308	1655	4842	2625	993	1714	4554	883	2540	602	2083	493	398	614	1079	1522	1061	666	1240	618	1571	1638	1233
Rv1493	1433	881	1038	2566	1385	495	999	2318	542	1368	403	984	386	214	403	557	684	455	443	643	404	823	758	521
Rv1494	79	37	59	101	49	12	25	49	22	28	9	43	7	0	2	5	2	2	4	6	2	1	1	1
Rv1495	61	48	49	60	50	7	26	55	23	47	24	44	13	3	11	14	5	9	13	9	4	13	8	5
Rv1496	231	147	172	342	195	67	170	235	82	149	66	135	33	14	28	21	22	17	45	34	20	33	29	34
Rv1497	2565	1549	1947	3964	2241	814	1977	3892	896	1932	751	1774	621	587	670	845	1230	934	870	1585	723	1246	1391	1061
Rv1498A	182	143	147	230	125	55	132	193	89	150	55	89	52	40	42	82	87	87	62	105	50	107	75	86
Rv1498c	860	562	634	1097	657	203	807	1349	336	685	284	473	383	180	372	401	437	337	464	541	353	548	472	359
Rv1499	172	105	82	172	89	28	99	155	64	96	43	64	24	18	25	18	16	8	31	36	22	34	22	17
Rv1500	926	555	635	1183	686	200	676	1149	346	705	238	415	674	211	478	532	461	388	756	464	406	689	418	374
Rv1501	865	518	701	1114	622	232	675	1098	382	601	286	472	725	244	474	502	434	347	816	541	423	575	415	309
Rv1502	1899	1191	1525	2275	1258	403	1675	2527	737	1181	535	1006	736	207	424	495	481	339	929	578	401	704	521	361
Rv1505c	983	606	813	1054	579	188	891	1153	485	625	284	410	1887	717	1573	1362	1732	1596	2197	1782	1444	1800	1522	1565
Rv1506c	375	235	266	521	297	94	361	642	191	326	133	197	578	453	706	932	1210	1256	757	1135	646	1155	1291	1191
Rv1507A	927	590	735	920	564	185	725	1020	385	682	302	316	1366	611	1207	1275	1188	1216	1803	1671	1053	1749	1234	1310
Rv1507c	783	510	639	871	556	198	765	1025	329	554	282	349	1280	619	1292	1365	1553	1443	1517	1621	1219	1766	1562	1383
Rv1508A	145	95	103	190	129	31	96	194	47	150	42	63	113	63	93	120	110	78	145	147	83	166	99	112
Rv1508c	1855	1114	1402	2374	1321	420	1441	2203	769	1334	555	874	1343	758	1288	1390	1502	1212	1606	1956	1241	1976	1641	1264
Rv1509	623	324	425	904	440	138	299	610	191	354	151	291	106	48	56	99	76	64	142	90	76	103	72	41
Rv1510	1616	945	1181	2166	1144	376	1388	2303	684	1071	505	807	293	238	400	449	522	441	370	775	399	628	618	464
Rv1511	1005	617	715	1654	962	273	710	1517	387	832	239	602	397	254	457	569	592	509	443	800	417	793	665	471
Rv1512	719	444	499	1360	724	263	584	1420	322	761	209	515	291	298	450	692	914	788	391	934	495	992	1089	867
Rv1513	281	152	277	506	251	83	257	441	139	276	85	158	208	147	192	182	274	222	220	361	270	257	275	302
Rv1514c	138	77	93	118	56	16	116	112	63	50	47	35	34	18	13	14	24	5	32	45	29	25	20	7
Rv1515c	146	92	120	140	87	27	139	140	60	93	44	54	80	41	108	59	96	85	97	109	84	93	105	87
Rv1516c	320	225	226	350	188	49	227	297	139	174	80	115	76	70	103	93	98	110	90	209	101	128	114	100
Rv1517	168	73	92	153	95	28	118	140	47	94	44	43	42	28	41	39	42	34	60	91	49	65	52	43
Rv1518	102	76	83	167	67	44	98	148	44	82	33	65	29	22	44	42	46	37	20	51	30	59	42	31
Rv1519	36	23	29	31	17	2	22	16	25	18	15	10	4	3	3	3	9	14	9	6	2	6	7	7
Rv1520	347	207	247	374	218	85	196	281	103	207	82	156	54	40	47	53	53	44	75	68	43	74	54	34
Rv1521	3604	2470	2931	6906	3878	1242	3308	7231	1786	3754	1133	2688	2816	2185	3072	3640	4664	4835	3467	5994	3393	5293	5262	5212
Rv1522c	2696	1568	1952	4249	2402	758	1961	4168	1014	2219	689	1609	642	458	745	729	847	646	851	1101	677	1032	972	730
Rv1523	375	283	349	569	348	130	397	591	201	358	129	262	166	156	190	163	180	143	239	346	186	238	249	155
Rv1524	9	7	6	6	2	1	1	2	3	2	3	0	2	0	1	1	0	1	8	1	0	0	0	0
Rv1525	0	0	0	0	0	0	0	0	0	0	0	0	0	0	0	0	0	0	0	0	0	0	0	0
Rv1526c	651	352	450	756	413	152	464	751	230	399	183	292	190	147	202	269	250	207	243	363	207	328	239	212
Rv1527c	5815	3699	4636	11154	6288	2072	4826	11176	2435	5734	1792	4145	1920	1645	2448	4458	5941	4563	2339	4797	2392	6756	7078	5339
Rv1528c	126	58	114	186	105	49	56	127	53	90	35	51	23	11	31	30	27	23	29	36	17	49	28	29
Rv1529	584	306	418	1097	493	204	393	907	206	438	125	445	130	85	139	224	274	194	157	201	137	359	292	206
Rv1530	160	66	122	267	132	45	103	221	65	115	49	138	28	28	36	68	86	69	40	82	20	126	127	66
Rv1531	212	115	202	372	207	74	124	299	92	213	74	126	175	88	168	261	316	259	192	239	182	444	316	326
Rv1532c	300	161	230	398	207	93	214	358	120	252	96	181	106	58	98	193	123	103	127	154	86	272	132	89
Rv1533	1519	932	1137	3355	1957	639	1204	3180	647	1793	449	1508	546	476	636	1518	2033	1497	748	1447	638	2292	2346	1634
Rv1534	1157	753	1017	2353	1302	439	873	2219	535	1322	383	974	702	445	572	1384	1415	1149	933	1399	717	2119	1665	1193
Rv1535	24823	14775	22032	19257	10234	3777	22662	20413	11467	10915	8854	8200	1904	1098	1531	1826	2280	2013	2002	2667	1671	2463	2409	2029
Rv1536	14504	8378	12376	16811	8482	3292	10901	15823	5713	7705	4965	7267	924	562	990	1903	2205	1740	1219	1567	941	2619	2361	1813
Rv1537	430	253	305	569	257	130	274	463	150	262	115	266	34	25	49	38	68	52	38	75	54	77	67	70
Rv1538c	227	127	173	400	247	69	145	330	88	201	66	171	61	23	46	63	42	36	94	72	32	95	50	33
Rv1539	379	217	245	762	398	116	192	440	131	328	95	277	69	43	78	79	94	67	66	104	74	117	91	74
Rv1540	772	542	595	1824	1098	371	502	1630	335	1004	237	717	198	153	216	364	250	240	265	360	244	566	298	260
Rv1541c	321	209	332	641	372	173	184	473	112	303	144	324	102	72	145	73	97	81	134	244	114	103	102	92
Rv1542c	366	261	471	673	426	197	277	604	188	396	177	407	85	45	82	101	124	104	88	100	98	146	122	127
Rv1543	2148	1542	2066	3571	2101	828	2376	4558	1111	2376	824	1590	2652	3355	4547	3577	6530	7226	3441	8682	4426	5324	7171	7824
Rv1544	1062	758	1116	1850	1015	351	914	1830	501	1047	375	661	571	266	453	627	491	321	786	904	508	962	606	347
Rv1545	135	120	142	213	95	50	82	127	94	142	54	78	59	41	45	61	36	29	73	61	46	93	40	25
Rv1546	178	98	127	202	121	38	86	143	71	129	63	75	34	24	42	22	15	15	45	49	24	30	19	18
Rv1547	8047	5026	7094	12953	7397	2527	6283	12583	3368	7154	2552	5357	2240	1710	2674	2657	3528	2742	2912	4310	2635	3832	3586	2801
Rv1548c	1860	1130	1526	2280	1427	495	1285	2097	736	1120	607	960	338	136	307	366	272	229	395	367	224	423	279	200
Rv1550	1193	728	886	2095	1183	377	952	2194	491	1152	343	800	507	377	561	543	606	493	652	999	522	811	669	485
Rv1551	896	507	683	1111	673	170	556	848	291	586	212	485	211	107	179	163	168	125	233	253	179	221	156	102
Rv1552	1399	956	984	2601	1531	468	1343	2879	633	1599	405	1046	809	624	1111	1462	1755	1429	1052	1762	962	1964	1911	1500
Rv1553	468	272	310	814	464	159	390	900	213	491	125	306	243	126	213	300	317	308	263	311	246	423	309	314
Rv1554	38	14	31	54	30	8	10	42	7	20	4	16	2	2	2	1	2	4	2	3	2	3	0	4
Rv1555	243	139	163	270	159	54	163	233	86	147	54	113	65	36	51	58	37	59	75	104	59	92	60	51
Rv1556	410	251	326	509	308	88	324	492	191	265	137	200	114	68	125	109	134	84	174	187	117	147	113	98
Rv1557	1010	550	676	1243	663	192	677	1108	384	716	281	535	238	143	226	275	284	223	258	400	208	348	289	201
Rv1558	241	137	140	354	166	45	108	178	91	145	56	151	16	1	17	7	7	4	20	11	8	22	11	2
Rv1559	2954	1806	2260	5481	3076	926	2742	5700	1349	3043	824	2219	1073	1061	1211	1036	1505	1150	1335	3016	1403	1508	1672	1235
Rv1560	21	10	15	31	13	4	7	11	2	7	4	12	3	0	1	1	1	0	8	2	0	2	1	0
Rv1561	79	58	70	136	60	29	54	119	34	56	28	55	41	39	66	46	56	64	36	108	48	61	71	55
Rv1562c	661	394	501	927	483	173	473	876	256	460	218	349	176	252	343	342	461	514	255	691	313	426	570	497
Rv1563c	512	300	390	1200	598	218	406	1171	182	500	137	414	114	119	169	273	429	308	142	310	156	391	479	373
Rv1564c	1095	606	879	1900	1001	382	778	1716	426	964	294	727	512	341	638	796	907	890	639	843	529	1172	970	837
Rv1565c	2312	1463	1822	3939	2049	700	1843	3868	1019	1944	729	1456	1459	1233	1891	2001	2738	2419	1717	3144	1727	2714	2887	2436
Rv1566c	1732	1189	1811	2256	1317	497	1617	2252	636	1115	639	903	764	689	964	1428	1955	1424	889	1988	985	2058	2145	1502
Rv1567c	250	124	181	241	153	43	139	238	85	134	55	102	118	42	105	68	75	71	150	99	90	101	81	41
Rv1568	264	144	206	421	221	89	205	421	122	232	70	156	67	53	58	78	102	41	69	174	71	94	80	63
Rv1569	246	153	181	443	234	80	212	402	67	210	65	158	38	58	90	84	125	113	53	214	90	135	144	128
Rv1570	155	103	142	272	142	49	132	254	72	136	42	100	28	33	27	42	52	36	41	91	38	76	75	57
Rv1571	163	81	136	201	128	35	97	205	44	88	35	87	25	40	38	30	65	43	45	87	37	61	74	47
Rv1573	159	107	139	225	118	47	133	279	85	115	53	130	52	29	51	37	39	19	64	56	38	56	55	13
Rv1574	49	27	31	40	40	9	27	38	13	28	17	21	11	1	8	5	5	5	8	7	5	2	7	5
Rv1575	28	25	28	52	26	11	12	40	9	37	6	34	4	5	2	11	1	4	6	8	6	6	5	3
Rv1576c	455	317	526	1688	932	413	291	1481	199	777	208	890	113	45	104	256	208	98	147	152	92	332	220	123
Rv1577c	566	348	684	1414	764	355	486	1333	184	635	224	742	173	43	74	297	220	130	183	144	106	421	233	154
Rv1578c	119	82	135	382	171	96	163	405	57	169	40	182	73	76	83	153	205	174	95	234	94	211	233	203
Rv1579c	71	32	62	139	68	25	58	122	33	77	30	51	26	13	36	32	16	18	70	45	32	44	23	15
Rv1580c	87	53	74	92	79	25	53	88	38	85	22	42	49	27	45	44	22	35	53	60	33	68	33	26
Rv1581c	219	126	153	364	193	105	163	452	103	203	64	156	57	97	121	201	293	310	81	289	123	270	371	291
Rv1582c	539	282	464	1031	515	234	452	1154	218	473	176	467	221	143	223	349	414	350	278	366	220	429	415	391
Rv1583c	57	32	38	84	43	14	26	39	25	37	5	36	15	6	10	29	29	30	16	30	17	50	41	41
Rv1584c	376	208	379	455	298	123	166	250	133	312	98	142	52	9	44	47	22	31	45	31	30	75	34	31
Rv1585c	180	102	191	269	145	64	158	261	80	132	63	120	74	31	49	90	69	55	71	82	48	114	75	51
Rv1586c	480	294	391	629	322	150	317	651	192	289	178	272	61	86	95	113	153	110	91	188	101	148	208	121
Rv1587c	0	0	0	0	0	0	0	0	0	0	0	0	0	0	0	0	0	0	0	0	0	0	0	0
Rv1588c	23	13	26	48	18	9	16	30	14	15	8	19	6	5	8	9	9	10	3	17	2	12	7	8
Rv1589	1017	622	716	1272	749	241	852	1447	449	760	280	468	344	434	581	707	1124	878	473	1202	577	908	1206	941
Rv1590	53	36	38	63	28	11	35	28	19	42	12	8	2	2	7	8	7	2	2	5	1	10	4	3
Rv1591	357	199	230	334	181	56	183	260	102	137	95	128	56	47	53	39	39	52	59	111	35	70	47	51
Rv1592c	739	420	684	783	397	194	600	796	283	363	239	311	262	238	369	670	907	773	316	684	387	948	895	830
Rv1593c	524	353	504	959	481	219	479	984	228	419	193	382	177	137	225	279	294	254	297	466	268	506	415	357
Rv1594	4079	2517	3603	6856	3498	1499	2803	6197	1597	3506	1219	2527	2777	2146	3496	7073	9198	8080	3382	5861	3365	10394	10268	8610
Rv1595	4982	3008	4331	8751	4310	1715	4073	8534	2064	4304	1493	3362	2211	2443	3282	6821	9246	8060	2797	6833	3294	9709	10055	8173
Rv1596	1900	1086	1541	2597	1407	465	1234	2177	647	1194	558	1081	773	329	575	968	795	494	998	913	538	1430	867	535
Rv1597	849	565	660	1176	621	244	683	1135	349	630	212	476	355	262	411	574	527	480	447	661	412	775	600	468
Rv1598c	1110	659	799	1888	1064	328	733	1497	508	1230	304	716	360	194	321	330	293	253	465	564	368	490	274	258
Rv1599	2000	1281	1696	4618	2450	909	1778	4734	818	2263	627	2010	385	439	586	988	1236	933	472	1160	561	1329	1414	994
Rv1600	1161	791	1081	3056	1629	615	947	3169	532	1627	386	1086	536	555	740	1309	1835	2174	683	1418	743	1693	2013	2289
Rv1601	362	215	297	917	490	182	250	869	146	426	122	358	98	44	112	220	204	166	115	170	102	304	224	183
Rv1602	128	60	87	210	101	36	63	123	37	82	27	94	18	3	9	12	11	0	14	11	14	22	10	1
Rv1603	928	605	766	1648	912	323	865	2022	386	900	298	737	290	252	360	442	598	493	323	649	363	643	619	528
Rv1604	1055	619	882	1956	994	360	917	1834	413	907	305	754	250	192	328	354	503	514	303	492	313	520	564	495
Rv1605	614	383	402	1080	561	204	342	731	227	431	156	473	52	28	35	56	63	43	60	69	28	82	64	44
Rv1606	499	307	375	738	379	141	293	575	186	367	127	262	104	47	83	124	99	93	128	154	74	190	109	77
Rv1607	559	408	500	992	533	221	431	855	258	544	165	450	187	169	249	255	314	276	218	422	225	382	370	240
Rv1608c	394	305	286	557	349	135	350	635	148	347	125	245	403	377	401	371	623	458	480	1005	459	523	673	503
Rv1609	1066	594	767	1732	1015	349	611	1527	338	812	274	818	196	85	138	219	194	116	184	197	123	291	182	134
Rv1610	400	289	377	840	497	142	335	757	178	393	121	346	56	43	35	49	64	25	66	85	45	83	67	32
Rv1611	2966	1766	1900	6150	3572	898	2318	5841	1199	3166	693	2239	770	485	656	896	1027	597	1002	1330	651	1505	1196	699
Rv1612	2125	1235	1445	5331	2959	813	1610	5003	865	2636	547	1836	657	247	475	835	797	517	803	751	513	1084	741	562
Rv1613	1213	662	799	2263	1370	342	678	1760	401	1072	269	769	243	72	103	231	114	89	298	236	122	302	148	97
Rv1614	2653	1593	1904	4411	2379	625	1897	3782	913	1985	675	1580	552	416	672	666	744	510	741	1116	737	909	864	539
Rv1615	1069	606	731	1579	871	312	582	1080	365	837	253	526	198	77	109	171	104	98	252	211	138	215	120	103
Rv1616	440	277	334	854	483	147	272	696	167	403	130	370	86	24	49	46	51	47	101	84	47	92	46	50
Rv1617	3297	1969	2432	5718	3387	1004	2503	5123	1360	3057	856	2370	506	293	481	534	532	327	689	785	525	785	598	350
Rv1618	1735	1199	1479	3260	1689	694	1603	3218	748	1764	516	1182	561	383	560	558	652	522	768	961	529	755	644	508
Rv1619	806	519	557	1364	701	266	701	1213	285	634	195	530	119	99	108	160	205	172	144	281	121	204	205	171
Rv1620c	830	507	659	763	403	126	688	772	363	405	304	332	83	66	136	140	152	120	130	249	101	205	199	131
Rv1621c	921	567	708	1141	543	197	689	1018	390	554	278	408	132	130	148	261	280	184	162	315	156	321	299	186
Rv1622c	387	249	312	652	335	107	284	568	169	355	116	223	93	75	95	149	202	112	105	148	90	208	186	136
Rv1623c	1413	868	1090	2305	1294	444	1219	2628	659	1368	440	927	805	670	1035	1165	1674	1727	979	1777	938	1651	1861	1820
Rv1624c	321	190	262	506	282	93	235	405	123	242	88	182	201	78	124	136	127	62	196	212	101	160	133	62
Rv1625c	1597	978	1308	4254	2203	781	1230	3778	651	1818	456	1743	214	127	155	282	272	203	268	303	212	435	290	218
Rv1626	2153	1393	1667	2950	1907	538	1667	2919	1023	1851	712	1138	1249	708	1230	832	843	623	1545	1931	1250	1198	909	666
Rv1627c	2626	1748	2484	6664	3578	1434	2628	7255	1301	3858	936	3084	1025	1044	1527	2183	2971	3028	1246	2939	1590	2993	3471	3190
Rv1628c	902	425	668	1718	881	249	469	1100	305	729	230	792	140	47	91	141	104	63	140	137	76	191	105	60
Rv1629	1527	838	1060	2450	1440	430	1086	2311	593	1387	404	875	504	434	741	914	1055	922	615	1155	701	1354	1163	1029
Rv1630	12964	7812	9898	17301	9972	3180	10251	16356	5772	9464	3886	7570	6676	3160	5546	4278	4960	3941	8469	8497	5372	6383	5511	4497
Rv1631	3991	2492	2992	7013	3826	1434	3471	8059	1649	3785	1233	3005	1085	1273	2326	1866	2738	2566	1399	3517	2042	2520	2966	2551
Rv1632c	1305	870	1040	2045	1076	392	858	1605	546	1075	369	847	663	722	1041	767	1024	998	875	1945	956	1194	1035	1122
Rv1633	3503	2212	2899	9026	5056	1807	3072	9365	1524	4822	1079	3636	1103	1238	1825	2589	4077	3820	1348	2910	1637	3420	4044	3695
Rv1634	1422	902	1110	3720	1895	703	1146	3226	563	1641	402	1403	360	158	304	528	471	379	406	463	293	680	542	368
Rv1635c	983	625	731	1837	941	334	790	1728	386	926	268	707	478	384	517	784	1116	929	545	1059	533	1091	1143	917
Rv1636	224	110	112	199	104	28	75	119	64	80	49	70	32	16	32	26	32	22	42	37	21	42	18	18
Rv1637c	620	453	562	871	529	157	564	878	284	488	225	287	162	147	218	189	225	151	205	447	231	299	250	186
Rv1638	5312	3176	3639	10083	5568	1765	4393	10197	2204	5275	1282	3921	893	884	1127	2125	2787	2331	1144	2287	1197	3202	3237	2745
Rv1638A	234	167	239	385	184	82	178	333	142	252	98	128	96	39	75	41	40	32	90	102	85	63	44	39
Rv1639c	2561	1482	2140	4949	2469	910	2263	5619	1019	2467	896	2242	635	602	895	685	1073	744	814	1813	908	1069	1195	723
Rv1640c	2410	1414	1878	2840	1664	543	1689	2622	867	1523	653	1117	483	261	503	469	400	300	569	758	509	639	474	338
Rv1641	40610	28414	39464	72995	43101	17151	34487	75385	20491	43442	15246	30866	19091	8489	17514	9915	9058	8411	26000	24526	17661	15197	10730	9455
Rv1642	5585	4365	5985	11215	6078	2807	4208	9679	3098	7860	2177	3948	1569	1599	2493	1370	1565	1450	2078	4715	2631	2141	1848	1742
Rv1643	10854	7669	10241	22574	12963	5259	7804	19857	4611	11119	3701	9124	3931	1785	3693	2798	2125	2063	5392	4966	3265	4404	2439	2110
Rv1644	4139	2882	3760	12955	6640	2751	3772	12912	1833	6108	1339	6093	848	826	1064	1038	1479	1020	1029	2126	1068	1357	1625	1085
Rv1645c	1095	615	805	2695	1331	536	727	2344	431	1196	259	1237	248	134	274	193	206	140	302	322	233	311	239	171
Rv1646	2847	1558	2007	3477	2064	620	1930	3544	1055	1893	734	1478	563	319	476	710	718	437	729	962	547	963	774	478
Rv1647	545	294	371	750	416	141	437	706	181	407	146	246	76	65	82	109	177	134	90	234	94	174	178	150
Rv1648	782	473	588	1000	576	216	554	870	275	545	247	384	183	104	196	169	150	98	232	251	169	209	157	132
Rv1649	1229	745	973	1902	1029	337	889	1697	557	1068	393	718	257	170	247	269	252	195	345	429	276	375	317	197
Rv1650	2369	1386	1762	2822	1527	481	1786	2667	936	1299	677	1014	286	260	358	314	375	266	362	785	388	433	473	341
Rv1651c	1792	1118	1431	2403	1395	464	1324	2076	772	1164	547	827	216	186	263	269	330	253	312	571	338	442	393	246
Rv1652	634	346	727	494	247	115	330	324	220	279	217	212	10	26	52	31	39	30	38	79	52	51	42	36
Rv1653	1008	588	1347	931	397	264	810	839	424	419	540	524	69	100	149	70	74	77	117	311	153	93	103	92
Rv1654	798	474	1074	587	265	179	619	469	306	228	397	324	78	91	136	32	38	44	79	227	136	46	66	60
Rv1655	1593	941	2122	1125	505	369	1162	991	632	469	854	590	88	132	150	30	60	46	114	280	143	59	55	54
Rv1656	1254	801	1806	859	401	263	999	812	622	445	738	493	135	165	212	55	65	87	185	435	222	80	63	89
Rv1657	324	189	416	221	99	56	191	167	150	93	135	112	12	14	16	5	13	6	19	62	13	8	8	7
Rv1658	2385	1344	3103	1496	733	423	1818	1265	897	579	1167	824	296	236	377	78	86	87	348	658	409	138	128	91
Rv1659	2559	1556	2918	1588	737	409	1885	1349	953	672	1017	843	213	120	252	79	69	49	247	414	234	107	92	48
Rv1660	8129	4769	8195	21804	11421	5778	5689	19124	3279	11221	3082	12844	323	228	389	209	258	179	401	583	353	357	250	194
Rv1661	1303	705	1035	8556	4635	2093	796	7301	395	3930	366	4790	232	173	260	224	266	269	292	465	299	334	294	305
Rv1662	360	213	225	3349	1971	630	171	2217	124	1357	91	1651	62	18	31	64	48	43	77	45	29	74	37	39
Rv1663	258	170	207	1035	567	232	204	1108	112	550	74	402	152	107	159	265	415	371	173	238	150	356	425	428
Rv1664	860	491	725	1883	1053	390	642	1850	333	1001	233	839	347	160	332	570	588	523	422	416	248	783	578	476
Rv1665	1089	765	864	1390	756	224	1047	1291	485	741	345	526	203	185	249	502	630	441	233	464	258	634	603	569
Rv1666c	431	273	294	661	349	116	332	599	178	319	131	239	72	74	104	132	165	137	100	179	112	167	170	142
Rv1669	33	26	28	46	29	8	40	50	14	28	9	23	49	43	64	70	116	120	52	90	73	89	107	164
Rv1670	144	82	83	155	70	24	77	127	49	84	26	66	41	8	32	37	33	10	53	35	17	42	41	13
Rv1671	69	77	81	126	68	36	55	93	25	68	17	49	31	18	36	37	14	30	41	61	30	69	42	52
Rv1672c	904	525	748	1763	939	337	689	1605	361	737	306	763	256	219	293	467	648	417	331	593	310	664	655	491
Rv1673c	59	51	45	79	49	12	65	72	31	61	17	33	39	18	44	51	56	34	68	50	37	64	50	42
Rv1674c	35	24	20	43	31	11	21	23	13	15	9	9	9	2	9	13	17	6	10	10	8	10	13	5
Rv1675c	40	28	43	74	35	8	38	64	22	23	9	21	22	22	39	42	45	46	13	50	40	54	34	52
Rv1676	552	393	428	1137	646	214	431	1020	249	693	184	396	317	239	318	512	621	346	404	636	343	590	554	380
Rv1677	869	511	675	1649	928	327	638	1652	361	881	234	723	316	174	306	385	463	356	350	502	318	617	545	421
Rv1678	430	268	283	860	487	136	267	655	137	331	103	380	67	23	52	74	79	25	85	108	47	131	85	29
Rv1679	704	502	505	1671	904	313	570	1588	345	902	215	578	333	359	451	528	802	710	403	916	417	828	866	684
Rv1680	372	218	231	771	438	137	259	876	149	406	96	304	116	81	124	274	298	268	152	280	120	399	386	275
Rv1681	592	419	461	1296	672	258	478	1233	235	644	174	497	226	180	261	391	446	353	262	452	253	549	553	370
Rv1682	725	393	600	1503	664	260	428	1139	245	653	195	754	96	31	58	99	80	57	111	89	87	147	105	71
Rv1683	2663	1587	2223	6123	3224	1288	2125	5912	980	3018	820	2734	809	474	759	1342	1394	1025	998	1105	670	1756	1450	1029
Rv1684	4	0	12	9	5	1	4	1	0	3	0	1	0	0	1	0	0	0	0	0	0	0	0	0
Rv1685c	356	222	248	484	244	107	249	430	151	251	103	172	108	91	150	117	152	148	135	232	143	205	219	166
Rv1686c	88	66	81	156	80	22	56	142	40	58	28	60	12	10	8	15	11	26	14	29	6	16	15	40
Rv1687c	264	146	230	382	210	70	231	384	91	178	85	129	33	42	40	34	48	52	28	76	45	60	47	53
Rv1688	44	34	29	81	40	9	60	74	15	41	17	22	8	12	8	19	20	28	8	16	13	37	28	15
Rv1689	1135	770	969	1970	1191	370	1213	2546	524	1105	385	724	453	624	862	1016	1753	1471	541	1581	814	1268	1877	1382
Rv1690	510	269	307	512	289	99	292	427	163	275	117	195	222	95	150	73	76	58	233	241	162	125	69	46
Rv1691	178	117	127	218	146	50	143	175	83	150	39	129	28	15	26	22	21	12	33	63	19	32	29	13
Rv1692	402	246	352	759	397	144	337	793	176	381	124	284	48	103	93	128	220	146	77	256	133	228	273	191
Rv1693	12	8	24	23	17	1	8	9	9	18	4	11	0	0	1	1	0	1	5	4	0	3	2	0
Rv1694	629	441	565	1279	796	224	446	1098	255	753	192	483	111	67	74	175	143	107	165	175	95	270	159	117
Rv1695	331	209	295	760	386	132	201	489	138	353	83	267	85	34	69	71	51	31	98	88	52	82	62	30
Rv1696	1237	898	1029	2927	1630	461	1070	3030	578	1439	386	1177	350	407	488	578	928	668	440	1092	523	915	997	711
Rv1697	2886	1808	2499	6054	3510	1160	2336	5819	1120	3199	910	2434	1879	1092	1793	2118	2481	1777	2323	2991	1747	2965	2643	1988
Rv1698	1067	747	1036	2395	1330	461	796	2061	449	1158	370	943	682	398	761	831	1012	863	768	1059	668	1196	1139	821
Rv1699	9474	6539	8735	19966	10959	4639	8685	21465	4245	11167	3304	8706	3174	2070	3504	6112	7693	6977	3763	5526	3336	8586	8589	7607
Rv1700	1196	728	918	2079	1167	404	679	1409	376	994	338	895	93	44	86	165	132	94	136	149	92	192	133	120
Rv1701	2145	1367	1829	4081	2142	800	1554	3378	785	1844	662	1827	158	102	183	288	236	145	211	284	158	399	295	187
Rv1702c	832	512	647	1403	676	310	574	1243	346	736	230	562	294	213	430	464	490	625	380	563	379	722	682	729
Rv1703c	2204	1412	1671	3246	1893	640	2011	3293	1068	1847	644	1288	951	627	1013	794	879	756	1097	1528	991	1023	965	738
Rv1704c	619	405	463	996	558	199	561	1088	269	559	191	324	197	152	280	258	335	255	285	459	242	397	369	288
Rv1705c	217	130	206	378	182	75	196	353	77	156	69	167	31	25	64	65	88	64	45	70	51	98	107	73
Rv1706A	100	60	101	324	149	96	90	377	41	149	42	206	27	16	15	34	37	43	19	39	23	55	56	39
Rv1706c	174	123	203	305	159	71	132	243	81	134	73	124	29	28	24	35	29	20	40	53	34	50	28	21
Rv1707	2249	1310	1496	3633	1811	598	1773	3529	894	1801	544	1327	680	857	1077	1306	1925	1759	1011	2197	1182	2036	2295	2004
Rv1708	1736	1033	1229	2707	1613	530	1166	2517	593	1361	416	1075	575	264	465	715	735	501	660	710	458	1061	760	529
Rv1709	698	492	544	1386	789	237	520	1184	284	662	213	520	226	123	175	304	229	238	240	262	148	358	251	224
Rv1710	1199	769	878	2858	1627	582	1240	3745	560	1568	353	1104	550	784	1089	1581	3237	2665	632	2135	1019	2303	3561	2903
Rv1711	947	551	649	2123	1160	382	534	1570	336	1138	212	759	315	110	205	366	289	233	314	273	193	462	308	217
Rv1712	763	458	569	1901	1097	301	511	1420	277	885	185	683	187	80	146	238	197	169	225	244	157	373	238	186
Rv1713	1456	884	1160	3530	2021	641	1154	3322	642	1736	413	1522	398	238	419	470	548	295	429	740	367	737	628	336
Rv1714	264	196	220	923	544	176	254	941	97	408	71	377	74	56	70	129	122	55	101	155	112	192	144	62
Rv1715	178	107	123	597	311	136	159	671	72	324	49	255	76	86	130	160	287	175	56	217	112	253	319	230
Rv1716	228	145	174	1134	576	207	183	1058	100	549	71	428	129	80	142	251	252	202	175	185	107	292	254	228
Rv1717	26	20	19	131	67	18	16	88	6	85	9	38	12	5	8	15	11	9	16	6	6	30	12	19
Rv1718	91	50	69	587	311	122	43	469	36	307	16	224	69	70	119	177	171	164	113	185	93	228	144	162
Rv1719	90	52	81	237	126	54	70	131	20	92	27	116	91	71	151	70	97	104	89	216	133	113	126	131
Rv1720c	71	52	74	149	84	15	74	144	43	78	31	71	70	31	64	59	84	59	88	86	60	76	71	54
Rv1721c	30	20	30	38	23	9	17	39	13	29	9	18	10	3	12	5	11	2	4	4	8	8	3	0
Rv1722	323	168	233	504	272	105	242	483	131	252	111	202	148	96	147	149	173	175	154	258	139	218	181	166
Rv1723	287	156	223	465	271	94	198	424	104	260	77	198	64	59	52	61	95	75	51	186	48	96	109	59
Rv1724c	221	167	164	346	182	62	154	238	113	175	64	131	64	16	39	45	34	24	74	42	33	46	36	37
Rv1725c	400	255	325	875	508	178	381	933	193	517	143	412	99	81	131	129	190	156	115	259	159	226	214	164
Rv1726	146	90	111	211	84	46	77	171	44	89	28	84	16	8	28	18	13	9	20	34	22	22	16	19
Rv1727	142	92	88	167	87	30	71	142	52	94	38	68	32	25	29	34	42	59	38	86	39	45	41	44
Rv1728c	476	342	435	770	417	159	431	700	222	429	144	286	481	281	510	421	507	381	502	609	437	596	446	412
Rv1729c	707	445	641	900	544	209	609	1033	311	595	238	435	434	303	498	532	662	511	531	762	540	751	675	557
Rv1730c	229	142	139	401	222	54	167	415	109	212	70	181	262	165	278	481	551	504	271	437	250	661	614	564
Rv1731	1143	660	947	1904	1048	345	841	1734	435	1016	316	723	487	472	653	1024	1272	884	713	1220	623	1450	1420	1049
Rv1732c	773	486	600	1665	904	367	622	1609	348	902	281	622	336	365	489	600	835	712	452	954	522	945	963	802
Rv1733c	55	19	59	6256	3577	1088	33	5568	20	3217	12	1357	20	15	19	44	100	741	24	45	11	56	122	818
Rv1734c	137	78	126	4878	2380	1040	125	4741	70	2879	47	1480	19	8	38	39	56	281	24	47	25	48	60	284
Rv1735a	12	9	14	125	68	25	11	107	7	70	6	46	1	1	4	1	2	3	3	2	5	10	6	10
Rv1735c	82	54	66	1133	525	260	54	1245	28	588	25	434	8	5	12	19	14	33	11	13	9	34	33	23
Rv1736c	363	232	312	4657	3352	1250	271	5401	165	3765	101	1318	74	108	138	183	293	910	98	217	106	270	311	991
Rv1737c	134	73	84	14853	8752	2800	110	18211	40	8451	47	3370	33	19	43	84	531	5152	32	68	39	140	599	5367
Rv1738	23	17	29	9982	5889	1704	22	8062	12	5716	12	2235	12	2	13	32	83	490	9	9	9	23	78	501
Rv1739c	136	88	93	3604	2348	814	94	3600	56	2406	34	994	57	23	47	59	86	297	68	79	43	94	82	304
Rv1740	130	80	82	142	85	13	66	80	49	84	20	55	15	2	6	22	3	0	19	8	8	26	3	3
Rv1741	4	2	4	4	1	2	0	4	2	1	0	1	0	0	0	1	0	1	0	0	1	0	0	0
Rv1742	316	204	221	536	289	85	257	411	132	259	87	208	58	36	54	83	63	58	86	80	55	142	95	44
Rv1743	2072	1207	1596	3511	1990	630	1745	3538	866	1885	652	1417	598	379	564	821	1005	713	761	1105	578	1169	1137	800
Rv1744c	541	452	508	915	495	198	507	1077	303	605	213	355	414	309	663	599	747	928	451	809	581	761	827	838
Rv1745c	456	229	383	470	222	71	268	320	169	257	108	185	95	72	82	49	53	20	148	182	87	69	53	26
Rv1746	635	415	473	1049	629	220	557	1328	228	635	196	414	685	908	1285	1271	2101	2332	875	2355	1194	1826	2300	2324
Rv1747	2787	1714	1974	4822	2663	845	2309	4645	1170	2457	776	1802	1197	992	1436	1902	2206	1924	1404	2602	1543	2643	2495	2117
Rv1748	267	168	217	369	200	71	219	332	84	204	73	170	57	35	52	96	79	77	72	149	62	90	99	78
Rv1749c	373	322	396	522	317	127	304	463	192	362	126	230	161	102	173	192	161	126	210	263	139	289	148	133
Rv1750c	481	283	377	729	402	159	390	800	200	448	178	314	237	168	233	433	500	369	271	468	203	625	558	423
Rv1751	1192	695	898	1931	1122	350	921	1801	498	1003	332	754	681	383	612	925	874	687	834	1049	604	1280	995	647
Rv1752	98	71	94	195	107	35	100	225	71	113	51	61	110	120	142	214	253	238	158	350	147	296	296	271
Rv1753c	1310	791	1022	1577	859	282	1084	1671	518	815	328	587	1369	902	1718	1456	1864	1903	1781	2329	1615	1848	2021	2034
Rv1754c	968	591	663	1066	671	225	645	1053	367	625	266	494	878	436	879	702	681	612	1192	1246	871	1075	779	575
Rv1758	450	304	424	1272	752	310	435	1366	225	680	151	677	65	44	92	95	136	105	87	153	65	123	134	132
Rv1759c	188	119	164	447	220	92	120	386	70	206	77	232	18	16	11	17	28	5	21	45	15	21	19	11
Rv1760	1811	1146	1438	2760	1607	519	1485	2886	762	1544	521	1070	451	412	628	437	680	492	585	1144	582	664	730	549
Rv1761c	104	77	78	149	79	34	74	132	45	76	27	58	16	11	11	21	19	10	24	29	14	39	22	10
Rv1762c	332	204	247	581	366	96	213	556	148	282	89	269	116	55	79	139	129	60	158	166	84	187	96	72
Rv1765c	42	22	25	69	33	8	19	64	16	26	8	22	3	1	7	7	9	5	4	4	5	10	8	7
Rv1766	559	320	414	659	417	130	420	683	236	347	178	295	243	116	203	144	167	137	283	300	204	244	197	134
Rv1767	511	331	457	990	514	217	544	1108	212	512	180	460	118	83	146	136	163	88	156	245	153	198	199	127
Rv1768	1960	1190	1629	3649	2111	708	1392	2952	699	1663	519	1548	444	301	447	524	655	423	506	882	404	808	651	469
Rv1769	2761	1722	2447	5890	3264	1224	1970	5247	1050	2900	850	2132	538	402	505	780	1018	658	752	1060	480	1142	949	674
Rv1770	2132	1411	1876	3601	2014	713	1663	3235	898	1744	657	1404	378	318	376	534	663	504	519	881	446	832	806	562
Rv1771	2633	1657	2433	3885	2173	830	2442	4334	1166	2116	909	1505	1007	666	960	1049	1215	1068	1353	1661	914	1546	1378	1094
Rv1772	697	345	571	647	299	116	390	473	174	208	169	305	221	78	130	137	111	83	263	264	113	180	130	91
Rv1773c	447	237	322	538	298	109	391	513	164	256	125	228	143	147	186	214	399	375	165	383	216	281	407	383
Rv1774	537	280	420	834	435	151	348	683	191	406	123	334	178	124	189	244	268	221	234	356	196	383	331	244
Rv1775	378	240	303	613	369	134	247	473	133	358	108	234	117	56	101	131	102	103	130	187	99	174	107	116
Rv1776c	410	312	416	733	404	161	336	614	199	373	163	248	230	138	181	164	120	137	294	324	189	257	175	135
Rv1777	155	88	159	271	166	49	148	271	76	165	71	123	53	31	69	69	78	79	73	91	37	111	75	86
Rv1778c	130	88	116	187	94	31	67	133	49	75	38	62	25	10	16	35	40	13	28	20	16	41	29	24
Rv1779c	715	418	629	1367	660	254	579	1353	271	616	216	495	78	78	126	280	333	241	133	211	140	396	392	273
Rv1780	1170	719	875	1456	872	256	936	1377	457	805	326	631	543	582	671	607	893	818	731	1456	804	938	1070	930
Rv1781c	1183	778	1037	1789	1013	470	1055	2036	565	990	386	815	593	637	824	1005	1387	1181	720	1947	848	1460	1556	1352
Rv1782	4054	2182	2939	7382	3913	1203	2404	5318	1518	3354	1034	2981	656	253	425	575	493	349	737	650	392	871	464	361
Rv1783	19774	12210	16692	27265	14536	5389	17440	28595	8512	14357	6607	11094	3870	2791	4169	5066	6282	5403	4890	8071	4595	7367	7011	5934
Rv1785c	1005	597	736	1069	513	195	727	904	368	490	315	506	140	113	128	147	169	151	144	256	147	223	183	148
Rv1786	122	64	67	160	104	27	90	113	48	65	23	71	43	12	29	36	28	22	39	43	28	45	26	16
Rv1787	536	314	374	964	518	188	324	752	209	430	150	412	69	43	55	124	76	48	103	100	64	142	129	57
Rv1788	290	169	219	390	194	87	196	299	111	224	82	165	43	34	47	53	53	48	53	82	36	92	44	44
Rv1789	2227	1459	1790	4562	2557	831	2058	5138	981	2598	685	1810	1066	980	1430	1726	2269	1980	1333	2620	1429	2544	2573	2071
Rv1790	70	40	60	141	46	21	44	95	32	50	19	39	9	5	13	0	10	6	16	21	11	17	16	5
Rv1791	3101	1757	2799	4235	2665	880	2496	4593	1181	2270	1114	2126	1210	917	1315	1554	1645	1220	1536	2276	1365	2090	1810	1262
Rv1793	2568	1501	2113	3071	1862	595	1642	2661	984	1611	822	1300	1312	404	1018	826	571	405	1652	1066	882	1128	623	434
Rv1794	5242	3184	4591	6884	3909	1327	3648	5610	2058	3400	1659	3057	2138	589	1628	1791	1363	1060	2510	1401	1384	2274	1284	1004
Rv1795	6707	4007	5567	10496	5515	1885	5399	10145	2873	5402	2129	4129	2031	1410	2161	2882	3697	2885	2620	3758	2199	4169	4091	3019
Rv1796	9689	6202	7954	18309	9952	3722	8310	18534	4189	9522	3138	7482	3032	2442	3476	4390	5643	4520	3703	6195	3395	6257	5840	4877
Rv1797	3443	2057	2581	7351	3946	1274	2314	6764	1431	3315	943	2932	821	515	721	967	1059	912	861	1348	645	1308	1009	871
Rv1798	7675	4687	5760	16576	8445	3082	5727	15666	3147	8174	2167	6634	1638	886	1491	1881	2061	1365	2082	2429	1509	2928	2410	1448
Rv1799	190	131	128	468	224	91	101	235	80	186	53	186	29	5	7	15	21	2	43	15	7	23	18	7
Rv1800	1807	1077	1408	3245	1708	677	1550	3243	760	1658	556	1350	392	304	487	547	592	562	558	790	464	704	668	561
Rv1801	161	125	151	268	132	66	118	289	53	115	56	159	9	12	6	16	21	12	11	16	7	23	27	16
Rv1802	490	334	458	835	433	146	417	857	236	501	165	343	121	90	108	101	119	97	166	211	110	140	145	105
Rv1803c	1107	641	770	1724	926	275	808	1559	395	832	286	565	246	218	297	540	664	491	279	616	296	715	646	512
Rv1804c	464	269	474	822	443	224	286	550	194	419	148	375	24	19	24	57	22	38	55	29	20	78	54	32
Rv1805c	3943	2063	2355	2594	1338	319	2260	1760	1401	1273	935	826	61	30	38	68	55	23	81	56	42	75	53	40
Rv1806	2737	1671	2090	1399	743	277	2497	1745	1116	705	797	507	27	18	31	44	38	29	45	41	28	53	51	46
Rv1808	5336	2888	3716	2533	1208	451	4379	2414	2047	1150	1640	985	65	66	96	108	212	201	49	206	89	167	233	209
Rv1809	14575	8831	11931	7680	3878	1434	11839	7733	6304	3973	4841	2999	433	226	375	291	442	391	538	662	344	426	515	430
Rv1810	17202	11253	14526	17472	9622	3221	16455	20510	8089	9894	5605	7629	1057	940	1378	437	619	505	1285	2494	1503	609	737	566
Rv1811	3587	2068	2774	7707	4072	1634	2442	7076	1469	3787	1006	3558	158	145	205	138	179	163	211	405	213	174	186	143
Rv1812c	1315	802	992	3827	2251	912	1021	3973	477	2216	322	1486	166	146	190	185	248	400	184	390	186	271	310	441
Rv1813c	498	329	401	10907	6640	2159	329	10321	200	6380	124	3098	135	75	89	134	216	1091	139	195	104	207	238	1191
Rv1814	551	347	427	869	485	169	419	826	220	494	141	318	131	82	136	152	184	135	203	257	127	229	160	156
Rv1815	6504	4194	5223	12414	6858	2327	5472	11148	2933	6746	1855	4574	3481	2468	3561	2924	3352	2783	4798	7816	4444	4485	4397	3399
Rv1816	1987	1198	1464	3184	1670	602	1536	2941	882	1601	546	1184	946	742	1047	1035	1274	1264	1209	2053	1037	1395	1382	1230
Rv1817	556	364	470	1077	551	225	446	1058	226	502	183	416	179	170	255	285	410	389	184	438	255	366	480	357
Rv1818c	435	344	363	875	480	175	313	722	179	393	145	383	49	32	62	94	90	58	89	103	63	141	112	66
Rv1819c	423	268	360	573	345	94	370	575	166	293	135	235	246	156	197	281	321	250	319	434	182	369	353	285
Rv1820	586	368	471	1193	712	191	471	1232	277	613	166	559	203	177	236	328	441	280	247	557	237	578	498	376
Rv1821	10803	7300	9303	19737	11310	3854	9844	20390	5337	11111	3455	7934	4417	3768	5855	5820	7887	7427	5482	9941	5696	8157	8536	8166
Rv1822	823	518	653	1407	724	275	690	1184	349	720	239	508	390	205	418	302	307	261	496	541	407	400	281	247
Rv1823	568	344	506	1090	583	201	489	1090	267	602	151	407	119	171	201	233	333	286	177	449	219	344	387	257
Rv1824	160	98	140	287	145	45	149	250	81	136	35	88	51	7	42	32	25	39	62	61	38	51	31	30
Rv1825	711	422	547	1269	645	237	608	1408	312	729	248	513	248	158	301	299	309	221	349	471	319	389	355	232
Rv1826	1659	1002	1193	1935	1095	355	1254	1840	668	1027	467	750	629	182	384	348	293	128	776	500	373	489	287	139
Rv1827	3496	2270	2810	5818	3191	1114	3250	6184	1740	3232	1177	2508	1893	1422	2127	1725	2084	1607	2403	3639	2004	2576	2247	1751
Rv1828	1603	976	1232	2630	1362	494	1114	2119	561	1140	434	890	378	232	351	440	379	253	475	585	352	628	420	307
Rv1829	3894	2582	3406	6653	3976	1361	3391	6683	1666	3723	1327	3001	1417	413	832	942	785	540	1680	1225	820	1252	871	525
Rv1830	5655	3379	4784	7947	4582	1609	4295	7477	2211	4475	1722	3271	2096	1150	1961	1887	1833	1432	2581	2857	1769	2465	1992	1373
Rv1831	936	448	690	1359	736	248	353	623	343	702	213	459	64	14	37	58	20	19	82	40	30	65	19	16
Rv1832	8736	5607	7702	20641	10913	4708	7418	21186	3837	10839	2876	8816	2498	2603	3900	4802	7201	6537	3216	7131	3856	6976	8211	7259
Rv1833c	1534	1009	1174	2927	1619	630	1270	2912	702	1700	375	1161	550	351	786	842	1026	988	654	1062	734	1228	1148	1116
Rv1834	183	104	153	314	145	51	124	254	89	134	44	118	25	23	46	27	42	32	31	52	45	41	40	17
Rv1835c	1757	1101	1335	2920	1509	553	1468	2932	753	1386	577	1142	488	378	536	495	618	560	605	1074	610	783	681	639
Rv1836c	5325	3288	4181	11164	5959	2129	4188	10444	2187	5696	1472	4350	2203	1300	2266	2401	2573	2247	2497	3715	2180	3419	2784	2346
Rv1837c	8498	5332	6983	19214	10935	3849	7136	19466	3852	10748	2603	7639	3892	2825	4584	5537	6205	5612	4885	7447	4504	7511	6844	5829
Rv1838c	620	394	533	632	348	102	402	422	229	382	158	287	186	92	152	146	116	105	218	191	141	187	163	94
Rv1839c	30	2	16	19	17	4	8	7	2	10	5	13	4	0	3	2	0	0	2	2	0	1	0	0
Rv1840c	265	161	221	562	274	64	166	377	56	189	63	194	11	7	10	17	14	3	21	27	3	23	15	4
Rv1841c	1090	626	828	2087	1169	398	792	1835	424	990	286	845	165	74	130	185	180	141	237	222	135	298	160	147
Rv1842c	1805	1113	1393	3489	1913	648	1389	3407	769	1889	485	1457	292	305	334	575	736	550	348	716	412	765	800	598
Rv1843c	1981	1108	1544	3465	1956	665	1375	3050	665	1618	513	1511	339	221	341	571	555	471	413	579	390	829	699	529
Rv1844c	2174	1387	2017	5106	3014	1119	2055	5760	1047	2914	765	2150	1067	1083	1686	2273	3254	2984	1322	3063	1605	3187	3714	3167
Rv1845c	911	600	732	2062	1144	378	728	1827	378	903	272	906	115	127	153	302	365	260	154	403	185	428	427	281
Rv1846c	2350	1270	1696	4128	2347	923	1380	3628	922	2189	626	1965	760	328	617	788	515	455	974	866	567	990	582	505
Rv1847	435	235	329	499	315	107	244	349	163	288	115	211	32	15	15	31	16	26	40	37	18	29	21	17
Rv1848	59	44	70	95	65	18	42	93	27	49	23	33	23	8	15	19	15	37	30	32	18	44	27	28
Rv1849	44	19	39	85	47	11	37	60	25	58	11	30	6	3	8	25	18	25	6	18	12	30	23	34
Rv1850	826	535	621	1515	875	340	685	1637	391	897	274	597	477	393	688	773	1164	992	496	1217	709	1039	1214	1092
Rv1851	119	89	121	219	134	54	101	215	58	140	36	94	36	29	41	62	71	66	39	65	32	103	77	90
Rv1852	350	153	270	450	261	82	212	407	102	225	92	170	59	44	72	129	98	69	88	112	55	142	101	79
Rv1853	243	150	187	338	156	47	125	254	99	139	63	150	37	29	39	51	43	17	44	55	47	61	43	21
Rv1854c	2693	1738	2133	4257	2188	832	2261	4218	1202	2236	828	1723	570	497	720	685	851	825	708	1184	693	966	848	815
Rv1855c	1816	1156	1387	2617	1501	553	1386	2690	754	1376	545	1105	467	331	508	438	524	382	600	936	481	730	584	454
Rv1856c	4468	2758	3493	4491	2578	828	2969	3544	1797	2459	1350	1913	530	379	589	316	312	277	764	1149	591	523	351	302
Rv1857	2167	1434	1737	3447	1829	565	2105	3733	1027	1848	678	1133	757	597	889	470	518	542	1034	1697	931	664	641	562
Rv1858	205	171	192	546	252	65	162	403	81	240	50	179	27	12	19	16	18	10	23	40	24	35	18	11
Rv1859	661	433	509	1367	726	221	532	1398	289	758	208	465	190	182	253	324	308	315	272	448	282	367	426	324
Rv1860	646	427	502	995	582	181	497	892	284	564	195	369	302	273	463	326	390	331	429	806	437	482	502	301
Rv1861	108	69	100	139	68	29	79	96	32	55	33	54	29	15	31	17	22	14	35	39	42	40	18	16
Rv1862	1599	876	1165	2693	1429	518	1102	2482	607	1350	450	1183	204	158	235	247	220	190	270	473	231	406	328	271
Rv1863c	958	600	753	1594	880	257	549	1059	332	722	282	509	117	39	73	107	60	43	201	103	58	152	57	48
Rv1864c	221	140	217	367	226	83	172	288	87	206	53	155	24	19	30	40	26	28	33	43	28	59	48	30
Rv1865c	167	124	143	272	133	40	138	223	71	110	48	103	57	21	37	32	35	25	45	76	40	77	32	48
Rv1866	371	220	272	535	297	96	313	476	145	229	104	212	129	88	141	159	231	128	136	275	127	231	251	156
Rv1867	277	160	206	538	307	83	238	514	137	304	76	226	108	62	129	177	130	185	119	203	105	212	174	141
Rv1868	1438	896	994	3097	1571	593	1055	2751	605	1633	375	1115	566	599	751	1083	1292	1115	837	1450	825	1505	1460	1275
Rv1869c	3491	2017	2422	7646	3913	1410	2648	7432	1366	3474	914	3292	1410	990	1507	2083	2325	1807	1676	2761	1428	2998	2484	1886
Rv1870c	3556	2041	2788	5633	2892	1068	2504	5042	1327	2639	912	2480	1388	1066	1579	1721	2059	1930	1664	2626	1488	2411	2110	1910
Rv1871c	9877	6450	7914	17567	9574	3025	7157	13130	5121	9960	3038	6509	2462	1248	2292	1962	1476	1200	3591	3772	2527	3076	1854	1345
Rv1872c	37765	25486	31473	78674	43662	14801	36437	88729	18691	45631	12548	30938	21956	27281	34269	33524	52672	48797	27881	72187	34067	47892	56900	50558
Rv1873	122	56	105	112	60	34	80	96	48	70	36	44	69	49	88	104	107	86	97	138	103	131	126	99
Rv1874	232	144	245	503	247	81	207	503	117	274	90	167	199	188	271	295	480	348	255	561	261	422	489	411
Rv1875	314	188	232	375	217	77	260	352	131	189	83	148	71	46	93	87	120	70	83	166	80	130	116	73
Rv1876	919	545	841	1084	652	178	624	984	289	602	287	481	375	128	257	272	233	150	493	338	289	370	257	158
Rv1877	1612	1019	1220	2426	1321	450	1229	2274	640	1300	407	984	306	217	342	414	495	436	400	511	337	653	518	448
Rv1878	482	243	339	669	376	138	291	576	162	378	121	243	81	85	113	146	172	141	124	224	82	154	204	146
Rv1879	626	388	497	912	500	190	424	841	275	495	193	408	181	124	200	192	230	158	222	367	216	286	210	166
Rv1880c	1995	1184	1543	4273	2211	811	1542	3872	778	2286	655	1665	974	564	849	1198	1264	931	1258	1609	859	1686	1216	983
Rv1881c	733	438	573	1881	936	395	568	1851	333	1048	195	742	527	309	610	640	673	496	611	852	602	808	712	536
Rv1882c	1066	698	880	2794	1397	598	925	2919	471	1474	332	1233	646	527	932	1293	1486	1339	767	1453	888	1901	1634	1478
Rv1883c	1753	1306	1580	4002	1924	804	2327	4900	919	2181	622	1723	1110	1969	1859	1674	3247	2738	1443	5209	2092	2547	3760	2886
Rv1884c	5363	3447	4552	8408	4508	1602	4137	7530	2153	4163	1721	3568	2784	1273	2180	2051	1688	1312	3597	3423	2218	2979	2008	1299
Rv1885c	512	307	366	447	268	86	366	478	206	259	137	170	216	140	228	206	281	235	226	394	252	308	311	266
Rv1886c	2624	1629	1773	2995	1740	470	1977	2943	1091	1617	723	1093	1405	926	1565	1452	1542	1196	1671	2307	1373	1853	1620	1209
Rv1887	9837	6232	7409	13451	7915	2376	9248	14783	4341	7286	2779	5521	2615	2934	3643	3699	6536	4770	3251	7946	3707	5720	7520	5459
Rv1890c	67	63	58	108	62	22	46	104	19	50	19	52	29	10	12	20	21	33	14	12	9	30	21	17
Rv1891	2640	1459	1675	3795	2039	637	1730	2946	1092	2082	662	1560	703	341	572	657	610	393	902	963	640	1044	712	511
Rv1892	275	194	249	511	258	104	256	555	122	313	77	166	105	101	147	137	184	121	149	281	151	250	206	136
Rv1893	182	136	133	230	182	43	74	145	81	147	47	54	53	18	47	39	13	35	78	51	31	64	31	34
Rv1894c	1169	756	1025	1799	934	389	1027	1839	495	839	394	844	243	166	265	350	400	278	349	420	238	501	373	257
Rv1895	1879	1268	1564	1463	786	282	1299	1214	838	751	541	525	307	247	342	311	256	258	403	627	328	476	306	254
Rv1896c	280	155	216	316	172	66	216	395	105	216	78	173	63	73	85	74	122	135	94	193	123	94	138	125
Rv1897c	152	113	126	248	124	51	98	181	91	111	46	79	60	38	59	43	24	26	60	75	56	82	35	34
Rv1898	104	53	65	137	88	24	55	102	32	69	34	46	20	23	34	30	24	36	38	57	36	51	22	35
Rv1899c	582	382	493	1022	580	177	405	778	235	519	166	379	81	49	65	89	67	65	98	160	91	109	96	87
Rv1900c	2331	1397	1784	5012	2807	893	2151	5456	1038	2518	666	1886	769	668	1010	1241	1435	1085	1046	1837	962	1781	1681	1181
Rv1901	1650	1027	1147	2297	1326	371	1049	2051	722	1317	408	894	374	232	383	402	456	318	467	643	349	578	480	306
Rv1902c	1756	1042	1315	1814	991	320	1276	1603	673	937	518	675	309	169	341	279	338	261	377	479	374	440	348	295
Rv1903	245	156	180	446	246	85	194	404	116	286	76	177	245	99	236	154	174	127	243	261	150	236	184	106
Rv1904	4578	2989	3443	5742	3484	1043	3494	5442	2026	3600	1288	2284	2204	1473	2121	2039	1870	1622	2726	3969	2227	2873	2176	1762
Rv1905c	1931	1224	1544	3010	1578	571	1509	2694	850	1678	567	1318	474	319	464	546	472	355	580	833	458	741	592	434
Rv1906c	1827	964	1228	2800	1593	434	1071	1923	594	1292	410	1239	316	115	199	315	223	114	330	319	220	453	277	142
Rv1907c	604	386	467	975	448	140	467	798	251	467	175	402	102	75	91	128	132	92	152	155	80	144	125	76
Rv1908c	3792	2315	3093	3579	1972	676	2570	2871	1443	1786	1061	1458	538	296	542	440	380	292	631	710	488	625	448	330
Rv1909c	423	290	392	564	326	128	304	429	190	304	114	211	46	19	49	71	65	58	38	61	51	86	69	54
Rv1910c	512	344	451	627	356	117	466	596	197	290	183	240	111	85	165	201	282	203	147	275	139	353	330	221
Rv1911c	1789	1030	1325	2255	1260	395	1248	1883	703	1211	489	1108	230	148	221	419	403	227	310	393	162	582	431	245
Rv1912c	273	179	263	319	207	75	216	304	140	201	86	137	71	48	62	120	121	102	82	118	52	176	117	86
Rv1913	143	90	127	156	109	31	108	179	57	103	37	77	38	51	71	101	145	134	49	95	74	137	164	116
Rv1914c	100	52	70	91	60	23	78	85	23	55	20	38	34	20	22	24	40	28	43	35	31	35	33	17
Rv1915	1466	1014	1342	2423	1382	479	1383	2712	705	1330	495	951	529	645	912	1500	2417	1821	699	1728	833	2078	2503	2071
Rv1916	1478	871	1296	1927	1045	394	1085	1773	591	1008	455	778	509	319	447	633	766	522	624	705	427	929	768	544
Rv1917c	1127	704	887	1344	674	262	855	1281	485	738	340	533	300	136	339	319	377	378	355	335	281	433	408	316
Rv1918c	1832	1128	1311	2385	1406	431	1596	2781	787	1347	569	907	1446	855	1790	1406	1659	1667	1791	2195	1495	1922	1781	1713
Rv1919c	467	227	317	574	359	60	273	404	141	256	117	199	121	34	65	82	44	45	155	87	50	143	51	40
Rv1920	380	265	307	578	329	76	305	513	184	298	131	229	171	109	206	198	200	123	223	289	187	266	225	121
Rv1921c	395	214	283	397	217	83	273	341	169	264	111	174	102	64	82	82	95	78	141	145	100	133	123	76
Rv1922	399	240	362	556	345	129	397	716	180	324	158	213	131	99	178	203	214	220	134	230	128	279	229	219
Rv1923	808	446	578	1105	588	172	500	889	303	503	225	406	215	105	170	176	189	147	228	268	150	266	217	139
Rv1924c	305	179	252	401	205	72	167	240	98	221	75	146	58	27	49	58	41	23	77	51	51	56	26	27
Rv1925	1436	973	1191	2180	1149	400	1342	2286	690	1228	476	902	526	473	703	713	1051	878	697	1316	604	1061	1088	973
Rv1926c	1473	786	998	1137	614	165	1008	1042	592	571	407	431	406	279	492	341	435	402	452	766	442	467	416	442
Rv1927	576	316	419	950	508	169	423	877	242	510	153	351	206	150	236	352	368	314	204	392	228	468	376	380
Rv1928c	366	213	284	550	260	109	306	548	149	307	95	216	242	128	209	287	327	258	282	350	190	365	386	260
Rv1929c	795	443	620	1440	712	280	601	1260	347	784	269	682	176	109	211	271	390	370	219	385	262	448	421	455
Rv1930c	32	22	32	48	33	9	17	40	13	15	13	13	14	8	10	5	12	6	13	24	8	13	13	7
Rv1931c	113	66	101	179	91	40	72	158	39	92	43	76	27	14	24	39	53	21	29	43	17	50	52	24
Rv1932	1642	1111	1251	2170	1331	412	1123	1919	685	1277	485	811	838	527	741	650	667	543	1233	1415	811	980	791	606
Rv1933c	946	547	760	1537	906	290	826	1683	427	770	279	661	318	369	534	430	659	487	457	1119	548	652	779	564
Rv1934c	203	102	129	322	193	58	122	335	83	136	54	156	35	46	73	79	115	74	57	150	110	136	124	113
Rv1935c	64	37	37	96	52	9	40	61	25	50	16	25	25	15	24	21	22	3	24	23	37	34	23	15
Rv1936	140	79	98	226	98	37	103	181	46	95	34	88	42	26	41	58	69	56	73	72	49	102	62	67
Rv1937	726	383	531	978	550	208	455	837	293	517	183	442	106	82	162	165	199	210	142	225	135	254	257	244
Rv1938	88	60	85	123	76	27	88	124	40	64	25	56	17	9	18	30	24	33	24	37	22	56	53	29
Rv1939	37	21	25	78	38	19	36	61	14	30	14	39	12	12	10	20	33	7	17	19	6	22	20	18
Rv1940	206	148	195	370	202	92	175	315	97	207	68	149	78	70	92	132	145	151	95	187	122	160	190	139
Rv1941	738	460	764	1042	564	312	632	1062	370	526	342	565	514	464	662	534	630	531	706	1272	666	714	781	577
Rv1942c	217	131	205	265	165	72	166	322	97	160	86	162	131	114	155	150	164	171	185	252	156	227	177	194
Rv1943c	97	55	87	108	61	23	27	73	33	57	24	35	23	15	27	33	29	14	54	31	24	37	25	12
Rv1944c	84	47	59	112	53	28	43	108	38	74	21	27	39	20	33	48	54	69	66	87	41	75	69	77
Rv1945	829	534	674	1133	667	252	636	1187	371	659	267	470	142	83	194	266	344	478	165	254	194	410	375	536
Rv1946c	743	488	647	730	352	140	586	577	303	354	230	258	70	41	52	67	60	46	68	89	49	96	53	32
Rv1947	345	162	211	321	183	60	191	289	113	166	72	124	29	22	21	23	18	18	29	50	28	36	48	23
Rv1948c	425	258	309	712	372	149	428	831	159	396	128	330	356	178	278	346	294	261	409	378	275	408	292	263
Rv1950c	58	26	58	62	25	7	46	45	19	38	14	26	10	13	10	13	9	8	9	22	8	14	10	4
Rv1951c	48	18	49	57	23	8	21	42	17	27	6	13	6	1	8	9	8	3	10	8	5	13	1	5
Rv1952	163	82	97	154	95	29	62	115	27	90	27	57	73	18	38	44	19	14	93	43	28	77	10	16
Rv1953	36	31	40	78	46	12	18	38	25	53	10	21	19	7	20	12	5	16	24	16	19	26	10	11
Rv1954c	489	289	353	766	431	120	315	657	192	435	124	281	275	157	218	162	194	165	332	408	235	270	185	168
Rv1955	99	65	68	124	81	24	76	109	44	82	27	47	28	8	27	27	26	3	41	28	27	46	19	8
Rv1956	160	114	106	198	123	44	112	187	83	130	40	79	88	47	51	69	56	37	106	101	42	84	71	31
Rv1957	61	25	45	62	40	19	40	31	25	31	15	20	9	3	10	7	4	2	8	11	11	13	5	4
Rv1958c	47	29	40	47	25	11	23	43	12	26	14	19	17	5	27	9	16	36	10	25	24	14	26	47
Rv1959c	89	61	78	104	41	16	60	105	39	60	33	40	17	15	25	17	19	23	40	22	26	41	16	16
Rv1960c	13	9	14	16	8	1	8	6	5	9	5	6	6	1	4	5	5	1	9	10	8	10	6	3
Rv1961	238	135	123	297	148	49	190	336	69	157	59	120	47	52	62	47	113	82	62	118	73	114	106	87
Rv1962A	104	70	110	95	39	15	71	50	45	77	36	43	22	5	17	15	2	4	29	14	15	21	6	7
Rv1962c	327	225	290	407	195	77	307	389	186	235	97	168	299	289	412	233	291	335	336	701	419	361	322	349
Rv1963c	304	225	260	457	288	86	287	487	121	237	104	192	72	70	84	118	162	125	104	168	102	166	152	116
Rv1964	80	45	51	114	60	18	48	75	38	67	17	46	20	2	17	10	10	6	23	29	14	9	13	7
Rv1965	47	26	30	65	31	10	36	77	15	29	13	20	6	5	10	9	17	6	8	15	9	10	17	12
Rv1966	121	62	89	152	90	33	90	154	48	105	44	53	26	33	42	41	60	47	25	67	37	65	73	58
Rv1967	62	25	33	69	31	12	35	74	21	27	13	25	7	7	11	14	10	13	12	23	10	11	6	22
Rv1968	65	34	75	106	37	26	51	103	32	30	23	20	10	14	33	16	39	47	7	38	31	26	45	57
Rv1969	173	112	144	138	93	37	126	120	63	77	37	69	13	12	27	27	33	25	30	42	29	42	32	19
Rv1970	158	83	118	133	57	21	113	145	67	65	41	48	20	19	36	24	38	24	21	42	30	32	43	26
Rv1971	204	123	151	115	60	19	181	139	67	73	53	52	29	23	39	26	15	29	36	61	38	26	37	21
Rv1972	71	52	53	84	43	13	68	109	48	49	15	35	7	20	20	8	28	15	5	38	14	13	37	19
Rv1973	46	35	45	50	28	6	29	23	26	33	17	16	6	5	13	10	10	4	13	15	3	7	7	4
Rv1974	32	36	25	41	18	13	19	27	6	17	10	15	5	1	5	3	1	0	6	6	3	4	3	2
Rv1975	197	131	155	197	111	31	129	160	88	99	71	106	29	29	48	30	9	26	59	100	35	62	23	24
Rv1976c	594	325	472	781	490	158	482	764	244	463	182	361	93	66	116	85	114	66	133	191	99	123	109	43
Rv1977	688	340	516	1677	807	287	516	1649	238	830	193	911	86	65	109	264	288	155	134	188	103	403	311	167
Rv1978	405	239	319	886	442	167	253	783	168	428	122	384	141	75	102	191	202	129	178	192	95	288	196	157
Rv1979c	2641	1566	1959	4014	2072	702	2216	4040	1160	2080	744	1694	709	393	679	641	692	514	859	1081	757	904	765	546
Rv1980c	4990	3017	3562	4762	2851	991	4159	4970	2144	3055	1535	2144	3043	1778	3575	2307	2644	2341	3550	4449	3144	3204	2739	2316
Rv1981c	3719	2200	2901	4658	2516	901	2893	4782	1454	2742	1037	1957	3426	1836	3784	2839	2991	2494	4447	4908	3365	3990	3483	2583
Rv1982A	353	287	395	679	376	234	262	602	174	444	171	272	404	191	334	358	242	310	416	501	292	558	266	299
Rv1982c	528	314	367	538	263	123	378	466	214	287	171	271	151	66	118	152	148	78	150	172	85	202	138	85
Rv1983	919	520	718	1292	690	206	643	1187	370	674	266	484	178	144	191	212	209	170	260	348	194	286	301	188
Rv1984c	183	118	132	320	170	50	153	282	70	184	49	126	127	99	155	132	163	191	190	285	167	244	213	215
Rv1985c	245	159	186	393	209	67	177	364	133	243	84	165	62	16	38	45	55	44	53	58	40	71	63	45
Rv1986	302	178	257	354	199	87	315	437	146	197	94	134	113	186	228	102	128	110	125	397	212	162	146	129
Rv1987	2940	1971	2937	3801	2317	890	2277	3736	1225	2171	1053	1881	1454	829	1462	904	832	700	1813	2294	1460	1315	928	801
Rv1988	705	403	529	845	444	151	518	759	297	376	215	401	92	106	125	129	154	111	125	290	131	173	186	144
Rv1989c	556	282	401	630	340	110	400	530	196	273	136	241	133	60	88	92	104	62	144	164	96	119	106	57
Rv1990c	477	257	341	405	241	82	265	358	123	195	118	195	106	33	67	69	29	38	125	74	77	117	38	34
Rv1991A	150	80	119	211	98	43	104	154	55	106	53	91	28	23	27	15	16	11	40	33	37	29	11	17
Rv1991c	151	102	126	211	116	37	95	174	47	117	48	95	42	10	44	27	25	34	51	45	30	48	28	21
Rv1992c	1275	781	1142	1987	1039	451	990	2133	541	1016	409	923	166	198	222	243	375	289	218	487	227	385	400	281
Rv1993c	36	24	36	35	15	14	10	19	11	29	9	18	0	2	1	2	5	0	4	5	1	7	1	0
Rv1994c	272	193	269	381	174	76	210	312	112	195	75	172	56	31	46	40	68	70	56	109	47	58	63	65
Rv1995	91	44	55	82	41	17	70	65	31	43	23	29	20	20	45	39	50	19	28	58	30	31	52	35
Rv1996	327	170	284	23827	12976	5075	233	24000	120	12947	90	6239	91	40	70	83	201	1641	110	91	83	125	236	1895
Rv1997	376	234	301	2030	1235	444	333	2265	164	1253	139	621	69	37	68	99	124	257	74	127	59	134	157	214
Rv1998c	248	150	221	289	175	67	232	294	98	167	74	116	150	135	194	184	293	220	183	398	181	256	293	253
Rv1999c	139	77	98	154	90	30	97	151	70	79	45	66	11	15	12	14	14	21	18	26	9	21	18	23
Rv2000	344	211	291	436	230	64	308	477	169	250	106	150	172	118	323	261	314	321	222	291	242	340	390	338
Rv2001	229	130	198	261	138	49	167	230	105	134	73	92	98	60	84	114	128	121	110	177	73	147	146	103
Rv2002	353	215	313	315	171	57	297	282	141	158	139	133	60	58	131	93	113	83	127	156	108	153	113	98
Rv2003c	426	243	338	780	487	186	304	887	166	509	137	282	49	49	56	117	138	79	66	153	74	153	151	101
Rv2004c	783	453	691	3125	2258	827	603	3533	312	2207	201	1011	166	110	133	263	330	363	214	255	128	414	376	345
Rv2005c	997	576	786	11280	7915	2254	758	13026	361	7203	262	3199	177	57	152	184	174	356	184	143	119	245	199	365
Rv2006	1171	786	1013	5089	3304	1318	874	5947	506	3333	347	1622	470	298	455	691	889	1307	564	814	453	988	948	1378
Rv2007c	136	88	143	2417	1539	496	126	1423	74	1293	69	476	54	40	100	84	115	205	80	111	75	112	126	179
Rv2008c	137	58	84	128	79	30	82	148	56	66	37	79	38	18	22	27	27	38	33	41	20	45	34	33
Rv2009	75	53	46	102	59	14	30	48	16	45	20	25	7	5	6	18	8	2	19	7	4	18	4	3
Rv2010	438	283	351	771	400	150	393	771	197	400	128	342	164	190	304	283	420	320	215	573	290	431	510	413
Rv2011c	101	43	81	134	70	25	69	104	39	69	28	55	34	34	46	46	37	41	29	56	49	45	55	52
Rv2012	115	50	72	156	68	39	87	141	41	61	35	66	16	15	33	31	46	22	25	66	15	45	19	22
Rv2015c	1451	801	982	3571	1918	707	1043	3496	582	1774	336	1461	211	119	200	390	368	252	266	310	198	557	379	278
Rv2016	357	233	334	555	277	136	209	578	161	336	115	244	150	56	133	222	194	146	189	180	125	304	217	164
Rv2017	464	258	373	779	382	159	357	779	176	374	170	338	123	78	161	322	356	334	152	200	162	489	394	351
Rv2018	493	248	337	679	376	136	332	657	194	350	125	311	177	108	146	157	249	180	205	222	173	287	255	233
Rv2019	292	158	229	294	155	53	287	316	127	145	97	148	91	85	148	90	122	104	89	199	122	115	110	91
Rv2021c	775	513	605	847	441	159	598	860	383	541	234	355	187	144	251	153	150	143	232	393	258	211	157	156
Rv2022c	462	250	310	531	258	86	320	379	196	286	98	172	109	82	139	86	104	69	135	167	137	141	115	76
Rv2023c	265	169	180	337	230	64	192	343	109	181	78	190	55	23	39	37	42	14	70	59	49	69	53	23
Rv2024c	2031	1154	1322	4406	2518	760	1550	4066	716	2190	450	1767	333	181	324	565	632	378	496	510	323	760	662	429
Rv2025c	1308	930	1020	960	521	173	1344	1184	583	504	428	333	232	299	438	242	473	383	274	837	389	352	513	356
Rv2026c	165	81	87	137	87	30	82	113	61	69	42	56	24	18	13	26	14	13	23	33	16	32	7	14
Rv2027c	368	239	308	655	342	107	335	613	161	344	121	250	177	106	180	229	239	248	202	335	183	329	286	275
Rv2028c	68	34	64	266	180	82	30	275	29	136	14	86	4	8	5	2	8	12	4	6	3	11	6	6
Rv2029c	24	12	19	871	596	264	13	814	12	815	13	198	2	1	6	6	11	144	3	3	1	5	7	157
Rv2030c	196	78	135	21024	15232	5597	123	27656	68	15544	51	5591	25	37	35	48	284	5481	25	102	29	77	347	6234
Rv2031c	89	63	63	21076	13784	4003	58	25055	38	12196	38	5470	20	9	5	35	307	3063	21	13	5	40	359	3621
Rv2032	136	79	97	7037	4448	1409	93	7082	40	4479	47	1620	10	6	21	31	150	1437	17	27	24	31	157	1383
Rv2033c	318	221	288	448	244	73	289	450	97	228	84	177	53	62	76	56	103	87	76	168	77	79	100	72
Rv2034	528	288	401	545	326	109	327	455	232	325	114	164	19	15	28	32	38	27	24	60	42	56	57	45
Rv2035	92	79	76	124	58	28	88	126	77	65	38	53	49	26	49	43	58	39	67	78	53	56	49	61
Rv2036	357	197	292	363	242	103	342	487	173	249	125	154	142	109	168	91	136	103	168	265	161	126	133	98
Rv2037c	340	159	238	520	245	113	202	435	126	237	100	189	58	54	48	87	74	36	78	109	56	107	83	42
Rv2038c	265	161	232	608	344	139	230	682	126	347	92	273	85	37	60	126	141	88	88	91	38	220	149	87
Rv2039c	293	171	263	622	363	130	175	566	113	344	85	241	52	21	34	85	75	54	54	67	24	106	80	65
Rv2040c	360	260	337	807	438	154	333	736	175	373	134	336	247	132	248	351	399	393	270	359	208	448	414	443
Rv2041c	485	318	384	1139	575	228	378	925	182	588	126	491	61	55	102	216	218	224	110	152	92	288	230	281
Rv2042c	783	524	587	1699	958	332	566	1398	275	865	233	679	141	66	99	202	241	185	160	207	104	326	262	201
Rv2043c	1029	719	883	2310	1297	500	763	2421	383	1299	333	973	378	285	493	648	700	652	459	717	504	878	819	711
Rv2044c	66	23	37	53	33	7	34	59	16	50	8	36	5	11	8	11	14	7	12	19	9	9	16	4
Rv2045c	1136	729	859	2414	1312	439	882	2250	467	1203	329	882	451	437	603	737	907	895	552	1230	616	1057	1063	938
Rv2046	341	215	292	783	433	152	256	627	178	409	97	275	89	123	217	188	268	240	128	350	182	267	337	259
Rv2047c	1678	1170	1267	6322	3385	1224	1421	6475	721	3262	483	2309	499	420	523	1240	1484	1225	631	1050	543	1754	1671	1359
Rv2048c	11685	7877	9153	36454	21051	6804	9567	34551	4876	17992	3236	13485	3948	3065	3904	6293	7920	6072	4953	8078	4284	8941	8667	6686
Rv2049c	398	252	354	689	319	101	380	586	153	251	115	288	93	46	79	74	80	34	118	107	76	127	103	44
Rv2050	1243	595	921	1562	818	316	590	1002	353	710	321	763	77	36	82	78	72	52	94	115	82	126	65	45
Rv2051c	10095	6054	8462	26779	13788	5759	7657	24797	4124	12553	3094	12028	1864	1137	1744	3499	4000	2900	2336	3140	1758	5124	4596	3176
Rv2052c	3762	2517	3236	16672	8291	3632	3167	15191	1391	7140	1245	7023	538	566	621	2093	3285	2189	578	1544	675	3187	3545	2441
Rv2053c	1026	554	897	2811	1392	556	605	2007	353	1057	244	1123	90	85	86	231	285	224	109	191	81	298	270	194
Rv2054	631	453	585	909	531	174	525	988	299	497	186	347	578	498	686	537	702	625	786	1431	745	850	782	726
Rv2055c	175	117	120	191	111	56	137	209	56	105	48	112	87	44	81	53	65	38	160	174	111	127	59	62
Rv2056c	4	11	10	16	5	4	4	6	4	5	2	6	0	1	1	1	0	1	2	0	1	2	1	2
Rv2057c	0	0	0	1	0	0	0	0	0	0	0	0	0	0	0	0	0	0	0	0	0	0	0	0
Rv2058c	12	6	18	19	10	7	11	11	5	8	4	6	6	1	4	3	5	5	7	3	0	6	2	1
Rv2059	297	200	241	520	321	138	248	574	117	292	92	262	118	84	110	224	249	194	148	251	137	250	269	200
Rv2060	0	0	0	0	0	0	0	0	0	0	0	0	0	0	0	0	0	0	0	0	0	0	0	0
Rv2061c	496	311	366	745	483	167	262	560	206	461	142	216	134	66	114	122	83	93	180	184	141	187	102	61
Rv2062c	1311	801	951	2091	1202	379	965	2049	552	1097	355	761	237	208	326	348	489	322	334	594	349	533	563	375
Rv2063	6	1	1	3	1	2	0	0	0	0	1	0	0	0	0	2	1	0	0	0	0	2	1	0
Rv2063A	142	96	150	257	147	73	109	266	78	194	56	103	282	293	339	576	585	627	298	792	357	731	714	724
Rv2064	895	630	764	2060	1151	410	809	2121	362	946	243	892	229	287	299	455	713	574	282	807	352	668	796	580
Rv2065	368	239	316	853	414	153	303	787	194	435	107	307	51	109	80	149	215	114	110	217	99	224	302	173
Rv2066	838	506	582	1557	822	314	630	1527	314	739	227	593	154	178	274	338	467	352	216	529	302	511	567	419
Rv2067c	800	414	559	1022	551	203	537	928	302	547	227	409	443	152	245	308	220	204	569	403	271	437	251	199
Rv2068c	473	311	368	880	520	136	410	822	208	567	161	338	343	295	530	515	664	525	439	852	535	785	739	601
Rv2069	328	202	213	448	254	67	225	353	119	255	86	167	160	102	128	167	152	118	228	232	99	277	160	121
Rv2070c	138	83	95	149	76	31	107	145	56	102	35	69	25	27	30	34	36	19	41	59	31	44	37	21
Rv2071c	53	31	31	72	35	14	34	70	14	37	28	12	10	8	8	12	24	15	17	26	11	22	22	17
Rv2072c	233	92	162	255	127	47	133	199	66	140	60	90	39	34	33	41	49	42	29	78	41	57	64	32
Rv2073c	189	129	196	253	140	57	147	208	63	134	55	78	39	29	42	48	53	34	54	107	53	86	80	41
Rv2074	568	342	412	885	491	142	337	653	222	460	124	350	194	170	234	197	191	197	234	442	249	242	223	196
Rv2075c	1143	782	970	1919	1067	369	943	1949	521	1106	322	832	621	737	1064	905	1236	1092	807	2101	1116	1495	1469	1142
Rv2076c	89	58	91	111	49	21	54	53	43	51	15	36	63	40	61	39	28	30	77	84	47	44	29	24
Rv2077A	30	18	31	40	21	12	22	31	13	21	6	10	26	26	25	22	17	11	41	39	19	36	28	18
Rv2077c	179	90	116	202	120	34	110	181	77	138	42	75	83	61	83	133	109	103	96	144	108	148	152	116
Rv2078	24	11	9	48	23	6	17	24	13	27	6	23	19	1	11	17	12	14	27	7	6	24	22	13
Rv2079	665	394	541	1030	600	228	481	1005	245	565	170	450	663	406	664	942	953	762	825	976	627	1340	970	774
Rv2080	2022	1234	1514	2812	1637	525	1572	2603	747	1645	548	1083	1036	626	1196	1008	1034	774	1185	1589	962	1317	1069	813
Rv2081c	2278	1456	1932	2470	1385	434	1773	2331	1025	1409	685	804	1597	1751	2742	1551	2036	2014	1840	4180	2344	2237	2072	2140
Rv2082	2709	1814	2269	3528	1972	665	2416	3659	1085	2000	879	1331	2189	1710	3283	2346	2956	3053	2852	4630	3157	3517	3316	3354
Rv2083	739	408	503	687	400	116	437	508	256	318	192	297	79	31	75	74	59	28	113	152	82	136	75	41
Rv2084	750	459	585	804	429	140	589	648	324	401	236	377	142	117	174	153	146	103	193	305	159	211	215	105
Rv2085	19	11	28	23	8	1	12	9	4	2	6	5	3	0	1	1	0	0	2	1	3	4	4	2
Rv2086	95	50	70	104	54	31	60	74	34	30	27	33	13	3	15	8	11	4	10	12	8	11	7	10
Rv2088	420	319	352	625	362	114	373	613	191	304	110	213	121	107	163	202	283	196	170	344	179	273	350	200
Rv2089c	172	104	108	233	127	50	130	259	51	100	44	104	41	24	44	81	91	67	43	64	37	86	85	63
Rv2090	347	217	298	859	454	166	299	776	133	355	115	396	146	119	197	271	419	248	150	394	181	428	447	286
Rv2091c	4540	3130	3952	9201	5170	1996	3945	9369	2248	5460	1483	3588	2093	2106	3470	3180	4361	3770	2592	5840	3204	4656	4839	4071
Rv2092c	2487	1560	2164	7566	4198	1406	1946	7098	1020	3755	774	3168	615	451	706	1165	1249	817	896	1321	704	1748	1374	947
Rv2093c	1540	1017	1481	4162	2150	830	1373	4058	688	2092	486	1686	847	607	770	1325	1600	1570	1083	1571	846	1778	1616	1622
Rv2094c	2026	1098	1423	3198	1676	536	1005	1825	588	1460	480	1100	446	123	301	272	120	137	510	317	255	323	131	137
Rv2095c	848	525	775	1852	1058	397	850	2077	378	1003	323	789	202	314	353	448	819	629	252	886	372	602	947	700
Rv2096c	1504	925	1380	3136	1760	627	1117	2759	578	1516	437	1358	287	144	237	368	324	276	322	340	212	548	390	274
Rv2097c	4573	2778	3705	8648	4838	1971	3606	9080	1814	4832	1432	3649	2085	1328	2324	2961	3644	3366	2378	3495	2211	4197	3906	3482
Rv2100	3642	2237	2759	6294	3527	1052	2601	5556	1452	3385	989	2371	537	315	568	607	784	604	709	923	554	930	922	688
Rv2101	4222	2724	3823	6676	3716	1259	3412	5986	1850	3357	1304	2622	1555	1243	1859	2456	3388	2408	1879	3563	1728	3529	3570	2669
Rv2102	874	532	844	1163	642	229	726	1147	321	612	332	486	316	231	360	449	634	451	361	772	408	661	710	585
Rv2103c	373	207	312	509	268	96	238	451	131	226	101	206	85	100	153	184	160	140	139	209	145	225	169	169
Rv2104a	67	33	46	65	41	18	39	45	27	32	20	33	30	20	28	20	14	19	23	46	33	16	22	18
Rv2104c	164	84	148	269	126	63	99	178	96	143	50	96	45	24	35	52	27	20	67	52	47	71	33	21
Rv2107	23	5	13	33	27	5	20	24	3	13	9	15	7	1	4	8	11	8	11	4	3	14	7	5
Rv2108	1068	620	741	1002	522	169	934	983	507	519	354	392	407	192	360	169	158	153	423	384	270	231	167	167
Rv2109c	2424	1483	1884	5004	2501	994	2293	5364	1043	2424	754	2332	1300	802	1265	1610	2039	1537	1524	2279	1210	2389	2178	1661
Rv2110c	1808	1072	1448	3675	1815	676	1328	3157	627	1627	525	1605	514	186	342	586	593	266	630	509	357	822	534	297
Rv2111c	343	243	299	657	302	131	233	443	155	373	105	255	179	142	201	230	215	188	218	367	196	313	239	215
Rv2112c	1816	1066	1276	3794	2050	651	1348	3700	783	2020	535	1492	645	492	720	1114	1413	1141	822	1356	812	1710	1801	1267
Rv2113	634	351	453	1664	829	375	569	1772	294	865	196	718	217	157	269	311	450	331	282	471	268	494	471	364
Rv2114	2392	1545	1938	4600	2579	1001	1775	4663	1121	2781	712	2155	1158	949	1437	1402	1761	1933	1308	2276	1374	1849	1899	1814
Rv2115c	10730	6765	9245	26494	14376	5468	9107	27492	4770	14310	3618	12092	5190	3319	6914	6445	8092	7717	6183	8739	6148	8972	8571	7947
Rv2116	131	105	109	167	110	39	81	105	36	97	41	75	15	12	12	24	20	19	24	45	8	35	24	17
Rv2117	113	61	78	162	80	34	61	125	44	97	29	61	24	28	27	33	53	41	26	47	33	51	54	36
Rv2118c	246	163	165	456	286	69	159	368	75	185	56	149	62	37	75	119	74	76	77	98	54	149	94	75
Rv2119	337	204	237	585	322	126	241	536	109	288	56	214	168	163	174	277	327	250	216	420	196	406	359	275
Rv2120c	221	100	146	194	108	40	125	141	55	102	52	83	73	30	47	37	41	50	78	91	32	98	53	50
Rv2121c	101	48	70	79	54	17	74	94	38	49	27	45	18	16	5	21	21	9	13	34	8	19	20	9
Rv2122c	5	8	5	14	3	1	2	8	0	2	1	2	0	0	0	3	2	0	0	0	0	1	1	0
Rv2123	105	85	81	216	105	31	79	161	46	81	24	90	16	14	15	17	19	20	15	25	19	27	29	25
Rv2124c	3499	2119	3090	7233	3646	1421	2847	7736	1441	3675	1205	3295	1642	1331	2035	2202	3157	2610	1893	3470	1922	3145	3143	2652
Rv2125	632	373	483	1152	617	189	370	698	184	506	146	414	86	27	75	100	73	67	115	115	72	168	84	72
Rv2126c	85	57	58	179	73	27	58	108	21	65	12	76	8	8	10	11	8	6	10	23	14	16	7	16
Rv2127	4750	3009	3624	6942	3760	1281	4165	7231	2103	3754	1431	2584	2337	2148	2862	3153	4356	3762	2980	5681	2876	4011	4614	3774
Rv2128	123	90	80	128	74	34	52	80	71	117	32	32	30	7	25	26	18	15	40	20	21	34	10	8
Rv2129c	1240	799	964	1834	889	342	1250	2051	507	909	423	793	436	459	629	481	692	543	532	1311	678	752	864	587
Rv2130c	1459	863	1132	2720	1392	480	1205	2468	620	1361	405	1079	421	343	540	647	556	496	562	769	513	784	664	497
Rv2131c	1079	665	727	2246	1231	465	823	2321	509	1225	315	934	228	282	400	386	600	461	247	828	415	649	666	507
Rv2132	444	267	363	543	336	122	374	491	183	335	139	245	309	235	368	267	352	258	327	552	328	308	421	216
Rv2133c	665	379	476	1236	622	228	452	1127	225	590	159	536	184	116	182	237	229	215	238	382	185	315	246	226
Rv2134c	1310	778	1011	2347	1270	433	1040	2013	592	1156	390	1023	267	174	209	276	227	204	321	537	225	340	267	191
Rv2135c	551	356	513	1456	702	320	513	1334	259	740	211	601	195	252	279	302	396	352	225	578	266	421	476	379
Rv2136c	1283	726	1080	2675	1410	556	925	2514	430	1249	399	1260	373	120	251	330	275	180	448	431	254	474	275	181
Rv2137c	1511	855	1226	2516	1267	444	947	1719	520	1006	459	1117	239	107	186	231	160	134	297	326	198	367	220	157
Rv2138	1813	1176	1612	2915	1771	641	1895	3955	911	1819	568	1325	1055	1104	1653	1414	2394	2126	1359	3337	1715	2075	2653	2229
Rv2139	1496	945	1226	2274	1271	425	1307	2698	671	1272	524	868	319	358	427	455	715	516	411	1041	477	726	920	590
Rv2140c	375	256	295	472	275	103	272	390	123	206	99	185	37	30	66	50	41	64	47	92	83	59	57	98
Rv2141c	668	417	566	960	535	168	512	854	279	472	201	412	125	106	120	113	130	90	178	244	132	152	175	101
Rv2142A	227	113	139	294	158	71	120	152	67	174	54	89	30	14	21	15	8	5	59	30	9	33	17	9
Rv2142c	155	104	150	190	79	23	92	126	65	94	42	84	31	15	17	20	25	9	26	26	20	23	18	17
Rv2143	1122	725	980	1904	998	408	1170	2161	461	926	391	888	159	230	278	379	867	635	157	558	284	602	954	717
Rv2144c	409	224	317	518	296	83	197	251	120	207	84	202	31	4	25	17	20	16	45	28	25	24	9	8
Rv2145c	8057	5301	7539	14482	8073	3356	7003	14817	3389	7530	2835	6691	3544	2038	3849	4352	5404	3663	4611	5748	3622	6394	6085	3994
Rv2146c	2089	1405	1860	3746	1915	800	2523	5086	897	1919	739	1752	1040	939	1425	1158	1978	1472	1333	2394	1304	1550	2019	1374
Rv2147c	4105	2478	3594	6381	3588	1301	2764	5357	1569	3394	1214	2812	1848	1014	1528	1631	1677	1126	2348	2706	1584	2455	1874	1328
Rv2148c	421	245	331	1044	544	203	269	765	148	420	119	402	71	42	56	116	111	50	92	93	66	125	127	76
Rv2149c	1601	1009	1318	3849	1975	796	1331	3415	688	1899	448	1661	296	270	401	598	735	537	396	775	412	868	834	662
Rv2150c	5619	3519	4295	11334	6114	2150	4022	10032	2152	5146	1565	5112	1504	887	1510	1946	2186	1545	1671	2229	1379	2536	2344	1502
Rv2151c	955	564	852	1787	931	411	744	1673	391	877	308	779	257	146	289	455	470	282	324	461	268	567	444	261
Rv2152c	1982	1074	1769	4281	2275	937	1178	3407	722	2024	569	1586	581	309	536	945	928	775	734	847	500	1442	929	860
Rv2153c	1261	767	1097	2664	1456	582	832	2006	422	1118	378	1126	100	86	96	262	186	112	153	265	114	440	290	134
Rv2154c	4034	2821	3876	10030	5378	2249	3405	9047	1674	4697	1312	4138	1120	1014	1370	2308	3253	2661	1336	2886	1455	3543	3720	3011
Rv2155c	823	466	629	1075	595	174	412	656	279	448	181	392	60	37	47	57	60	35	87	97	50	101	60	39
Rv2156c	369	240	306	450	279	89	227	361	128	207	84	144	69	31	51	56	47	44	85	93	57	61	49	46
Rv2157c	342	214	260	497	294	96	336	451	142	241	92	152	36	59	130	82	114	118	65	203	124	112	104	145
Rv2158c	695	392	514	935	523	154	625	983	317	504	175	336	89	139	179	134	257	195	157	435	205	247	348	236
Rv2159c	221	123	169	326	129	70	151	294	69	152	77	137	12	11	11	27	42	13	18	36	11	42	43	10
Rv2161c	394	245	263	603	376	115	232	440	118	254	105	275	16	12	10	14	21	16	13	29	14	17	16	19
Rv2162c	3517	2109	2571	4971	2833	920	2394	4114	1311	2352	895	2002	192	161	218	267	313	224	249	477	212	412	340	184
Rv2163c	4591	2966	4351	7626	4028	1720	3986	7497	1998	3722	1646	2946	1277	938	1387	1691	2066	1610	1582	2571	1375	2397	2307	1774
Rv2164c	2236	1536	2150	4398	2445	1043	1743	4040	908	2091	730	1754	316	266	354	816	873	685	450	927	428	1228	1188	866
Rv2165c	2056	1192	1662	3440	1814	608	1155	2325	783	1482	494	1298	254	158	229	491	411	336	303	363	218	651	411	318
Rv2166c	1647	964	1509	2308	1261	556	1106	1993	691	1295	540	985	630	576	1054	821	1040	1024	771	1299	809	1057	1020	1023
Rv2169c	172	89	109	180	93	29	80	114	60	69	57	84	18	22	10	20	8	6	19	23	6	18	8	15
Rv2170	143	88	106	217	114	40	122	208	57	115	49	89	78	60	102	87	157	97	69	208	63	95	167	132
Rv2171	400	265	297	435	304	94	313	517	157	288	125	189	256	209	366	257	316	247	354	562	340	429	361	295
Rv2172c	962	579	733	1809	992	302	785	1726	449	994	297	783	718	572	902	1019	1308	1226	756	1490	880	1389	1378	1283
Rv2173	642	422	555	1021	583	191	470	971	278	565	166	387	217	152	235	345	397	259	229	477	215	471	451	282
Rv2174	569	325	394	913	474	163	369	773	204	412	147	377	122	98	109	136	141	123	142	208	116	185	170	109
Rv2175c	608	417	508	911	508	185	490	850	225	504	185	340	197	92	195	129	126	90	221	248	155	194	152	97
Rv2176	757	449	541	824	452	162	524	806	290	469	216	322	151	121	111	140	146	108	196	261	161	193	155	134
Rv2177c	174	77	130	273	131	43	81	170	64	122	51	88	31	13	24	24	19	38	23	36	22	39	30	24
Rv2178c	2111	1275	1513	3774	1973	656	1719	3883	889	1995	614	1645	1198	738	1238	1325	1657	1150	1417	1942	1291	1692	1670	1259
Rv2179c	127	78	84	194	119	31	102	132	60	85	46	57	20	13	22	14	6	26	17	52	15	28	10	15
Rv2180c	433	235	336	544	338	101	294	457	173	361	112	234	149	140	259	170	174	202	181	299	236	233	204	215
Rv2181	1675	1015	1224	2451	1285	458	1307	2349	799	1174	506	1079	360	354	411	533	704	472	403	859	418	667	686	499
Rv2182c	4766	2981	3865	7062	3692	1433	4723	8096	2212	4029	1481	2922	4777	2921	5224	3891	4640	4863	6067	7474	5070	5604	4858	5088
Rv2183c	736	479	688	800	458	148	702	827	373	463	276	323	164	85	138	118	121	106	187	276	171	242	161	98
Rv2184c	1851	1152	1556	1935	1047	333	1443	1679	797	899	536	757	229	127	173	245	267	171	258	395	182	347	280	150
Rv2185c	678	369	472	506	294	73	357	386	210	289	179	234	111	17	50	53	36	15	134	61	42	62	29	20
Rv2186c	141	82	81	197	114	30	102	134	66	90	22	56	34	27	43	42	21	12	60	57	37	81	30	18
Rv2187	1364	819	1105	1527	816	307	1022	1361	554	875	432	594	465	233	457	417	389	313	506	625	424	512	481	306
Rv2188c	432	281	389	497	268	75	338	416	189	276	129	191	72	38	54	54	70	65	76	110	45	81	78	49
Rv2189c	329	236	225	424	229	75	256	341	123	163	69	167	82	56	78	66	50	67	106	172	75	78	69	56
Rv2190c	6462	3946	4586	8419	4785	1380	4917	7454	2612	4107	1621	3177	3639	1583	2580	2243	2103	1482	4421	4264	2618	3195	2357	1521
Rv2191	730	435	459	1710	925	262	543	1403	260	827	158	623	117	140	159	425	556	321	152	328	157	653	566	378
Rv2192c	527	296	381	1032	509	160	408	912	196	532	132	352	240	228	331	471	561	385	361	629	373	678	717	457
Rv2193	4677	2792	3321	8337	4482	1476	3681	7823	1894	4392	1310	2851	3200	1646	2883	3339	3152	2748	3970	4350	2818	4560	3414	2840
Rv2194	2780	1756	2147	5533	3254	1043	2183	5459	1261	3244	818	2005	1607	1434	2100	2852	3972	3648	2086	3965	2064	3890	4290	4039
Rv2195	4724	2777	3568	7636	4323	1372	3398	7053	1885	4106	1374	2779	2749	1750	2605	2976	3350	2981	3508	4527	2556	4356	3725	3366
Rv2196	9615	5612	7555	12072	6531	2106	8019	12691	3841	6048	2975	4724	4629	3749	5372	4990	6399	6471	5767	10236	5703	6975	7170	6782
Rv2197c	1572	992	1280	2447	1167	454	1136	1748	700	1115	470	1043	182	128	219	220	242	212	229	327	184	283	274	232
Rv2198c	2788	1944	2478	4736	2722	1147	2706	5671	1190	2861	988	1899	992	1139	1764	2453	3659	3427	1252	3150	1811	3343	4068	3750
Rv2199c	1223	755	994	1833	1143	307	865	1740	492	1021	327	598	534	225	379	505	393	288	633	611	295	770	439	320
Rv2200c	4322	2641	3372	7630	4396	1287	3468	7629	1868	3789	1257	3079	2869	820	1717	2173	1652	979	3227	2065	1693	2830	1897	1057
Rv2201	2092	1279	1705	4051	2028	830	1551	3437	866	1990	592	1593	304	213	334	404	377	319	368	620	353	547	424	340
Rv2202c	4104	2628	3575	10791	5828	2269	3635	10941	1832	5679	1386	4492	1294	857	1410	1563	1679	1258	1794	2498	1383	2294	2024	1401
Rv2203	2310	1357	1760	4108	2079	676	1339	2937	833	1662	588	1867	360	158	278	317	320	275	438	422	299	559	348	260
Rv2204c	3360	1901	2477	5103	2799	949	1834	3750	1162	2217	914	2274	771	151	253	511	233	130	867	439	265	557	225	155
Rv2205c	931	532	631	1099	617	201	531	711	346	634	226	435	128	40	69	85	71	26	153	106	86	148	73	33
Rv2206	878	538	635	1741	977	304	701	1563	428	1040	277	631	380	289	369	521	596	512	512	833	459	749	610	477
Rv2207	717	418	495	1369	834	261	509	1168	268	740	180	549	100	87	139	174	194	142	156	249	126	302	282	156
Rv2208	1601	1031	1229	1858	1081	325	1167	1693	713	1088	432	739	258	228	277	310	396	199	288	605	318	434	450	237
Rv2209	2198	1278	1636	4279	2175	756	1493	3503	782	2189	674	1682	344	221	331	441	496	383	409	661	347	581	552	389
Rv2210c	953	640	754	1591	891	284	714	1577	381	821	274	644	230	221	304	356	467	306	286	635	332	507	461	345
Rv2211c	1080	734	735	1416	801	235	912	1416	431	771	270	495	292	342	463	340	572	413	370	931	441	559	614	429
Rv2212	974	576	722	1579	842	305	684	1639	426	816	268	591	208	321	404	484	775	720	251	798	408	665	866	739
Rv2213	1389	889	1076	1889	1066	346	1024	1581	610	997	380	793	251	217	347	332	404	274	307	524	307	480	349	281
Rv2214c	2502	1461	1753	4867	2855	852	2099	5150	964	2555	624	1889	1071	828	1231	2424	2625	1905	1329	2090	1165	3147	2741	1952
Rv2215	5682	3547	4649	9198	5378	1826	4478	9401	2609	5471	1848	3674	1989	1507	2443	2882	3402	2412	2530	4189	2400	4326	3694	2644
Rv2216	794	497	578	1217	637	199	536	1041	285	624	202	448	190	176	291	353	435	312	225	463	240	521	406	288
Rv2217	2463	1569	2075	3804	2146	818	1945	3628	1046	2029	726	1564	370	264	411	697	589	459	462	800	463	1025	812	525
Rv2218	1968	1353	1734	3256	1879	709	1811	3646	981	1811	694	1408	663	812	1179	1353	2209	2144	939	2346	1162	1882	2446	2331
Rv2219	1116	616	802	1564	942	307	595	1146	372	736	310	677	139	78	94	121	110	60	166	217	130	211	160	84
Rv2219A	404	245	323	629	347	138	257	547	178	340	133	236	58	31	65	75	96	69	70	106	63	118	106	77
Rv2220	4958	3498	5039	5575	3404	1283	5236	6928	2675	3469	2041	2399	4494	3710	5283	3440	4891	4124	5321	9963	5389	5033	5203	4211
Rv2221c	3797	2184	3026	5137	2711	924	2957	4823	1418	2578	1196	2057	600	467	856	861	942	857	801	1302	804	1233	1051	928
Rv2222c	2934	1795	2426	5638	3121	1102	2084	5251	1281	3051	865	2333	1251	1076	1595	1946	2661	2526	1597	2856	1648	2656	2903	2478
Rv2223c	1014	629	788	2023	1072	350	852	2328	431	1004	287	749	454	593	735	936	1520	1211	602	1610	845	1285	1762	1297
Rv2224c	1907	1134	1377	3922	2151	718	1470	3728	750	2097	551	1720	498	355	574	722	852	589	721	932	540	1077	858	659
Rv2224d	29	17	24	59	39	13	22	36	10	30	14	15	5	0	5	1	4	2	5	1	2	4	2	6
Rv2225	4754	2639	3791	7054	3490	1259	3728	6059	1955	3521	1437	3574	591	461	647	1456	1864	1285	683	1350	688	2123	2088	1410
Rv2226	737	385	513	704	358	155	567	758	273	352	200	284	55	80	71	289	340	221	83	119	72	426	409	274
Rv2227	383	211	285	391	208	55	205	304	115	190	104	152	70	43	77	51	39	18	71	125	72	76	60	22
Rv2228c	797	538	633	1005	623	193	557	1012	367	637	231	384	274	180	266	289	310	277	321	446	252	372	328	266
Rv2229c	289	180	213	561	258	96	185	490	122	241	74	191	66	38	70	80	75	35	66	94	58	115	62	46
Rv2230c	762	517	574	1282	731	195	595	1189	313	695	210	478	94	103	101	168	226	167	130	245	127	258	247	210
Rv2231A	36	25	54	54	21	7	25	36	9	26	14	19	7	2	3	3	14	9	4	11	7	18	10	8
Rv2231B	0	0	0	0	0	0	0	0	0	0	0	0	0	0	0	0	0	0	0	0	0	0	0	0
Rv2231c	461	327	377	982	619	184	402	1007	205	506	136	368	124	68	167	203	248	189	131	249	137	310	247	173
Rv2232	265	152	215	424	255	86	192	371	104	231	86	178	55	41	58	121	122	84	52	120	53	136	148	88
Rv2234	192	138	185	349	206	83	185	406	108	240	68	142	104	90	144	191	202	225	105	235	130	290	260	229
Rv2235	385	231	377	728	426	173	361	823	191	428	169	273	210	181	275	261	387	275	203	476	265	370	424	315
Rv2236c	189	131	183	289	200	53	157	273	86	171	65	125	75	73	123	80	152	121	79	217	144	130	171	155
Rv2237	1249	730	925	1702	961	291	842	1396	531	869	378	742	332	177	288	260	299	264	365	486	283	386	336	275
Rv2237A	100	41	56	86	69	14	31	91	28	57	16	39	33	17	21	27	26	28	53	45	27	48	38	28
Rv2238c	695	310	426	646	389	112	274	447	150	238	159	218	84	22	50	49	42	17	127	48	56	72	40	13
Rv2239c	1187	680	826	1219	738	221	656	963	417	707	322	510	288	69	147	189	159	70	337	217	158	249	138	74
Rv2240c	751	468	546	926	549	153	684	1016	307	567	201	367	197	215	344	241	289	198	267	565	293	372	394	235
Rv2241	3838	2431	3147	7100	4158	1299	3263	7466	1667	3993	1244	2840	2010	1213	2108	2827	2781	1996	2588	3144	1930	3951	3105	2080
Rv2242	823	512	662	1166	620	201	749	1106	363	564	260	489	270	229	352	354	438	407	330	575	401	493	550	445
Rv2243	2255	1542	2106	2329	1288	541	1478	2008	970	1341	744	779	721	663	856	1226	1533	1281	888	1934	923	1823	1709	1403
Rv2244	848	558	1004	630	370	139	554	493	348	354	320	248	472	198	316	128	138	94	524	439	277	187	143	109
Rv2245	5204	3445	5374	5493	2720	1149	5081	6166	2325	2476	1863	2349	1240	1481	1837	1071	2223	1429	1437	4042	1961	1462	2381	1578
Rv2246	7120	4812	6928	7547	4015	1726	6925	8397	3129	3803	2712	3134	2118	1893	2733	1779	2734	1827	2827	5443	2795	2554	3127	2133
Rv2247	14622	8833	12666	14071	8044	3152	12420	15620	6534	7713	5000	6099	3777	3834	5458	2545	3545	3068	4699	10716	5454	3473	3942	3345
Rv2248	1046	590	787	776	384	167	637	622	382	315	269	361	153	98	148	65	50	38	218	263	164	91	72	51
Rv2249c	181	118	156	278	111	63	166	239	70	94	42	109	47	53	54	39	54	66	39	141	71	55	39	49
Rv2250c	48	36	35	66	30	16	37	67	22	33	17	31	16	10	15	15	25	21	17	22	14	30	20	26
Rv2251	267	156	199	314	165	61	184	246	94	127	82	135	46	64	82	86	153	86	65	228	84	112	124	105
Rv2252	146	98	122	181	90	38	112	192	68	71	41	71	102	112	152	96	160	103	131	247	136	118	151	135
Rv2253	85	66	86	122	53	28	99	90	43	56	44	51	112	52	96	59	70	55	131	152	84	75	71	51
Rv2254c	152	87	138	286	159	57	111	215	65	140	57	131	20	23	28	74	44	58	36	49	17	96	64	56
Rv2256a	398	214	390	552	315	122	225	381	121	272	124	254	80	37	75	95	62	44	113	112	49	104	65	62
Rv2256c	3184	1844	2609	4589	2503	856	2071	3621	1085	2112	886	2206	680	583	780	957	946	726	897	1534	816	1324	1114	812
Rv2257c	756	466	584	1292	738	208	506	1001	317	685	214	484	278	121	198	250	215	154	352	350	209	439	277	193
Rv2258c	1955	1372	1558	3723	2165	646	1833	3880	934	2108	608	1287	1140	999	1174	1397	2038	1606	1426	2524	1072	1877	2211	1808
Rv2259	1061	685	821	2256	1220	411	912	2270	479	1325	327	929	543	538	736	1025	1377	1111	633	1486	728	1387	1539	1276
Rv2260	653	407	483	1248	689	231	530	1338	305	714	203	499	228	168	234	289	375	265	341	481	261	480	380	272
Rv2263	331	196	215	645	350	97	307	711	128	334	86	263	84	127	103	195	297	235	126	342	139	293	353	251
Rv2264c	804	480	598	839	564	150	669	933	351	438	219	389	107	136	173	193	432	277	141	370	181	289	474	348
Rv2265	172	81	90	165	91	26	117	216	65	102	36	82	39	40	36	50	33	51	57	83	56	55	46	43
Rv2266	819	497	659	1689	980	322	656	1766	335	991	218	684	229	158	272	342	441	341	293	443	275	462	444	371
Rv2267c	263	168	227	240	107	37	184	198	98	117	75	102	81	48	90	59	90	89	88	115	70	99	100	71
Rv2268c	186	109	199	254	152	62	161	249	70	157	70	102	87	54	80	155	171	141	106	145	75	181	199	142
Rv2269c	82	38	53	76	43	22	41	45	26	49	8	39	7	0	3	4	2	0	10	1	2	6	0	0
Rv2270	61	27	41	72	26	17	36	68	20	44	21	28	2	0	16	16	14	6	8	5	10	11	10	10
Rv2271	641	476	606	583	388	126	586	645	310	389	238	199	563	250	579	320	313	212	718	623	469	414	283	211
Rv2272	357	259	301	436	229	85	299	412	182	285	99	163	85	72	124	83	139	123	142	245	157	125	171	101
Rv2273	162	124	154	220	104	34	103	186	82	118	54	76	20	7	21	20	17	20	36	46	19	31	17	9
Rv2274A	0	0	0	0	0	0	0	0	0	0	0	0	0	0	0	0	0	0	0	0	0	0	0	0
Rv2274c	57	27	58	45	15	9	35	52	18	21	18	20	11	6	5	24	15	11	13	10	2	28	17	11
Rv2275	153	82	121	198	109	42	88	147	58	126	30	64	78	25	41	113	80	57	86	69	35	163	79	78
Rv2276	335	197	257	448	257	95	262	394	116	243	100	187	358	191	314	491	546	573	375	433	281	666	553	512
Rv2277c	616	366	571	822	506	158	577	824	318	437	192	324	201	91	209	251	302	233	241	257	183	379	310	196
Rv2280	1837	1090	1362	2680	1411	499	1437	2806	791	1338	588	1142	571	497	741	706	912	766	664	1257	710	974	1018	875
Rv2281	527	325	428	633	319	149	405	586	212	329	152	302	85	38	74	76	112	91	89	110	74	140	145	63
Rv2282c	166	85	113	167	110	22	103	173	63	77	54	90	84	27	75	98	134	78	77	70	67	161	141	77
Rv2283	3	0	1	1	0	1	1	1	1	0	1	0	0	0	0	0	0	1	0	0	0	0	0	0
Rv2284	510	376	454	847	441	158	377	840	196	467	161	322	239	205	314	393	499	482	307	556	293	588	608	532
Rv2285	807	599	700	1410	777	317	696	1450	442	822	268	551	624	808	1029	1244	1767	1810	817	2052	1004	1705	1941	1961
Rv2286c	216	144	147	339	184	59	193	357	90	150	65	138	74	65	83	86	148	110	76	164	89	118	154	92
Rv2287	357	210	277	505	285	89	227	374	126	252	75	193	94	60	95	93	117	77	105	132	91	162	142	107
Rv2288	22	14	30	36	15	5	14	9	16	15	13	11	7	1	2	2	1	1	4	12	1	1	2	0
Rv2289	627	378	579	902	535	173	453	790	280	514	224	353	407	107	255	216	188	186	455	258	228	398	208	149
Rv2290	623	316	443	751	435	117	269	494	171	415	145	231	116	27	102	130	92	60	168	149	107	222	102	67
Rv2291	1525	858	1202	2122	1214	411	1154	2134	513	1140	443	960	251	191	256	409	500	359	309	506	311	619	537	385
Rv2292c	29	15	26	28	18	11	13	23	8	11	4	3	21	20	19	22	34	29	19	42	19	60	25	25
Rv2293c	644	372	556	862	451	187	559	895	266	451	216	358	308	204	395	454	534	468	383	602	449	740	678	524
Rv2294	297	239	231	396	181	56	223	374	113	166	84	145	69	27	49	40	40	25	80	67	40	54	43	26
Rv2295	2540	1461	1895	3058	1657	608	1514	2553	953	1559	654	1176	247	147	252	287	257	219	363	413	259	366	282	184
Rv2296	3211	2040	2502	4886	2560	982	2649	5117	1517	2801	949	1750	817	896	1163	1059	1381	1303	1064	2414	1102	1398	1515	1296
Rv2297	770	370	450	977	475	150	400	686	218	364	223	469	57	33	42	46	37	16	78	69	37	47	21	21
Rv2298	1063	658	827	1627	853	276	666	1222	455	729	308	623	166	126	176	175	135	137	230	403	181	253	195	166
Rv2299c	1186	723	872	1580	831	259	784	1256	505	804	331	621	263	137	235	189	181	119	353	362	232	257	202	132
Rv2300c	336	224	306	430	268	89	306	382	160	236	110	175	88	82	106	112	92	96	112	163	107	162	121	121
Rv2301	984	634	747	987	608	171	864	1127	417	637	295	411	465	494	647	361	451	347	648	1232	642	513	544	365
Rv2302	1428	850	964	1699	873	289	862	1230	471	869	393	587	396	138	299	259	192	112	531	382	273	283	199	136
Rv2303c	1199	601	800	1353	817	242	761	1325	433	676	328	609	244	120	239	181	251	255	317	385	255	284	249	260
Rv2304c	181	108	135	287	155	57	121	252	100	152	46	108	16	5	26	32	25	25	44	37	32	58	29	23
Rv2305	360	233	289	713	385	136	303	814	165	358	75	318	126	138	153	213	270	186	175	350	167	322	315	223
Rv2307A	114	76	60	128	83	29	84	141	34	74	24	52	127	58	107	94	92	77	142	141	93	162	89	89
Rv2307B	71	39	52	126	61	14	45	72	35	68	24	53	43	16	29	32	25	29	44	38	30	52	30	36
Rv2307D	187	97	117	228	111	56	86	141	42	109	38	97	33	17	38	74	29	19	57	57	35	83	37	35
Rv2307c	573	368	434	920	438	147	459	806	228	465	160	339	108	135	163	207	293	186	184	277	151	259	261	196
Rv2308	318	162	178	503	306	93	235	517	129	305	81	245	96	54	81	118	92	78	116	120	84	139	121	97
Rv2308a	114	57	53	138	76	13	49	113	36	83	16	64	16	17	15	27	27	28	27	35	21	35	39	35
Rv2309A	27	16	18	17	9	5	19	22	12	24	3	10	9	0	6	3	1	11	8	4	2	7	1	9
Rv2310	44	33	33	58	25	6	24	52	11	24	10	36	6	5	4	7	6	9	2	15	6	8	12	8
Rv2311	139	81	96	188	110	28	77	159	50	89	31	61	18	16	25	24	38	30	41	62	38	46	36	32
Rv2312	434	214	277	506	262	86	307	420	167	292	119	197	98	47	80	104	61	47	117	140	62	110	80	57
Rv2313c	1210	725	861	2000	1150	319	933	1884	418	951	310	754	446	199	435	395	432	304	515	661	397	546	455	360
Rv2314c	1193	798	1069	2769	1423	554	1068	2614	516	1476	397	1022	558	374	494	1008	1098	953	655	1027	577	1417	1296	987
Rv2315c	718	498	704	1871	1026	377	617	1903	301	974	226	719	457	403	638	1331	1761	1566	547	1075	647	1749	1875	1670
Rv2316	20	10	11	25	23	8	12	30	10	7	5	9	4	5	12	17	15	13	9	21	7	30	36	7
Rv2317	7	9	11	17	14	6	8	18	1	4	5	3	5	7	7	11	1	12	5	19	12	21	17	10
Rv2318	223	134	197	294	168	55	157	309	76	178	65	127	93	46	95	136	114	92	126	154	98	229	141	87
Rv2319c	100	66	103	263	136	39	86	251	50	117	37	135	31	26	42	39	45	42	35	81	28	55	57	49
Rv2320c	295	167	217	571	334	123	191	546	97	269	55	298	58	42	37	70	83	46	62	93	67	101	82	64
Rv2323c	239	198	237	651	363	113	219	650	108	329	89	253	70	79	93	129	143	127	109	207	78	180	177	162
Rv2324	173	63	142	369	220	66	127	408	96	189	36	190	38	40	58	74	100	82	74	96	56	108	96	69
Rv2325c	1787	1178	1512	5174	2696	1008	1562	5024	762	2569	534	2112	381	300	376	590	631	462	493	824	405	806	681	553
Rv2326c	4179	2432	3333	11928	6791	2245	3250	12077	1590	5762	1208	5378	822	830	1166	1765	2619	2166	929	2176	1027	2375	2958	2241
Rv2327	2013	1411	1639	4878	2476	952	1604	4616	849	2390	680	2000	526	450	696	1175	1375	956	713	1432	755	1728	1626	1109
Rv2328	579	313	383	1234	556	210	448	1180	193	488	200	605	109	97	116	250	310	220	133	210	148	312	293	248
Rv2329c	380	206	451	537	245	111	248	425	135	236	171	280	89	26	71	107	127	71	98	101	81	163	94	77
Rv2330c	62	37	58	82	45	16	56	86	23	44	19	48	91	53	139	173	246	207	127	204	106	249	243	230
Rv2331	39	20	48	40	26	8	21	48	10	17	13	26	14	13	14	33	36	23	30	28	15	40	38	19
Rv2331A	21	14	25	37	21	6	8	22	9	24	8	27	11	5	15	13	14	23	17	7	5	29	15	18
Rv2332	178	87	190	233	140	61	116	242	72	130	58	127	71	38	73	94	90	74	98	86	58	113	126	85
Rv2333c	361	231	257	476	284	80	246	481	133	287	108	165	110	77	102	146	121	112	117	154	83	189	131	99
Rv2334	1773	1184	1361	3747	2058	700	1506	3698	808	1833	513	1541	1427	1070	1753	1911	2350	1684	1904	2887	1743	2655	2533	1830
Rv2335	472	286	312	902	478	168	332	695	176	466	117	332	190	113	176	296	260	199	218	320	203	358	278	219
Rv2336	1027	557	682	1267	661	241	715	1201	431	690	268	517	710	213	478	596	564	516	784	577	449	757	539	553
Rv2337c	970	504	674	1459	717	258	597	1047	356	719	261	544	119	72	133	144	158	89	196	193	87	217	164	116
Rv2338c	1455	818	1158	2612	1468	543	974	2427	577	1316	410	1228	699	312	532	792	950	892	833	723	512	1030	988	827
Rv2339	3760	2407	2922	5380	3094	889	3306	5700	1585	3050	1126	2105	2333	1229	2053	1737	1913	1572	2692	3108	1940	2303	1963	1521
Rv2340c	1290	840	980	2156	1208	361	919	1715	496	990	356	858	144	124	170	246	287	181	207	420	200	400	354	202
Rv2341	69	40	58	117	52	17	71	106	35	50	22	40	25	14	37	26	15	21	26	28	38	32	21	29
Rv2342	345	204	277	518	329	92	210	396	139	270	109	248	86	19	43	44	49	15	93	68	39	75	29	11
Rv2343c	2432	1542	1925	5434	2950	956	2137	5535	1030	2990	794	2165	670	615	868	1163	1602	1083	864	1737	911	1687	1752	1164
Rv2344c	453	272	323	800	456	136	404	755	188	408	124	294	118	99	141	152	220	148	153	262	151	222	221	164
Rv2345	2204	1332	1732	3583	1948	710	1774	3739	928	1980	648	1412	849	993	1608	1623	2755	2624	1039	2746	1518	2236	3020	2844
Rv2346c	850	340	481	669	408	72	268	321	161	202	174	259	55	7	18	28	17	5	71	18	15	27	14	3
Rv2347c	3376	2168	2813	3435	2057	716	3005	3959	1492	2016	1143	1460	1587	723	1279	558	520	334	1984	1825	1167	771	550	356
Rv2348c	1459	760	829	1285	684	137	518	590	383	546	331	404	113	40	103	77	61	48	173	108	101	113	88	65
Rv2349c	54	23	31	47	31	18	32	37	29	40	13	23	13	8	7	6	3	6	7	28	8	10	3	9
Rv2350c	0	0	0	0	0	0	0	0	0	0	0	0	0	0	0	0	0	0	0	0	0	0	0	0
Rv2351c	0	0	0	0	0	0	0	0	0	0	0	0	0	0	0	0	0	0	0	0	0	0	0	0
Rv2352c	0	0	0	0	0	0	0	0	0	0	0	0	0	0	0	0	0	0	0	0	0	0	0	0
Rv2353c	0	0	0	0	0	0	0	0	0	0	0	0	0	0	0	0	0	0	0	0	0	0	0	0
Rv2357c	881	481	544	705	410	116	589	720	325	395	202	313	141	90	140	119	125	94	173	260	139	188	157	117
Rv2358	318	169	256	468	232	90	258	379	134	236	87	188	82	48	106	103	186	153	106	187	123	146	188	169
Rv2359	209	122	152	374	192	51	126	322	71	182	57	175	27	13	30	46	38	21	42	44	27	59	40	26
Rv2360c	121	61	83	211	121	36	66	130	48	83	18	80	28	19	19	25	22	13	28	29	16	20	27	15
Rv2361c	827	480	619	1596	901	291	528	1104	314	799	225	565	193	60	148	217	167	106	220	161	128	304	161	122
Rv2362c	687	450	494	1506	841	265	478	1162	291	724	149	561	131	104	158	296	266	242	182	282	185	464	398	318
Rv2363	382	269	333	605	361	142	329	564	149	311	123	189	62	69	72	64	86	70	80	178	85	128	92	85
Rv2364c	760	526	680	2412	1268	501	658	2115	388	1243	240	1068	258	146	309	335	350	242	338	426	309	407	383	283
Rv2365c	217	110	163	632	328	130	167	599	69	339	70	260	60	79	83	114	158	151	64	202	92	144	191	144
Rv2366c	1101	603	772	3236	1713	701	819	3028	359	1396	292	1495	308	150	279	479	383	259	345	370	280	700	467	299
Rv2367c	438	279	354	1160	626	262	304	999	172	554	125	552	101	56	96	232	222	169	185	204	130	334	281	157
Rv2368c	2286	1320	1768	4697	2394	977	1683	4288	951	2384	653	1999	950	480	895	1023	931	715	1208	1397	860	1480	1019	752
Rv2369c	47	35	30	55	31	11	34	35	15	24	11	18	2	0	4	4	0	2	6	1	1	7	3	1
Rv2370c	564	390	491	632	333	167	448	638	270	372	183	292	523	385	701	464	649	487	603	1107	606	648	641	580
Rv2371	185	96	154	269	202	70	114	225	54	134	61	123	12	27	35	8	22	16	18	45	39	29	13	19
Rv2372c	863	563	704	1778	922	336	574	1359	332	828	262	847	109	78	143	100	124	98	127	225	104	140	145	95
Rv2373c	2941	1797	2497	6773	3532	1414	2111	5581	1272	3385	875	3266	462	260	468	583	543	402	652	718	504	881	568	420
Rv2374c	1077	645	790	1739	967	386	743	1529	389	781	300	835	291	138	198	241	206	200	349	357	178	358	241	189
Rv2375	512	308	432	734	431	143	343	562	225	372	149	262	336	161	322	191	184	195	457	390	297	311	216	217
Rv2376c	490	311	422	915	457	156	438	943	216	458	147	390	179	166	208	173	170	148	192	427	214	218	193	163
Rv2377c	35	18	24	66	42	7	13	36	19	34	7	15	15	8	15	15	25	11	18	25	13	23	14	19
Rv2378c	329	186	254	777	387	170	251	781	117	407	78	305	165	204	295	284	446	472	196	484	272	419	481	446
Rv2379c	1012	619	809	2228	1155	430	913	2182	472	1221	291	971	338	402	501	714	976	825	422	1041	504	1037	1058	883
Rv2380c	1125	760	901	1246	685	239	1064	1240	486	613	339	488	269	245	331	407	462	393	368	587	342	593	464	405
Rv2381c	529	285	350	361	186	79	473	387	220	203	157	122	79	83	94	73	104	97	75	222	99	106	129	103
Rv2382c	128	79	79	115	55	18	95	91	54	71	34	29	21	9	21	23	26	14	19	19	16	27	26	17
Rv2383c	331	193	302	390	195	87	252	356	137	183	93	159	49	50	51	94	110	90	72	133	73	129	146	96
Rv2384	66	37	42	89	33	17	36	69	25	32	14	31	15	10	21	21	33	26	20	39	20	31	31	19
Rv2385	146	57	87	137	93	25	91	139	48	92	38	58	29	25	27	38	32	18	30	75	33	52	48	22
Rv2386a	660	417	522	832	462	134	472	752	253	439	205	336	391	176	306	267	202	95	509	488	308	386	245	106
Rv2386c	84	53	71	166	77	29	78	172	29	71	34	81	28	14	10	25	28	22	22	44	14	37	37	14
Rv2387	1354	803	1054	2071	1048	349	1035	1948	498	1011	405	822	693	309	562	469	519	393	825	906	532	805	548	420
Rv2388c	864	453	599	1619	882	283	485	1382	291	766	209	694	162	113	146	201	202	129	215	324	177	302	224	139
Rv2389c	647	400	502	887	426	141	404	635	287	476	178	297	119	57	66	77	56	42	150	110	61	103	53	34
Rv2390c	445	291	337	538	308	94	338	421	191	310	119	218	151	93	159	82	76	69	207	231	124	115	77	77
Rv2391	5863	3569	5157	18097	8655	3527	4279	15183	2548	8426	2029	8680	769	384	754	1129	1062	801	899	1055	667	1457	1210	809
Rv2392	1789	1208	1634	5606	2831	1235	1499	5425	846	3085	672	2580	260	167	299	529	491	422	327	453	320	620	515	424
Rv2393	2052	1191	1629	6107	2983	1269	1379	5427	700	2783	629	2663	210	194	259	429	628	506	245	498	223	624	642	512
Rv2394	4288	2709	3845	13137	6836	2989	3898	14571	1953	7156	1528	6052	648	703	1011	1511	2091	1747	866	1951	1065	2223	2510	2027
Rv2395	2028	1228	1593	5133	2639	968	1441	4154	788	2476	577	2338	361	194	338	306	309	193	467	434	337	450	296	196
Rv2395A	0	0	0	0	0	0	0	0	0	0	0	0	0	0	0	0	0	0	0	0	0	0	0	0
Rv2395B	194	109	156	394	168	52	104	161	54	160	64	135	10	1	5	7	0	0	4	12	7	4	2	2
Rv2396	1822	1072	1534	2943	1498	542	1236	2324	665	1320	544	1350	190	165	226	150	172	156	286	440	244	230	234	168
Rv2397c	1885	1247	1530	3339	1708	676	1531	3367	837	1813	561	1327	338	363	581	486	625	530	448	973	613	705	754	565
Rv2398c	810	511	617	1673	828	296	584	1385	355	804	235	639	204	107	193	238	169	179	282	289	182	316	208	196
Rv2399c	1168	718	948	1904	1099	439	853	1736	490	1163	371	785	673	506	1012	1074	1191	1257	893	1399	801	1560	1389	1351
Rv2400c	1457	895	1029	2485	1367	415	1064	2122	574	1331	375	1051	259	93	204	248	282	163	292	265	203	392	287	208
Rv2401	87	86	75	139	62	39	48	69	29	89	22	35	27	10	29	28	34	19	33	42	19	53	33	38
Rv2401A	60	41	40	86	48	13	50	47	24	51	13	17	3	2	11	11	4	4	12	8	5	9	6	1
Rv2402	969	531	743	1295	729	212	701	1259	320	696	297	585	395	207	386	380	400	261	447	558	336	560	466	258
Rv2403c	552	350	428	660	348	125	336	530	236	330	154	271	95	50	117	103	111	58	149	159	102	148	131	60
Rv2404c	1179	748	966	1716	990	345	893	1595	472	994	389	757	267	140	256	241	283	198	319	354	249	344	322	226
Rv2405	798	418	539	1295	723	272	540	1141	354	641	210	566	201	130	207	218	211	187	189	319	206	365	221	199
Rv2406c	1312	828	1065	2447	1412	417	950	2116	561	1406	383	947	451	309	539	456	471	293	600	793	484	644	528	294
Rv2407	115	90	123	200	90	30	91	159	55	93	38	72	44	12	41	45	30	41	31	77	45	69	54	32
Rv2408	120	73	79	145	90	27	70	118	44	85	27	47	11	6	12	16	3	14	13	21	9	13	15	9
Rv2409c	339	183	241	376	187	70	199	347	134	178	83	131	57	29	32	61	44	57	76	102	52	107	59	73
Rv2410c	404	212	329	483	264	90	210	381	132	250	121	179	107	47	64	79	47	49	95	114	57	112	76	45
Rv2411c	1569	1035	1358	2275	1268	447	1173	2219	695	1296	471	1026	541	522	677	636	953	825	640	1377	700	909	1121	864
Rv2412	1146	680	933	1056	620	191	661	757	420	588	263	402	221	91	181	142	111	93	335	252	154	207	129	92
Rv2413c	793	546	600	1221	629	193	655	969	367	686	267	426	161	132	230	221	212	220	205	401	193	327	250	229
Rv2414c	582	347	401	687	399	104	434	650	178	354	132	305	102	91	116	81	132	103	142	250	121	150	146	103
Rv2415c	144	92	115	179	107	35	104	141	73	105	39	63	30	24	23	25	51	25	39	53	31	82	41	31
Rv2416c	293	195	226	317	177	53	210	227	118	176	89	105	82	33	70	49	63	49	102	111	96	83	63	47
Rv2417c	689	347	484	862	444	133	348	497	218	396	126	330	52	30	27	31	47	31	79	61	25	76	45	42
Rv2418c	553	333	408	818	409	143	524	880	235	431	183	316	100	98	165	128	159	147	153	295	190	186	184	145
Rv2419c	343	170	241	376	202	63	201	300	102	166	87	174	8	5	9	28	14	0	35	13	17	16	9	2
Rv2420c	104	61	100	108	75	17	57	75	33	77	28	53	8	1	9	6	11	7	11	4	8	5	6	7
Rv2421c	1286	812	973	1496	798	287	898	1393	526	859	377	547	224	138	257	299	266	228	310	368	261	384	293	237
Rv2422	99	70	88	126	75	27	83	92	37	46	26	40	16	15	27	18	21	12	34	27	16	20	23	26
Rv2423	238	149	208	283	210	65	198	278	101	168	61	115	46	55	64	57	89	65	69	137	83	110	92	70
Rv2424c	285	197	231	483	251	86	256	504	128	230	96	193	49	81	96	140	240	231	37	167	91	163	272	281
Rv2425c	919	571	642	1690	1019	292	794	1524	414	908	258	683	340	230	366	428	543	419	377	627	377	558	562	449
Rv2426c	569	362	460	1172	679	227	434	1302	273	652	164	443	217	212	312	466	542	474	377	533	300	733	608	509
Rv2427c	1413	932	1194	3065	1711	577	1243	3303	621	1659	474	1154	613	600	817	1384	1646	1242	924	1553	839	1874	1979	1392
Rv2428	156	103	130	317	145	66	120	256	41	146	47	175	74	81	86	82	137	150	108	172	89	167	120	131
Rv2429	515	309	410	1088	520	230	451	1171	201	519	159	604	84	77	67	131	129	84	104	141	68	150	132	89
Rv2430c	1479	1024	1399	3549	1821	722	1059	2562	601	1829	464	1444	410	134	313	498	316	247	493	333	256	707	342	250
Rv2431c	1079	579	817	1707	936	318	603	1282	304	692	280	818	147	44	77	174	125	76	175	116	66	237	116	75
Rv2432c	393	187	274	459	296	67	133	216	87	236	80	164	25	1	9	32	20	15	29	15	18	47	22	10
Rv2433c	9	1	13	42	18	10	10	15	2	9	2	9	1	1	3	4	5	5	0	8	7	3	3	7
Rv2434c	259	143	192	370	196	79	230	440	118	210	104	140	202	113	189	264	272	248	200	290	168	411	279	246
Rv2435c	470	288	414	676	373	121	417	750	202	354	178	258	399	216	429	573	685	593	515	623	432	742	677	589
Rv2436	207	113	182	365	197	97	137	347	76	179	61	169	44	32	49	119	193	118	35	121	52	186	212	135
Rv2437	309	191	280	510	269	144	231	499	116	292	113	242	71	50	58	113	120	85	67	129	82	151	147	98
Rv2438A	47	34	40	65	35	12	26	33	21	30	7	27	3	0	0	3	0	1	8	0	0	0	0	0
Rv2438c	2995	1695	2354	5614	3081	1023	2094	5065	1101	2773	765	2369	525	313	564	762	801	659	625	820	586	1041	895	722
Rv2439c	1847	1226	1532	3308	1818	647	1777	3806	828	1862	610	1352	226	268	412	296	469	325	302	726	393	416	483	369
Rv2440c	3417	2070	2810	5570	2897	1004	2478	5077	1435	2772	973	2116	248	224	257	277	413	200	276	561	289	377	453	263
Rv2441c	4495	2749	3656	5194	3118	1020	2870	3947	2010	2730	1405	2076	555	196	412	323	211	122	727	560	378	469	276	160
Rv2442c	1605	952	1103	1751	890	227	745	966	545	863	359	523	191	60	90	93	54	56	194	123	91	125	45	37
Rv2443	1996	1274	1559	4575	2300	1021	1454	4277	780	2289	655	2158	790	514	1015	1514	2054	1981	930	1495	963	2039	2145	2155
Rv2444c	17335	10180	14459	35828	18965	7117	13923	34355	6894	17329	5536	17841	6730	3967	6908	10194	11173	8956	8121	10072	6538	14075	12093	9144
Rv2445c	487	293	344	416	207	68	344	354	186	208	125	191	73	30	51	54	45	24	90	121	44	75	62	29
Rv2446c	124	57	66	113	54	8	40	47	34	35	25	37	14	3	6	11	6	3	16	2	1	20	13	9
Rv2447c	1246	772	1124	1910	1100	382	1164	2018	589	978	419	858	222	224	339	268	423	432	323	581	354	475	487	444
Rv2448c	2193	1287	1767	3771	2180	706	1609	3703	855	1911	688	1591	521	311	484	695	785	557	612	825	499	986	809	610
Rv2449c	1666	1027	1354	3345	1827	629	1377	3344	710	1743	480	1252	477	701	925	1267	2461	2347	604	1963	923	1850	2910	2631
Rv2450c	63	29	72	95	45	19	44	73	32	57	31	57	1	2	3	5	5	6	5	9	5	6	6	9
Rv2451	518	292	504	558	276	114	407	487	225	297	165	239	64	40	86	50	57	44	114	94	77	79	62	53
Rv2452c	103	46	85	83	50	18	37	44	25	31	18	23	9	3	4	3	3	3	10	5	10	7	6	4
Rv2453c	314	159	268	352	217	68	181	263	93	142	63	140	22	13	10	20	15	22	27	26	14	32	19	20
Rv2454c	2383	1509	2352	4193	2234	896	1921	4043	979	2110	924	1475	591	291	615	763	716	655	764	837	565	1142	751	722
Rv2455c	5707	3610	5511	12000	6589	2434	5034	13398	2322	6141	1974	4429	1698	1681	2604	3910	5396	4879	2215	4443	2555	5559	6157	5394
Rv2456c	1247	772	1065	1984	919	369	843	1635	448	903	366	825	273	183	225	271	245	181	335	413	253	335	276	230
Rv2457c	10539	6440	8196	15939	9170	3126	7605	14071	4423	8572	3135	6856	4733	1722	3407	3316	2605	1930	6005	4773	3531	5106	3020	2166
Rv2458	222	96	145	378	176	56	158	315	86	155	64	110	31	42	55	65	84	71	53	91	49	83	94	57
Rv2459	2541	1560	1790	4008	2109	721	2081	3855	1184	2202	772	1481	1067	714	1138	942	947	898	1218	1895	1171	1278	1086	1001
Rv2460c	2848	1631	2253	3505	2005	691	1945	3125	981	1814	838	1374	758	424	782	678	581	479	881	1080	722	905	658	497
Rv2461c	2860	1739	2248	3684	2069	792	2274	3475	1168	1891	806	1481	1281	507	1098	971	835	770	1553	1478	1036	1376	953	854
Rv2462c	3929	2292	2872	6394	3444	1209	3222	6313	1610	3174	1072	2769	739	489	650	686	947	780	711	1426	700	1068	1024	875
Rv2463	3616	2426	3099	5199	2965	1072	3400	5900	1650	2577	1160	2152	1225	953	1548	1522	1927	1392	1391	2514	1464	2147	2111	1529
Rv2464c	546	345	454	797	393	148	371	713	219	375	162	306	149	137	171	237	267	265	216	361	184	319	342	297
Rv2465c	234	124	152	390	207	58	169	388	107	196	71	133	89	68	110	120	177	106	104	216	95	194	147	131
Rv2466c	403	233	327	429	235	115	218	315	125	178	114	188	46	17	24	30	32	14	48	47	23	33	30	22
Rv2467	1690	1113	1319	2655	1615	472	1421	2714	756	1423	514	1016	845	848	1156	1255	1686	1401	1126	2219	1123	1759	1718	1447
Rv2468A	0	0	1	2	1	2	0	0	0	0	1	0	0	0	0	0	1	0	3	0	0	0	0	0
Rv2468c	398	222	314	507	302	117	292	535	140	251	127	223	110	116	111	138	174	172	144	301	145	196	222	177
Rv2469c	858	474	565	1082	686	217	659	1133	329	651	216	408	305	292	409	556	675	498	406	831	361	724	741	600
Rv2470	344	212	317	662	374	135	271	557	131	343	104	281	120	79	86	108	105	54	161	152	80	178	119	78
Rv2471	1101	662	880	2194	1209	471	844	2221	458	1022	329	1009	281	281	402	553	594	427	393	665	343	769	584	456
Rv2472	982	643	819	1019	549	176	614	691	434	622	278	366	120	39	94	135	60	56	143	103	100	188	86	73
Rv2473	436	306	365	704	345	147	365	671	221	371	135	283	167	180	217	263	344	276	236	400	255	369	317	309
Rv2474c	870	500	688	981	502	173	663	823	319	448	238	372	159	137	139	129	174	118	185	314	143	194	178	144
Rv2475c	1305	752	1014	1270	683	245	997	1217	576	599	395	530	200	77	137	115	69	55	225	225	141	124	74	48
Rv2476c	10395	6501	8381	14256	7729	2526	9135	15018	4446	6900	3394	5211	2822	2664	3753	3404	4734	4308	3421	6944	3661	4518	5071	4285
Rv2477c	2265	1242	1654	3585	2100	668	1772	3291	964	1974	653	1354	839	496	907	903	1098	951	1040	1330	790	1306	1205	970
Rv2478c	32	18	13	45	19	10	18	24	8	24	8	19	7	2	1	5	11	5	6	21	2	7	8	9
Rv2481c	240	155	188	207	91	37	187	170	81	85	57	73	14	9	23	22	28	8	22	46	21	40	31	14
Rv2482c	3967	2334	3144	5368	2928	959	3171	5356	1550	2628	1205	2157	785	705	921	985	1549	1044	1019	1821	923	1271	1588	1101
Rv2483c	3544	2393	3173	6541	3625	1311	3241	7097	1590	3542	1187	2621	1421	1042	1773	2073	2850	2563	1565	2742	1770	2794	3067	2677
Rv2484c	2901	1718	2318	5441	3059	921	2089	4651	1065	2610	834	2234	408	232	350	608	621	325	529	638	361	945	748	398
Rv2485c	2367	1487	1905	3492	2104	623	1896	3180	994	1935	670	1149	414	208	334	394	442	269	574	657	410	661	490	259
Rv2486	512	340	454	820	381	141	587	802	253	403	161	317	93	139	144	158	321	265	117	363	187	219	362	293
Rv2487c	70	55	55	69	55	16	46	51	21	42	24	29	2	2	7	10	2	5	8	5	5	14	2	2
Rv2488c	307	206	228	576	295	82	257	485	161	299	112	248	55	47	94	73	105	99	76	163	73	109	125	94
Rv2489c	15	7	17	9	7	3	9	14	4	13	3	2	0	0	0	0	0	3	1	0	0	0	0	2
Rv2490a	14	8	9	9	10	1	12	7	3	7	5	7	3	2	0	0	1	0	1	3	0	1	1	2
Rv2490c	236	128	143	306	153	39	147	254	80	126	42	142	35	27	44	41	35	18	50	91	37	86	59	38
Rv2491	36	18	14	29	16	7	14	11	10	21	6	12	8	2	1	2	3	4	6	2	6	8	1	0
Rv2492	125	70	100	173	88	47	90	168	53	84	47	75	62	25	69	44	34	31	49	67	43	64	47	39
Rv2493	32	22	46	25	23	5	11	24	13	23	12	16	13	5	4	7	4	4	8	8	4	8	1	1
Rv2494	381	179	305	456	224	101	220	339	165	208	123	240	57	12	30	43	56	40	61	61	36	59	63	42
Rv2495c	3065	1937	3268	4838	2605	1081	2788	5019	1352	2445	1237	2345	656	521	747	1507	1655	1286	875	1355	801	2059	2039	1586
Rv2496c	1647	948	1493	2924	1474	645	1324	2952	573	1408	513	1460	311	226	374	937	1048	921	388	569	336	1168	1195	870
Rv2497c	3177	1839	3023	5448	2960	1160	2475	4894	1100	2623	1133	2976	424	174	263	784	623	323	536	526	333	1081	738	352
Rv2498c	1007	651	956	1421	803	319	946	1629	436	705	379	624	202	243	324	351	573	399	267	661	333	536	706	473
Rv2499c	491	338	476	755	395	197	428	758	225	460	198	352	169	120	195	267	359	265	243	342	167	377	304	266
Rv2500c	1333	751	1194	1727	887	372	916	1372	540	867	426	849	369	202	411	369	410	412	480	557	426	565	452	386
Rv2501c	1649	946	1398	2952	1536	655	1108	2572	590	1388	494	1403	282	140	193	287	260	114	374	398	211	401	276	139
Rv2502c	1279	785	1165	3258	1741	716	1060	3083	526	1712	472	1690	550	387	515	673	680	569	629	1044	507	927	783	606
Rv2503c	536	380	521	1357	812	398	423	1406	199	795	166	646	494	301	445	472	575	526	536	860	469	644	595	522
Rv2504c	892	529	678	1688	941	383	506	1200	336	874	237	752	278	129	220	196	188	100	336	319	197	252	174	104
Rv2505c	677	427	575	1126	619	253	513	1038	270	554	223	492	258	107	212	195	142	121	354	363	249	254	180	110
Rv2506	243	132	197	618	290	124	153	446	112	290	76	261	77	33	54	74	47	21	79	114	49	100	54	40
Rv2507	2284	1608	1987	4457	2637	1060	2059	5038	1105	2799	762	1714	881	685	1188	1359	1520	1234	1467	2416	1484	2430	2328	1687
Rv2508c	867	543	790	1201	788	270	669	1095	420	741	304	484	264	150	284	272	215	188	387	438	295	443	275	181
Rv2509	705	450	500	1367	837	263	643	1423	301	725	210	614	325	359	490	511	743	723	428	993	486	836	867	731
Rv2510c	683	438	505	1417	778	230	491	1153	266	726	163	534	237	142	224	260	293	174	270	357	246	390	343	221
Rv2511	256	152	191	381	222	69	206	384	102	208	66	165	115	91	169	141	164	99	115	249	139	213	175	111
Rv2512a	563	347	570	955	477	276	404	843	191	474	208	462	208	68	181	257	204	162	270	165	168	347	241	183
Rv2512c	34	9	22	62	26	4	23	41	13	15	6	38	4	4	5	1	4	2	2	8	0	3	3	1
Rv2513	357	202	342	538	312	109	221	409	127	259	127	273	91	51	98	91	105	95	90	139	75	134	135	84
Rv2514c	431	258	453	703	387	208	373	882	159	388	163	361	189	148	236	207	336	367	216	373	212	338	397	416
Rv2515c	124	86	100	232	108	49	94	241	48	122	34	115	45	41	48	99	220	165	42	113	38	131	269	200
Rv2516c	351	160	217	426	242	81	155	293	111	188	76	204	31	13	22	39	35	13	62	30	16	40	35	9
Rv2517c	148	76	113	154	125	29	62	105	59	90	43	57	20	4	8	12	7	1	19	6	2	16	6	4
Rv2518c	555	339	399	650	408	125	479	693	236	337	179	234	128	193	277	266	466	308	200	382	242	347	494	326
Rv2519	2554	1568	1956	4172	2144	754	2220	4167	1111	2228	759	1615	758	421	722	958	1022	694	890	1192	692	1445	1170	740
Rv2520c	169	107	119	167	105	32	102	151	69	92	63	77	31	7	22	24	13	10	38	27	29	18	17	15
Rv2521	737	448	693	989	620	257	515	898	293	621	256	464	264	130	199	194	123	111	344	320	210	309	168	118
Rv2522c	623	382	506	1373	769	218	443	1063	254	681	175	538	149	143	174	169	195	219	215	471	191	261	215	242
Rv2523c	687	380	459	873	519	136	313	537	183	363	164	351	33	13	15	29	12	5	64	22	15	36	11	11
Rv2524c	52375	32822	45654	68390	34517	15886	46163	69486	22236	32410	16872	29144	3524	4028	5308	12001	18300	14071	4489	10804	5368	17454	20773	15597
Rv2525c	627	384	514	842	439	192	369	656	220	365	165	327	290	196	338	382	386	303	394	520	331	528	396	253
Rv2526	15	6	17	8	6	2	7	14	5	4	2	10	1	0	1	0	0	0	1	0	0	0	0	0
Rv2527	66	60	85	76	48	20	52	77	25	47	36	30	78	73	121	73	62	60	113	206	154	115	84	83
Rv2528c	162	85	139	146	86	32	125	181	63	92	46	93	65	74	118	63	80	107	111	242	119	94	153	118
Rv2529	132	94	122	233	153	50	94	184	70	102	35	111	32	60	48	54	71	54	53	136	55	71	131	73
Rv2530A	51	38	35	69	38	11	23	48	23	49	14	28	6	4	5	14	2	2	8	9	9	9	4	3
Rv2530c	171	121	143	365	167	75	133	317	86	201	43	138	77	43	68	60	61	39	105	132	66	90	61	43
Rv2531c	4052	2531	3447	9370	4894	1833	3385	9727	1721	4782	1293	3636	1066	781	1077	1922	2288	1784	1331	2080	1195	2537	2414	1971
Rv2532c	622	391	476	978	472	211	384	885	225	506	184	356	89	100	118	164	223	169	108	228	131	258	256	173
Rv2533c	1342	778	1085	2198	1247	438	837	1761	492	1162	367	786	198	106	192	294	322	241	219	347	216	472	387	225
Rv2534c	1029	543	732	1463	839	250	460	900	285	599	279	619	130	42	72	127	94	90	196	145	83	223	116	85
Rv2535c	1221	678	833	1955	1137	366	658	1373	406	905	262	762	124	64	104	156	122	71	163	182	94	227	152	84
Rv2536	1245	713	911	1789	989	342	852	1609	484	906	329	685	442	298	509	505	445	336	582	716	443	765	479	311
Rv2537c	504	348	469	1206	612	213	416	1184	231	644	185	514	177	187	309	396	521	459	232	523	321	552	666	501
Rv2538c	1076	677	925	2846	1517	560	759	2490	431	1448	344	1150	216	193	305	480	538	480	314	592	343	725	533	421
Rv2539c	554	356	441	1457	783	321	448	1463	215	688	170	633	55	51	71	144	222	90	95	172	84	311	311	124
Rv2540c	2575	1665	2257	7193	3864	1438	2141	6938	1220	3835	803	3090	531	834	1269	1616	2306	1802	746	2196	1266	2354	2617	2090
Rv2541	23	39	43	80	58	13	51	72	21	57	23	29	15	12	14	15	24	7	25	29	14	26	24	4
Rv2542	813	412	608	1279	719	273	563	1213	304	738	190	596	338	293	460	417	482	433	470	974	508	574	652	453
Rv2543	531	266	390	863	528	164	262	531	145	334	133	426	192	71	145	154	114	82	252	181	102	214	127	102
Rv2544	43	32	34	48	31	11	31	58	24	32	13	20	87	56	94	37	38	34	117	124	86	61	48	36
Rv2545	21	10	13	42	19	2	10	17	11	7	3	8	3	1	1	4	1	4	8	10	0	7	2	5
Rv2546	14	12	17	27	5	11	7	24	4	10	4	11	12	11	17	14	36	24	13	15	16	20	32	20
Rv2547	23	14	22	39	15	12	14	18	13	22	3	11	6	2	4	2	9	1	7	9	7	5	2	1
Rv2548	490	242	392	597	315	104	314	402	201	323	142	222	72	29	49	46	44	34	81	79	52	62	47	39
Rv2548A	568	351	413	665	380	119	312	450	214	318	148	256	95	33	73	87	65	21	156	106	73	150	50	29
Rv2549c	184	105	150	177	106	41	153	223	66	110	51	73	34	38	59	37	40	28	44	82	78	36	58	28
Rv2550c	54	21	38	90	41	12	30	78	15	42	22	42	13	10	15	8	6	5	13	33	10	9	7	4
Rv2551c	805	533	608	1254	629	234	578	921	351	635	253	521	84	63	104	89	135	80	104	263	141	166	215	130
Rv2552c	633	342	427	1965	1096	316	444	1521	223	911	181	875	80	39	73	117	120	63	90	131	76	185	142	86
Rv2553c	3875	2301	2872	11490	5948	2131	2989	10393	1557	5291	1116	4710	1063	544	1070	1547	1367	1110	1449	1413	1032	2179	1611	1157
Rv2554c	764	467	633	2176	1225	460	522	1883	346	1064	224	912	113	155	166	344	478	324	162	393	177	500	529	356
Rv2555c	10415	6082	8136	27596	14855	5332	7987	25788	3902	13048	3099	12192	2749	1520	2675	4586	4362	3546	3363	3969	2449	6461	4808	3660
Rv2556c	1944	1301	1561	5072	2792	927	1306	3947	866	2785	527	1708	585	400	558	990	876	678	691	1060	583	1439	898	689
Rv2557	3480	1867	2434	3532	2115	630	2065	2834	1301	1966	877	1256	502	319	490	641	700	597	664	797	528	908	814	658
Rv2558	2760	1553	1896	2797	1573	461	1928	2445	1044	1418	692	1090	151	97	179	192	215	144	208	291	194	254	260	142
Rv2559c	1284	711	846	1301	681	282	969	1252	485	715	358	512	157	136	204	206	299	171	225	418	200	295	346	224
Rv2560	996	596	713	1076	561	201	812	988	456	544	278	368	308	264	376	416	535	496	402	724	392	653	641	540
Rv2563	639	384	523	993	523	183	576	1137	288	495	206	344	357	436	508	523	805	790	430	1156	523	733	870	813
Rv2564	418	243	297	494	268	84	343	479	184	236	102	210	94	74	120	95	164	120	123	209	107	127	186	72
Rv2565	1794	1022	1217	2963	1537	534	1124	2274	682	1534	442	1183	601	322	604	678	758	610	696	750	537	910	690	602
Rv2566	963	649	851	1582	897	334	833	1564	414	855	330	647	303	399	536	657	1035	934	425	1177	547	1117	1318	1136
Rv2567	1881	1150	1451	3429	1919	615	1601	3488	762	1766	589	1348	872	804	1153	1749	2183	1683	1039	1974	1099	2418	2201	1779
Rv2568c	371	234	325	557	309	111	309	582	163	329	110	275	168	97	163	181	159	115	183	269	170	246	208	127
Rv2569c	352	217	283	440	246	97	270	499	160	253	110	147	152	92	180	176	235	169	192	248	153	291	250	204
Rv2570	96	48	79	142	73	36	79	150	50	96	24	73	14	14	21	24	24	27	17	34	32	22	15	22
Rv2571c	667	392	523	920	443	157	500	922	269	407	175	326	152	119	166	170	173	176	204	352	186	247	215	180
Rv2572c	1902	1178	1282	2552	1442	423	1386	2179	783	1330	494	992	224	170	236	218	198	139	301	391	221	369	226	144
Rv2573	141	82	108	228	114	29	110	203	59	130	28	84	34	30	25	35	29	24	47	76	37	59	29	42
Rv2574	138	72	100	285	177	72	72	221	55	152	29	87	31	18	19	32	27	11	42	48	16	37	19	28
Rv2575	1463	862	1068	3000	1544	553	1185	2866	613	1575	396	1201	488	502	632	611	847	562	572	1143	661	895	891	628
Rv2576c	2033	1293	1655	4432	2296	790	1656	3901	836	2140	604	1709	785	485	777	912	737	692	1047	1359	780	1405	855	722
Rv2577	163	92	160	167	90	28	96	155	68	75	45	74	22	17	44	28	17	8	26	30	28	32	32	14
Rv2578c	401	236	238	624	344	112	312	639	165	350	94	215	75	81	120	141	184	196	94	226	96	227	202	237
Rv2579	633	366	431	944	489	156	445	798	244	461	162	358	104	60	100	144	121	108	161	162	102	185	129	96
Rv2580c	1114	660	907	2445	1330	479	894	2278	496	1254	320	999	324	193	412	491	465	370	389	591	398	636	536	361
Rv2581c	898	498	699	2059	1083	415	655	1809	338	1083	248	768	395	250	458	639	797	628	481	692	429	935	783	652
Rv2582	814	545	562	807	522	152	636	864	362	513	220	289	488	572	813	460	785	806	555	1399	812	595	878	811
Rv2583c	4079	2461	3458	5851	3278	1110	2731	4801	1563	2901	1167	2455	681	401	625	774	827	678	836	1137	594	1193	931	757
Rv2584c	643	332	449	850	484	154	311	465	210	311	132	328	23	9	14	20	15	3	41	7	16	33	23	4
Rv2585c	2382	1500	1844	4524	2277	869	1723	4427	906	2197	666	1846	392	334	604	703	884	770	538	1145	641	984	1033	844
Rv2586c	4212	2576	3308	8387	4586	1709	3614	9056	1811	4450	1248	3392	1660	1425	2222	2113	3060	2881	1968	3625	2202	3046	3265	2795
Rv2587c	6644	4185	5505	13970	7742	2917	5177	13679	2882	7582	1968	5207	1650	1189	1929	2678	3027	2337	2107	3520	1954	3903	3539	2691
Rv2588c	845	578	734	1699	908	307	639	1133	381	915	261	665	227	83	174	167	122	91	307	232	162	280	141	119
Rv2589	1172	631	877	2310	1231	432	901	2256	445	1217	310	891	511	521	764	915	1330	1163	665	1529	724	1287	1455	1350
Rv2590	3081	1829	3371	19804	8216	3679	2577	19259	1230	8444	1320	8799	1392	1355	1959	2498	3593	3454	1689	3571	2040	3569	4007	3739
Rv2591	826	602	694	2735	1385	500	576	1863	313	1217	257	1390	119	108	205	209	214	169	221	276	176	298	247	172
Rv2592c	932	587	758	1953	1158	402	659	1683	399	991	251	778	146	121	159	424	594	426	171	363	151	575	623	441
Rv2593c	620	417	522	1443	818	264	531	1217	267	766	190	517	74	100	103	268	267	254	107	239	117	362	336	249
Rv2594c	1684	900	1213	2938	1606	512	1181	2430	611	1417	439	1055	369	284	449	646	814	574	513	769	478	1027	941	673
Rv2595	2309	1326	1643	3374	2212	747	1011	2151	895	2335	654	1062	636	265	501	500	228	232	954	738	475	764	279	252
Rv2596	916	593	734	1507	783	318	687	1391	376	833	294	663	344	233	336	276	200	186	428	552	376	401	264	202
Rv2597	399	231	293	629	362	105	246	512	164	330	106	303	48	21	37	57	39	20	68	43	57	66	49	24
Rv2598	164	110	101	324	168	35	107	257	59	166	42	106	45	28	46	70	46	65	52	91	40	86	72	74
Rv2599	166	104	124	343	175	77	120	318	56	172	63	109	36	18	47	48	63	30	51	117	34	54	61	40
Rv2600	79	33	52	137	65	13	40	73	29	40	10	29	15	0	7	4	8	2	14	5	5	6	6	0
Rv2601	488	338	387	903	463	193	436	932	229	451	165	367	134	186	232	199	279	206	173	537	242	283	309	221
Rv2601A	122	80	126	215	110	46	88	132	51	113	42	85	29	19	29	27	16	14	47	37	25	33	18	9
Rv2602	509	289	420	708	333	128	342	501	211	348	127	249	104	61	100	65	64	34	135	153	115	104	81	45
Rv2603c	1910	1226	1510	2059	1175	433	1453	1869	864	1179	546	826	476	281	422	372	411	336	560	765	357	512	479	324
Rv2604c	540	306	464	868	471	171	454	888	210	480	164	376	140	88	145	170	208	156	164	236	170	265	215	165
Rv2605c	810	523	724	1445	785	266	753	1525	327	836	301	638	409	540	646	758	1197	1419	481	1386	708	1028	1432	1587
Rv2606c	1131	678	912	1787	1026	361	950	1839	488	986	326	779	564	378	646	794	965	710	661	1011	595	1141	977	726
Rv2607	174	75	118	167	85	28	132	153	66	96	51	57	29	23	19	22	30	22	44	36	28	47	48	39
Rv2608	1196	744	940	1426	834	242	1080	1664	509	793	360	475	405	359	621	538	699	656	496	974	560	694	727	683
Rv2609c	1570	951	1186	1521	801	256	1198	1420	610	751	417	611	225	241	339	238	281	242	336	706	351	324	307	227
Rv2610c	969	590	759	1243	630	224	727	1079	364	613	300	481	183	130	161	248	250	230	193	304	178	327	272	221
Rv2611c	789	529	645	1083	612	231	600	1173	324	542	256	373	164	113	171	227	287	213	200	332	160	360	292	249
Rv2612c	195	107	125	245	123	34	100	136	53	68	54	82	7	4	8	16	8	3	14	13	5	16	6	1
Rv2613c	340	209	303	533	315	97	313	597	144	289	96	195	117	56	93	155	161	139	111	189	102	184	190	131
Rv2614A	33	24	19	43	17	7	19	26	8	22	19	11	10	3	4	4	2	3	11	7	9	12	7	6
Rv2614c	1404	944	1144	2297	1259	415	1068	2043	593	1269	370	707	410	301	578	709	964	684	502	829	549	1111	964	742
Rv2615c	137	66	96	146	58	18	87	79	24	54	20	48	8	3	3	13	24	9	16	18	4	18	21	9
Rv2616	237	166	175	411	219	83	172	372	100	215	53	151	81	70	103	95	76	45	97	165	91	119	100	64
Rv2617c	230	169	211	417	235	65	172	409	104	266	65	160	142	86	106	114	114	85	183	213	115	176	106	80
Rv2618	235	212	173	534	273	88	186	456	116	270	64	181	29	41	44	65	128	59	73	122	60	139	134	105
Rv2619c	184	125	129	344	199	76	148	310	82	246	47	117	51	31	57	60	75	52	63	68	59	104	76	40
Rv2620c	142	80	93	312	159	43	88	239	55	169	24	101	31	3	15	38	37	29	38	32	15	49	47	12
Rv2621c	289	177	203	699	378	109	243	660	122	320	87	263	31	31	36	77	86	45	42	65	34	108	102	53
Rv2622	106	70	67	169	85	31	86	165	29	88	32	53	80	80	99	99	195	169	113	211	112	175	157	177
Rv2623	110	54	90	16999	10670	3832	84	20923	41	10531	21	5099	25	16	24	35	138	1642	25	43	13	45	179	1714
Rv2624c	46	27	45	830	456	221	48	794	11	582	18	291	3	5	5	14	16	49	2	15	8	18	8	43
Rv2625c	186	140	163	757	483	189	167	998	86	533	72	233	32	31	55	59	78	455	34	100	50	77	106	415
Rv2626c	29	34	37	3271	2197	779	34	4079	11	2009	10	910	3	6	10	9	117	977	6	7	14	22	128	1056
Rv2627c	89	43	89	22785	14226	5516	61	24870	28	14627	24	6888	17	3	19	51	269	3444	27	26	13	64	297	3735
Rv2628	246	139	197	7946	4699	1648	207	8464	116	4756	74	2467	79	80	120	200	295	573	114	192	102	218	295	606
Rv2629	2001	1281	1952	10064	6157	2573	1596	10956	877	6814	743	3821	501	246	449	1139	1158	1645	565	610	462	1667	1258	1897
Rv2630	391	226	399	911	471	199	272	806	137	433	119	387	33	24	17	94	100	46	74	55	16	165	124	65
Rv2631	1873	1098	1711	2375	1256	516	1517	2441	798	1175	649	1024	311	301	482	456	654	604	433	926	471	680	765	670
Rv2632c	522	273	399	336	188	48	227	167	168	194	128	154	48	8	20	38	21	33	52	31	46	46	45	26
Rv2633c	1203	682	1079	1183	603	264	798	1044	426	612	399	520	303	113	237	154	116	103	412	294	211	190	154	115
Rv2634c	1622	867	1221	1770	982	314	791	1058	485	689	379	767	45	38	36	40	36	19	75	84	39	71	42	24
Rv2635	0	0	0	1	0	0	0	0	0	1	0	0	0	0	0	0	0	0	0	0	0	0	0	0
Rv2636	364	197	251	348	185	61	282	354	155	198	94	109	127	79	129	99	91	63	113	192	117	94	90	53
Rv2637	220	142	182	323	189	38	188	310	97	177	71	127	87	61	54	69	70	46	127	180	85	85	70	65
Rv2638	269	132	151	234	129	28	117	154	78	103	52	115	40	14	32	28	11	18	48	42	36	42	22	13
Rv2639c	431	277	321	725	445	137	407	677	213	420	133	336	137	123	169	186	148	142	214	315	163	251	149	148
Rv2640c	151	86	135	201	102	42	87	163	47	88	49	83	38	28	36	45	38	52	41	64	25	60	44	27
Rv2641	607	349	688	624	370	217	459	666	249	352	288	386	345	251	398	330	360	357	349	671	376	408	387	356
Rv2642	163	96	158	157	85	35	128	123	72	87	58	84	61	41	68	41	38	26	58	146	65	63	38	43
Rv2643	336	230	339	444	220	112	235	440	146	236	112	218	96	77	113	117	170	179	120	207	124	167	169	171
Rv2644c	287	127	207	417	215	83	201	402	85	187	86	185	58	51	71	71	86	67	82	185	61	130	108	77
Rv2645	0	0	0	0	0	0	0	0	0	0	0	0	0	0	0	0	0	0	0	0	0	0	0	0
Rv2646	0	0	0	0	0	0	0	0	0	0	0	0	0	0	0	0	0	0	0	0	0	0	0	0
Rv2647	0	0	0	0	0	0	0	0	0	0	0	0	0	0	0	0	0	0	0	0	0	0	0	0
Rv2650c	0	0	0	0	0	0	0	0	0	0	0	0	0	0	0	0	0	0	0	0	0	0	0	0
Rv2651c	0	0	0	0	0	0	0	0	0	0	0	0	0	0	0	0	0	0	0	0	0	0	0	0
Rv2652c	0	0	0	0	0	0	0	0	0	0	0	0	0	0	0	0	0	0	0	0	0	0	0	0
Rv2653c	0	0	0	0	0	0	0	0	0	0	0	0	0	0	0	0	0	0	0	0	0	0	0	0
Rv2654c	0	0	0	0	0	0	0	0	0	0	0	0	0	0	0	0	0	0	0	0	0	0	0	0
Rv2655c	0	0	0	0	0	0	0	0	0	0	0	0	0	0	0	0	0	0	0	0	0	0	0	0
Rv2656c	0	0	0	0	0	0	0	0	0	0	0	0	0	0	0	0	0	0	0	0	0	0	0	0
Rv2657c	0	0	0	0	0	0	0	0	0	0	0	0	0	0	0	0	0	0	0	0	0	0	0	0
Rv2658c	0	0	0	0	0	0	0	0	0	0	0	0	0	0	0	0	0	0	0	0	0	0	0	0
Rv2659c	0	0	0	0	0	0	0	0	0	0	0	0	0	0	0	0	0	0	0	0	0	0	0	0
Rv2660c	112	72	88	95	42	20	49	47	35	35	20	23	16	2	13	12	4	0	10	12	8	10	3	1
Rv2661c	31	19	24	54	23	8	9	18	19	20	2	16	11	3	0	1	0	0	7	5	8	2	2	1
Rv2662	7	5	10	13	4	3	7	5	0	8	2	5	0	0	0	3	0	3	0	0	0	1	1	2
Rv2663	252	171	187	326	184	73	142	250	110	197	57	99	85	47	71	69	38	47	118	96	50	93	58	61
Rv2664	494	298	392	580	359	128	423	756	220	432	199	263	228	217	392	259	307	307	258	647	379	312	366	341
Rv2665	2712	1637	2182	4104	2178	832	1773	3407	1005	2116	855	1953	362	197	370	409	342	220	434	607	378	671	352	234
Rv2667	148	77	89	216	104	48	112	230	58	126	35	108	47	22	68	49	102	78	52	87	49	83	117	89
Rv2668	251	189	175	481	257	82	234	487	101	270	66	161	106	162	190	205	405	259	139	498	219	291	455	323
Rv2669	87	54	52	126	67	39	49	148	32	92	27	60	31	11	23	21	35	34	33	35	28	38	25	33
Rv2670c	285	167	180	563	325	92	191	537	93	309	83	236	73	61	81	98	111	87	105	192	81	126	112	78
Rv2671	2106	1310	1698	4232	2280	809	1575	3499	908	2073	568	1995	249	215	300	387	410	353	323	597	319	554	531	352
Rv2672	3425	1878	2553	4965	2799	864	1870	3165	1258	2497	844	2064	476	324	651	687	901	994	590	1097	568	983	1012	1037
Rv2673	639	395	424	828	448	138	436	756	230	437	165	319	234	144	220	219	209	164	333	407	206	313	250	184
Rv2674	595	377	508	1233	693	245	331	866	229	680	149	429	234	87	207	214	145	101	268	251	204	303	166	133
Rv2675c	633	306	451	918	564	131	302	692	159	353	164	441	37	9	32	42	42	23	42	38	41	75	62	38
Rv2676c	438	305	366	1028	518	212	349	881	199	511	121	371	72	71	109	157	201	181	130	205	103	254	228	172
Rv2677c	844	558	743	1874	1096	379	768	1969	340	1020	266	767	150	208	198	321	457	254	209	444	203	432	469	302
Rv2678c	852	503	609	1860	1061	319	634	1741	370	864	239	751	208	197	258	394	501	427	253	565	276	653	636	471
Rv2679	909	612	698	1759	1075	364	969	2152	422	955	304	770	323	362	440	485	886	569	359	1002	445	671	1041	695
Rv2680	1439	810	1086	2508	1359	426	806	1601	484	1095	303	949	230	92	173	314	289	178	288	271	183	482	307	191
Rv2681	2177	1394	1849	4759	2606	1008	1816	4709	886	2542	681	1998	561	563	746	1182	1499	1291	703	1531	725	1687	1785	1387
Rv2682c	4917	2952	3689	11367	6118	2108	4021	10870	1947	5547	1449	4612	1186	1008	1424	2274	2957	2189	1558	2834	1496	3256	3432	2438
Rv2683	421	267	302	583	360	88	305	497	225	346	103	224	161	98	179	140	163	111	212	261	174	230	178	134
Rv2684	620	388	461	971	550	179	521	955	288	537	182	415	193	118	214	246	319	265	251	360	198	379	326	268
Rv2685	651	393	467	916	524	177	454	802	283	459	206	388	166	109	162	143	146	132	180	289	143	173	153	164
Rv2686c	408	247	334	699	322	150	300	677	163	352	122	268	68	37	40	87	106	88	87	90	55	144	102	66
Rv2687c	326	229	279	806	457	150	285	866	166	416	98	334	86	52	77	163	162	175	88	159	86	227	172	159
Rv2688c	658	323	470	1216	666	236	362	932	226	591	189	537	86	81	145	253	307	237	123	203	134	362	338	245
Rv2689c	454	304	389	619	347	126	370	592	215	318	149	231	64	31	44	57	77	45	62	120	57	103	110	39
Rv2690c	813	460	658	994	569	159	556	807	292	482	215	429	108	54	79	94	76	57	141	129	63	105	89	47
Rv2691	561	358	454	1016	594	183	535	1100	266	615	157	395	369	285	494	683	880	718	377	730	446	901	920	785
Rv2692	702	420	537	1219	576	228	397	880	239	573	215	489	73	44	63	110	80	43	107	114	75	154	124	60
Rv2693c	1190	626	883	2275	1081	459	773	1675	439	1031	336	1015	122	76	140	186	193	138	141	179	138	254	229	161
Rv2694c	4107	2140	3155	5918	2917	1327	2662	5473	1206	2809	1142	2737	416	174	297	732	574	358	552	535	295	1134	713	419
Rv2695	311	225	306	650	353	152	299	569	166	338	96	291	40	52	56	87	96	41	64	99	61	101	93	67
Rv2696c	2413	1460	2002	4192	2302	869	1896	4157	997	2432	756	1983	474	352	524	531	724	452	560	930	500	802	718	425
Rv2697c	867	493	773	1239	704	264	584	940	354	632	278	500	150	106	145	152	196	136	178	280	125	222	188	170
Rv2698	613	396	595	710	440	193	458	672	212	377	208	328	97	56	107	115	117	76	99	164	91	172	133	87
Rv2699c	764	553	859	833	464	180	442	582	276	455	248	383	76	26	36	66	45	46	80	79	48	83	33	44
Rv2700	431	261	379	543	319	124	343	507	218	301	136	233	114	104	160	158	178	132	108	230	155	193	215	125
Rv2701c	103	66	83	157	94	24	66	123	37	82	32	53	37	13	29	39	27	26	41	33	33	54	30	33
Rv2702	537	316	391	969	571	178	512	1142	226	576	166	430	350	371	460	626	963	899	412	945	469	880	956	871
Rv2703	14143	8948	13591	18799	10546	4587	13361	21219	6302	10372	5150	8578	5586	5335	8696	9270	12865	10026	7142	15153	8579	13425	15313	11462
Rv2704	903	615	849	1109	524	262	587	860	368	596	267	445	155	85	106	193	154	127	168	218	119	307	169	146
Rv2705c	40	22	22	41	22	10	27	18	11	20	12	29	5	0	1	5	4	2	4	1	1	6	2	2
Rv2706c	213	100	166	383	155	40	98	223	67	112	42	117	60	19	18	38	30	14	58	34	19	57	20	20
Rv2707	1344	798	1176	1964	1119	409	959	1903	490	1058	452	875	577	348	528	685	785	716	656	878	484	853	875	750
Rv2708c	519	285	390	763	455	149	250	450	152	373	127	263	187	65	150	183	110	92	293	244	175	282	101	99
Rv2709	455	234	303	900	435	167	290	703	175	425	113	318	89	62	75	181	186	145	85	172	73	232	202	115
Rv2710	17208	9753	15985	50097	23610	10685	12552	45106	6141	21391	5830	25443	2686	961	1927	6195	5100	3077	3508	2689	1881	8816	5510	3225
Rv2711	5175	3320	4691	11940	6103	3004	4649	13722	2127	6214	1766	5719	1563	1704	2785	3869	6022	4935	2164	5338	2880	6158	7154	5811
Rv2712c	1714	995	1420	2495	1242	527	1139	2081	574	1125	453	1144	204	152	237	416	510	536	255	376	256	601	559	556
Rv2713	1307	769	983	1503	884	287	943	1560	578	889	358	570	366	299	452	454	547	393	530	735	457	641	587	436
Rv2714	1346	856	1070	1884	1133	401	1159	1974	690	1110	445	749	628	591	901	963	1238	1193	835	1541	870	1349	1392	1184
Rv2715	2771	1836	2267	4308	2514	817	2064	3990	1129	2496	901	1627	1162	617	1027	1205	1123	821	1459	1660	1004	1769	1291	966
Rv2716	1074	698	829	1640	911	323	849	1538	451	1013	339	528	472	438	671	760	983	929	619	1288	683	1172	1011	1040
Rv2717c	142	96	93	207	104	36	59	177	76	122	45	71	57	29	52	60	49	59	85	84	49	85	57	65
Rv2718c	399	215	262	524	323	91	180	308	151	285	88	174	54	20	32	40	33	23	79	55	42	71	34	37
Rv2719c	2065	1288	1349	3170	2010	599	1523	3113	807	1851	481	1296	234	164	208	360	363	228	323	357	218	519	454	250
Rv2720	8369	5202	6061	14430	8268	2739	7210	14809	3598	7930	2255	5914	1432	1382	1934	2253	2886	2325	1590	3237	1666	2996	2626	2179
Rv2721c	6053	3900	5282	8995	5005	2011	5574	9946	2685	4687	2025	4043	3122	3792	4853	3479	5695	5214	3644	10011	4806	4826	5984	5228
Rv2722	62	43	39	104	66	27	31	70	18	60	16	45	13	3	10	10	12	5	12	9	4	10	3	2
Rv2723	1070	701	870	1208	751	257	1083	1363	439	778	329	551	461	355	541	423	585	617	521	954	496	591	600	642
Rv2724c	605	358	576	851	432	161	462	778	220	391	195	459	177	61	129	101	82	63	188	164	95	130	92	70
Rv2725c	1644	971	1266	2904	1629	537	1248	2712	637	1525	475	1223	340	318	458	434	507	360	416	841	509	590	566	338
Rv2726c	474	369	429	929	579	182	362	664	246	549	128	304	118	73	149	155	139	106	172	242	154	270	152	131
Rv2727c	271	142	185	422	248	69	179	367	106	205	70	162	42	33	38	49	78	30	41	84	42	80	74	33
Rv2728c	155	88	109	321	146	51	120	281	64	166	48	136	32	17	23	69	74	47	56	74	46	98	101	63
Rv2729c	320	211	242	543	300	94	200	392	145	270	89	149	163	96	108	228	234	217	188	249	118	382	238	177
Rv2730	25	25	26	36	22	8	24	34	17	11	14	18	7	4	9	5	7	3	16	10	11	3	12	4
Rv2731	826	466	542	937	561	153	661	969	322	517	218	441	182	122	188	242	242	137	224	381	181	357	277	146
Rv2732c	542	320	386	706	393	129	371	542	238	391	151	244	80	52	44	84	63	29	89	140	45	90	68	32
Rv2733c	956	645	817	1531	940	293	847	1590	413	847	317	629	195	224	298	453	581	440	263	588	313	668	700	503
Rv2734	788	481	497	1170	688	226	611	1037	366	676	184	391	213	93	175	224	208	179	337	232	183	312	237	179
Rv2735c	634	414	535	1351	633	331	493	1379	264	661	207	537	248	88	246	318	230	203	274	265	169	465	315	253
Rv2736c	453	264	375	790	485	164	257	486	143	336	108	312	32	9	23	46	15	22	48	22	25	65	20	22
Rv2737c	8946	5555	7215	21060	11831	4291	7735	19680	3814	10759	2595	9703	2023	1152	1813	3104	3189	2380	2628	3102	1895	4514	3575	2602
Rv2738c	341	188	217	412	236	43	158	269	132	233	70	119	48	21	39	49	22	24	60	69	37	56	38	35
Rv2739c	508	342	346	1015	558	175	418	923	224	509	132	360	140	124	102	172	266	148	139	302	138	303	333	184
Rv2740	415	245	297	674	383	102	356	658	153	348	114	354	130	51	98	101	91	36	180	140	100	157	85	37
Rv2741	340	213	239	540	287	90	178	385	111	247	70	211	40	28	38	60	41	24	96	61	41	89	44	27
Rv2742c	1007	586	740	1957	1011	383	770	1867	391	956	249	852	158	125	213	270	282	269	200	333	226	355	349	258
Rv2743c	1511	862	1174	3769	1828	759	1027	2969	533	1626	363	1595	150	86	114	236	264	159	159	302	125	370	323	180
Rv2744c	4631	2764	4348	13028	6460	3166	4403	14992	2177	6988	1697	6486	3451	2357	4567	6466	7942	7830	3663	5625	3934	8113	7711	7393
Rv2745c	1922	983	1568	4262	2034	800	1223	3381	727	1793	517	2404	203	103	140	378	326	182	232	291	137	520	340	161
Rv2746c	212	108	136	344	176	39	172	264	92	148	38	138	104	56	60	81	75	39	114	122	75	112	83	45
Rv2747	280	197	236	422	214	108	319	492	120	266	83	168	161	141	219	195	336	254	175	451	222	283	353	311
Rv2748c	5343	3415	5074	11501	6524	2643	4543	11354	2323	5802	1827	5467	1464	1371	1855	3364	4740	3637	1765	3667	1795	4822	5109	3792
Rv2749	50	27	59	122	58	28	29	79	27	63	9	33	7	13	24	31	13	33	12	38	16	45	26	22
Rv2750	958	557	669	1695	936	279	639	1438	380	945	241	672	325	271	384	578	681	573	402	759	397	785	712	601
Rv2751	556	333	426	941	538	196	365	860	199	464	140	416	139	74	136	184	211	185	165	224	109	232	235	152
Rv2752c	1963	1144	1558	4213	2117	767	1596	3851	865	1978	572	1696	616	415	644	848	1007	1026	695	1048	586	1101	1056	895
Rv2753c	2175	1231	1571	3596	2026	653	1346	2611	844	1692	578	1363	294	176	255	417	394	316	373	489	279	615	464	323
Rv2754c	179	109	145	253	199	69	147	304	84	158	48	93	136	141	233	265	446	358	151	480	211	368	476	415
Rv2756c	235	153	209	636	317	124	186	578	108	295	82	266	281	121	224	160	144	77	318	286	235	231	146	95
Rv2757c	113	84	121	221	147	63	81	242	49	177	41	119	143	59	103	94	71	56	157	141	107	137	70	55
Rv2758c	32	20	37	57	24	5	23	46	16	35	6	22	20	15	14	12	13	11	20	31	31	26	8	6
Rv2759c	125	107	113	256	162	54	120	273	55	159	48	115	63	64	76	77	98	82	83	165	78	91	121	81
Rv2760c	42	30	20	65	39	16	12	32	9	43	5	21	6	2	9	10	11	5	10	7	11	12	3	1
Rv2761c	718	482	594	1643	795	292	747	1637	374	802	238	598	287	201	346	356	568	419	336	656	396	526	539	487
Rv2762c	306	157	226	471	284	93	189	484	100	265	83	187	41	68	75	77	80	66	65	190	85	111	95	70
Rv2763c	623	381	435	980	530	157	409	740	222	471	166	398	62	27	41	61	37	50	75	85	44	82	47	45
Rv2764c	3715	2378	3177	5009	2838	1060	3486	5509	1842	3061	1112	2088	1479	1196	1793	1472	2015	1580	1691	3173	1744	1963	2204	1627
Rv2765	2769	1738	2107	3102	1858	574	2149	2906	1049	1577	686	1210	171	174	225	166	267	156	258	525	249	260	301	201
Rv2766c	461	285	339	643	318	138	385	553	230	301	147	258	122	84	107	85	135	111	130	252	140	126	145	119
Rv2767c	87	50	88	133	85	41	83	131	40	108	28	58	24	19	56	17	25	20	36	60	43	26	19	37
Rv2768c	353	182	267	385	195	84	205	311	94	171	101	161	48	17	36	30	28	24	59	49	42	48	21	14
Rv2769c	205	152	217	265	133	64	208	249	101	123	82	103	44	27	52	34	42	56	22	50	62	34	54	37
Rv2770c	630	396	506	812	447	161	507	898	266	469	199	400	112	138	149	182	258	209	152	292	172	228	270	197
Rv2771c	289	163	192	383	184	66	146	279	83	245	89	140	117	23	60	91	92	75	137	100	85	128	93	62
Rv2772c	357	191	281	572	329	96	301	510	133	303	88	258	87	41	76	132	127	90	91	114	63	201	178	73
Rv2773c	829	525	600	1606	941	274	690	1579	334	917	230	644	453	220	404	597	489	345	594	615	376	834	507	385
Rv2774c	362	226	324	423	247	98	327	384	169	292	100	149	223	100	203	235	215	154	291	274	203	318	244	177
Rv2775	338	233	325	402	215	82	288	420	156	260	121	171	239	115	189	193	192	179	266	321	159	218	173	184
Rv2776c	409	192	332	609	336	121	332	677	135	335	116	335	52	67	79	119	177	82	69	162	69	152	167	99
Rv2777c	774	425	566	1088	619	175	465	831	240	523	211	499	121	64	116	162	100	77	215	163	124	221	104	60
Rv2778c	697	423	547	1083	614	172	616	1060	296	576	210	465	399	243	377	326	283	213	492	546	328	371	273	232
Rv2779c	102	68	115	114	53	31	92	91	51	64	26	67	56	26	48	44	57	39	76	73	44	90	44	41
Rv2780	3630	2191	2853	4604	2359	972	3027	4576	1579	2462	1066	1910	1027	687	1328	1189	1290	1210	1411	1847	1238	1670	1340	1287
Rv2781c	2600	1915	2242	6633	3638	1303	2592	7086	1215	3388	794	2713	785	789	1107	1115	1486	1098	956	2228	1106	1759	1732	1250
Rv2782c	5283	3811	4487	14616	7938	2829	4901	14882	2474	7568	1606	5650	2349	2414	3364	2953	3969	3322	2965	6484	3460	4221	4518	3609
Rv2783c	21518	15015	19085	40591	22764	8619	22645	50197	10011	21997	7595	16777	12053	13511	18857	15403	25567	26255	15135	36802	17953	21323	28432	28391
Rv2784c	893	588	825	1047	608	263	598	857	364	597	309	476	103	49	141	136	101	57	142	161	112	187	127	72
Rv2785c	8116	4815	6867	9022	5536	2055	4922	6243	3610	6328	2631	3871	1842	591	1261	1147	673	700	2585	1525	1312	1657	778	752
Rv2786c	1000	639	762	1619	969	324	745	1362	410	885	277	731	259	192	236	261	271	191	322	487	268	337	283	201
Rv2787	554	323	412	585	342	118	398	581	229	359	134	208	141	96	167	130	136	126	212	283	157	157	178	128
Rv2788	772	503	683	1352	701	293	720	1292	311	707	237	521	200	229	245	288	420	294	258	472	270	491	496	323
Rv2789c	1352	812	1057	3503	1965	682	967	3223	445	1524	383	1504	466	215	329	761	684	516	525	555	332	946	718	560
Rv2790c	3443	2458	2913	10385	5918	2215	3470	12676	1573	5813	1175	3876	2150	2548	3600	5216	9086	10320	2790	6295	3484	7248	10310	11293
Rv2791c	3765	2430	2988	9591	5500	1975	3481	11687	1479	4916	1091	3813	1279	1768	2398	3572	6976	5399	1689	5064	2421	5453	8196	6221
Rv2792c	645	368	422	1544	796	181	367	951	198	600	159	656	51	11	32	63	51	17	40	45	44	108	74	31
Rv2793c	781	476	568	1625	929	294	553	1444	317	844	216	646	143	102	147	232	276	164	170	361	190	336	351	248
Rv2794c	396	261	302	986	501	149	296	887	151	415	87	404	66	59	82	138	171	142	84	167	84	195	200	153
Rv2795c	1409	847	1095	3022	1636	618	1159	2887	652	1591	398	1039	531	494	814	1060	1434	1294	634	1439	816	1520	1652	1426
Rv2796c	248	156	177	414	230	90	205	429	134	279	68	152	132	102	152	134	187	118	208	280	177	206	203	175
Rv2797c	397	223	300	778	430	159	352	866	201	430	121	286	105	125	182	234	241	216	122	285	196	320	351	242
Rv2798c	81	29	42	62	39	4	29	53	15	35	19	39	6	0	8	10	6	3	12	4	13	12	11	3
Rv2799	1063	678	787	2022	1216	376	892	2031	487	1208	329	667	439	368	612	634	857	670	509	936	540	957	872	687
Rv2800	1198	754	964	2400	1281	462	1057	2445	547	1374	366	804	275	295	421	556	822	573	350	888	446	841	957	669
Rv2801A	30	10	21	19	12	9	5	5	4	13	9	3	2	0	3	1	1	5	2	0	3	2	1	1
Rv2801c	90	41	45	94	70	18	47	55	23	52	21	34	12	4	12	10	11	2	12	23	15	17	12	12
Rv2802c	204	139	164	433	215	71	194	369	98	169	65	149	51	78	66	81	140	94	49	197	88	104	146	122
Rv2803	60	65	59	108	55	29	65	117	45	79	27	32	58	61	83	53	75	49	81	134	81	89	71	42
Rv2804c	33	21	28	76	23	9	45	51	20	27	12	25	11	19	16	20	21	16	16	70	19	40	45	22
Rv2805	0	0	1	2	0	0	0	0	0	1	0	0	0	0	0	0	0	0	0	0	0	0	0	0
Rv2806	41	29	45	39	21	5	39	27	19	29	18	15	14	3	16	5	11	7	12	9	30	9	13	9
Rv2807	105	54	73	108	57	19	58	109	35	74	27	38	23	4	20	27	20	26	20	25	14	28	21	39
Rv2808	275	182	233	403	242	87	261	450	149	270	71	157	516	183	411	464	461	344	641	463	342	664	435	395
Rv2809	206	130	151	308	186	55	117	199	73	151	42	123	39	9	27	38	21	17	37	28	26	36	14	12
Rv2811	11	6	9	35	19	5	3	19	2	11	3	19	1	2	0	1	1	0	2	1	0	3	1	0
Rv2812	28	19	24	130	77	31	24	124	17	69	8	64	6	9	8	37	47	30	6	21	5	53	59	38
Rv2813	19	11	17	83	51	11	24	89	6	47	9	41	17	19	39	76	170	190	22	62	50	121	130	240
Rv2816c	532	295	372	233	164	55	325	200	181	121	126	79	756	187	403	350	273	154	889	505	392	563	229	185
Rv2817c	518	325	375	302	174	59	353	333	256	170	143	137	710	284	603	328	343	234	856	839	592	541	339	216
Rv2818c	321	212	323	415	277	109	323	511	171	279	105	167	154	91	187	245	284	194	192	266	170	312	279	236
Rv2819c	430	245	329	538	291	134	348	517	174	255	140	237	155	100	169	175	149	112	178	228	157	211	153	106
Rv2820c	192	113	154	243	118	46	146	209	65	89	56	80	40	20	23	49	43	13	59	44	25	70	39	21
Rv2821c	105	85	109	120	90	30	102	141	67	59	45	62	49	11	26	28	31	29	47	46	27	82	33	16
Rv2822c	5	4	10	5	5	5	2	3	3	3	4	1	1	2	4	1	0	0	2	2	0	3	0	0
Rv2823c	362	259	257	685	370	157	336	797	162	393	103	316	184	140	177	239	336	299	208	282	187	361	400	306
Rv2824c	223	152	236	497	269	107	208	521	98	257	82	225	56	34	98	111	107	100	101	103	86	148	133	108
Rv2825c	388	206	283	630	325	132	219	534	136	263	95	293	31	31	39	55	62	53	46	79	31	106	73	51
Rv2826c	199	113	160	497	267	99	152	442	84	213	55	225	50	40	39	65	79	58	49	103	46	107	100	72
Rv2827c	709	422	564	1283	686	242	520	1365	262	710	232	531	189	269	285	439	601	429	257	742	329	638	727	459
Rv2828A	60	55	63	108	44	19	41	52	34	50	18	42	5	3	5	5	9	5	2	16	1	5	3	2
Rv2828c	38	23	24	60	30	14	44	52	15	23	15	38	10	19	42	20	28	27	24	66	33	22	41	29
Rv2829c	393	215	341	428	257	84	194	262	157	227	91	130	32	19	26	44	34	21	37	70	31	55	33	29
Rv2830c	4	3	5	9	4	0	0	2	1	3	2	0	0	0	0	1	1	0	0	0	1	2	0	0
Rv2831	658	349	442	794	434	105	373	591	187	356	117	361	125	122	152	124	181	132	142	373	164	254	226	142
Rv2832c	181	105	172	425	225	111	112	361	79	229	44	193	132	115	192	149	179	139	158	293	171	218	206	142
Rv2833c	141	106	149	686	389	159	150	795	75	354	56	311	101	88	141	300	464	449	136	264	136	413	522	444
Rv2834c	60	41	48	241	138	50	47	195	24	114	26	113	15	9	11	31	21	36	23	27	22	53	47	30
Rv2835c	295	174	174	823	424	154	165	532	107	354	72	370	44	10	36	47	24	38	42	57	33	61	40	38
Rv2836c	643	355	483	1340	703	204	286	770	156	432	142	565	10	8	12	15	10	7	22	11	12	34	14	5
Rv2837c	2054	1107	1515	5033	2610	832	1048	3390	673	2250	472	1876	153	79	139	233	169	146	212	187	136	314	170	125
Rv2838c	1138	711	1002	2994	1694	623	676	2118	331	1341	306	1199	70	13	64	171	96	42	91	66	46	237	122	68
Rv2839c	23073	15867	20243	57711	30644	12659	20610	57718	10312	29178	7708	24922	4102	4075	6075	7537	9713	7637	5668	11489	6455	11631	12030	9097
Rv2840c	8209	5201	6711	13458	7400	2607	7673	14395	3712	7061	2594	5811	3167	2955	4748	3305	5087	4358	3912	7834	4588	4559	5375	4833
Rv2841c	2626	1494	2316	5568	3141	1177	1847	4800	1138	2828	813	2570	394	256	401	605	521	360	538	732	435	897	568	381
Rv2842c	3431	2136	3153	6103	3374	1238	2549	5417	1425	3363	1091	2762	690	454	688	803	810	581	899	1260	663	1271	987	582
Rv2843	412	210	272	470	277	86	281	425	160	288	115	160	58	111	104	133	191	140	88	294	104	193	286	171
Rv2844	222	165	185	318	175	68	166	268	99	176	50	110	73	70	95	101	103	105	119	195	100	148	107	92
Rv2845c	1561	1023	1305	2508	1124	509	1258	2106	695	1076	551	1057	216	150	312	276	347	369	245	469	268	422	411	326
Rv2846c	12254	7591	10622	20978	9813	3869	11453	22701	5326	9740	4009	8524	3038	2790	3760	3531	4930	4048	3866	7615	3971	4780	5301	4203
Rv2847c	789	445	575	1551	881	298	568	1357	320	811	228	748	182	99	121	209	171	114	190	233	111	261	156	117
Rv2848c	1292	900	1035	3494	1837	694	1175	3573	563	1728	429	1316	302	329	434	638	858	638	394	975	455	897	914	664
Rv2849c	712	414	540	1500	860	267	413	1195	259	743	197	634	195	39	106	155	130	88	217	129	117	247	126	59
Rv2850c	1289	844	1032	3557	1788	623	975	3325	516	1727	403	1380	167	139	233	465	522	380	227	427	243	713	600	423
Rv2851c	662	400	531	1475	761	230	394	1116	192	765	162	579	104	51	84	191	121	59	109	157	72	271	127	88
Rv2852c	1303	914	1073	3779	2126	714	1253	3900	628	2201	403	1476	690	735	957	1339	1842	1508	854	1886	950	1832	2063	1733
Rv2853	358	208	301	555	296	108	248	489	144	290	104	206	98	81	119	166	132	116	121	189	116	165	174	114
Rv2854	324	173	208	376	217	77	241	379	122	185	88	138	180	123	200	346	399	416	182	347	221	440	481	454
Rv2855	346	230	273	472	286	68	256	461	172	238	89	164	164	76	165	192	206	121	210	270	181	244	228	150
Rv2856	488	345	433	946	495	173	454	1047	236	492	146	325	624	591	917	1174	1782	1722	658	1519	885	1606	1865	1734
Rv2857c	417	241	343	724	398	147	309	670	162	377	123	260	152	59	108	187	117	111	197	198	83	268	141	120
Rv2858c	672	398	455	1462	803	248	515	1266	277	763	189	586	181	151	255	305	302	244	238	444	188	451	368	275
Rv2859c	431	211	316	800	462	137	334	844	137	426	117	337	89	112	208	251	382	208	148	451	199	350	456	238
Rv2860c	563	340	418	1385	748	218	479	1288	228	631	145	550	240	115	193	301	281	233	263	264	184	418	300	232
Rv2861c	1949	1283	1646	4746	2641	953	1879	4934	979	2755	609	2056	998	848	1322	1496	1890	1489	1277	2279	1260	2112	2100	1663
Rv2862A	2	2	2	9	3	2	1	4	1	1	1	1	1	0	2	0	0	0	2	0	2	0	1	0
Rv2862c	124	57	95	121	65	13	60	124	42	73	20	54	21	6	8	13	13	2	22	18	9	24	29	4
Rv2863	35	29	37	49	27	14	30	39	14	31	11	23	13	18	13	19	22	33	25	45	16	29	28	34
Rv2864c	782	442	626	1014	559	214	621	987	302	518	238	403	342	284	413	393	501	413	384	872	428	542	650	498
Rv2865	141	67	105	229	107	44	83	227	52	127	38	84	54	24	56	31	37	17	69	41	57	51	25	26
Rv2866	301	183	270	728	353	163	252	760	116	308	96	329	40	24	30	63	69	55	38	60	39	111	62	43
Rv2867c	3996	2443	3250	9178	4662	1755	3366	8746	1923	4654	1197	4179	669	585	846	1111	1289	932	837	1638	957	1729	1582	1154
Rv2868c	5230	3412	4182	10126	5647	1900	4411	9996	2325	5308	1686	4224	1537	1540	1963	2502	3551	3434	1740	3940	1915	3448	3863	3298
Rv2869c	2366	1365	1974	4458	2378	832	1650	3717	924	2250	656	1899	590	345	525	784	769	549	632	969	472	1091	840	636
Rv2870c	993	607	848	2048	1154	475	841	1887	438	1131	325	866	206	180	288	384	514	320	259	480	270	558	542	375
Rv2871	50	31	35	30	27	8	25	30	18	22	11	14	12	2	8	2	2	0	19	4	12	11	8	3
Rv2872	94	48	63	104	49	13	63	95	47	76	16	47	32	66	66	61	156	156	61	169	70	108	169	160
Rv2873	6728	4177	5100	7064	3820	1346	6117	8197	3166	3931	2091	2612	491	482	754	343	432	325	654	1303	733	470	431	344
Rv2874	2420	1435	1942	2692	1433	547	1940	2920	1050	1432	746	1053	198	141	193	173	194	145	206	364	190	238	198	131
Rv2875	20505	13566	17466	21219	12167	4250	21984	26329	10932	13074	7130	8416	1827	2392	2802	821	1353	1366	2223	5936	2740	1083	1434	1358
Rv2876	1002	674	821	1370	658	196	532	751	377	539	248	387	47	11	36	23	14	13	25	24	15	33	16	6
Rv2877c	5967	3777	5055	7808	4079	1441	4251	6783	2340	3467	1895	3447	336	170	284	190	175	121	426	451	292	314	200	157
Rv2878c	3460	2093	3197	8020	4119	1756	2864	8150	1346	3999	1196	4524	397	203	394	432	414	232	514	521	376	576	447	276
Rv2881c	2774	1853	2374	4704	2506	907	2333	4830	1178	2232	919	1837	992	555	750	982	1132	814	1144	1466	894	1462	1187	905
Rv2882c	884	531	692	1381	726	213	549	1100	372	656	290	561	478	116	291	417	264	233	513	342	287	524	255	242
Rv2883c	2396	1404	1894	3642	1929	642	1897	3341	906	1699	691	1584	870	426	660	995	1065	720	978	1059	709	1502	1173	728
Rv2884	551	281	366	886	523	177	425	875	232	522	134	410	136	95	159	224	243	244	183	228	139	358	298	255
Rv2885c	1390	904	787	3033	1739	526	1079	2950	561	1709	279	1087	347	369	476	965	1433	1271	403	870	395	1280	1680	1334
Rv2886c	173	122	90	529	223	61	94	288	62	225	37	130	14	5	12	24	16	7	8	9	3	41	8	3
Rv2887	231	120	160	287	190	65	134	238	74	159	60	127	59	32	51	90	44	32	71	81	50	98	75	43
Rv2888c	2708	1709	2265	4412	2290	942	2314	4621	1097	2232	843	1985	741	691	922	796	1087	784	910	1861	956	1259	1300	872
Rv2889c	704	506	683	1333	654	251	602	1028	287	614	243	609	131	81	126	122	177	104	151	235	134	204	169	139
Rv2890c	4557	2870	4479	6490	3476	1501	4316	7125	2165	3574	1683	2846	2887	2240	3621	2671	3529	2958	3643	5523	3424	3630	3757	2963
Rv2891	12	10	6	28	19	7	14	25	6	16	3	11	1	0	6	2	2	4	0	6	0	1	3	5
Rv2892c	211	115	141	330	164	48	153	278	86	143	67	144	33	23	26	30	36	14	43	45	22	42	22	21
Rv2893	199	105	135	319	152	64	151	220	76	148	50	152	25	15	23	40	29	28	32	53	27	57	51	31
Rv2894c	1018	670	959	2338	1186	446	1066	2416	418	1021	320	1100	175	238	250	231	442	292	214	651	290	404	488	347
Rv2895c	1120	662	863	1911	1049	335	954	1853	469	1015	305	880	202	207	228	281	474	316	275	497	250	433	523	313
Rv2896c	329	201	260	525	295	112	208	536	136	286	80	216	29	25	26	57	93	88	49	95	36	78	86	71
Rv2897c	140	90	135	699	350	129	109	608	75	311	35	322	30	17	15	26	14	19	17	19	9	29	34	6
Rv2898c	160	90	117	461	244	89	74	309	53	237	41	206	44	34	24	66	45	53	53	75	45	116	72	61
Rv2899c	342	208	238	976	511	168	195	674	121	390	89	406	36	19	28	69	45	28	46	50	32	94	43	41
Rv2900c	3608	2448	2844	11107	5826	2308	3293	11817	1751	5711	1030	4995	1334	1096	1852	2164	3043	2480	1553	3156	1806	3020	3352	2592
Rv2901c	786	443	577	1452	749	244	402	1046	216	608	191	589	113	34	87	66	45	23	149	81	67	110	60	24
Rv2902c	3341	1965	2462	7280	3882	1388	2471	7090	1104	3133	992	3454	593	405	574	842	1177	727	799	1157	609	1270	1298	814
Rv2903c	10745	6941	9421	20045	10921	4512	8792	20242	4519	10476	3516	8353	2859	2107	3200	3479	4044	3108	3738	5719	3321	5427	4663	3438
Rv2904c	4386	2251	3480	5538	3267	1168	1793	3701	1324	2729	1206	2233	805	276	522	605	419	312	976	660	467	902	462	345
Rv2905	678	441	674	1194	612	216	544	1002	292	582	237	497	364	253	377	348	402	310	378	655	399	476	386	344
Rv2906c	427	280	377	693	363	165	412	732	194	420	150	272	154	149	177	196	252	196	180	302	169	254	249	203
Rv2907c	190	117	164	229	111	50	122	149	71	109	52	89	20	21	16	27	36	15	31	38	10	36	36	32
Rv2908c	5	1	2	1	2	1	0	0	2	0	2	3	1	0	1	0	0	0	1	4	0	1	0	0
Rv2909c	2048	1163	1470	2039	1167	407	1141	1700	733	1106	528	729	678	302	516	502	360	304	902	866	538	662	389	346
Rv2910c	48	24	28	51	30	7	31	47	8	23	7	18	5	1	5	3	4	0	5	2	2	12	0	1
Rv2911	248	158	210	335	194	58	178	268	105	197	82	146	62	43	75	70	87	41	72	163	83	95	88	66
Rv2912c	109	88	94	144	69	38	71	111	46	52	29	52	23	12	35	23	24	21	36	36	24	28	20	22
Rv2913c	393	236	311	534	269	97	351	426	158	219	97	182	65	56	71	79	84	61	91	160	77	107	91	96
Rv2914c	773	522	654	1361	754	274	758	1547	385	744	258	540	332	376	586	536	865	783	358	1088	530	709	1063	855
Rv2915c	648	384	477	1143	671	230	590	1240	285	623	211	515	135	198	244	278	465	440	165	443	253	391	507	436
Rv2916c	1518	977	1271	2418	1453	483	1172	2068	677	1252	431	991	308	201	336	386	406	274	378	626	323	606	510	352
Rv2917	137	98	113	245	161	51	106	224	70	155	49	122	13	27	15	25	23	18	15	29	22	44	45	35
Rv2918c	1821	1061	1566	5551	2871	1125	1483	5220	726	2601	520	2638	297	254	285	748	1028	782	338	683	309	975	1113	724
Rv2919c	525	329	493	1095	629	249	299	734	210	526	162	427	99	23	48	123	51	40	126	76	56	146	62	39
Rv2920c	1040	573	968	1439	811	373	722	1236	367	702	392	633	145	72	117	186	227	148	184	241	119	272	229	154
Rv2921c	1005	603	797	1529	829	296	781	1386	410	715	306	660	149	139	181	201	187	142	201	321	204	299	248	150
Rv2922A	36	22	33	51	30	8	28	43	16	34	6	20	4	12	6	11	6	14	10	19	9	23	11	9
Rv2922c	2451	1586	1983	3790	2171	705	2123	3923	1095	2030	798	1559	590	389	629	627	659	515	717	1018	576	912	742	583
Rv2923c	92	50	60	162	78	34	36	90	26	62	16	59	6	0	0	2	1	0	3	1	0	6	1	0
Rv2924c	286	176	217	763	388	147	235	726	96	347	91	299	69	50	77	86	154	108	89	157	90	149	144	158
Rv2925c	853	407	584	1443	756	235	450	1035	273	696	196	719	135	53	76	99	99	47	154	130	60	163	81	46
Rv2926c	1607	997	1480	3135	1599	627	1366	3097	673	1708	544	1396	437	332	488	733	873	677	522	838	503	1109	995	764
Rv2927c	1350	752	1104	2069	1251	447	853	1460	425	918	416	894	390	161	320	419	307	215	487	394	266	513	266	184
Rv2928	480	309	396	561	327	98	380	603	200	363	147	210	782	344	556	419	517	379	885	802	485	585	460	371
Rv2929	232	126	158	267	130	38	164	218	85	137	60	106	22	11	24	29	25	17	36	56	48	48	47	28
Rv2930	2863	1696	2865	5731	2802	1171	2359	5788	1198	2686	1058	2091	895	534	926	1836	2184	2139	1076	1276	885	2560	2511	2141
Rv2931	5151	3237	5052	11850	5661	2493	4294	12097	2054	5150	1752	4767	1410	984	1572	3061	3638	3339	1814	2543	1601	4512	4309	3658
Rv2932	2652	1740	2458	8105	3928	1848	2121	7998	1131	3625	900	3319	1140	827	1395	2353	2880	2880	1372	2239	1353	3036	3075	2804
Rv2933	5264	3396	4969	19229	10096	4324	4650	20179	2222	9580	1772	8382	1838	1506	2525	4228	5213	4605	2281	4037	2441	5911	6043	4765
Rv2934	4267	2688	3708	13848	7586	2986	3464	13970	1894	7198	1420	6096	1159	1007	1618	2555	3596	3047	1447	2646	1585	3881	4082	3321
Rv2935	16057	10392	12988	32682	17028	6603	15144	35653	7193	16495	5040	13394	3574	3433	5058	6570	9792	8633	4658	9465	5185	9388	10545	9091
Rv2936	1836	1191	1435	5135	2542	1048	1486	5254	754	2483	531	2228	760	463	765	812	859	799	898	1254	761	1104	1038	892
Rv2937	615	355	453	1931	1015	331	348	1388	225	831	154	776	266	161	266	229	219	159	293	437	226	270	222	151
Rv2938	825	555	741	3324	1612	632	592	2921	347	1611	267	1294	522	229	460	506	525	396	667	626	498	766	511	410
Rv2939	3612	2428	2898	10769	5445	2234	2655	10659	1458	5916	1100	4216	3014	1742	3433	2789	3303	3434	3727	4846	3330	3937	3494	3620
Rv2940c	31243	20153	25277	74046	38701	14596	26041	71881	12947	34892	9049	28543	6028	5150	7613	10175	13479	11445	7719	14297	7765	14836	15400	12430
Rv2941	6147	4169	5150	11810	6676	2427	5289	12971	2834	6584	2004	4531	5818	4014	6392	6151	7504	8334	7335	10474	6152	8461	8207	8747
Rv2942	9732	6143	7722	23293	12151	4385	7684	21214	4199	11288	2926	9041	2616	1914	2874	4388	4623	4001	3106	5223	2908	6132	5112	4116
Rv2943	183	130	155	519	266	99	185	556	72	220	55	241	37	36	40	33	41	53	36	87	47	50	53	60
Rv2943A	0	0	0	0	0	0	0	0	0	0	0	0	0	0	0	0	0	0	0	0	0	0	0	0
Rv2944	209	114	184	450	207	95	128	326	75	204	70	189	39	44	96	82	64	75	71	111	77	87	51	77
Rv2945c	1457	919	1277	4338	2346	843	1109	3408	686	2224	422	1732	412	149	358	516	462	268	528	488	347	668	488	307
Rv2946c	4381	2712	3652	17629	9915	3233	3174	15033	1654	7844	1250	7168	858	811	1047	2238	3712	2860	1136	2199	1006	3139	3913	3014
Rv2947c	1701	1071	1399	5954	3316	1107	1011	4527	612	2846	503	2126	447	200	353	824	771	542	581	638	319	1198	795	656
Rv2948c	5012	2916	3845	12138	6244	2189	3657	10853	1863	5496	1360	4864	1020	507	875	1626	1511	1119	1330	1322	868	2379	1679	1182
Rv2949c	806	472	627	1485	932	241	440	1004	264	759	187	607	362	98	247	281	206	210	423	250	222	293	182	191
Rv2950c	11465	7500	9444	22621	12901	4701	9822	23584	5094	12725	3754	9362	8582	4530	8069	10307	11611	10385	10157	12310	7865	14379	12582	10923
Rv2951c	856	578	755	1610	887	266	793	1453	458	960	290	636	1081	688	1128	973	1200	1080	1228	1912	1113	1251	1183	1081
Rv2952	642	429	598	979	552	209	524	920	247	524	187	360	979	602	1024	1061	1198	1216	1294	1598	970	1548	1257	1234
Rv2953	858	566	688	1267	737	286	692	1304	375	695	259	515	595	426	572	751	821	664	762	1089	594	1021	826	716
Rv2954c	2130	1290	1558	3187	1689	560	1641	2924	772	1627	579	1176	2493	1454	2614	1917	1884	1665	2665	3192	2049	2327	1697	1480
Rv2955c	327	200	237	490	278	72	231	377	118	276	87	171	158	128	165	137	182	154	187	330	177	247	245	150
Rv2956	1279	754	982	1705	1019	307	919	1633	423	892	378	657	1094	315	595	626	502	433	1184	749	577	817	522	361
Rv2957	1266	860	1028	2119	1138	373	1206	2340	551	1126	428	793	915	647	1186	864	1313	1183	1115	2007	1153	1371	1327	1250
Rv2958c	550	346	457	604	311	97	469	631	251	324	183	230	103	76	117	124	105	99	133	188	107	171	145	120
Rv2959c	710	547	636	967	524	189	867	1296	394	618	250	366	959	528	1124	632	939	932	1164	1431	974	863	896	980
Rv2960c	304	143	196	304	176	52	140	211	113	162	82	78	52	28	28	15	11	18	79	47	24	35	15	12
Rv2961	25	11	13	25	8	1	13	18	6	19	7	10	7	5	4	4	4	2	3	8	1	3	2	3
Rv2962c	324	154	199	354	168	60	164	272	116	160	66	115	60	23	44	47	50	49	59	64	45	70	59	59
Rv2963	563	352	456	980	487	177	420	972	239	522	176	362	216	137	220	312	298	291	287	352	211	390	306	276
Rv2964	479	316	400	663	360	126	376	590	224	359	160	225	136	89	150	236	204	160	173	218	127	318	296	216
Rv2965c	823	506	645	1028	618	208	872	1303	386	618	243	448	405	404	535	319	459	425	514	977	538	520	500	380
Rv2966c	754	444	608	948	478	145	498	701	275	467	215	379	96	72	115	64	65	63	132	220	130	112	102	57
Rv2967c	3674	2263	3200	6961	3873	1382	3079	6747	1577	3543	1171	2624	906	569	877	1013	1046	822	1064	1493	857	1417	1243	914
Rv2968c	398	230	270	694	370	108	204	456	122	306	128	276	41	10	16	22	31	10	71	32	17	34	22	14
Rv2969c	3377	2407	2994	6925	3724	1375	3807	8029	1822	3818	1162	2836	1493	1561	2080	1542	2334	2211	1871	4439	2233	2276	2726	2405
Rv2970A	727	487	607	1147	688	283	686	1142	353	617	221	532	265	187	204	182	179	190	353	494	255	294	244	162
Rv2970c	3268	2185	2739	7085	3967	1264	2730	7000	1345	3873	1015	2954	947	865	1217	1493	1961	1861	1224	2309	1353	2198	2213	1952
Rv2971	1706	1126	1530	2560	1541	592	1493	2820	780	1563	546	1035	1434	865	1654	1429	1370	1298	1796	2507	1613	2178	1643	1470
Rv2972c	405	246	350	588	354	130	335	571	172	349	125	225	209	184	277	249	309	241	256	541	278	356	342	263
Rv2973c	1041	610	755	1842	1011	353	886	2009	423	945	259	699	445	397	608	717	969	929	514	1039	607	1007	1071	963
Rv2974c	762	465	530	1461	770	229	545	1384	301	734	177	531	188	163	217	421	611	425	222	492	162	562	671	480
Rv2975a	1239	850	1106	1230	743	270	827	1135	624	858	386	444	436	272	359	362	280	228	473	585	305	434	256	211
Rv2975c	110	76	76	193	104	40	62	83	40	86	33	54	15	4	6	15	7	6	14	12	4	17	11	9
Rv2976c	1007	659	851	1587	861	285	763	1563	424	941	277	649	200	167	248	349	419	438	242	408	273	452	435	444
Rv2977c	1053	636	687	2296	1391	411	682	1908	413	1104	248	915	93	76	72	211	194	133	110	182	88	340	245	160
Rv2978c	2289	1544	1500	6454	3541	1309	2039	6686	1032	3465	590	2380	651	706	841	1695	2131	1868	796	1726	802	2449	2443	1943
Rv2979c	1165	749	720	2925	1606	526	948	2819	472	1629	252	1169	197	130	201	454	473	456	245	350	185	663	531	463
Rv2980	195	101	144	188	112	27	123	138	70	117	36	75	19	7	24	26	16	12	16	49	27	34	25	5
Rv2981c	1293	782	800	2469	1325	380	812	1790	519	1297	345	933	273	193	364	459	380	357	373	515	335	568	422	317
Rv2982c	508	291	390	1049	607	169	352	1092	170	513	104	412	199	153	248	292	345	299	258	388	223	396	434	335
Rv2983	138	130	143	309	209	60	110	341	81	214	57	134	59	58	94	140	143	78	85	149	75	185	181	103
Rv2984	2168	1428	1834	3501	2026	751	2059	3988	1057	2028	734	1410	1771	1555	2110	2344	2915	2865	2249	4186	2196	3183	3197	3068
Rv2985	1249	747	1289	1659	919	321	890	1362	465	789	384	722	530	301	530	647	639	469	553	861	506	907	653	462
Rv2986c	8346	5206	7992	15920	9569	3609	6380	15042	3610	8874	2769	8147	6630	3714	5260	10329	10492	8327	8438	10157	5673	15005	12322	9209
Rv2987c	1736	1175	972	7295	3929	1698	1386	6520	726	3715	376	4073	2770	975	1696	3072	2547	2219	3297	2615	1731	4291	2678	2236
Rv2988c	5634	3900	3187	18450	10358	4839	5549	19108	2676	10171	1320	11282	6364	5698	9179	10767	15164	12174	8907	16243	9689	16578	18047	13775
Rv2989	1751	1147	972	4893	2556	1125	1214	3967	707	2326	360	2841	466	443	583	856	877	587	573	1308	626	1159	973	681
Rv2990c	2603	1545	1812	6100	2997	1325	1766	5426	939	3060	671	3299	869	558	867	1387	1618	1606	1063	1500	917	1911	1814	1576
Rv2991	318	195	248	715	396	148	227	673	129	372	63	389	70	45	62	97	125	92	126	137	67	145	123	106
Rv2992c	1068	631	822	1941	1155	392	833	1940	496	1042	318	762	316	250	410	560	560	481	439	720	385	735	588	564
Rv2993c	625	383	452	1104	625	223	542	977	282	620	177	387	254	233	396	368	500	482	345	611	369	630	553	554
Rv2994	558	349	320	1047	547	194	456	931	215	567	120	368	143	118	113	165	133	121	163	325	162	243	167	132
Rv2995c	562	390	478	857	497	148	491	852	255	436	184	358	204	116	246	222	265	148	219	331	197	309	282	137
Rv2996c	1156	785	937	2144	1176	368	1064	2214	509	1030	356	750	383	395	522	721	929	723	590	1162	554	972	1079	755
Rv2997	360	258	265	803	404	157	320	724	214	367	124	355	87	87	96	192	202	185	109	266	111	256	274	220
Rv2998	247	138	186	326	197	78	143	292	99	175	66	142	164	69	196	170	130	154	206	212	158	287	172	171
Rv2999	216	135	173	262	151	60	163	236	75	111	47	136	46	28	68	72	55	63	74	66	46	108	87	48
Rv3000	339	201	320	552	289	103	290	486	151	262	111	243	70	55	93	76	97	80	82	130	78	113	124	70
Rv3001c	2843	1688	2291	4665	2535	976	2202	4446	1259	2308	870	2021	849	657	966	893	1029	761	959	1454	894	1231	996	701
Rv3002c	1336	846	1096	2467	1288	517	1099	2605	604	1366	499	1076	849	373	659	715	758	661	975	995	720	896	755	674
Rv3003c	5830	3854	4952	9639	5383	2021	5357	10361	2731	5378	1987	4019	2345	2522	3880	3862	6057	5328	2857	6807	3402	5324	6699	5646
Rv3004	600	418	592	1030	542	236	550	951	263	548	226	471	180	181	297	250	377	289	202	485	310	398	370	355
Rv3005c	2023	1014	1323	2835	1639	458	973	1885	576	1235	501	1397	247	92	189	241	224	117	398	328	193	394	241	113
Rv3006	2246	1467	1827	4099	2409	819	2141	4768	963	2282	719	1659	1125	1021	1727	1654	2194	1883	1530	2540	1688	2416	2580	2037
Rv3007c	500	304	387	734	475	147	304	664	174	410	151	325	116	57	116	127	162	101	128	199	132	212	185	114
Rv3008	703	341	447	912	521	165	380	670	232	529	150	367	118	52	102	132	131	83	163	194	128	187	156	89
Rv3009c	1517	877	1061	2791	1534	530	1053	2372	556	1498	390	1150	454	274	428	655	653	489	574	759	414	893	666	516
Rv3010c	1234	731	945	2315	1325	459	876	2122	504	1172	320	1033	299	187	339	354	362	222	394	437	340	452	374	277
Rv3011c	563	391	409	605	346	137	414	695	216	353	146	256	103	142	110	140	186	125	140	347	165	167	217	161
Rv3012c	141	73	94	162	99	30	58	98	49	87	25	42	28	9	15	19	15	6	28	21	10	38	14	6
Rv3013	118	80	137	134	112	34	101	118	42	83	49	73	28	16	13	17	27	19	21	35	23	25	36	29
Rv3014c	618	391	508	1115	556	230	502	1066	249	589	181	403	169	157	208	238	294	198	197	408	200	340	295	260
Rv3015c	212	162	181	387	210	54	169	332	86	172	48	124	26	32	27	37	49	27	51	77	38	53	49	30
Rv3016	376	268	324	688	361	117	280	655	186	414	122	280	173	108	141	248	239	163	201	302	167	319	240	200
Rv3017c	51	17	33	60	26	9	30	45	18	35	15	31	11	8	6	3	7	11	10	9	4	8	5	5
Rv3018c	22	12	15	37	13	8	11	32	4	14	5	10	0	2	0	3	4	0	2	1	1	2	3	0
Rv3019c	0	0	0	0	0	0	0	0	0	0	0	0	0	0	0	0	0	0	0	0	0	0	0	0
Rv3020c	0	0	0	0	0	0	0	0	0	0	0	0	0	0	0	0	0	0	0	0	0	0	0	0
Rv3022A	15	12	8	26	17	3	12	17	7	7	1	10	0	0	0	0	0	0	0	0	0	0	0	0
Rv3023c	35	27	24	54	27	7	35	49	22	27	13	22	12	12	10	10	11	9	6	12	11	22	12	5
Rv3024c	1115	710	1006	2026	1056	390	1014	1970	438	977	333	843	212	226	262	320	581	390	241	592	292	501	621	470
Rv3025c	1327	729	1021	1976	1171	369	926	1890	455	1037	427	993	389	207	464	549	529	409	519	727	405	792	614	512
Rv3026c	98	71	59	123	58	27	61	127	42	77	29	44	12	18	28	11	10	15	33	34	12	20	24	6
Rv3027c	268	207	214	334	184	69	193	312	100	157	89	155	31	28	36	26	34	30	40	50	19	45	18	31
Rv3028c	2768	1871	2393	3449	2062	735	2697	3909	1294	2125	886	1395	700	839	1007	878	1300	870	906	2307	1048	1248	1550	965
Rv3029c	2765	1827	2317	3581	2101	682	2235	3435	1184	1976	825	1417	1241	842	1317	1256	1383	965	1483	2247	1271	1742	1440	998
Rv3030	413	251	283	385	287	92	307	412	164	266	110	149	199	111	200	187	175	142	260	334	172	288	174	127
Rv3031	613	377	459	799	465	126	460	802	234	469	152	283	397	362	550	666	847	686	489	924	562	926	930	739
Rv3032	400	245	344	534	293	92	378	686	170	318	130	204	202	258	341	382	595	493	262	713	338	492	660	518
Rv3032A	146	73	112	180	95	31	94	110	47	78	20	85	19	15	21	30	25	16	37	50	20	38	31	12
Rv3033	129	84	80	154	95	28	87	121	75	82	41	58	31	11	28	37	39	19	46	41	15	49	32	30
Rv3034c	875	430	507	1062	632	161	471	721	321	459	176	439	82	39	57	70	38	18	115	90	48	131	60	22
Rv3035	1092	639	837	1474	829	301	953	1490	430	836	308	666	258	311	356	313	395	309	285	798	400	452	464	343
Rv3036c	1614	1133	1487	2738	1520	622	1474	3028	756	1610	538	953	643	604	1002	815	1189	1185	754	1707	1083	1189	1426	1223
Rv3037c	1037	720	817	2009	1028	377	972	2125	468	1041	286	895	238	253	275	354	443	415	296	706	266	440	594	414
Rv3038c	2026	1142	1471	2975	1558	498	1225	2532	738	1566	529	1153	320	267	398	411	515	410	385	764	417	602	608	448
Rv3039c	301	178	212	425	244	68	229	334	125	200	88	138	34	27	37	46	49	29	45	68	38	60	64	30
Rv3040c	542	400	427	840	443	162	509	911	259	489	184	262	172	145	191	197	256	221	201	438	194	301	273	212
Rv3041c	534	260	297	697	404	112	346	534	198	320	130	262	59	40	45	60	73	56	49	85	50	107	80	39
Rv3042c	990	557	708	1264	688	216	696	1221	366	674	243	459	244	220	304	418	655	549	336	585	355	579	695	564
Rv3043c	2684	1713	2121	4180	2459	770	2517	5044	1087	2478	820	1456	3154	2436	3411	3714	5264	5127	3638	6306	3306	5026	5312	4983
Rv3044	1953	1413	1498	3190	1810	573	2052	3749	980	1889	594	1256	614	946	1111	1261	2177	1859	813	2940	1230	1841	2642	2023
Rv3045	2422	1575	2146	4115	2315	890	2058	4335	1176	2421	822	1632	1290	990	1423	1547	1727	1339	1604	2781	1625	2129	1975	1642
Rv3046c	803	541	710	1147	609	256	615	1077	436	614	249	429	316	308	411	270	362	345	414	953	500	456	512	443
Rv3047c	863	464	555	1246	688	228	428	854	239	482	189	549	32	8	21	39	43	19	38	48	23	59	43	23
Rv3048c	9347	5835	7316	15856	8548	2892	6857	13971	3782	7849	2644	5778	2084	1030	1932	3289	3314	2738	2543	2718	1829	4491	3516	2890
Rv3049c	28517	18949	22965	49058	27988	9066	25898	51097	13426	28026	8984	19210	7206	5592	9149	17140	20187	16316	9522	15831	9303	25825	23585	18117
Rv3050c	2563	1611	2050	4558	2279	917	1931	3716	1011	2208	797	2000	665	336	656	748	780	531	743	962	605	1073	887	576
Rv3051c	7424	4892	5937	10302	5792	1893	6605	10896	3185	5480	2347	3868	7237	3973	7021	5175	6134	4876	8503	9769	6453	7166	6511	5082
Rv3052c	1226	775	899	1621	915	328	786	1351	479	821	354	589	765	273	462	521	399	315	844	665	430	740	419	251
Rv3053c	3112	1982	2390	3672	2291	694	2556	4059	1371	2249	909	1526	5095	2120	3465	2394	1968	1794	6129	5430	3140	3352	2024	1747
Rv3054c	120	62	78	233	111	40	120	245	55	107	33	87	74	66	97	55	116	72	88	164	104	86	116	87
Rv3055	91	70	79	204	122	33	111	239	41	116	32	98	66	75	93	135	191	142	63	228	116	166	223	152
Rv3056	262	171	254	440	251	80	233	452	117	251	75	150	119	89	166	157	173	149	150	228	181	175	178	171
Rv3057c	624	350	419	785	410	132	371	542	223	371	147	266	107	62	81	94	88	56	146	159	97	142	88	63
Rv3058c	1491	846	1106	2206	1255	366	1121	2055	626	1223	390	905	793	404	646	668	703	486	959	1126	646	822	710	516
Rv3059	909	566	715	1270	783	247	697	1415	377	882	260	477	678	481	793	802	826	724	804	1272	869	1087	1009	846
Rv3060c	1804	1020	1279	3287	1632	568	1238	3006	631	1534	483	1613	259	129	193	333	423	294	328	372	248	528	440	266
Rv3061c	1733	978	1304	5302	2752	919	1218	4660	619	2321	480	2307	309	234	280	649	684	458	460	641	258	921	763	505
Rv3062	1015	640	810	1646	911	353	731	1395	381	897	292	653	238	175	228	372	428	360	242	516	250	553	506	371
Rv3063	648	408	537	1284	753	242	613	1402	281	726	202	558	251	206	320	440	548	558	325	593	295	649	542	587
Rv3064c	256	144	200	426	200	90	193	350	98	194	79	209	57	47	65	54	36	31	87	107	62	62	67	36
Rv3065	22	25	20	49	20	6	14	30	14	18	8	21	2	2	1	3	4	0	5	4	0	2	0	0
Rv3066	244	163	231	436	228	108	196	374	102	218	80	214	86	56	82	116	137	148	100	170	92	158	153	126
Rv3067	181	99	147	247	144	52	119	241	81	135	48	117	24	19	40	35	40	43	38	80	28	58	65	53
Rv3068c	468	270	316	642	375	129	325	637	168	366	148	259	133	90	146	198	198	209	167	261	157	276	211	195
Rv3069	93	45	57	121	67	20	39	73	21	40	22	34	9	7	17	23	3	3	25	17	13	27	4	6
Rv3070	51	27	31	87	51	14	30	65	7	38	9	29	15	11	19	26	19	26	27	27	17	31	35	20
Rv3071	330	176	226	539	287	77	259	544	139	280	88	206	92	85	112	138	157	131	111	252	127	207	190	152
Rv3072c	144	97	137	265	153	51	125	245	65	143	51	97	30	27	53	52	44	57	52	70	56	76	64	61
Rv3073c	117	47	81	167	95	24	60	129	31	92	21	84	16	4	7	19	10	12	29	10	10	26	8	15
Rv3074	3261	1963	2209	5192	2795	848	2621	5225	1321	2750	740	1716	137	198	235	319	522	444	185	589	246	470	562	493
Rv3075c	1468	891	1047	2700	1374	484	1190	2456	644	1491	440	1039	450	300	504	602	668	452	647	928	536	852	707	521
Rv3076	106	64	87	101	77	19	58	95	41	60	35	33	27	16	27	20	12	20	30	40	27	28	22	25
Rv3077	315	220	254	407	241	62	260	434	155	218	102	151	46	72	93	98	148	90	63	251	94	141	187	109
Rv3078	85	63	93	93	49	16	76	94	44	52	32	25	33	32	43	28	35	29	63	76	61	30	53	27
Rv3079c	101	60	81	94	51	16	60	63	46	49	26	34	8	3	15	4	3	1	12	3	9	7	3	0
Rv3080c	720	388	550	964	494	187	403	887	258	496	197	410	55	35	48	105	130	117	88	121	42	148	170	146
Rv3081	1429	779	1065	1177	639	221	920	1060	536	574	383	483	269	99	209	193	128	100	309	293	212	264	156	88
Rv3082c	3092	1852	2205	2673	1368	384	2057	1963	1264	1371	822	875	492	264	407	394	322	224	627	764	411	607	396	274
Rv3083	297	186	281	431	254	68	270	487	129	210	95	135	127	129	147	151	210	206	134	320	147	228	232	195
Rv3084	117	84	109	170	113	33	85	211	52	107	34	61	31	47	50	61	115	81	47	120	78	101	144	111
Rv3085	92	52	77	134	60	27	57	140	30	52	24	40	13	19	16	28	45	24	13	32	17	43	50	37
Rv3086	1041	643	814	1647	905	292	811	1418	440	855	298	626	168	110	241	262	310	254	209	274	208	363	357	227
Rv3087	611	430	496	832	455	153	527	866	264	445	201	322	64	69	91	155	274	201	80	251	129	249	324	246
Rv3088	741	441	594	734	379	139	615	736	337	436	258	288	94	96	178	201	281	246	155	269	202	305	345	285
Rv3089	1293	793	1101	1108	572	240	1224	1132	619	535	442	476	177	136	201	199	268	252	192	398	179	282	315	289
Rv3090	94	61	95	159	86	39	80	132	58	88	39	63	117	113	116	138	152	138	130	203	129	168	168	174
Rv3091	934	620	632	1538	830	285	698	1252	397	823	251	642	186	144	255	320	322	206	224	414	235	459	390	242
Rv3092c	2245	1395	1682	5564	2986	1178	1874	5860	930	3068	609	2206	707	721	948	1500	2020	1635	817	1734	912	2152	2252	1652
Rv3093c	505	283	370	2255	1214	396	373	2083	199	1117	123	1003	151	118	131	438	523	266	179	394	170	630	530	386
Rv3094c	610	427	476	3140	1717	550	655	3579	317	1832	187	1370	370	549	640	1231	1799	1463	540	1357	728	1808	2029	1499
Rv3095	532	339	390	1436	750	242	336	1065	213	728	126	651	148	65	94	161	107	83	190	174	125	214	133	87
Rv3096	1257	786	1113	2559	1453	572	990	2655	555	1420	366	1037	640	748	974	756	1230	1262	771	2034	948	1090	1350	1304
Rv3097c	330	187	273	445	237	98	286	457	164	264	87	216	58	35	73	68	65	47	81	95	60	108	76	71
Rv3098A	199	112	168	225	112	41	110	120	90	114	56	72	36	6	18	14	16	7	27	18	8	24	10	18
Rv3098c	144	115	175	252	122	54	116	166	68	120	40	90	62	32	57	42	34	21	107	80	43	65	33	30
Rv3099c	976	691	682	1472	882	263	734	1311	423	886	287	528	286	191	279	362	454	292	379	567	306	490	460	316
Rv3100c	438	253	315	489	239	95	285	413	186	240	121	175	61	18	48	31	23	23	80	91	36	38	35	26
Rv3101c	956	585	686	1016	593	185	595	906	359	566	275	387	213	109	187	144	116	143	258	270	158	149	100	126
Rv3102c	532	346	409	552	311	101	348	453	223	285	148	250	92	20	81	46	53	33	104	91	70	57	26	52
Rv3103c	337	233	289	581	339	119	270	642	151	310	120	221	95	97	211	136	227	212	125	313	224	258	282	239
Rv3104c	602	348	474	1079	564	198	364	817	216	451	158	461	91	52	63	73	82	42	127	135	68	126	80	35
Rv3105c	1064	598	869	1859	1132	384	701	1679	417	994	294	822	219	173	287	336	502	328	264	480	256	508	509	353
Rv3106	634	348	428	879	566	147	435	785	218	449	170	372	190	134	215	256	341	258	232	304	199	410	398	296
Rv3107c	694	493	618	1057	568	204	619	1020	340	549	225	417	304	361	484	525	683	569	361	938	486	739	767	643
Rv3108	152	80	116	158	71	26	84	109	44	100	36	65	48	7	17	19	17	9	36	29	13	26	21	9
Rv3109	59	29	59	60	19	9	42	54	24	20	19	26	99	35	58	53	48	56	101	76	40	88	53	40
Rv3110	20	14	19	24	17	5	21	15	12	17	7	4	12	2	13	10	11	12	16	32	10	23	7	10
Rv3111	16	15	16	20	5	5	10	28	9	18	6	9	22	2	8	15	14	2	21	15	10	10	8	6
Rv3112	18	14	18	19	13	3	16	25	12	14	7	8	13	15	2	14	28	27	12	28	11	21	19	23
Rv3113	26	18	16	31	19	5	20	19	9	24	12	17	18	12	15	32	29	23	27	23	13	27	18	34
Rv3114	63	31	65	84	40	12	43	64	22	35	34	53	25	5	20	16	8	13	43	31	12	23	13	14
Rv3115	52	30	28	81	42	6	15	34	10	50	8	12	11	1	4	5	2	2	10	1	6	4	2	0
Rv3116	1073	674	837	1498	844	317	936	1748	454	871	313	619	845	409	709	846	980	757	1010	1073	688	1196	1081	753
Rv3117	9	3	9	4	3	2	7	5	3	4	2	4	4	1	0	2	1	2	2	2	1	1	4	0
Rv3118	13	10	6	28	12	7	13	23	8	7	4	6	5	4	2	3	5	5	11	12	12	11	4	7
Rv3119	276	186	244	352	224	59	189	253	108	172	86	100	112	23	35	59	39	28	103	33	42	101	29	46
Rv3120	1188	663	893	1331	635	233	849	1349	476	712	363	463	558	428	542	634	600	490	701	1125	608	800	683	478
Rv3121	1454	901	1139	1495	778	273	1214	1652	559	764	486	579	612	442	740	529	659	501	729	1044	696	759	736	514
Rv3122	357	208	282	404	196	81	207	313	144	206	103	185	61	31	63	64	70	41	100	87	62	88	57	47
Rv3123	161	79	141	172	85	44	107	154	40	85	41	76	28	24	27	30	47	51	24	72	21	54	69	67
Rv3124	163	105	130	139	101	20	115	136	73	71	49	63	55	14	39	46	47	7	93	67	36	47	44	8
Rv3125c	1148	708	964	1132	686	290	745	967	423	746	335	512	585	293	644	638	511	445	727	809	625	891	600	458
Rv3126c	28	10	22	63	32	12	11	53	19	47	14	12	9	3	31	23	21	41	16	29	30	38	20	27
Rv3127	82	57	67	24238	15352	6235	73	31460	38	17375	25	7131	37	33	54	194	1495	12440	56	96	61	257	1567	12955
Rv3130c	78	37	63	149475	78700	26297	68	154295	14	72236	18	35514	25	8	13	115	1064	7374	14	31	14	151	1102	7797
Rv3131	72	50	60	94115	48263	17586	58	105859	37	43553	28	22514	12	3	14	94	1104	7292	11	13	8	153	1327	8068
Rv3132c	1826	1100	1620	7993	4843	2043	1498	8290	781	4833	566	2784	686	478	618	817	918	1114	851	1092	605	957	993	1210
Rv3133c	558	371	492	2946	1913	780	405	2865	219	1780	161	899	110	26	69	109	78	165	151	92	72	189	99	173
Rv3134c	386	209	337	6934	4660	1473	255	7471	112	4104	130	2219	79	56	71	116	187	858	108	127	75	147	208	1014
Rv3135	4	4	7	10	4	1	12	13	5	7	3	9	0	1	2	2	2	4	3	2	2	2	3	0
Rv3136	4036	2481	4618	4091	2290	1062	3644	4579	1622	2031	1802	1997	1916	3011	3381	2842	5111	5362	2267	7485	3280	3856	5438	5582
Rv3136A	780	446	956	477	257	131	490	356	307	221	358	244	224	110	256	99	85	90	315	363	222	140	87	70
Rv3137	1235	761	1485	885	405	211	943	780	504	386	586	464	160	113	198	160	164	88	162	279	206	162	134	105
Rv3138	1545	924	1401	2078	1113	426	1123	1892	605	982	488	981	280	136	231	246	237	178	337	337	252	324	248	194
Rv3139	4067	2569	3821	6834	3586	1345	3420	7076	1640	3458	1370	2720	1749	1726	2464	4024	6172	5224	2202	4807	2481	5977	6841	5615
Rv3140	2734	1631	2661	3768	1919	786	1857	3347	1144	1848	1014	1511	1051	477	980	1574	1456	1053	1139	1235	861	2081	1486	1029
Rv3141	1939	1112	1462	3397	1921	628	1528	3456	769	1772	577	1492	652	747	896	1086	1703	1501	789	1834	969	1438	1788	1538
Rv3142c	1079	604	804	1811	1057	304	768	1808	418	1044	248	727	472	290	497	481	484	273	567	609	472	592	482	337
Rv3143	149	86	104	102	64	24	77	97	54	56	26	35	73	14	23	38	19	17	83	43	16	53	13	15
Rv3144c	1036	559	701	920	490	150	660	740	354	417	268	380	171	73	117	92	98	37	207	191	123	142	90	26
Rv3145	1894	1175	1366	4662	2667	785	1757	4913	881	2530	502	1702	769	704	826	1353	1598	1381	1003	2158	926	1808	1844	1466
Rv3146	984	640	752	2512	1454	426	794	2384	462	1469	242	882	438	179	296	577	397	258	596	499	280	770	442	283
Rv3147	1467	914	1027	3930	2208	695	1191	4047	627	2245	409	1248	823	637	951	1809	2033	1711	1042	1854	903	2609	2321	1941
Rv3148	3819	2483	2891	10658	5818	1869	3059	11234	1662	6111	1118	3436	2341	1469	2550	4436	5190	4299	3145	4104	2606	6862	6018	4585
Rv3149	1665	1179	1401	4988	2763	896	1449	4895	798	2723	526	1493	706	707	1126	2094	2630	2287	926	2046	1154	3416	3222	2600
Rv3150	2723	1796	2365	6941	3795	1247	2536	7301	1105	3385	893	2256	934	661	992	1972	2654	1941	1176	2058	1067	3030	3196	2231
Rv3151	7998	5230	6707	18601	10266	3328	6898	18465	3747	10027	2492	6364	2827	2721	4086	6348	8675	7252	3611	7175	3878	9026	9867	7755
Rv3152	5269	3135	3903	10920	5852	1849	4100	10593	2213	5257	1472	3718	1942	1299	1846	2681	3016	2539	2422	3481	1893	3792	3444	2612
Rv3153	587	320	425	1153	586	176	303	734	208	483	171	335	84	38	39	82	65	35	108	86	46	161	65	64
Rv3154	2098	1223	1517	4152	2111	708	1534	3868	817	1957	602	1442	492	531	810	1043	1461	1193	742	1725	913	1642	1905	1648
Rv3155	606	461	551	1392	743	324	513	1440	280	808	215	349	933	693	1127	1669	1682	2401	1243	1824	1206	2486	1883	2568
Rv3156	4293	2742	3324	9606	4962	1628	3344	9049	1672	4464	1236	3564	1134	954	1168	1865	2241	1815	1378	2584	1348	2678	2536	2004
Rv3157	6550	4502	5582	16434	8562	3049	6330	18462	3107	8359	2047	5884	3799	3815	5254	6275	8987	9504	4658	10481	5357	8539	9772	9906
Rv3158	3969	2591	3224	8485	4351	1480	3529	8526	1662	4116	1117	3229	1178	1053	1285	1544	1920	1767	1516	2803	1316	2196	2204	1809
Rv3159c	1346	892	1225	2165	1128	563	1189	2304	560	1107	470	1012	739	327	523	535	471	338	878	824	524	624	446	346
Rv3160c	245	141	303	527	242	231	151	389	98	258	111	311	104	71	147	125	132	152	158	240	135	190	176	182
Rv3161c	431	306	709	789	425	445	276	598	162	353	217	792	111	39	90	81	58	56	113	94	94	114	85	51
Rv3162c	142	86	138	217	115	39	105	150	64	93	46	87	12	5	9	10	14	4	15	24	4	14	10	6
Rv3163c	607	362	498	895	462	179	523	832	248	467	144	367	107	67	103	137	149	87	117	184	143	217	175	109
Rv3164c	225	139	173	345	177	79	130	275	91	199	60	130	60	27	50	63	61	45	75	80	69	103	89	74
Rv3165c	61	29	61	96	40	17	38	95	24	41	21	27	9	10	14	8	12	6	8	18	15	17	11	8
Rv3166c	416	242	328	657	402	146	349	767	188	414	126	271	115	149	156	250	346	282	148	382	192	315	360	263
Rv3167c	306	183	254	466	234	107	287	508	136	257	89	178	99	142	194	186	269	262	122	369	172	321	335	297
Rv3168	491	319	389	632	385	112	327	570	205	339	163	249	259	148	272	282	308	269	326	488	264	423	382	310
Rv3169	590	312	426	486	264	80	351	406	235	215	158	171	90	81	120	106	80	75	142	140	146	141	75	81
Rv3170	894	558	720	1402	779	278	749	1531	406	801	266	605	221	234	285	355	546	424	232	603	276	479	673	476
Rv3171c	4455	2801	4152	7278	3882	1466	3690	6772	1823	3616	1353	3152	638	867	1067	1160	1813	1556	780	2481	1061	1585	1874	1733
Rv3172c	374	200	276	600	282	113	242	439	121	233	91	328	95	26	54	97	82	53	90	59	54	157	76	51
Rv3173c	1714	1054	1410	4241	2195	854	1186	3759	748	2234	502	1876	677	379	571	1366	1246	893	939	1020	634	2144	1462	983
Rv3174	159	96	147	494	279	98	200	661	86	360	40	205	76	173	158	1038	2326	2175	87	416	147	1506	2633	2342
Rv3175	830	452	491	1402	737	246	487	1184	300	798	203	483	128	135	187	1202	2129	2343	143	319	211	1735	2328	2574
Rv3176c	529	328	454	1145	615	220	426	1315	213	652	158	484	109	197	274	1288	2247	2383	161	545	278	1792	2499	2490
Rv3177	584	372	529	731	434	101	574	900	276	455	198	291	156	162	246	752	1098	1015	233	462	237	1077	1146	1134
Rv3178	66	42	62	141	84	26	65	134	38	89	28	57	31	13	37	139	167	190	40	30	35	168	180	165
Rv3178a	38	31	54	58	26	15	34	46	14	29	14	37	6	2	7	7	6	13	6	6	7	11	8	4
Rv3179	382	220	292	548	307	103	263	557	150	280	105	269	171	107	189	146	223	195	247	241	164	202	227	214
Rv3180c	147	75	103	192	101	38	82	157	66	96	39	93	29	26	27	41	25	17	29	50	27	67	42	18
Rv3181c	106	65	91	107	83	21	59	102	48	64	29	44	8	10	7	21	6	7	20	13	17	21	10	7
Rv3182	113	64	75	115	77	26	60	113	47	79	31	58	29	15	35	37	23	31	38	44	30	56	35	27
Rv3183	57	41	59	109	48	18	79	100	25	54	21	31	22	40	75	72	111	127	40	94	68	84	122	142
Rv3188	168	82	119	199	111	32	111	135	65	109	57	76	14	23	46	22	45	28	24	62	28	38	38	24
Rv3189	146	91	118	133	78	26	95	139	50	70	41	59	28	11	27	32	28	15	27	60	23	32	39	16
Rv3190A	1269	773	869	1793	980	279	1078	1716	527	898	367	781	787	333	736	384	373	342	976	1055	683	651	437	333
Rv3190c	1144	791	994	1749	974	345	1101	2011	495	970	412	699	762	575	967	765	1041	893	948	1569	995	1113	1242	926
Rv3191c	1389	742	945	2311	1164	402	982	1981	579	1139	320	947	400	251	334	342	429	348	512	506	301	472	443	389
Rv3192	74	61	63	132	69	15	59	82	26	61	19	58	3	5	4	4	6	8	5	12	2	7	13	6
Rv3193c	5183	3570	4481	10137	5487	1905	4886	11174	2376	5502	1758	3968	3201	2127	3360	4258	5540	5461	3711	5391	3321	6191	5926	5610
Rv3194c	431	228	274	447	234	64	383	421	197	214	118	152	109	154	177	130	192	204	140	354	197	204	210	193
Rv3195	360	211	272	722	361	147	273	646	164	366	110	338	50	32	47	49	82	53	55	94	39	100	86	58
Rv3196	240	123	193	315	204	49	215	338	121	185	78	138	57	80	160	93	172	145	102	330	152	151	199	170
Rv3196A	24	29	30	34	20	11	15	20	16	19	8	17	17	3	11	7	1	6	10	12	10	7	1	7
Rv3197	2715	1749	2400	5909	3024	1240	2551	6378	1240	3103	969	2635	1309	1529	2146	1809	2966	2757	1616	3803	1982	2541	3148	3258
Rv3197A	372	266	347	573	296	140	428	562	185	316	177	276	122	92	168	94	126	108	148	237	143	143	130	106
Rv3198A	201	118	129	215	156	46	117	155	92	131	51	71	68	34	59	62	31	28	112	78	66	57	25	24
Rv3198c	4304	2971	3916	9039	5046	1781	4174	9849	2094	5021	1530	3717	850	1256	1498	1347	2330	2074	937	3118	1481	1840	2585	2381
Rv3199c	968	653	750	1524	875	286	808	1457	508	894	309	537	380	355	474	361	407	392	449	848	425	507	393	381
Rv3200c	1408	984	1136	2654	1489	492	1491	3321	706	1471	411	1023	713	860	1133	1202	2005	1887	905	2263	1062	1609	2262	2000
Rv3201c	1556	919	961	3194	1793	509	1218	2747	643	1669	317	903	142	163	187	721	927	744	211	492	221	950	1095	822
Rv3202a	81	61	80	160	77	27	74	152	43	96	40	65	20	12	30	38	18	9	18	28	21	47	27	15
Rv3202c	1425	976	869	3615	1930	535	1271	3302	576	1699	275	1120	192	206	231	823	1096	787	222	557	273	1120	1236	851
Rv3203	295	179	231	501	256	106	208	417	116	258	100	191	56	46	51	77	75	57	58	92	54	103	83	63
Rv3204	112	64	92	107	54	40	35	51	27	52	24	41	6	3	1	8	3	3	16	4	5	13	7	1
Rv3205c	1458	872	1031	2068	1211	435	842	1557	532	1121	379	718	253	161	238	324	308	261	440	492	258	606	366	268
Rv3206c	2990	1798	2500	5941	3167	1120	2274	5464	1243	3004	874	2510	908	537	762	1337	1441	1160	1014	1415	728	1816	1684	1257
Rv3207c	4376	2644	3820	9567	5299	2040	4094	10508	1874	5302	1416	4073	2907	2119	3092	3982	5272	4550	3334	5431	3141	5371	5647	4768
Rv3208	959	555	687	1344	776	297	657	1303	299	698	272	611	339	174	292	349	376	304	381	530	275	477	422	300
Rv3208A	251	153	178	253	184	55	142	215	101	193	77	71	161	61	146	108	60	66	211	153	118	154	69	69
Rv3209	2262	1487	2184	3469	1849	877	1956	3291	1051	1746	860	1573	685	644	895	806	760	711	907	1724	1020	1223	1029	866
Rv3210c	657	374	546	1006	538	234	526	979	273	508	196	488	268	177	370	313	328	296	376	465	361	459	397	326
Rv3211	17570	12579	17415	27913	15964	6085	16668	31109	9034	16168	6418	10152	12291	12037	17239	17282	24150	22312	15810	34193	17530	25957	27989	25027
Rv3212	5715	4010	5294	11687	6565	2428	5315	12678	2702	6272	2026	4714	2606	2788	3701	4268	6400	5103	3397	8300	3829	6351	7569	5911
Rv3213c	2277	1478	1677	4156	2310	715	1811	3506	995	2143	622	1505	797	458	798	885	841	589	1010	1304	758	1343	917	692
Rv3214	381	212	272	533	287	98	225	332	131	203	72	192	34	25	27	48	53	31	45	73	40	76	51	30
Rv3215	1309	741	923	1790	1050	330	791	1589	483	975	326	711	312	243	419	415	468	369	470	574	372	567	516	430
Rv3217c	733	493	609	1266	691	241	737	1492	376	709	192	487	345	243	420	442	569	506	443	815	411	637	748	585
Rv3218	463	297	371	723	419	117	396	701	226	410	148	308	271	194	260	199	292	230	349	540	263	274	331	229
Rv3219	4112	2267	3117	5712	3102	866	2704	4858	1446	2682	1117	2518	1332	508	1033	896	855	684	1505	1270	979	1185	876	632
Rv3220c	1745	1037	1422	3098	1638	544	1261	2501	726	1457	538	1253	508	394	533	672	745	744	648	1052	522	923	940	770
Rv3221A	2077	1259	1680	2383	1396	433	1329	1956	852	1293	601	1026	580	298	535	440	407	315	767	791	522	690	413	321
Rv3221c	311	129	168	354	196	51	122	204	61	125	52	155	31	6	6	28	11	6	36	19	12	24	18	9
Rv3222c	604	385	477	1117	603	249	491	947	258	622	196	390	202	169	244	275	294	249	222	476	211	413	347	274
Rv3223c	1335	795	949	2521	1474	453	998	2318	518	1325	365	1024	426	144	401	538	480	327	563	453	345	829	504	390
Rv3224	1721	1204	1473	3045	1808	589	1767	3689	891	1907	538	1211	2796	2335	4085	3343	3789	3627	3438	6248	3706	4407	4258	3827
Rv3225c	1565	950	1086	2821	1598	480	1141	2433	611	1335	387	1158	259	202	313	379	503	374	316	550	330	573	558	415
Rv3226c	657	369	452	1343	720	228	459	1105	311	703	148	491	115	87	147	220	267	196	132	234	119	283	275	183
Rv3227	708	518	616	1574	835	300	709	1644	319	871	185	678	162	173	256	271	487	376	241	541	284	417	538	346
Rv3228	951	582	777	2513	1322	500	754	2158	373	1205	253	1146	374	305	479	567	647	475	461	864	513	780	659	577
Rv3229c	20676	13312	17987	40163	22750	7722	18568	44196	9344	22092	7057	17766	11465	7019	13007	10990	12599	9658	14104	17932	12667	15489	13234	10176
Rv3230c	3601	2084	2466	7892	4289	1309	2433	6598	1253	3762	834	2735	575	401	662	890	899	706	765	1149	656	1436	1007	743
Rv3231c	364	190	265	465	251	101	263	408	113	242	103	181	95	68	99	92	89	49	115	207	86	120	88	53
Rv3232c	755	494	562	1124	628	197	623	1082	336	642	238	464	666	258	495	440	492	343	810	698	455	595	507	312
Rv3234c	1077	602	829	1937	1039	368	1013	2028	484	1069	312	715	742	635	862	945	1155	1176	945	1608	900	1206	1300	1255
Rv3235	750	466	577	1135	599	196	539	1043	285	541	220	459	218	151	220	208	253	208	234	421	196	329	297	269
Rv3236c	1329	787	1048	2476	1468	457	1065	2573	479	1264	321	1180	549	436	505	739	861	718	676	1195	545	1048	968	769
Rv3237c	708	449	605	1369	765	242	505	1129	344	664	216	576	143	73	112	173	153	105	174	216	113	210	168	80
Rv3238c	1217	811	1042	1784	1060	388	862	1486	493	960	309	766	349	263	272	320	317	253	490	664	296	436	350	250
Rv3239c	1935	1111	1528	2428	1280	471	1394	2171	729	1138	550	951	245	143	225	284	306	279	312	383	249	360	304	303
Rv3240c	8738	5593	7556	11789	6363	2362	7868	12413	3881	6456	2910	4568	2935	2387	3625	3562	4870	4018	3777	6421	3513	4991	5247	4392
Rv3241c	6704	4349	5727	9063	5297	1923	6434	10676	3103	5359	2354	3813	3871	2313	3794	2517	2838	2312	4802	6338	3784	3502	3090	2397
Rv3242c	234	156	217	362	230	83	195	390	111	162	81	147	58	17	33	36	16	28	44	70	34	58	37	29
Rv3243c	451	300	424	843	461	160	349	746	186	450	138	396	81	83	86	157	188	161	114	209	86	209	228	146
Rv3244c	2972	1836	2407	6143	3524	1218	2255	5330	1180	3025	896	2747	603	571	744	1336	1704	1456	715	1581	806	1787	2035	1459
Rv3245c	4772	2854	4176	9746	5445	1958	3378	8202	1698	4637	1474	4364	1048	562	885	1883	1824	1160	1255	1589	868	2444	2100	1281
Rv3246c	4222	2852	3969	7643	4313	1633	3214	6982	1724	3960	1415	3499	2041	823	1343	1424	1298	750	2593	2277	1458	1967	1430	793
Rv3247c	225	144	153	397	166	59	150	288	65	159	64	150	77	38	71	76	96	60	82	145	78	135	122	73
Rv3248c	3519	2298	3052	6683	3708	1292	2799	6447	1601	3768	1209	2634	5407	4585	7084	5826	8442	8209	6326	11716	6856	7992	8947	8408
Rv3249c	706	461	646	1767	881	320	598	1640	264	789	190	593	544	526	673	859	1505	1237	623	1481	624	1308	1791	1341
Rv3250c	2	0	0	1	0	0	0	0	0	1	0	0	0	0	0	0	0	0	0	0	0	0	0	0
Rv3251c	5	2	9	13	2	3	0	3	1	4	1	0	0	0	0	1	1	0	0	0	0	1	0	0
Rv3252c	1483	904	1270	3913	1817	709	1037	3654	464	1740	362	1479	902	1010	1345	1910	3321	3538	1131	2642	1276	2509	3728	3495
Rv3253c	461	307	361	692	375	120	349	624	201	381	112	241	179	171	232	248	279	175	231	359	201	293	308	232
Rv3254	483	299	386	843	474	149	357	682	222	436	108	347	213	109	173	224	228	236	230	238	164	357	265	225
Rv3255c	1460	1008	1365	2785	1515	550	1306	2946	685	1451	491	1132	455	414	597	911	1062	823	586	1117	668	1460	1360	1000
Rv3256c	1011	554	853	1926	1064	348	774	1593	332	853	299	783	130	76	110	219	231	120	183	207	98	334	253	153
Rv3257c	3577	2196	3147	6493	3749	1426	3262	7436	1631	3533	1126	2923	1765	1375	2175	2904	4104	3316	2221	3788	2075	4263	4308	3609
Rv3258c	1209	711	1119	1520	949	339	673	958	432	827	352	628	135	85	140	142	120	68	182	285	130	292	136	93
Rv3259	1105	570	849	1141	539	230	680	856	345	508	291	540	108	84	113	174	169	146	147	200	109	209	199	159
Rv3260c	3145	1779	2603	3060	1906	655	1965	2284	1109	1703	946	1533	950	266	681	669	436	280	1155	810	648	960	525	402
Rv3261	894	524	682	887	505	174	565	757	323	426	246	304	164	119	194	200	174	140	280	348	216	290	211	143
Rv3262	539	393	460	697	381	126	480	718	254	365	171	260	143	134	196	201	276	226	180	369	195	262	293	253
Rv3263	1019	541	691	1657	975	355	708	1561	396	903	253	738	222	123	188	412	362	337	279	312	219	597	404	337
Rv3264c	1008	611	689	1795	980	281	862	1810	476	978	265	719	421	351	436	422	641	578	569	942	474	596	703	603
Rv3265c	733	468	512	1357	689	227	627	1344	275	637	217	520	367	311	533	644	765	720	443	790	452	895	816	728
Rv3266c	1025	655	844	2076	1092	330	842	1866	429	1026	269	851	331	268	366	556	657	479	382	766	423	793	799	664
Rv3267	4803	3091	4809	10656	6007	2707	4113	10957	2011	5822	1685	4764	2044	2249	3351	5024	7322	5970	2424	5711	2953	6860	7460	5984
Rv3268	1882	1227	1740	3397	1687	761	1379	2899	793	1628	520	1473	575	468	724	960	1167	981	762	1345	712	1363	1307	1086
Rv3269	414	257	328	842	476	195	273	630	171	453	109	396	277	156	274	425	359	320	392	489	372	721	507	431
Rv3270	2147	1431	1869	5200	2837	1172	1738	4765	915	2615	655	2411	836	900	1065	1733	2876	2300	1008	2296	1027	2708	3212	2514
Rv3271c	650	409	531	1148	733	243	532	1172	247	638	162	563	239	286	283	391	505	449	289	710	286	579	607	559
Rv3272	1068	729	842	2601	1480	575	1024	2909	498	1559	349	1025	1221	1093	1743	2637	3480	3501	1428	2828	1723	3810	3815	3685
Rv3273	2648	1678	2156	4597	2578	923	2329	4908	1130	2541	819	1791	1407	1080	1536	1952	2337	2020	1688	2903	1629	2710	2544	1975
Rv3274c	1306	826	1064	1751	998	309	1045	1541	560	937	392	607	373	226	312	359	320	189	428	571	335	454	315	187
Rv3275c	126	61	77	173	98	27	61	139	50	86	31	62	16	14	14	23	19	10	19	37	3	37	38	19
Rv3276c	678	390	470	1126	657	222	502	1083	257	561	168	445	105	121	150	262	346	233	180	320	167	299	380	237
Rv3277	761	471	591	908	554	168	516	768	298	510	239	413	214	123	228	208	214	197	318	305	231	369	301	178
Rv3278c	1045	727	1003	1126	717	314	945	1404	565	725	360	473	1160	876	1679	799	968	1320	1529	2359	1627	1247	1211	1472
Rv3279c	240	174	220	386	257	73	196	324	118	223	71	155	75	68	64	105	122	120	103	143	78	134	143	95
Rv3280	2865	1988	2518	4325	2524	907	2720	4814	1465	2554	992	1731	2012	2192	2837	2232	3345	3261	2500	5547	2902	3056	3669	3245
Rv3281	1784	943	1179	2043	1321	335	1025	1658	645	875	446	704	662	197	450	355	150	146	851	438	358	380	173	107
Rv3282	430	269	375	552	345	115	428	633	172	248	141	244	137	146	211	174	245	277	189	411	214	241	296	258
Rv3283	1947	1188	1594	3679	2162	749	1140	2951	817	1985	560	1444	625	329	514	706	725	547	758	906	569	1109	787	636
Rv3284	1500	892	1317	2962	1688	672	1465	3483	798	1717	512	1208	676	853	1054	1182	2000	1700	938	2323	1048	1680	2315	1978
Rv3285	6008	3925	4916	11699	6498	2319	5356	11500	2676	5985	1959	5239	1473	1178	1694	2243	2909	2174	1789	3383	1592	3335	3212	2355
Rv3286c	756	519	633	1355	684	250	552	1234	297	660	234	596	238	173	236	256	254	238	261	464	233	362	310	234
Rv3287c	492	293	365	931	472	191	305	723	210	438	127	366	118	72	88	91	55	40	117	117	97	170	77	62
Rv3288c	1233	758	818	2036	912	465	1055	2315	543	1075	380	868	962	653	1187	499	667	632	1172	1535	1129	675	746	674
Rv3289c	1056	551	584	1623	747	346	640	1076	332	582	211	568	122	70	79	91	61	53	172	230	114	154	88	66
Rv3290c	14244	7543	9930	22751	9920	4722	10698	21634	5139	9243	3442	7842	3372	2877	5082	3165	3709	3485	4029	7776	4950	4604	4165	3816
Rv3291c	401	215	238	296	167	58	247	246	143	196	81	104	255	116	254	126	127	117	262	296	177	167	125	97
Rv3292	437	264	286	384	251	89	346	337	165	243	94	142	212	208	295	183	219	217	279	511	256	219	274	219
Rv3293	772	439	587	1009	546	176	636	857	328	540	197	383	254	272	391	250	291	269	327	766	424	381	387	276
Rv3294c	176	113	160	233	114	39	149	225	72	134	53	99	109	32	82	38	25	7	79	100	71	37	33	21
Rv3295	2875	1777	2209	5507	3161	932	2686	6060	1247	3220	869	2233	1317	1223	2300	1788	2511	2270	1749	3623	2276	2681	2878	2671
Rv3296	4708	2998	3395	13872	7658	2851	3953	14305	2027	7208	1259	5328	779	934	1233	2901	4256	3500	1008	2632	1244	4112	4976	3849
Rv3297	575	366	449	1576	867	286	442	1418	200	794	151	568	100	86	114	262	230	213	127	255	145	351	279	238
Rv3298c	763	482	622	1299	717	251	674	1210	270	693	247	497	199	117	208	284	297	239	253	339	167	426	305	247
Rv3299c	2101	1350	1813	2827	1617	542	1882	3073	900	1453	733	1138	958	730	1219	1325	1535	1130	1441	1951	1204	1952	1761	1232
Rv3300c	257	149	209	343	184	52	158	266	116	158	72	139	64	48	70	73	65	59	70	134	51	103	72	66
Rv3301c	369	231	289	496	246	83	271	436	169	219	89	180	118	43	75	104	70	32	150	108	75	109	63	29
Rv3302c	1367	798	955	1870	1031	296	841	1519	507	856	331	662	330	213	291	330	373	337	408	585	337	541	429	378
Rv3303c	979	635	729	1572	883	254	955	1706	417	807	287	556	328	359	510	497	903	625	390	1032	426	688	973	723
Rv3304	335	183	230	345	172	55	214	227	144	212	80	145	76	21	40	36	35	13	81	81	38	61	52	21
Rv3305c	748	418	531	1355	750	245	434	1202	286	748	185	506	393	253	335	561	621	460	449	759	399	871	708	579
Rv3306c	601	381	504	1391	765	245	499	1189	215	693	170	568	219	193	291	436	564	392	313	397	231	645	473	366
Rv3307	619	428	542	1117	646	205	603	1315	309	630	170	391	214	314	355	404	682	455	261	880	332	552	767	518
Rv3308	485	312	321	1017	540	180	350	967	197	452	129	385	133	149	201	251	370	277	151	395	220	404	397	281
Rv3309c	412	230	286	567	270	90	275	420	163	276	116	208	45	23	26	61	32	34	62	81	32	82	43	48
Rv3310	764	510	769	1309	721	309	700	1350	374	726	304	572	679	679	949	434	555	533	884	1704	966	580	709	653
Rv3311	715	415	554	880	520	171	510	799	234	416	182	386	179	83	119	150	170	159	200	275	114	204	131	141
Rv3312A	75	48	92	167	94	19	40	106	27	85	25	64	1	1	3	7	0	3	4	5	2	3	0	2
Rv3312b	13	7	5	19	8	0	7	7	11	8	2	6	2	0	1	0	0	0	0	0	0	1	0	0
Rv3312c	348	207	290	487	269	110	326	514	134	225	108	226	59	52	68	62	73	72	52	168	73	65	83	67
Rv3313c	310	211	274	417	236	73	295	430	139	199	104	150	188	155	177	150	201	189	251	443	238	262	231	168
Rv3314c	201	98	129	253	124	37	120	183	64	129	51	99	29	21	32	47	27	24	29	46	20	36	36	37
Rv3315c	109	57	66	143	77	18	97	162	30	65	29	46	22	16	11	21	27	22	18	44	18	40	23	5
Rv3316	208	125	140	278	160	50	126	167	81	115	43	94	48	21	29	44	30	15	67	73	30	46	25	27
Rv3317	273	150	183	387	210	68	210	381	106	186	62	121	185	95	215	166	205	163	199	241	203	233	183	168
Rv3318	556	353	461	894	532	134	424	824	198	414	160	314	186	154	231	263	314	184	256	455	238	401	340	248
Rv3319	407	286	364	570	314	125	386	554	187	312	159	195	192	171	267	208	278	255	257	500	243	357	349	327
Rv3320c	1109	690	909	1750	969	337	708	1439	510	993	302	710	419	194	360	484	337	283	599	481	338	655	358	297
Rv3321c	534	287	390	552	294	106	346	425	223	301	127	196	58	15	42	32	27	26	66	62	33	63	32	21
Rv3322c	6807	4316	5126	9082	5206	1759	6510	10066	3111	4909	2015	3826	642	440	669	802	899	485	851	1199	651	1179	972	560
Rv3323c	6524	4282	5426	9591	5543	1865	4798	9314	2201	4654	1944	3434	1328	424	864	1362	1026	820	1619	1133	823	1949	1111	906
Rv3324c	3061	1540	1885	3970	2209	649	1656	3110	1021	1971	689	1685	239	146	182	274	305	189	288	301	186	392	301	226
Rv3327	193	138	182	465	273	89	211	445	99	251	71	175	95	89	125	122	135	171	122	175	144	181	136	161
Rv3328c	597	368	475	1289	680	222	546	1174	273	609	137	554	153	106	155	154	215	147	182	319	145	224	258	175
Rv3329	861	500	552	1203	663	266	574	1175	315	708	238	493	454	373	606	721	840	674	681	1064	697	1093	961	831
Rv3330	1453	1112	1463	2418	1408	511	1587	2560	667	1406	564	892	483	683	912	1246	2035	1519	676	2229	993	2042	2445	1807
Rv3331	6818	4523	4715	12196	6742	1844	5583	11369	3208	6919	1614	3812	977	843	950	1312	1567	1301	1206	2311	1135	1890	1897	1522
Rv3332	3491	2315	2355	9070	4996	1385	3149	9230	1543	4702	868	2915	483	528	712	908	1411	934	631	1474	721	1438	1787	1023
Rv3333c	510	360	374	1118	627	188	410	1006	234	613	139	370	93	84	131	145	188	157	128	242	153	234	220	131
Rv3334	314	183	287	345	215	61	184	416	135	173	111	132	142	75	155	148	165	130	161	240	164	194	172	143
Rv3335c	230	153	170	477	277	94	188	520	95	268	60	224	109	47	59	102	81	59	125	110	50	161	80	56
Rv3336c	623	420	578	1515	902	313	610	1694	333	922	232	576	891	650	1051	1418	1550	1455	1225	1652	1049	1875	1793	1448
Rv3339c	1082	687	890	2073	1176	463	903	2062	504	1134	334	835	843	523	845	865	1105	1009	911	1136	745	1209	1027	1030
Rv3340	1393	888	1436	1767	975	403	1172	1870	621	1032	533	746	252	294	448	728	1125	1000	317	727	429	1083	1127	1147
Rv3341	1070	640	980	1338	748	309	710	1158	405	669	414	600	57	47	68	113	129	92	108	129	73	188	165	82
Rv3342	520	282	448	541	271	137	287	423	164	272	163	252	32	27	35	52	48	19	29	42	35	58	39	27
Rv3343c	3830	2552	3150	7713	4246	1682	3711	9021	1778	4377	1289	2901	2888	2533	5062	4673	7245	9204	3287	6643	4336	6718	7623	9646
Rv3344c	15	10	16	30	13	7	6	4	6	11	6	7	0	0	0	0	1	0	1	1	0	1	1	0
Rv3345c	112	74	61	146	74	26	45	69	36	45	28	68	4	3	5	3	5	2	8	9	2	9	6	2
Rv3346c	28	26	35	39	22	4	40	39	28	27	10	15	24	22	30	20	22	30	20	44	28	33	35	14
Rv3347c	6061	3883	4782	11877	6673	2440	5009	12308	2569	6408	1964	4576	2330	1721	3038	4587	5467	5569	3062	4476	2965	6215	5956	6037
Rv3348	0	0	0	0	1	0	3	0	0	0	0	0	1	0	0	0	0	0	1	1	0	0	0	0
Rv3349c	251	141	181	416	220	69	171	348	90	220	46	157	35	19	25	47	56	45	30	55	36	81	66	46
Rv3350c	3241	1953	2404	4362	2402	861	2609	4308	1511	2425	914	1700	803	645	1247	929	1343	1266	1001	1783	1121	1513	1468	1346
Rv3351c	217	126	166	251	105	39	120	174	85	136	55	111	99	37	76	76	83	61	106	122	75	88	68	44
Rv3352c	11	8	11	20	2	4	10	11	7	12	2	8	2	1	2	3	1	0	5	4	5	1	2	0
Rv3353c	83	53	67	71	36	7	46	38	38	32	29	19	8	3	9	12	7	5	6	21	8	22	7	5
Rv3354	234	162	173	124	84	28	178	115	99	80	62	38	57	52	53	42	60	42	56	126	60	56	79	43
Rv3355c	49	30	38	29	13	6	23	19	20	18	12	7	3	9	18	9	6	3	19	19	22	15	9	2
Rv3356c	544	354	435	1040	542	192	501	956	277	576	188	424	246	232	368	355	423	354	286	607	319	554	494	414
Rv3357	32	25	22	39	13	2	21	28	12	12	19	10	4	2	3	4	4	3	11	4	2	5	5	2
Rv3358	13	7	4	8	3	0	6	1	2	2	1	2	0	0	0	1	1	0	0	1	0	0	1	0
Rv3359	277	117	179	338	186	62	170	283	104	170	61	124	33	35	45	49	47	57	54	80	43	64	62	50
Rv3360	346	196	246	440	228	87	262	385	124	217	87	181	74	24	67	74	67	59	60	126	57	100	67	55
Rv3361c	309	160	206	431	229	56	245	453	108	205	68	134	90	77	115	83	116	107	109	231	107	110	122	115
Rv3362c	544	432	534	981	497	167	445	852	329	536	188	365	91	43	68	87	49	43	142	121	72	115	64	41
Rv3363c	136	59	73	137	90	27	72	112	42	82	30	53	6	9	14	23	15	6	16	28	20	28	20	15
Rv3364c	192	114	162	248	124	47	115	206	87	133	59	85	17	6	19	26	27	16	30	49	24	37	20	20
Rv3365c	7529	4879	5866	13219	7026	2522	6744	14181	3485	6878	2217	5041	1308	1285	1685	2275	2833	2060	1705	3343	1723	3152	3074	2124
Rv3366	110	68	61	224	127	37	68	239	47	121	34	77	62	74	123	56	104	65	77	178	93	87	124	89
Rv3367	1104	647	777	1432	800	279	771	1244	400	711	257	511	296	313	438	356	479	461	348	891	400	543	603	446
Rv3368c	146	95	145	241	159	63	120	218	59	143	42	98	38	30	50	53	57	65	54	76	58	56	80	74
Rv3369	194	117	138	346	192	76	145	332	69	198	62	151	51	55	79	86	126	83	77	175	77	155	135	88
Rv3370c	5630	3391	4180	8782	4765	1719	4235	7854	2219	4245	1430	3608	77	75	98	183	296	147	109	234	89	298	330	211
Rv3371	4656	2587	4692	5368	3011	1524	3069	4818	1724	2841	1875	3218	268	179	317	347	354	281	313	422	300	483	380	302
Rv3372	508	314	379	840	469	186	480	911	183	419	154	402	164	235	244	293	521	445	213	644	232	416	531	457
Rv3373	140	81	91	170	116	39	85	170	46	109	29	106	22	22	20	17	23	13	19	25	11	38	21	17
Rv3375	516	334	367	799	397	141	426	831	232	422	136	280	140	148	215	280	272	278	165	360	214	385	335	337
Rv3376	2266	1340	1795	3606	1904	686	2011	3391	1068	1921	684	1548	1302	922	1425	1532	1927	1473	1527	2257	1393	2000	2069	1583
Rv3377c	1759	1229	1499	2852	1679	677	1725	3250	808	1690	592	1387	2947	1435	2788	2671	3185	3350	3323	3625	2468	3472	2993	3262
Rv3378c	322	253	301	608	327	128	295	646	136	338	119	254	626	203	536	383	442	382	721	570	439	546	457	404
Rv3379c	493	369	438	1435	707	290	435	1434	234	751	144	620	238	266	351	473	695	658	310	735	365	754	821	729
Rv3382c	616	348	432	1349	732	288	401	1295	237	666	178	583	196	87	137	177	211	144	219	240	143	297	227	151
Rv3383c	722	474	587	1532	818	321	582	1552	326	912	269	668	758	374	751	954	918	1034	878	904	673	1170	886	1096
Rv3384c	285	158	215	399	212	95	190	337	126	174	77	203	36	45	82	53	71	51	47	108	56	67	51	41
Rv3385c	126	78	106	165	73	22	60	63	52	57	27	50	15	3	7	8	11	7	19	10	2	19	9	5
Rv3386	162	74	156	192	94	31	112	156	63	70	57	87	10	6	2	5	5	6	23	21	5	15	14	3
Rv3387	109	54	119	151	78	33	68	122	45	61	45	60	15	11	22	17	10	24	20	29	19	26	33	15
Rv3388	143	128	136	246	108	53	119	151	50	102	48	101	10	8	10	20	23	25	14	36	16	43	30	17
Rv3389c	1099	626	829	1431	864	249	836	1357	412	711	273	583	116	72	103	148	122	78	177	254	140	193	134	80
Rv3390	770	512	539	1022	604	167	581	991	324	663	221	391	831	564	929	660	733	632	962	1567	845	1046	833	675
Rv3391	1399	847	906	2205	1209	387	1177	2474	564	1256	358	826	285	298	408	754	1007	641	411	797	433	1157	1105	688
Rv3392c	331	228	275	530	283	98	326	549	163	302	114	215	389	326	400	524	682	660	486	815	401	779	732	656
Rv3393	322	180	257	441	232	106	231	435	133	257	89	184	61	47	101	119	136	110	83	151	86	181	129	113
Rv3394c	369	237	257	704	371	132	308	643	190	344	108	228	32	25	39	45	109	88	34	95	39	91	142	89
Rv3395A	308	189	185	396	229	107	247	406	106	221	99	158	124	75	105	89	81	69	151	203	129	121	122	104
Rv3395c	105	51	72	131	80	21	52	73	43	58	21	52	4	3	1	6	2	2	4	15	4	6	2	4
Rv3396c	1587	1001	1279	2665	1384	471	1276	2510	702	1342	429	1137	404	264	438	506	646	367	475	704	434	815	727	450
Rv3397c	114	73	116	164	74	39	116	167	46	93	38	80	85	68	101	283	338	334	106	153	94	420	422	335
Rv3398c	57	35	64	115	72	15	63	120	27	64	26	43	81	89	102	330	432	342	117	211	127	449	490	388
Rv3399	123	61	113	117	73	36	82	135	63	85	49	56	68	70	66	158	159	142	87	160	69	210	184	113
Rv3400	635	399	523	1120	687	225	444	981	237	564	179	490	201	112	181	322	297	148	263	304	196	521	355	200
Rv3401	2048	1395	1764	4683	2552	882	1991	5225	952	2541	716	1767	862	1017	1401	2432	3652	2803	1107	2624	1417	3481	4121	3060
Rv3402c	686	443	537	857	393	161	693	945	300	472	256	344	189	191	201	223	339	271	184	442	230	322	317	307
Rv3403c	755	517	566	1204	653	257	631	1147	331	661	250	462	197	146	213	251	295	216	246	435	206	368	320	274
Rv3404c	763	456	685	1249	673	254	571	1196	393	760	230	450	495	268	591	401	344	387	567	669	504	547	372	373
Rv3405c	542	297	342	491	260	82	347	444	162	238	107	206	88	72	106	81	99	85	110	192	115	124	154	96
Rv3406	169	88	167	129	76	52	109	150	54	82	65	77	24	19	20	38	23	18	25	38	21	41	32	22
Rv3407	241	158	219	349	206	76	177	255	114	252	73	118	116	48	79	84	71	66	154	127	76	148	84	97
Rv3408	394	242	316	574	302	103	225	468	149	326	116	205	135	49	87	138	80	57	147	113	111	198	88	75
Rv3409c	3023	1856	2367	6067	3415	1186	2343	5861	1294	3273	1024	2334	976	892	1266	1637	2111	1791	1257	2407	1272	2229	2348	1754
Rv3410c	1178	739	995	2566	1323	513	878	2557	403	1220	349	1112	146	149	172	397	506	406	246	516	219	587	575	453
Rv3411c	5461	3319	4675	11447	6469	2386	4420	11217	2312	6020	1635	4788	1290	1177	1972	2231	3182	2781	1623	3283	1740	3197	3557	2827
Rv3412	7088	4377	5446	12194	6596	2314	5805	13101	2948	6405	2025	6029	3164	1263	2421	2620	1941	1268	3817	3381	2112	3672	1931	1191
Rv3413c	2009	1291	1639	3192	1751	625	1543	3066	741	1554	592	1499	384	284	408	452	537	308	507	814	397	636	584	342
Rv3414c	3809	2200	3281	5180	3087	1155	2714	5046	1472	2690	1074	2342	896	551	774	1247	1383	774	1059	1581	846	2028	1576	963
Rv3415c	137	66	76	126	77	17	84	112	34	52	27	53	17	12	25	17	21	18	19	24	11	21	23	14
Rv3416	272	130	280	236	142	78	115	157	76	127	103	212	23	12	14	27	6	12	26	27	12	20	12	7
Rv3417c	5259	2964	3213	3654	1864	532	4119	3407	1946	1640	1312	1410	223	131	246	178	222	176	266	385	253	283	268	192
Rv3418c	2584	1275	1376	1189	604	145	1417	762	813	414	590	419	30	16	32	12	4	6	70	38	33	18	4	2
Rv3419c	600	394	563	1159	603	193	425	898	210	471	185	575	90	43	63	133	121	82	121	127	74	207	140	85
Rv3420c	92	55	95	165	79	34	58	100	34	77	29	56	12	13	31	40	34	21	17	44	23	56	45	27
Rv3421c	163	145	176	345	195	61	150	295	75	153	52	133	32	22	34	63	108	62	35	105	39	95	134	93
Rv3422c	67	37	67	140	79	26	32	60	25	66	12	49	5	9	8	25	24	27	10	11	9	28	16	16
Rv3423c	555	292	362	788	437	159	266	573	156	363	119	338	62	45	74	171	144	107	113	109	65	268	133	98
Rv3424c	1052	625	1030	1756	948	415	699	1306	386	918	370	824	248	100	206	197	192	174	322	261	226	345	190	168
Rv3425	307	184	296	686	311	176	256	761	145	372	110	388	154	125	178	253	314	308	175	291	160	344	334	277
Rv3426	298	175	255	1156	642	320	212	986	115	554	119	678	270	71	220	285	305	242	337	163	181	391	280	242
Rv3427c	253	166	232	680	399	163	234	623	96	327	88	333	143	92	176	316	408	371	216	293	167	418	440	432
Rv3428c	32	18	27	103	52	23	31	97	14	36	8	65	2	1	11	11	12	9	6	4	7	22	15	4
Rv3429	838	510	800	2305	1121	578	648	2034	366	1208	291	1216	483	231	364	428	415	398	542	504	373	547	418	420
Rv3430a	187	93	125	307	160	76	110	233	54	148	33	159	15	18	17	24	35	19	21	37	9	52	25	27
Rv3430c	556	360	490	1890	1021	513	444	1822	243	1011	192	1038	136	129	210	433	557	550	182	330	208	619	595	489
Rv3432c	796	541	665	1157	668	213	539	968	323	628	237	451	143	87	155	159	170	115	169	278	149	244	167	133
Rv3433c	530	329	436	1062	595	189	497	978	218	562	193	370	58	93	110	97	153	122	91	241	93	206	161	126
Rv3434c	221	126	167	328	169	57	122	246	83	180	47	127	57	23	54	28	41	33	58	74	49	64	49	44
Rv3435c	1014	612	769	1329	708	266	836	1330	403	689	289	446	257	210	281	273	311	264	300	663	344	394	356	305
Rv3436c	2929	1637	2231	4194	2344	766	2140	4165	1064	2261	783	1573	406	342	536	555	565	477	543	965	524	817	686	494
Rv3437	432	264	344	728	428	116	298	642	200	366	126	254	66	22	37	56	39	22	85	113	63	118	53	38
Rv3438	985	574	716	1310	757	215	713	1277	305	675	273	554	228	162	215	242	222	177	308	502	275	322	264	189
Rv3439c	1043	703	769	2153	1182	423	819	1991	423	1107	274	862	310	248	362	269	328	232	395	774	382	384	358	273
Rv3440c	177	93	121	232	135	47	89	134	57	129	29	111	34	15	24	17	22	21	37	35	24	29	23	12
Rv3441c	2737	1682	2113	4927	2612	968	2424	5131	1069	2517	823	2216	490	611	856	909	1467	960	592	1731	756	1230	1595	1121
Rv3442c	3471	2229	2982	4990	2867	1116	2505	4584	1695	2888	1112	1899	1722	1140	2222	1487	1590	1864	2069	3292	2257	2192	1794	1919
Rv3443c	7806	5413	6988	11261	6417	2654	9357	16541	3976	6808	2954	5032	3262	4134	6133	4252	6451	5748	4584	12291	6405	6667	7627	6691
Rv3444c	397	268	292	806	465	123	305	695	226	475	103	316	164	131	229	117	152	114	175	317	181	149	150	100
Rv3445c	692	505	553	1269	706	262	688	1523	372	711	237	512	839	624	876	506	525	445	962	1659	887	693	524	446
Rv3446c	231	136	158	221	130	33	177	184	85	117	51	92	26	32	32	31	48	18	20	80	30	31	65	33
Rv3447c	184	115	145	259	133	54	126	237	73	129	67	120	49	25	44	65	78	37	68	115	47	97	95	59
Rv3448	76	44	63	103	50	16	39	89	31	52	22	27	18	24	46	56	94	70	41	72	30	78	114	90
Rv3449	178	92	125	265	141	32	142	224	81	121	47	96	32	40	15	51	74	58	32	72	28	81	89	84
Rv3450c	238	136	180	400	188	72	192	300	104	175	61	162	25	23	17	30	41	27	36	62	26	44	41	19
Rv3451	681	433	617	872	490	186	564	1014	321	500	206	407	252	347	526	396	710	742	339	861	540	536	771	833
Rv3452	290	175	300	400	281	97	277	520	144	258	113	211	131	149	191	180	303	228	161	364	163	278	304	205
Rv3455c	2066	1402	2016	3704	1783	877	1880	3609	908	1768	668	1714	627	611	802	683	935	707	837	1558	834	1044	1062	804
Rv3456c	3587	2108	2908	4617	2352	957	2340	3737	1373	2269	1161	2288	1206	536	978	769	617	477	1546	1509	1092	1081	768	579
Rv3457c	10650	7097	10164	13334	7125	3389	9644	14386	5122	7005	4059	6663	5056	2879	5075	3684	3863	2707	6402	7706	5073	5394	4374	3028
Rv3458c	3706	2587	3959	4348	2441	1102	3931	5422	1930	2410	1606	2198	2584	1807	2697	2266	3083	2230	3115	4586	2569	3091	3272	2340
Rv3459c	3422	2123	3063	3570	1879	884	2858	4168	1517	2016	1233	1711	1243	1392	1946	1858	2734	1780	1825	4129	2000	3060	3615	2085
Rv3460c	4070	2569	3530	4367	2020	899	2840	3375	1558	2077	1389	1837	1282	417	799	889	622	416	1605	1122	829	1321	755	435
Rv3461c	258	158	219	292	167	80	223	310	120	158	90	174	102	54	98	72	119	111	264	257	227	222	231	162
Rv3462c	6728	3964	6130	7385	3903	1543	5262	6856	2803	3736	2256	3738	5457	2124	3343	3076	2488	1641	6526	5273	3279	4112	2678	1673
Rv3463	233	143	193	221	142	50	156	188	103	136	75	107	47	31	35	42	28	21	59	74	37	65	37	32
Rv3464	1459	967	1104	2832	1621	566	1333	3204	631	1633	396	1097	1307	1064	1565	2166	2707	2343	1479	2616	1474	2950	2866	2317
Rv3465	816	544	629	1562	852	295	706	1636	313	894	230	590	549	414	608	811	1042	762	726	1155	593	1100	1022	883
Rv3466	9	3	6	14	9	2	4	7	0	2	4	2	1	1	0	0	1	3	1	1	0	6	0	3
Rv3467	36	11	34	77	32	11	40	51	18	23	17	24	24	7	22	46	31	55	21	11	16	54	58	67
Rv3468c	192	107	170	381	200	77	113	333	71	224	48	198	33	19	22	61	52	64	30	60	23	97	71	86
Rv3469c	79	51	86	190	128	32	55	160	31	104	47	114	17	3	2	22	7	21	15	16	9	15	16	15
Rv3470c	281	179	264	487	306	118	233	435	119	297	110	224	76	52	59	53	90	64	90	137	43	117	83	74
Rv3471c	31	38	25	43	21	12	27	47	16	20	6	17	7	9	9	9	7	1	11	18	10	10	13	1
Rv3472	187	114	112	188	122	31	107	188	55	101	45	79	14	20	37	25	70	42	24	96	37	51	57	36
Rv3473c	483	286	404	679	375	119	369	604	195	335	151	234	101	45	84	121	93	107	127	116	58	146	93	78
Rv3476c	771	416	563	727	400	143	613	704	336	437	216	300	224	109	196	160	177	121	220	292	163	248	177	134
Rv3477	2745	1597	2621	2803	1709	549	1465	1890	941	1431	867	1350	250	104	128	135	89	55	355	210	135	193	83	66
Rv3478	6828	4591	7129	8531	4651	1998	5434	8050	3122	4799	2858	3672	1346	986	1440	852	992	640	1867	2908	1499	1423	1122	757
Rv3479	9182	5803	8939	12634	6808	2859	7528	13397	3963	6698	3687	5518	1512	1271	2160	1648	2163	1876	1888	3457	1981	2157	2527	1952
Rv3480c	3050	1723	2357	3488	1908	613	2240	3313	1229	1761	905	1391	411	363	460	472	545	430	540	925	539	610	576	490
Rv3481c	161	107	147	227	127	42	139	231	48	85	43	97	39	11	27	34	44	21	67	50	29	51	37	26
Rv3482c	530	331	404	792	456	170	455	944	241	479	180	300	294	234	436	433	637	591	348	743	419	552	695	554
Rv3483c	617	401	504	853	484	174	540	951	279	494	154	317	252	321	343	378	487	388	360	845	355	565	563	395
Rv3484	1075	660	863	1981	996	346	841	2065	470	1064	328	809	488	495	629	742	979	715	617	1123	655	1090	1120	768
Rv3485c	319	192	318	972	492	201	266	934	100	469	110	504	108	90	126	123	163	137	115	177	91	168	177	145
Rv3486	292	196	351	949	493	214	187	840	154	563	163	511	41	35	68	47	19	24	46	94	54	49	22	23
Rv3487c	631	299	655	2306	1024	391	511	2538	235	1067	236	1103	54	56	67	67	93	74	103	162	55	110	101	79
Rv3488	129	48	113	170	63	23	74	124	42	81	21	42	16	17	18	33	26	33	17	70	21	51	53	44
Rv3489	19	13	10	11	8	1	5	6	5	12	2	5	6	2	1	0	0	3	1	3	3	1	2	1
Rv3490	3564	2201	2775	8572	4473	1643	2996	8571	1425	4272	1071	3626	921	739	1137	1538	1878	1561	1064	1938	1104	2064	1962	1466
Rv3491	2180	1345	1562	3725	2065	702	1637	3603	938	2206	638	1530	1051	602	1062	1007	887	791	1291	1551	937	1378	895	869
Rv3492c	488	282	328	489	205	77	286	346	141	191	104	206	77	21	44	35	33	17	130	66	29	66	42	11
Rv3493c	1796	1040	1321	1745	869	281	1381	1710	747	826	509	613	778	408	864	544	520	461	969	1169	789	767	690	483
Rv3494c	5046	3427	4185	5531	2932	945	4850	6081	2261	2720	1662	1973	1807	1614	2341	2083	2901	2076	2503	4922	2631	3263	3852	2530
Rv3495c	4456	2938	3732	4842	2570	923	4456	5813	2149	2641	1506	1587	4215	3290	6240	4421	6347	6090	4872	8659	5600	5767	6297	6248
Rv3496c	3855	2205	2655	3803	2090	660	2765	3409	1474	1965	1087	1308	1315	1071	1842	1755	2031	2006	1769	2901	1808	2622	2156	2197
Rv3497c	2736	1640	2100	3199	1670	552	2300	3609	1135	1610	862	1126	1403	973	1531	2246	2529	1997	1680	2620	1510	3255	2824	2186
Rv3498c	1819	1052	1386	2255	1199	359	1286	2050	755	1077	513	773	616	500	852	1084	1240	906	838	1342	771	1485	1418	1088
Rv3499c	2309	1449	1752	3171	1748	532	2055	3478	1108	1874	709	1096	1965	1503	2422	3212	4228	3722	2347	3858	2274	4256	4623	3981
Rv3500c	1293	798	970	1536	883	262	941	1344	466	706	341	559	934	363	736	1032	834	626	1145	933	691	1499	890	661
Rv3501c	713	479	533	1002	508	149	618	981	325	535	232	370	242	120	201	264	254	211	291	420	245	361	319	186
Rv3502c	472	231	367	583	345	128	468	698	176	325	150	287	104	71	104	149	169	103	92	187	95	179	168	98
Rv3503c	9	2	3	4	2	0	1	3	2	1	0	3	0	0	0	0	0	0	0	0	0	0	0	0
Rv3504	255	139	184	344	154	61	182	266	97	182	63	156	37	16	32	69	59	39	49	64	26	75	61	47
Rv3505	278	168	223	334	184	69	279	344	147	174	99	124	25	28	50	47	48	39	46	89	40	87	79	35
Rv3506	353	218	219	421	200	62	258	390	108	212	102	165	26	58	61	66	140	134	49	141	78	125	176	149
Rv3507	912	500	649	942	572	179	496	672	276	464	174	358	39	27	42	35	41	41	53	83	53	93	79	59
Rv3508	502	402	386	624	372	86	275	335	149	265	134	247	27	16	12	26	22	11	44	32	24	37	39	16
Rv3509c	1681	952	1247	1985	1090	329	1137	1585	586	962	462	716	258	177	219	243	235	191	334	424	273	361	271	237
Rv3510c	313	177	207	487	266	71	234	501	116	263	79	168	90	36	113	128	150	123	111	153	121	188	174	128
Rv3511	211	143	190	388	234	67	224	372	87	222	58	114	121	86	141	176	211	160	140	252	174	240	225	153
Rv3512	85	76	98	108	52	16	47	45	23	38	30	45	2	1	3	0	1	1	4	5	1	4	1	1
Rv3513c	38	18	39	31	27	14	25	20	11	25	16	13	5	4	4	4	3	0	4	4	5	2	2	2
Rv3514	143	132	156	201	88	26	130	153	58	92	59	63	3	8	7	4	2	4	6	11	6	15	9	13
Rv3515c	261	180	226	329	130	51	243	278	116	147	62	99	49	39	69	59	102	86	82	141	62	72	120	86
Rv3516	164	71	97	146	115	34	84	152	52	95	41	67	40	37	48	52	75	47	52	75	47	106	101	62
Rv3517	200	130	175	345	164	63	154	319	78	177	55	121	23	28	33	67	88	71	20	71	33	105	90	86
Rv3518c	1122	829	1012	2544	1422	546	929	2623	485	1320	365	1023	275	170	271	405	505	337	321	431	240	586	483	331
Rv3519	1865	1145	1423	3745	2212	754	1333	3632	802	2083	553	1599	818	547	882	1127	1243	906	1023	1444	890	1585	1333	947
Rv3520c	2545	1551	2007	5036	2774	996	1827	4747	1094	2615	776	2208	764	717	1041	1287	1642	1420	960	1904	1015	1682	1788	1481
Rv3521	844	431	534	1293	764	219	541	1009	331	649	224	588	211	109	204	241	239	143	280	311	193	333	239	178
Rv3522	260	175	267	543	282	101	258	585	122	354	93	240	103	78	132	169	196	177	120	177	114	208	204	157
Rv3523	912	525	774	1780	967	341	736	1460	399	913	267	847	316	239	377	645	681	606	440	610	381	945	819	664
Rv3524	1414	878	1186	1943	1240	346	1108	1964	560	1043	447	730	374	209	354	432	413	381	455	532	327	511	415	360
Rv3525c	83	62	95	175	89	46	72	160	49	91	48	79	22	18	8	24	9	21	26	34	17	26	18	16
Rv3526	1477	951	1383	2406	1384	521	1565	3066	735	1416	575	1116	612	683	1035	814	1309	1290	791	1667	1013	1147	1392	1275
Rv3527	462	287	367	500	259	79	393	535	163	241	138	217	66	44	80	90	102	78	86	155	80	149	136	95
Rv3528c	465	287	379	454	273	84	355	465	200	228	137	211	719	234	629	330	324	405	907	586	478	430	347	407
Rv3529c	149	99	102	194	99	36	103	160	54	104	46	85	26	4	18	19	30	19	42	18	12	39	33	24
Rv3530c	128	77	86	179	97	36	87	206	53	106	38	77	37	37	59	87	110	102	53	85	43	126	108	88
Rv3531c	440	232	344	505	308	101	331	458	152	301	124	224	154	106	111	210	302	274	165	247	127	274	274	233
Rv3532	295	179	230	321	204	50	167	283	93	214	82	122	39	12	42	35	33	24	50	69	35	41	36	28
Rv3533c	854	510	678	981	560	181	603	939	358	486	270	412	102	52	120	84	77	55	142	135	83	121	89	64
Rv3534c	467	276	343	665	334	145	382	689	177	307	149	272	58	44	65	93	100	74	68	121	67	114	107	92
Rv3535c	267	162	223	462	247	103	239	481	108	251	97	202	40	40	57	79	126	90	38	84	64	126	126	83
Rv3536c	174	99	168	244	153	56	121	213	68	136	47	121	18	8	24	28	28	17	30	29	18	41	20	17
Rv3537	346	248	275	611	323	120	371	650	171	316	108	248	59	89	90	163	188	183	90	172	77	239	231	186
Rv3538	110	78	101	159	109	35	80	130	49	99	43	54	15	4	14	23	26	19	7	21	12	27	29	18
Rv3539	207	105	165	287	130	39	108	223	67	134	54	93	41	27	41	119	121	79	54	74	27	172	168	90
Rv3540c	406	280	328	607	295	101	330	640	187	329	146	255	73	76	117	140	203	165	114	191	101	198	219	180
Rv3541c	65	23	29	82	42	10	28	38	22	30	17	23	3	4	4	5	3	0	8	8	3	5	1	1
Rv3542c	364	190	286	519	279	81	284	491	144	257	108	214	93	62	112	172	169	128	129	170	102	248	178	124
Rv3543c	510	313	407	952	484	178	512	1006	204	486	199	324	129	172	255	343	575	454	180	446	232	463	630	516
Rv3544c	296	165	221	434	241	82	153	319	107	178	74	191	29	12	21	40	21	17	41	38	30	47	45	14
Rv3545c	607	394	413	752	438	139	394	675	248	394	162	324	137	42	80	91	76	87	115	131	88	132	102	101
Rv3546	391	205	251	432	260	91	281	402	136	239	115	185	44	32	70	72	63	61	46	76	45	93	58	48
Rv3547	594	366	462	864	445	169	358	680	243	491	146	318	267	133	226	206	156	116	309	370	207	279	177	143
Rv3548c	944	468	731	1456	802	309	520	1098	302	716	272	709	179	112	178	207	231	225	273	382	250	382	249	235
Rv3549c	923	516	727	1611	846	344	517	1248	325	771	270	781	146	84	150	177	173	149	229	270	138	327	195	144
Rv3550	404	262	404	996	476	217	315	894	170	488	131	409	90	70	96	186	212	132	110	183	138	252	222	160
Rv3551	423	251	385	1117	556	263	404	1301	167	616	143	561	193	280	419	478	1036	915	221	870	351	752	1112	929
Rv3552	342	248	286	996	498	217	330	1088	163	537	104	510	190	248	402	420	707	789	222	724	392	582	850	806
Rv3553	394	308	374	1029	565	231	331	1007	170	482	151	490	234	141	235	292	321	225	208	420	201	397	413	250
Rv3554	1017	568	739	1846	1033	387	794	1706	481	992	274	778	283	234	307	411	440	299	396	560	311	545	465	325
Rv3555c	593	357	415	1602	920	302	550	1656	249	854	192	660	95	79	116	236	387	213	159	229	114	416	435	264
Rv3556c	856	553	826	2175	1117	547	810	2607	411	1227	320	1115	658	734	1188	1156	1775	1674	823	2060	1125	1612	2063	1812
Rv3557c	241	153	171	474	242	82	178	347	87	230	67	213	85	52	110	114	112	123	130	187	91	134	142	140
Rv3558	457	294	415	558	335	91	391	567	219	356	157	210	177	119	239	192	235	216	197	338	233	299	242	207
Rv3559c	162	70	83	205	97	32	100	185	63	115	47	72	45	28	48	49	74	50	57	87	49	84	67	47
Rv3560c	96	48	79	173	100	36	59	149	26	88	36	103	50	25	21	70	49	40	62	76	29	65	59	40
Rv3561	358	173	282	836	471	189	289	899	152	454	111	381	136	196	296	404	727	620	190	558	277	618	822	686
Rv3562	156	92	136	452	223	101	154	399	81	213	43	222	58	28	44	82	120	100	67	114	59	137	129	106
Rv3563	136	95	118	340	240	68	131	364	62	178	44	173	25	18	34	64	86	86	30	73	38	118	96	97
Rv3564	185	123	192	495	285	103	195	583	89	273	60	208	74	75	136	249	426	392	90	272	119	350	503	470
Rv3565	155	115	119	240	136	56	98	263	64	131	45	110	19	14	19	42	49	48	29	54	23	71	63	46
Rv3566A	52	35	36	91	40	10	20	62	23	38	18	27	22	3	6	12	18	19	16	18	9	27	22	21
Rv3566c	248	165	174	554	270	98	210	432	104	279	89	183	55	56	83	156	160	106	88	168	99	235	201	126
Rv3567c	384	291	317	913	508	196	420	1143	210	523	131	375	286	275	354	504	770	647	330	685	381	718	788	647
Rv3568c	566	314	437	1055	567	185	356	927	223	472	156	464	131	59	89	171	142	92	166	146	88	241	132	87
Rv3569c	282	147	182	446	267	91	138	321	91	197	75	213	44	11	21	46	35	42	38	34	17	62	41	51
Rv3570c	1067	609	802	2134	1130	384	716	1959	380	1089	273	927	525	264	502	797	831	595	674	733	476	1176	930	647
Rv3571	377	196	242	493	289	91	286	451	139	262	105	185	120	78	157	173	206	203	121	236	192	244	271	228
Rv3572	434	309	328	608	351	112	391	639	206	382	116	207	293	368	548	319	497	394	376	939	502	456	543	460
Rv3573c	287	165	215	361	190	56	193	287	113	152	64	136	26	32	35	30	37	34	30	61	35	55	38	36
Rv3574	339	229	268	438	264	77	327	483	150	225	99	174	127	81	125	125	211	163	123	277	135	205	239	154
Rv3575c	323	158	222	305	180	47	246	255	122	152	59	122	40	18	23	24	31	17	51	54	25	34	29	19
Rv3576	627	469	535	1444	866	299	649	1779	296	814	201	548	670	364	679	803	893	743	811	947	639	1153	951	739
Rv3577	288	198	246	787	399	150	271	746	135	348	99	290	103	82	113	197	279	207	120	235	117	288	306	232
Rv3578	736	476	562	1264	676	245	564	1290	288	605	228	528	112	95	151	175	268	197	121	310	152	292	335	231
Rv3579c	1085	672	849	1873	1033	384	846	1953	444	934	328	782	201	218	312	415	518	458	286	584	281	487	546	451
Rv3580c	1555	922	1169	3075	1672	663	1098	2730	550	1409	449	1310	244	124	231	370	397	322	339	415	240	518	436	325
Rv3581c	1009	590	817	2886	1348	632	609	2067	447	1438	254	1368	368	163	305	402	284	226	404	502	279	554	327	264
Rv3582c	6818	4486	5918	16971	8686	3414	5172	13911	2944	8326	2115	7162	2688	2073	2862	3236	3260	2566	3173	4983	2713	4469	3408	2598
Rv3583c	15072	9417	12758	27657	15184	5260	13624	27541	7065	14313	5067	13807	11512	5397	11986	7666	7952	7020	14682	14443	11636	10957	8575	7611
Rv3584	2107	1439	1660	2463	1351	473	1925	2615	987	1509	637	908	1234	876	1439	1152	1172	786	1793	2383	1548	1853	1400	944
Rv3585	3240	1903	1906	8178	4573	1496	2403	7183	1466	4529	640	2926	390	403	481	1434	1603	1245	557	1079	525	1985	1716	1357
Rv3586	1660	1038	1119	3847	2250	773	1469	4172	772	2204	442	1457	462	372	595	1039	1284	1116	566	938	518	1442	1430	1035
Rv3587c	3564	2403	3169	4663	2715	943	3067	4510	1602	2766	1096	1616	1370	1078	1655	1962	2195	1654	1665	2958	1547	2901	2587	1766
Rv3588c	473	282	379	926	551	176	460	1013	243	560	152	379	205	215	329	307	592	486	255	722	363	430	633	512
Rv3589	219	129	181	315	203	66	179	280	113	165	72	140	37	58	48	75	90	41	49	105	39	103	96	63
Rv3590c	191	101	128	258	130	30	86	125	48	115	49	86	19	10	11	28	18	11	42	35	13	53	21	4
Rv3591c	83	39	62	140	56	28	61	120	31	88	24	49	44	20	26	32	50	28	46	59	24	50	52	24
Rv3592	804	420	534	1215	659	192	362	762	292	607	176	451	173	62	104	138	91	59	210	210	135	188	93	61
Rv3593	2255	1400	1782	4332	2375	795	1820	4396	987	2244	657	1504	1259	907	1661	2033	2470	2044	1583	2576	1514	2834	2500	2052
Rv3594	617	436	503	1077	606	197	474	977	262	502	161	447	103	101	145	207	217	161	129	217	124	264	300	222
Rv3595c	1262	758	999	2369	1292	433	726	1608	431	1066	358	985	71	33	74	144	100	60	104	121	78	206	122	86
Rv3596c	20152	12660	17174	42881	23422	8560	17057	41161	9182	22051	6608	18860	10005	6004	11347	13497	15219	12666	11810	15710	10517	18507	16028	13090
Rv3597c	1652	1017	1293	1871	1057	345	1007	1307	647	1115	433	813	245	108	172	427	413	249	346	398	204	619	487	295
Rv3598c	1143	756	895	1458	869	282	1105	1696	506	777	350	513	339	269	356	338	441	454	420	701	368	498	462	413
Rv3600c	1149	693	985	1598	879	300	916	1705	492	768	369	677	401	301	388	724	951	734	514	782	411	1008	994	778
Rv3601c	442	245	369	654	325	129	286	570	200	305	92	263	88	33	76	141	135	73	78	79	76	181	136	66
Rv3602c	838	614	781	1467	779	265	800	1438	353	668	274	568	168	142	230	593	905	672	226	429	259	875	1030	735
Rv3603c	1572	943	1234	2216	1182	407	1217	2242	581	1128	439	1003	295	212	304	1254	1752	1347	302	542	277	1750	1972	1589
Rv3604c	1729	1117	1246	4126	2250	718	1473	4127	730	2113	492	1712	578	528	653	1295	1744	1091	726	1491	709	1911	2204	1433
Rv3605c	394	232	288	775	420	124	254	565	162	346	92	290	34	32	54	73	71	37	83	92	60	117	80	44
Rv3606c	582	390	565	1541	832	303	455	1399	248	767	208	590	135	121	162	249	336	257	193	330	163	347	371	303
Rv3607c	315	208	271	747	365	126	245	542	124	360	98	278	49	47	61	86	66	51	73	108	57	129	60	56
Rv3608c	694	394	504	1455	776	249	346	933	171	541	144	540	61	31	44	96	54	46	74	80	55	119	48	44
Rv3609c	551	406	507	1390	759	271	389	1219	232	735	174	521	208	145	261	309	310	329	277	385	246	541	361	407
Rv3610c	4779	3006	4062	10881	5769	2109	3726	9929	2033	5476	1503	4639	1380	810	1381	2243	2509	2034	1803	2228	1446	3110	2972	2036
Rv3612c	1518	735	921	797	347	107	921	670	530	380	367	294	110	83	104	71	68	47	113	214	98	87	103	43
Rv3613c	3491	2126	2487	1862	944	275	2239	1446	1745	1173	886	544	461	227	408	253	216	213	555	750	461	367	252	233
Rv3614c	9252	5452	6781	6040	3417	968	6468	5218	3957	3340	2697	2061	1111	581	1097	888	836	631	1440	1620	1091	1143	901	723
Rv3615c	4458	2862	3626	4659	2727	833	3672	5008	2087	2856	1383	1472	2286	1604	2430	1878	2421	2279	2750	3858	2216	2464	2446	2274
Rv3616c	14443	8777	10273	17837	10774	3074	13468	22143	6142	10673	4410	7995	9919	4940	7164	6819	8434	6270	11999	12227	6871	9236	8795	6559
Rv3617	485	289	348	570	333	120	305	526	203	326	112	199	147	129	160	180	189	141	207	290	207	252	206	141
Rv3618	481	311	394	649	358	148	338	725	193	326	142	266	225	270	389	400	637	722	298	748	383	541	604	791
Rv3619c	11	7	10	12	3	3	4	15	5	9	1	5	2	1	1	1	3	0	1	0	0	3	1	1
Rv3620c	655	390	619	773	489	171	416	618	259	472	219	285	258	70	155	165	99	54	295	228	165	217	85	58
Rv3621c	95	70	70	190	80	28	88	196	39	96	29	76	17	24	27	34	51	43	17	59	18	44	53	45
Rv3622c	17	14	29	52	32	8	26	36	20	21	13	21	4	1	8	16	7	3	5	5	3	20	9	3
Rv3623	401	226	339	698	402	139	374	731	167	394	148	310	244	217	317	226	310	210	275	604	239	318	278	218
Rv3624c	641	417	447	980	531	203	471	913	236	555	146	342	242	214	314	307	383	267	380	634	324	429	441	344
Rv3625c	201	116	138	333	164	56	130	256	65	171	59	145	17	14	15	33	19	17	24	36	19	52	32	24
Rv3626c	606	403	478	1153	648	244	476	1100	246	617	191	520	202	102	155	265	229	238	204	324	180	377	274	272
Rv3627c	1606	957	1235	2765	1586	553	1391	3201	687	1456	500	1137	366	405	485	631	1051	823	439	1011	495	889	1149	872
Rv3628	212	128	172	249	129	30	129	185	79	109	50	95	45	17	47	29	26	21	50	82	32	20	37	16
Rv3629c	771	399	480	787	431	132	509	686	264	431	191	331	233	141	170	128	185	113	235	390	202	191	178	134
Rv3630	847	506	662	865	442	142	677	731	309	411	239	321	132	142	177	155	205	171	190	339	175	235	243	174
Rv3631	238	150	179	327	176	70	169	325	132	187	74	124	123	56	117	130	155	78	171	273	121	196	149	81
Rv3632	294	190	252	287	149	49	245	300	124	146	79	87	97	27	74	72	58	33	120	122	88	102	54	26
Rv3633	6278	3876	4734	4008	2292	690	5082	3935	2715	2408	1796	1425	1346	851	1379	764	813	619	1652	2111	1346	1175	941	666
Rv3634c	1794	1153	1395	1613	920	273	1395	1598	810	828	527	592	469	375	678	375	483	451	539	1058	599	511	590	483
Rv3635	272	181	212	593	252	97	267	514	110	244	95	234	90	84	127	132	200	163	116	241	106	172	212	142
Rv3638	72	53	54	100	51	14	54	74	38	55	19	35	17	3	10	17	21	9	16	23	16	19	19	11
Rv3639c	30	17	18	60	22	7	21	27	8	29	10	25	5	3	7	5	3	5	15	15	3	12	5	1
Rv3640c	149	97	130	337	172	61	121	311	62	185	42	144	22	29	42	48	64	38	38	67	35	86	72	71
Rv3641c	955	594	782	2098	1081	374	675	1867	379	1017	275	864	151	118	178	284	249	267	197	318	175	307	282	270
Rv3642c	235	120	134	255	155	36	74	133	77	136	37	150	8	4	6	8	2	1	14	7	8	11	2	3
Rv3643	25	27	29	27	14	2	20	27	13	17	5	12	5	1	0	2	1	0	2	6	1	5	1	3
Rv3644c	1169	699	749	1973	1114	310	949	1881	482	1070	293	794	133	160	153	358	525	409	164	415	161	476	618	392
Rv3645	2353	1387	1687	4458	2425	755	1620	3955	903	2116	594	1719	714	417	653	1084	1235	941	846	1240	699	1462	1261	986
Rv3646c	4658	3050	3698	6392	3645	1235	3873	6348	2074	3362	1417	2653	2048	1231	2282	2283	2301	1682	2565	3462	2110	3217	2577	1760
Rv3647c	1022	668	920	2338	1386	426	919	2600	456	1159	320	1101	614	491	742	710	779	569	728	1438	749	941	969	667
Rv3648c	3901	2329	2916	7463	4328	1107	2082	4678	1380	4005	956	2749	2838	687	1599	1586	1085	685	3803	1985	1520	2336	1281	817
Rv3649	296	181	224	581	338	93	208	545	129	273	79	261	80	100	97	162	253	168	96	235	97	253	286	185
Rv3650	66	34	65	101	59	10	55	94	30	52	22	25	14	23	24	40	59	18	20	55	30	57	63	19
Rv3651	528	362	412	763	429	130	425	649	209	371	163	285	321	149	217	379	339	211	389	398	254	570	340	245
Rv3652	2918	1795	2191	4487	2446	708	2342	4088	1174	2132	805	1880	1290	923	1388	1294	1486	1070	1613	2952	1573	1915	1822	1236
Rv3653	331	225	248	645	324	124	153	316	87	270	91	223	40	19	35	63	38	21	51	74	35	90	26	19
Rv3654c	357	245	264	682	385	123	266	555	174	342	100	285	105	125	190	223	304	218	186	444	239	373	357	296
Rv3655c	130	89	110	326	139	63	98	306	40	168	40	123	72	73	137	134	117	144	76	185	95	151	152	170
Rv3656c	9	4	6	10	6	7	1	12	0	5	0	1	0	0	2	1	0	2	2	2	0	1	0	0
Rv3657c	35	37	40	235	124	58	47	225	24	127	19	118	24	7	18	30	51	26	14	50	20	22	57	25
Rv3658c	594	361	434	1167	650	212	430	1185	210	628	151	471	120	91	111	173	253	187	122	294	134	296	270	221
Rv3659c	98	64	67	459	241	105	65	356	52	213	27	206	48	29	33	91	90	63	57	58	29	125	102	56
Rv3660c	481	271	372	1610	847	336	337	1445	157	710	149	778	146	87	114	309	220	232	165	254	116	425	266	199
Rv3661	1473	929	1134	2387	1345	489	1422	2726	698	1339	447	983	758	577	827	819	973	687	866	1537	880	1213	1144	821
Rv3662c	4285	3041	3605	6461	3746	1292	4206	7287	2184	4003	1470	2429	4946	7375	9980	9316	15541	12029	5941	18828	9433	12823	16498	12315
Rv3663c	416	216	392	1178	660	247	295	1173	176	673	143	499	341	223	322	867	1073	912	384	545	298	1227	1102	986
Rv3664c	113	55	72	166	87	22	107	128	47	65	34	33	56	27	26	46	31	16	51	51	14	56	55	21
Rv3665c	45	37	40	76	56	21	36	76	23	53	10	35	13	9	17	23	28	12	34	29	22	37	34	23
Rv3666c	323	175	244	480	281	85	258	554	147	245	85	168	179	177	199	385	544	441	202	430	234	485	578	471
Rv3667	665	353	520	1002	543	182	589	1092	313	569	216	359	308	358	516	597	815	771	418	978	482	805	918	818
Rv3668c	717	451	621	946	574	163	589	903	318	584	201	345	264	184	242	195	195	205	254	505	248	243	277	199
Rv3669	573	346	433	776	435	116	414	744	226	442	157	315	356	162	338	284	263	227	436	510	311	427	233	206
Rv3670	330	213	240	492	205	92	290	475	133	241	100	184	81	102	89	151	166	122	94	213	91	174	183	130
Rv3671c	1437	815	1029	2235	1367	397	1164	2262	681	1233	409	928	335	236	396	386	439	298	407	646	361	472	477	332
Rv3672c	1406	902	985	2512	1450	433	1259	2676	637	1253	403	960	290	409	390	606	987	701	358	1047	401	770	1033	724
Rv3673c	805	488	602	1334	778	223	604	1267	303	675	200	529	85	95	79	143	156	85	135	203	76	175	191	91
Rv3674c	1165	706	928	1792	1016	311	789	1432	498	955	289	660	229	142	218	266	267	209	307	423	216	387	330	231
Rv3675	419	239	274	322	196	74	234	286	144	153	89	152	55	25	45	40	36	36	58	68	56	78	35	27
Rv3676	4237	2911	3437	5483	3315	1198	3675	5980	1926	3345	1280	2293	1094	1229	1666	1249	1975	1380	1360	3452	1706	1801	2250	1624
Rv3677c	420	226	289	551	278	109	268	487	174	267	104	213	104	77	112	108	122	115	109	224	129	172	115	122
Rv3678A	43	24	28	42	36	6	15	15	8	23	6	8	2	0	0	0	1	3	3	0	2	1	1	1
Rv3678c	439	242	303	761	388	138	325	834	181	439	115	295	181	74	157	137	143	69	264	283	180	221	179	87
Rv3679	502	306	392	739	426	144	435	829	218	459	157	293	246	142	250	267	363	222	275	431	226	447	372	247
Rv3680	662	379	567	862	536	184	607	948	249	488	219	320	358	287	369	404	528	597	432	684	401	600	570	576
Rv3681c	811	402	505	823	436	134	486	618	290	337	197	371	141	51	124	82	73	76	158	145	111	133	101	67
Rv3682	9128	6040	7948	18218	10699	3877	8850	21775	4255	10749	3009	6851	5951	5849	9263	8670	13010	12018	7094	14947	8743	11477	13959	12262
Rv3683	2498	1550	2035	4807	2518	937	1874	4398	1023	2416	759	1882	702	529	857	1110	1223	1013	912	1470	888	1744	1463	1061
Rv3684	2106	1412	1791	4353	2486	881	1978	4991	963	2420	737	1744	1012	1123	1531	1704	2401	2111	1374	2994	1546	2469	2937	2495
Rv3685c	940	535	781	1588	865	321	787	1568	398	830	269	690	301	228	318	407	474	342	359	668	293	540	582	387
Rv3686c	283	179	304	475	207	80	140	222	105	235	81	192	26	6	7	16	5	3	26	29	6	20	3	4
Rv3687c	528	393	509	972	581	203	437	860	231	511	164	438	179	88	133	127	108	94	159	188	99	148	132	84
Rv3688c	1055	698	955	1707	1088	398	761	1801	392	1042	335	769	628	401	659	604	575	378	759	1139	641	820	637	441
Rv3689	3456	2346	3300	4442	2515	894	2935	4466	1671	2450	1274	1666	1029	941	1165	1316	1528	1183	1359	3417	1494	2062	2049	1622
Rv3690	398	212	340	526	295	122	260	496	140	239	121	209	98	47	81	139	143	96	118	136	84	177	144	107
Rv3691	776	463	620	915	502	186	528	692	247	473	256	344	122	88	171	267	361	262	185	335	150	401	394	311
Rv3692	850	546	699	1012	567	210	623	931	333	538	317	443	258	143	215	295	322	172	292	439	203	425	348	226
Rv3693	1257	762	1096	1710	889	335	1070	1572	509	886	416	788	351	287	462	379	627	442	361	837	423	512	602	506
Rv3694c	1962	1358	1789	3661	2171	714	1697	3342	827	1903	639	1754	752	523	751	817	971	859	947	1215	693	1158	1031	860
Rv3695	326	232	295	558	317	120	285	502	137	260	104	259	82	57	125	101	128	100	107	170	125	152	128	125
Rv3696c	725	418	653	1053	561	172	552	866	308	549	199	462	250	132	248	252	182	115	308	378	224	357	235	107
Rv3697A	61	52	55	75	30	17	34	39	19	56	18	15	16	6	7	6	2	0	24	14	7	8	1	4
Rv3697c	458	323	441	537	307	114	395	493	211	290	185	227	249	159	276	227	236	192	354	421	270	349	284	169
Rv3698	521	300	416	971	568	170	416	1033	214	590	148	369	229	167	256	377	443	488	270	449	245	542	475	450
Rv3699	1047	653	793	1695	900	322	837	1680	435	926	271	672	398	363	494	658	717	535	526	1068	517	874	922	602
Rv3700c	863	583	810	1526	823	245	765	1481	402	804	319	581	154	161	212	304	373	281	234	518	224	424	478	326
Rv3701c	930	579	729	1725	934	281	659	1586	396	752	290	657	184	50	100	215	134	69	208	161	92	314	147	81
Rv3702c	545	346	436	1312	731	231	378	1015	187	642	158	421	65	21	28	90	62	41	88	76	29	140	90	51
Rv3703c	662	427	545	1813	966	325	647	1913	351	1050	190	688	153	220	283	539	870	658	162	571	254	691	932	763
Rv3704c	1754	1028	1256	3548	1971	591	1276	3266	656	1826	479	1387	355	246	374	603	765	517	470	724	461	927	818	614
Rv3705A	380	250	357	443	231	92	305	402	188	209	129	156	159	142	231	160	171	173	273	493	261	262	216	179
Rv3705c	690	430	525	1371	756	225	541	1233	302	754	191	493	212	225	350	296	469	348	249	625	362	415	574	410
Rv3706c	761	551	750	1252	759	310	641	1106	349	890	300	464	746	467	1035	767	676	758	1120	1729	1079	1388	1183	1079
Rv3707c	742	424	611	1077	550	211	618	1114	283	554	230	428	142	163	190	235	309	201	196	334	192	358	366	234
Rv3708c	1601	927	1204	2734	1464	480	1235	2705	579	1324	466	1122	379	348	403	691	814	564	444	881	390	894	910	637
Rv3709c	1884	1162	1592	3944	2156	779	1355	3505	773	2086	593	1605	625	363	534	1162	1140	837	777	1079	607	1551	1229	866
Rv3710	5998	3639	4761	11532	5883	2316	4337	9825	2491	5776	1786	4788	1019	617	1111	1878	1963	1635	1180	1634	950	2516	2042	1578
Rv3711c	1959	1221	1506	3831	2147	899	1326	3482	632	1863	584	1622	1037	585	859	2134	1963	1257	1256	1584	898	2873	2246	1443
Rv3712	715	445	587	1066	598	189	536	964	304	558	195	363	111	120	173	179	260	171	103	312	160	240	310	178
Rv3713	289	187	233	361	202	66	224	309	117	171	69	136	28	27	36	41	38	19	31	70	26	47	31	30
Rv3714c	663	322	436	932	498	170	459	959	226	480	140	313	218	134	186	339	324	215	268	333	202	451	330	242
Rv3715c	1335	767	1129	1586	965	284	941	1579	516	853	400	620	370	106	244	238	164	93	553	385	249	333	198	109
Rv3716c	613	296	421	621	404	95	296	455	186	313	146	307	92	31	69	43	38	13	99	99	48	64	41	12
Rv3717	1056	619	925	1217	604	240	691	1016	439	593	296	490	274	266	341	250	290	292	357	707	367	337	347	333
Rv3718c	161	95	132	180	108	30	106	95	68	94	41	55	34	37	33	46	69	53	59	76	35	80	69	66
Rv3719	1342	804	1084	1805	1054	314	1039	1640	551	950	391	753	389	217	394	471	433	287	492	630	386	585	396	332
Rv3720	1273	774	1054	1605	915	311	976	1638	568	937	362	579	354	412	612	397	754	729	481	1050	560	647	679	738
Rv3721c	1380	902	1040	2216	1212	407	1155	2104	571	1079	414	858	446	443	676	757	1053	895	519	1205	573	1038	1071	969
Rv3722c	2938	1713	2326	4429	2488	901	2124	4264	1053	2302	881	1983	778	598	980	983	1130	991	1068	1638	907	1367	1332	1075
Rv3723	1999	1171	1435	2485	1382	400	1334	1881	796	1244	524	967	218	115	179	209	170	123	287	371	207	325	187	137
Rv3725	1478	887	1081	1995	1073	337	1256	2088	611	1055	447	821	490	340	476	534	559	445	617	877	520	719	614	442
Rv3726	989	629	690	1206	634	234	822	1288	378	645	270	465	300	250	393	331	462	372	440	666	399	499	516	413
Rv3727	1523	929	1188	2562	1576	449	1223	2426	653	1441	430	1027	1032	532	802	757	734	550	1274	1313	813	1069	786	476
Rv3728	1038	663	905	1991	1027	396	878	1925	447	1060	274	860	220	270	286	386	540	460	327	747	317	550	604	481
Rv3729	969	607	723	1654	998	342	927	1822	453	1006	317	721	597	623	964	1086	1591	1330	832	1679	891	1547	1701	1363
Rv3730c	362	219	261	561	267	85	271	512	131	286	116	205	238	224	294	198	282	249	296	621	275	299	279	215
Rv3731	215	140	162	306	196	69	144	327	77	203	56	163	125	83	124	160	185	184	119	254	115	185	170	181
Rv3732	1429	939	1131	2391	1309	410	1189	2115	647	1290	381	799	436	241	387	475	431	372	526	683	381	662	501	425
Rv3733c	657	384	570	755	395	164	496	767	250	375	207	266	175	125	172	174	137	149	237	292	170	196	187	148
Rv3734c	2114	1314	1777	2371	1359	430	1862	2511	1026	1350	651	883	1039	835	1168	865	1199	987	1200	2282	1137	1285	1329	1065
Rv3735	342	194	254	439	216	87	238	336	129	246	98	185	35	16	31	32	34	16	35	36	30	42	23	8
Rv3736	536	315	389	634	296	135	380	586	189	327	120	267	99	71	127	102	140	87	144	186	121	152	159	113
Rv3737	959	643	791	2087	1113	411	893	2273	444	1070	275	847	205	239	318	320	446	337	304	665	338	499	532	397
Rv3738c	1419	930	1031	4711	2372	872	1349	5151	611	2409	387	1963	581	481	744	1097	1671	1694	729	1486	900	1690	1870	1964
Rv3739c	484	257	338	1253	607	198	283	957	170	505	112	586	53	16	35	69	43	23	61	50	31	80	47	16
Rv3740c	8588	5438	6326	19612	10205	3626	6488	18493	3572	9973	2335	7543	3157	2426	3783	4711	5153	4250	4045	6647	3766	6949	5879	4706
Rv3741c	5360	3397	3980	10811	5975	2109	4358	10422	2346	5690	1598	4655	1731	988	1810	2114	2214	1609	2163	2690	1863	2956	2452	1801
Rv3742c	8788	5175	6105	13795	7744	2577	5020	10587	3750	7373	2222	5370	2397	1202	2129	2032	1742	1480	3066	3002	2084	2735	1853	1540
Rv3743c	89626	56571	67276	188230	103707	35367	80297	199930	39891	100576	26581	75964	29953	34110	45651	45542	68898	55637	37718	92400	46576	64625	78217	60913
Rv3744	596	402	457	940	561	201	572	1165	308	641	190	453	418	296	471	359	392	412	506	813	489	610	445	434
Rv3745c	13	17	8	29	23	2	11	21	6	14	4	13	7	1	1	6	4	0	1	2	0	10	2	1
Rv3746c	66	44	49	143	88	20	38	120	32	73	23	72	20	14	16	11	24	9	27	15	15	28	10	2
Rv3747	948	633	756	1394	821	259	964	1461	527	898	291	595	665	281	476	335	339	196	704	850	475	549	379	220
Rv3748	227	102	136	217	129	51	108	148	70	111	46	82	25	16	27	23	29	20	42	35	26	35	29	12
Rv3749c	310	163	241	387	218	94	229	388	121	224	84	181	114	55	103	107	122	63	127	132	121	120	109	72
Rv3750c	390	199	277	497	248	104	295	396	189	270	130	207	154	57	146	131	89	132	168	167	111	177	115	102
Rv3752c	31	17	19	54	19	6	9	19	11	19	7	17	0	1	1	3	3	1	1	3	1	1	3	0
Rv3753c	431	218	291	637	371	100	251	391	146	328	124	277	165	86	129	174	137	113	187	231	170	215	159	134
Rv3754	562	335	418	1046	512	187	478	943	230	527	154	391	194	251	365	417	537	525	297	658	401	640	622	550
Rv3755c	871	522	612	1401	760	271	534	1078	355	816	221	547	291	146	289	329	282	265	336	407	254	456	294	264
Rv3756c	422	242	296	998	512	145	258	702	177	409	113	375	97	31	36	115	84	32	127	76	38	174	88	39
Rv3757c	377	235	303	1095	609	204	320	1017	184	591	114	392	146	218	209	482	835	882	165	565	215	601	922	866
Rv3758c	730	450	567	2117	1144	433	603	1994	247	1024	191	849	394	252	376	936	1234	1102	445	671	429	1449	1324	1138
Rv3759c	788	478	649	1953	1115	380	576	1734	352	1011	283	810	360	192	340	740	752	468	448	523	298	1049	788	531
Rv3760	256	149	229	408	228	112	171	353	114	248	92	120	199	128	205	191	185	179	281	351	199	234	182	206
Rv3761c	245	162	205	366	198	63	151	275	83	166	61	94	73	31	89	127	104	77	121	165	79	160	127	93
Rv3762c	749	467	559	1165	621	185	656	1101	328	660	229	429	393	311	456	517	700	578	439	848	482	783	811	600
Rv3763	2244	1238	1685	1686	1011	323	1831	1723	896	1022	666	808	528	347	490	473	592	305	648	876	501	715	571	330
Rv3764c	2536	1562	2017	2265	1145	412	2220	2301	1098	1153	878	975	551	528	752	491	741	599	696	1290	746	790	770	627
Rv3765c	365	205	312	497	267	116	248	446	132	286	125	248	91	51	68	72	87	74	108	105	71	123	112	70
Rv3766	334	234	356	623	339	147	258	611	123	363	145	281	190	78	166	267	321	310	214	247	160	358	355	328
Rv3767c	490	286	501	1499	716	319	386	1448	195	724	205	742	78	64	100	99	117	117	75	142	116	136	144	125
Rv3768	145	98	118	201	102	26	132	221	73	123	59	68	174	123	193	180	257	200	195	325	210	277	273	234
Rv3769	718	494	569	1100	686	229	764	1392	395	765	229	565	430	338	623	559	627	585	588	947	584	723	680	618
Rv3770c	331	189	265	421	225	95	222	310	124	216	96	147	44	18	44	48	49	48	50	69	43	63	68	56
Rv3771c	258	135	179	220	139	37	188	229	129	106	40	108	25	15	19	12	18	21	24	60	26	29	24	19
Rv3772	311	209	257	558	338	116	361	652	153	335	121	230	196	286	411	464	771	575	209	723	388	625	812	657
Rv3773c	193	129	174	396	202	72	173	314	93	216	60	149	173	75	137	120	125	113	227	224	136	186	134	122
Rv3774	880	596	703	1707	984	286	829	1971	427	977	259	584	702	882	1007	1202	1792	1592	914	2312	982	1665	2012	1707
Rv3775	702	461	579	1247	694	212	597	1217	296	687	194	454	386	553	727	702	981	948	550	1399	709	1001	977	1007
Rv3776	2487	1494	1810	4000	2168	721	1773	3912	960	2022	640	1328	174	133	256	316	372	383	189	372	248	446	435	442
Rv3777	1052	659	701	1488	841	281	769	1309	373	741	300	607	226	199	261	264	284	176	233	581	246	409	313	228
Rv3778c	2371	1432	1767	3557	2009	594	2150	3918	885	1819	685	1410	367	423	512	782	1223	784	564	1300	485	1105	1344	821
Rv3779	1080	663	858	1833	1008	362	944	1849	411	966	306	701	363	304	505	619	863	615	434	765	428	867	933	699
Rv3780	551	320	392	689	415	130	288	532	209	371	128	309	115	58	89	180	111	88	162	149	83	219	97	81
Rv3781	861	509	682	1520	844	300	650	1433	344	808	262	628	369	182	432	475	431	382	457	525	418	627	447	404
Rv3782	1246	708	914	2191	1176	382	754	1751	407	1109	348	843	266	153	236	396	374	299	309	390	177	549	399	310
Rv3783	1687	1138	1308	3142	1658	648	1465	3463	770	1673	507	1173	572	399	670	810	929	797	723	950	620	1063	999	827
Rv3784	937	600	731	1352	692	257	821	1279	423	750	257	671	245	91	178	218	209	164	278	262	151	291	245	146
Rv3785	1086	556	832	1966	1025	344	801	1823	398	953	284	867	97	75	139	229	293	221	153	262	129	375	346	295
Rv3786c	399	245	278	772	416	159	311	728	162	419	128	291	105	59	130	167	202	212	144	174	127	217	194	196
Rv3787c	152	84	121	225	120	38	88	239	55	106	32	77	46	42	62	50	81	76	59	98	56	96	110	64
Rv3788	280	160	211	229	136	43	212	192	120	126	77	81	54	73	51	39	40	54	60	130	77	56	76	56
Rv3789	337	187	253	326	173	60	187	227	115	155	84	112	79	32	64	43	46	28	83	61	49	54	37	38
Rv3790	890	543	707	1047	607	169	831	1170	408	607	234	366	346	311	430	423	669	583	420	741	476	568	781	609
Rv3791	464	264	313	453	216	66	293	321	152	232	134	147	83	60	83	60	54	42	100	130	96	84	68	49
Rv3792	976	639	841	1168	573	204	969	1274	471	590	319	361	256	340	423	328	516	376	292	920	417	435	541	401
Rv3793	2692	1591	2127	2578	1352	421	2179	2498	1109	1178	770	916	456	389	659	354	493	326	588	1128	581	492	513	345
Rv3794	3574	2389	2785	5333	3057	1077	3004	5452	1477	2865	1067	1744	696	670	1052	710	906	639	884	1904	1074	965	1073	752
Rv3795	3705	2314	2962	4154	2280	810	3207	4133	1569	2082	1150	1491	673	655	933	529	672	581	844	1984	952	680	793	664
Rv3796	825	485	585	732	424	141	654	795	350	405	263	324	775	563	971	498	828	920	891	1505	958	708	840	934
Rv3797	599	384	413	1233	618	248	456	1150	280	660	166	526	206	139	208	338	377	196	251	354	219	501	417	197
Rv3798	15	6	13	32	13	4	3	23	4	14	3	12	1	2	0	2	8	5	5	6	3	6	5	4
Rv3799c	9948	5826	8015	14387	7080	2848	7307	12268	3988	6294	3030	6303	1328	685	1516	1024	786	644	1659	1929	1295	1367	842	718
Rv3800c	26623	16010	23166	47318	23976	9937	21800	46432	11168	22726	8811	20046	4027	3472	5470	6170	7932	5958	5127	9512	5200	8917	8996	6466
Rv3801c	11447	7398	10449	20402	10473	4440	10825	23415	5287	10441	3989	8601	3040	3231	4570	6519	9531	8642	4011	8523	4737	9956	10863	9343
Rv3802c	4125	2676	3754	7749	4087	1755	3781	8188	1983	4364	1366	3412	1170	1138	1749	2112	2702	2587	1434	3136	1782	3039	3032	2725
Rv3803c	2958	1752	2151	3242	1664	514	2004	2687	1180	1585	746	1244	443	248	357	389	319	179	556	765	467	548	400	256
Rv3804c	8186	4943	6899	15470	8289	3001	6151	13670	3719	8070	2692	6765	1736	1067	1904	1640	1692	1032	2113	2779	1775	2268	2009	1146
Rv3805c	4675	2912	3414	8300	4251	1563	3501	7728	1876	4026	1281	3047	1484	1101	1671	1757	2208	1888	1794	2941	1617	2518	2485	2057
Rv3806c	2293	1496	1859	4430	2377	831	1783	4077	994	2142	679	1647	581	429	627	823	833	634	811	1283	642	1120	919	742
Rv3807c	912	524	687	1706	862	310	629	1562	411	922	254	639	171	145	244	238	363	322	222	507	243	406	383	320
Rv3808c	3567	2192	2838	6086	3359	1150	2816	5883	1502	3041	1092	2553	1120	995	1447	1825	2560	2200	1325	2724	1404	2667	2842	2326
Rv3809c	1419	955	1239	1672	991	349	1231	1641	641	951	427	715	630	385	700	1180	1485	1237	708	952	616	1568	1504	1324
Rv3810	5884	3928	6098	6940	3964	1664	4679	6694	2607	3808	2101	3186	1993	2040	2512	1993	2853	2101	2709	6817	2951	3150	3943	2692
Rv3811	9012	5417	7970	11665	6561	2761	6225	10248	3575	6024	2983	5174	2587	2489	3785	4318	6512	6314	3289	6694	3874	6316	7315	6986
Rv3812	5426	3503	4327	6221	3119	1328	4074	5887	2395	3234	1686	2241	1463	980	1725	1746	2061	2137	1664	2473	1663	2523	2297	2168
Rv3813c	580	398	491	919	481	184	464	909	214	471	206	338	131	123	224	204	295	229	182	330	184	289	271	233
Rv3814c	614	352	517	934	475	216	423	897	253	464	193	360	152	83	114	157	176	123	187	204	117	234	204	166
Rv3815c	483	272	324	744	448	138	280	604	159	334	108	321	95	28	63	107	50	58	87	110	68	106	67	50
Rv3816c	1372	871	1104	2304	1352	490	998	2176	586	1246	426	953	464	199	385	452	367	237	591	544	394	683	431	317
Rv3817	192	150	167	355	139	49	165	324	78	167	63	115	41	61	70	71	97	71	56	186	97	162	161	133
Rv3818	1076	688	874	1389	798	285	948	1447	500	766	309	509	603	372	552	638	742	603	703	932	542	824	826	600
Rv3819	62	28	45	32	33	8	28	35	22	26	17	13	12	5	12	11	4	6	9	17	9	18	6	10
Rv3820c	786	542	682	1068	606	218	597	993	341	557	255	497	455	232	348	340	296	231	576	488	363	499	358	281
Rv3821	1062	629	850	1851	1008	359	752	1561	464	993	283	702	387	162	253	289	230	152	357	555	255	409	239	158
Rv3822	1638	1075	1579	4263	2323	836	1408	4698	796	2749	646	1719	1487	1117	2212	1675	2102	2572	1936	2974	1895	2463	2237	2613
Rv3823c	3095	1871	3140	3017	1561	694	2631	3177	1258	1545	1261	1604	1225	798	1438	395	477	424	1456	2011	1460	534	491	438
Rv3824c	1112	643	1169	797	388	197	800	719	398	397	468	382	298	164	313	67	66	89	347	383	296	107	94	94
Rv3825c	3759	2102	4170	6752	3502	1583	3022	7283	1509	3282	1775	3325	790	633	962	518	698	608	951	1913	1058	708	772	678
Rv3826	1115	657	881	1653	912	310	854	1655	435	856	316	623	626	394	617	437	505	527	832	1018	580	570	565	480
Rv3827c	1705	1025	1162	3798	2149	715	1628	3843	702	2058	512	1608	225	359	434	779	1377	1201	287	892	415	1062	1510	1234
Rv3828c	271	121	172	484	220	56	102	204	85	155	42	187	8	3	5	9	3	5	12	7	6	9	11	1
Rv3829c	310	164	202	488	265	88	172	391	112	245	73	216	63	49	65	66	99	71	92	116	66	121	95	102
Rv3830c	55	35	47	152	69	26	40	130	23	84	20	57	22	4	18	26	11	10	22	12	13	28	15	13
Rv3831	502	280	378	868	454	160	329	536	247	473	145	369	104	67	133	80	68	47	112	169	111	117	77	50
Rv3832c	95	55	85	122	58	26	80	133	35	74	36	49	49	61	93	53	74	55	73	123	86	61	61	52
Rv3833	298	150	265	269	145	57	238	295	135	158	113	118	192	184	302	190	272	250	238	550	287	267	279	342
Rv3834c	195	98	147	186	103	37	125	193	63	109	46	70	45	25	33	62	39	30	54	86	30	57	48	39
Rv3835	1274	900	1149	2282	1335	478	1167	2554	630	1229	470	910	679	719	1165	1435	1925	1539	774	1977	1229	2127	2211	1811
Rv3836	417	284	405	1009	507	208	376	1030	216	491	154	482	142	109	129	208	295	216	166	274	146	293	332	199
Rv3837c	1371	830	991	3023	1600	584	1006	2755	559	1388	364	1500	296	304	482	571	750	708	333	735	436	762	784	660
Rv3838c	787	493	545	1709	935	356	752	2124	331	975	250	691	296	489	533	891	1668	1586	359	1526	583	1378	1933	1805
Rv3839	68	54	64	113	76	18	52	83	36	59	19	40	14	15	10	15	20	14	24	30	22	20	20	20
Rv3840	96	59	65	187	126	20	73	175	40	124	18	66	21	16	19	30	26	25	27	51	20	45	36	14
Rv3841	5515	3707	4197	28339	16321	3882	4086	23152	2383	14051	1642	9888	7743	1743	4180	4442	3140	2591	9539	4407	3802	5816	3372	2747
Rv3842c	2652	1846	2451	10264	5752	1762	2343	8961	1300	5973	825	3252	1707	1470	2121	2761	3189	2812	2048	4008	2135	3721	3456	2732
Rv3843c	1271	806	1068	4230	2263	805	900	4225	561	2280	364	1639	422	339	618	997	1164	966	544	962	556	1508	1470	1124
Rv3844	7	7	9	21	5	2	11	22	8	12	0	9	4	4	7	7	14	10	6	12	6	12	16	18
Rv3845	119	75	93	141	72	40	60	138	44	65	25	84	37	43	69	86	105	94	37	72	46	110	105	72
Rv3846	1541	970	1268	1996	1169	370	1309	2163	735	1183	512	851	1632	737	1341	1258	1246	872	1902	1904	1189	1677	1287	898
Rv3847	1004	554	899	1183	635	247	654	1022	370	646	311	550	277	157	220	223	225	154	378	385	251	332	196	160
Rv3848	290	189	266	440	223	74	237	384	147	238	86	202	114	59	114	142	165	112	180	214	151	237	146	143
Rv3849	446	266	303	491	322	89	267	415	151	264	124	191	256	110	226	243	201	174	325	335	211	334	228	154
Rv3850	415	254	276	441	271	92	275	377	137	253	103	185	82	68	99	137	120	65	161	186	96	210	167	72
Rv3851	39	34	47	72	26	12	34	44	20	47	17	17	9	18	23	22	29	41	19	48	18	36	32	31
Rv3852	591	382	470	752	484	152	427	661	265	435	139	286	299	214	258	233	231	231	362	631	300	320	261	292
Rv3853	650	454	557	1059	607	232	605	1122	288	597	220	390	315	290	353	373	458	452	376	689	345	520	516	471
Rv3854c	1397	811	1217	2109	1233	419	1062	2139	693	1269	443	888	958	605	1126	2050	2266	1947	1151	1612	955	2835	2321	1988
Rv3855	383	172	289	550	263	111	201	394	118	257	86	260	137	97	202	293	361	372	218	280	207	463	403	407
Rv3856c	1459	934	1376	3028	1586	730	1481	3181	674	1540	562	1452	268	353	561	588	952	793	415	988	564	847	1044	835
Rv3857c	848	559	870	1373	794	352	941	1689	422	772	361	752	534	360	532	380	538	603	684	954	584	657	636	612
Rv3858c	3686	2232	3026	3507	1940	768	2914	3422	1515	1852	1228	1583	731	425	729	667	680	623	888	1164	842	880	784	708
Rv3859c	12721	7431	10637	14692	7574	2654	9584	13574	5229	7208	4113	5912	2782	1744	2960	3591	4089	3314	3456	4875	2978	5187	4558	3551
Rv3860	973	657	891	1374	729	265	909	1545	427	761	324	520	291	243	352	394	547	416	324	738	379	526	601	484
Rv3861	0	0	0	0	0	0	0	1	0	0	0	0	0	0	0	0	0	0	1	0	0	0	0	0
Rv3862c	0	0	0	1	0	0	0	0	0	0	0	0	0	0	0	0	0	0	0	0	0	0	0	0
Rv3863	886	492	677	1126	618	225	856	1227	397	596	281	487	626	617	930	1291	2086	1534	763	1712	956	1919	2448	1728
Rv3864	3924	2529	3330	7943	4182	1516	3907	9211	1816	4365	1332	3056	4800	2311	4908	5113	5361	4879	5842	6008	4116	7008	5775	4982
Rv3865	1281	907	1221	2213	1264	491	824	1548	642	1330	454	646	878	224	552	631	386	323	1080	594	479	723	356	309
Rv3866	2715	1891	2503	4550	2632	925	2040	4333	1233	2692	925	1648	848	848	1169	1399	1860	1484	1082	2157	1121	2013	2183	1655
Rv3867	2822	1828	2617	4513	2617	982	2361	4715	1212	2251	1016	1949	1170	523	908	1309	1147	781	1504	1361	929	1793	1271	940
Rv3868	6038	3626	4876	10182	5442	1925	4087	8703	2233	4761	1773	4002	1246	658	1175	1815	1669	1134	1459	1660	1097	2485	1764	1094
Rv3869	6318	4080	5699	15674	7866	3264	5775	16855	2938	8060	2171	6268	3018	3099	4774	8046	11881	11229	3699	8379	4540	11227	13168	11852
Rv3870	11989	7772	10271	30662	16109	6484	10427	33300	4854	15241	3847	12980	6307	4773	8011	11425	15648	14644	7543	12170	7693	16264	17016	15338
Rv3871	5360	3076	4378	14817	7573	2689	3781	13154	2098	6981	1573	6478	1591	1116	1774	2663	2996	2452	2110	2849	1646	3935	3486	2621
Rv3872	2719	1679	2172	5277	2976	1075	2254	5742	1144	2866	853	2018	1323	1772	2422	2981	5380	4503	1679	4816	2397	4432	6042	5207
Rv3873	3738	2399	3067	8353	4243	1564	3077	8451	1663	4431	1291	3729	1078	572	1119	1704	1882	1247	1352	1657	1041	2575	2181	1473
Rv3874	11785	7251	10315	17800	11184	3708	7666	14835	4756	10141	3940	8042	3025	804	1709	2007	1345	760	3898	2297	1722	3008	1551	789
Rv3875	4052	2551	3454	6564	3686	1161	2224	4050	1852	3503	1214	2767	846	268	670	614	456	323	1067	785	532	829	528	368
Rv3876	7019	4488	6472	12495	6868	2957	5847	13257	2978	6781	2458	5186	2401	1754	3219	4759	5155	4935	3565	5490	3453	7787	6752	5994
Rv3877	3450	2042	2997	5830	3097	1194	2477	5152	1233	2564	1067	2535	585	253	449	691	623	468	765	673	442	907	710	478
Rv3878	1386	892	1183	2425	1247	504	1356	2521	598	1265	438	1114	785	958	1310	1296	1907	1946	914	2301	1230	1695	1972	1893
Rv3879c	6145	4086	5483	13106	6831	2782	4700	11811	2501	6644	2027	5400	1457	865	1420	2537	2852	2559	1995	2768	1498	4339	3599	3217
Rv3880c	1139	776	1026	1964	1056	448	1163	2333	492	954	408	942	438	352	484	598	757	554	543	859	451	855	881	681
Rv3881c	3339	1918	2687	5692	3073	1169	2333	4874	1177	2857	1057	2571	1560	616	1155	1520	1222	1153	1650	1466	1026	1880	1211	1162
Rv3882c	1759	1169	1667	3410	1822	743	1432	3413	731	1758	625	1454	926	737	1080	1505	1884	1535	1132	2055	1118	2082	2050	1806
Rv3883c	1841	1235	1703	3567	2038	840	1534	3365	858	1941	672	1502	573	730	1061	1441	2331	1779	813	2062	1029	2224	2790	2148
Rv3884c	2135	1317	1626	2836	1573	536	1843	2905	883	1330	687	1224	1508	1113	1846	1104	1125	1167	1977	2838	1802	1599	1351	1226
Rv3885c	1323	868	1040	2041	1069	349	1296	2074	563	971	415	652	719	831	1130	888	1345	1163	998	2129	1078	1252	1483	1155
Rv3886c	1035	702	897	1654	876	294	800	1510	409	794	352	526	228	160	245	335	430	240	451	757	409	756	715	472
Rv3887c	564	315	410	768	442	135	271	577	146	335	142	253	116	48	60	118	85	43	151	118	54	153	83	56
Rv3888c	745	451	683	1256	719	220	593	1207	328	629	266	418	695	349	647	749	899	758	865	898	559	1026	930	712
Rv3889c	732	447	536	855	453	142	554	855	248	453	202	330	298	240	278	470	434	334	347	601	317	645	565	356
Rv3890c	236	134	181	210	138	47	123	160	95	125	63	73	164	48	95	104	68	67	203	125	78	161	65	57
Rv3891c	1051	673	872	1214	659	222	677	1040	449	700	324	372	1948	546	1308	1208	714	575	2386	1399	1116	1698	828	608
Rv3892c	299	190	209	451	215	76	217	420	130	228	103	162	78	74	89	107	124	97	83	225	77	137	123	104
Rv3893c	335	203	281	403	274	62	220	298	124	246	116	178	72	46	71	72	63	36	97	100	67	90	58	39
Rv3894c	4893	2863	3748	6298	3334	1174	3799	5958	2027	3038	1481	2628	1284	833	1268	1261	1401	1151	1534	2184	1206	1663	1497	1245
Rv3895c	946	593	840	1866	961	378	939	1821	446	973	328	759	195	200	231	366	529	344	245	574	287	531	623	397
Rv3896c	1762	1109	1492	2570	1393	497	1392	2563	747	1451	499	968	427	493	662	869	1309	992	604	1257	689	1177	1430	1135
Rv3897c	436	241	350	580	326	105	297	468	185	297	116	228	78	38	67	74	57	45	86	148	78	127	83	52
Rv3898c	860	544	701	1105	745	225	605	1169	333	636	269	416	625	344	512	539	503	429	846	954	514	774	601	439
Rv3899c	482	308	407	616	378	113	372	632	197	287	151	260	105	137	140	96	141	59	101	305	99	123	132	61
Rv3900c	724	405	540	1121	587	199	474	852	283	532	171	414	179	82	140	129	140	69	240	241	140	217	143	83
Rv3901c	419	239	286	608	275	116	368	552	182	279	99	249	159	103	161	172	187	172	163	308	144	253	177	167
Rv3902c	272	149	197	405	235	70	204	391	128	194	71	188	221	70	119	159	125	97	275	137	104	204	146	105
Rv3903c	530	364	408	1593	815	294	493	1555	235	883	164	563	454	289	546	691	887	613	586	860	529	974	1016	753
Rv3904c	0	0	0	2	1	0	0	0	0	2	0	0	0	0	0	0	0	0	0	0	0	0	0	0
Rv3905c	21	18	15	31	17	2	16	22	3	12	3	6	3	0	2	2	0	0	0	0	1	2	0	1
Rv3906c	659	415	442	851	506	150	417	562	220	364	163	287	106	55	99	66	36	39	131	147	83	85	55	30
Rv3907c	972	565	636	1146	711	201	610	970	393	607	255	412	138	92	109	114	108	67	149	219	147	158	118	72
Rv3908	1021	663	778	1329	737	278	625	992	362	641	274	458	139	97	134	230	174	143	185	267	139	275	252	186
Rv3909	1947	1286	1695	3171	1716	685	1908	3482	867	1698	635	1070	540	737	895	1141	1689	1429	771	2172	1035	1828	2374	1854
Rv3910	6119	4035	5111	9578	5285	1874	5817	10405	2694	5082	1928	3478	1588	2147	2742	2626	4178	3457	2083	5933	2729	3887	5057	3893
Rv3911	386	255	293	449	219	114	298	435	135	237	104	176	122	185	194	214	345	361	143	542	240	324	431	379
Rv3912	121	55	81	159	78	31	90	147	59	90	38	50	52	80	53	92	193	98	58	206	72	176	208	114
Rv3913	570	392	466	738	438	163	381	660	212	395	176	323	131	93	152	191	166	142	174	327	162	261	222	165
Rv3914	344	245	313	376	195	84	278	346	182	256	110	144	162	52	117	93	64	68	165	166	104	122	80	37
Rv3915	4038	2392	3183	6120	3269	1104	3212	5777	1576	3044	1137	2572	1067	770	1142	1154	1404	1191	1343	1984	1036	1813	1515	1184
Rv3916c	2079	1236	1743	5406	2807	1042	1609	4814	931	2691	640	2386	607	349	593	639	618	534	742	840	561	899	718	524
Rv3917c	2041	1324	1529	7385	3850	1190	1393	5869	751	3391	535	2904	746	279	496	553	462	322	882	834	526	786	473	321
Rv3918c	3199	2295	2635	11898	6250	2409	2975	13326	1492	6254	1002	4180	2016	1636	2578	2627	3686	3225	2672	4440	2592	3997	4261	3678
Rv3919c	1090	522	633	2380	1200	327	441	1343	301	896	223	951	61	19	21	21	12	9	64	32	38	35	23	10
Rv3920c	1463	761	917	2393	1185	289	569	1005	489	866	297	864	80	22	38	21	14	4	91	50	51	24	9	5
Rv3921c	10796	7295	8789	19096	10063	3759	9087	18831	4730	9741	3238	6482	3651	2515	4309	2691	3544	3410	4783	6897	4340	3985	3863	3620
Rv3922c	243	150	175	342	174	64	116	158	110	167	41	67	17	2	23	7	4	6	24	15	26	7	7	8
Rv3923c	1552	994	1252	2309	1203	319	967	1247	765	1114	428	766	62	25	46	47	34	15	92	48	51	73	39	12
Rv3924c	2584	1510	1812	2528	1377	421	1251	1659	896	1239	624	907	319	84	179	167	72	62	343	178	169	234	100	59
Rvnr01	81965	64666	103379	198405	62224	28848	100341	275216	9897	5044	1469	8686	90449	10053	31066	25838	4485	11306	106304	24791	29800	34045	4451	10892
Rvnr02	239490	208948	341171	654549	204087	111215	364013	1148978	28998	20841	8597	31180	416607	80690	198100	204149	43460	132295	487395	204820	188867	273611	45682	132857
Rvnr03	8	5	10	24	8	6	3	26	0	3	1	1	7	1	1	2	0	1	4	2	1	2	0	1
Rvns01	542632	287337	375230	644145	359392	112335	559732	623152	239039	378904	155272	362624	182644	91378	171191	130479	120606	67699	244595	268556	185952	199293	145250	78365
Rvnt01	46	27	28	49	29	19	29	43	13	23	9	16	3	0	1	3	6	4	1	3	2	9	1	1
Rvnt02	273	177	252	288	187	70	245	244	142	188	87	158	148	64	122	90	101	75	137	173	124	125	107	71
Rvnt03	146	68	101	98	63	20	62	73	53	51	45	47	17	4	7	9	5	1	19	18	7	24	7	7
Rvnt04	55	31	31	49	32	8	35	31	21	22	9	19	7	2	3	3	5	3	10	8	3	5	6	4
Rvnt05	5	3	2	1	0	0	0	2	0	2	0	1	0	0	0	0	0	0	0	1	0	1	0	0
Rvnt06	43	20	34	32	12	6	17	16	11	16	7	8	4	0	2	3	2	0	8	1	2	8	2	0
Rvnt07	0	0	0	0	1	0	0	0	0	0	0	0	0	0	0	0	0	0	0	0	0	0	0	0
Rvnt08	4202	2419	3316	5152	2832	1010	3020	4070	2016	3017	1163	2508	649	321	585	413	387	264	749	757	534	615	419	289
Rvnt09	17	6	13	16	10	3	19	10	4	5	2	10	7	0	0	8	0	0	5	0	0	3	0	0
Rvnt10	3	1	7	4	7	0	6	4	0	8	1	3	1	0	0	0	0	0	1	0	0	0	0	0
Rvnt11	4	4	11	7	7	0	1	3	1	5	0	4	0	0	0	0	0	0	0	0	0	0	0	0
Rvnt12	0	0	0	0	0	0	0	0	0	0	0	0	0	0	0	0	0	0	0	0	0	0	0	0
Rvnt13	124	73	104	118	68	37	92	101	61	57	33	42	41	23	30	37	18	14	46	35	27	49	14	19
Rvnt14	44	27	33	45	30	14	22	24	13	20	14	15	9	0	0	11	0	2	9	1	4	3	1	0
Rvnt15	88	53	72	70	33	21	48	59	26	46	16	39	20	9	13	26	15	27	13	20	18	30	21	34
Rvnt16	4	3	2	11	1	0	0	2	2	7	1	2	0	0	0	0	0	0	0	0	0	0	0	0
Rvnt17	36	15	26	49	27	10	17	13	4	31	12	18	8	3	3	2	1	1	9	2	3	3	3	1
Rvnt18	107	62	104	143	117	38	93	177	72	114	37	76	118	58	72	116	105	117	196	185	106	180	163	136
Rvnt19	11	12	10	16	14	2	10	13	6	8	8	7	0	0	0	2	0	3	0	5	0	2	1	0
Rvnt20	0	1	1	2	2	0	2	1	1	0	1	0	0	0	0	0	0	0	0	0	0	1	0	0
Rvnt21	95	41	60	97	58	22	72	114	47	59	19	63	35	9	32	25	17	23	31	45	41	45	24	25
Rvnt22	45	25	36	40	19	10	23	28	16	23	11	20	9	6	5	7	3	4	11	11	8	8	6	6
Rvnt23	0	0	0	0	0	0	0	0	0	0	0	0	0	0	0	0	0	0	0	0	0	0	0	0
Rvnt24	99	61	61	153	63	19	63	90	38	52	23	55	62	24	29	20	19	20	60	66	16	37	30	22
Rvnt25	70	52	45	96	53	4	68	68	25	35	24	41	11	4	11	7	3	0	6	11	3	2	3	0
Rvnt26	150	72	104	187	105	27	72	109	30	48	22	72	26	2	2	11	1	1	23	4	5	11	1	2
Rvnt27	3	3	2	2	0	2	6	3	1	3	0	1	0	0	0	2	0	0	2	1	0	0	1	0
Rvnt28	10	8	9	12	6	4	7	8	5	6	4	2	0	0	0	4	0	3	1	3	1	1	1	2
Rvnt29	108	71	64	264	177	56	64	234	52	157	24	73	18	8	16	13	4	11	20	14	20	15	13	9
Rvnt30	99	54	58	109	40	20	43	39	23	38	22	50	13	1	4	2	0	0	9	3	3	4	1	0
Rvnt31	215	145	187	252	153	42	189	265	120	173	57	126	105	45	70	71	61	43	118	123	86	85	44	32
Rvnt32	77	26	48	52	22	6	15	20	38	41	12	18	2	0	2	1	2	0	2	1	0	0	4	0
Rvnt33	0	0	0	0	0	0	0	0	0	0	0	0	0	0	0	0	0	0	0	0	0	0	0	0
Rvnt34	0	0	0	0	0	0	0	0	0	0	0	0	0	0	0	0	0	0	0	0	0	0	0	0
Rvnt35	0	0	0	0	0	0	0	0	0	0	0	0	0	0	0	0	0	0	0	0	0	0	0	0
Rvnt36	1	1	0	1	1	0	0	0	3	2	0	1	0	0	0	0	0	0	0	0	0	0	0	0
Rvnt37	0	0	0	0	0	0	0	0	0	0	0	0	0	0	0	0	0	0	0	0	0	0	0	0
Rvnt38	2	0	2	0	1	0	5	2	5	2	0	4	0	0	0	0	0	0	0	0	0	1	0	0
Rvnt39	0	0	0	0	0	0	0	0	0	1	0	0	0	0	0	0	0	0	0	0	0	0	0	0
Rvnt40	253	174	207	314	181	77	202	355	100	184	74	167	110	57	105	98	102	58	143	174	116	161	92	92
Rvnt41	46	27	21	20	27	4	19	12	11	19	8	17	4	1	1	1	1	3	6	4	1	4	1	1
Rvnt42	31	9	20	24	12	2	19	20	16	11	8	10	9	0	3	4	0	4	13	2	8	7	0	1
Rvnt43	34	23	40	30	18	6	16	19	24	28	4	12	0	0	0	2	1	2	0	2	0	2	0	0
Rvnt44	37	13	20	8	5	6	12	5	5	8	8	2	2	0	3	2	0	0	4	0	0	0	0	1
Rvnt45	0	0	0	0	0	0	0	0	0	0	0	0	0	0	0	0	0	0	0	0	0	0	0	0
