Gene	AP800_S12	AP80_S13	AR200_S10	AR80_S11	AUNT_S15	AV80_S14	BP800_S18	BP80_S19	BR200_S16	BR80_S17	BUNT_S21	BV80_S20	CP800_S24	CP80_S25	CR200_S22	CR80_S23	CUNT_S27	CV80_S26	L1_S2	L2_S5	L3_S8	O1_S3	O2_S6	O3_S9	U1_S1	U2_S4	U3_S7	Untreat_R1_S28	Untreat_R2_S29	Untreat_R3_S30
Rv0001	3317	6896	3828	4626	3643	4649	2684	4616	3053	5001	4163	3418	2953	5157	4306	3748	3832	3543	2053	2250	3188	2543	3336	3513	6782	4409	5745	3039	7100	1850
Rv0002	1835	4560	2577	3079	2477	3026	1592	3402	2253	3592	2936	2390	1878	3426	3238	2757	2510	2317	1962	2069	2479	2458	2821	2838	4601	3329	4156	4582	10899	2656
Rv0003	1389	2888	1407	2353	1827	2203	1234	2388	1416	2598	2245	1857	1376	2795	2023	2167	2179	1875	819	833	1002	825	1133	1045	2750	2090	2466	2194	5496	1360
Rv0004	793	1276	700	989	874	1102	742	1083	832	1349	1114	852	775	1143	1039	1124	994	901	442	369	428	364	498	480	1001	1049	951	1269	2970	764
Rv0005	25178	26686	13405	19304	16070	21556	19904	22181	12228	21982	20176	17812	22454	25678	18920	19953	18790	18264	12595	12683	18476	13166	17054	17557	26683	21600	28820	26126	62022	15736
Rv0006	24972	31395	14162	19051	19370	26063	20385	26866	14288	25825	24436	21192	23844	28098	17681	21836	21003	21504	9487	8878	11056	9179	12759	13559	24545	24539	25768	34938	83172	20982
Rv0007	5530	6658	2550	3559	3985	5336	3969	6056	2683	5506	5405	4262	4888	5608	2580	4264	3967	4027	1194	1035	1278	1175	1607	1793	3411	4126	3602	5637	14617	3538
Rv0008c	287	516	285	265	294	310	220	389	306	410	358	236	235	345	272	263	280	208	258	226	202	200	205	242	348	367	295	527	1339	328
Rv0009	2414	8611	8652	7839	5444	5720	2024	7053	6895	8420	6378	4384	2362	6453	9747	6917	5255	4314	4604	4366	5908	3368	4706	5096	9150	8247	9544	7334	17140	4554
Rv0010c	1292	3331	2865	2865	2170	2323	1148	2643	2551	3554	2663	1896	1316	2995	3665	2867	2399	1829	1567	1482	1946	1162	1674	1699	3302	2987	3193	1717	3987	964
Rv0011c	646	1563	957	1026	811	1031	637	1058	793	1353	938	760	540	1257	1156	973	872	808	730	786	1285	617	896	862	1446	977	1281	667	1555	418
Rv0012	1361	2449	1575	1544	1365	1617	1046	1968	1321	1983	1725	1326	1246	1803	1586	1523	1284	1101	2311	1801	2159	1314	1392	1628	2007	2057	1865	3155	7615	1966
Rv0013	1483	2859	1380	1941	1552	1988	1205	2278	1241	2169	1938	1548	1463	2295	1637	1815	1746	1536	1059	1017	1302	1005	1198	1302	2311	1955	2062	1900	4788	1193
Rv0014c	3168	7298	3499	4421	4061	4984	2640	5835	3157	5317	5169	4041	3282	5862	4149	4741	4350	4132	2959	2774	3647	1924	2915	2695	6071	5302	6191	5125	11751	3273
Rv0015c	4013	7686	3590	3764	4796	5770	3089	6944	3641	5581	6036	4452	3647	6055	3874	4554	4189	4081	2685	1998	2435	1404	1941	2056	3820	5180	4148	5969	15456	3788
Rv0016c	3353	5676	3213	3694	3582	4371	2774	4782	3115	4593	4688	3525	3301	4962	3659	3822	3841	3504	2838	2604	3170	2032	2615	2682	4608	4544	4566	4865	11540	3012
Rv0017c	2083	3609	2244	2314	2227	2807	1844	2990	1984	3022	2881	2270	2205	3094	2865	2540	2488	2243	2256	1957	3242	1365	2026	1966	3913	3134	4065	3383	7751	2065
Rv0018c	3971	5976	3588	3575	3834	4537	3188	5072	3322	4933	5007	3689	3878	4898	3930	3916	3895	3485	3687	3081	3693	2405	2812	3059	4972	5129	4861	8615	20242	5045
Rv0019c	1780	2720	1402	1600	1633	1958	1483	2156	1375	2075	2046	1458	1619	2296	1710	1576	1627	1486	1778	1565	1676	1133	1368	1330	2335	2348	2297	3574	8625	2030
Rv0020c	13231	17695	10089	9096	11504	13577	9535	17132	9788	13003	14125	10122	12105	15377	10427	10273	11234	10507	13775	11023	13386	9200	9511	11427	14065	15381	14603	19426	47713	11735
Rv0021c	1307	1545	875	928	882	1041	1328	1110	808	1228	1150	863	1217	1092	1035	933	815	790	742	690	778	612	668	667	1245	1131	1028	1986	4873	1240
Rv0022c	491	49	22	13	23	30	613	31	19	22	30	21	382	38	8	11	24	20	31	16	22	21	30	27	34	35	18	54	127	50
Rv0023	936	856	494	378	556	603	889	683	555	648	672	488	832	616	569	486	475	445	816	591	622	527	501	477	779	748	728	1218	3006	690
Rv0024	1263	1097	739	515	624	730	1027	907	692	790	861	616	1151	849	725	593	631	540	1016	800	820	644	593	775	805	836	785	1169	2948	666
Rv0025	540	668	429	325	384	458	460	566	408	515	503	385	526	509	477	351	369	345	663	553	629	470	434	481	588	601	580	734	1694	423
Rv0026	962	1696	794	1046	935	1193	734	1369	701	1242	1216	957	1023	1571	937	1058	1069	1019	888	829	1118	747	777	825	1357	1140	1295	1296	3107	729
Rv0027	418	305	210	194	205	240	311	241	160	244	256	181	316	240	218	147	202	195	343	288	348	319	311	353	254	243	251	332	734	189
Rv0028	399	360	213	240	199	291	322	265	198	274	273	239	399	302	269	240	245	249	370	340	504	329	328	393	303	271	295	330	831	198
Rv0029	1244	1809	1053	1196	1159	1453	1090	1364	909	1454	1347	1138	1230	1332	1058	1142	1030	1018	939	815	772	844	756	855	1542	1315	1284	1906	4740	1129
Rv0030	197	463	208	313	236	334	169	319	196	348	295	235	204	308	215	286	263	222	199	215	226	185	188	218	404	322	323	686	1618	424
Rv0032	506	1036	458	673	634	705	459	811	494	868	823	539	453	698	556	683	633	541	407	353	423	414	523	553	999	835	823	938	2376	706
Rv0033	33	135	43	72	87	80	19	85	55	73	78	45	35	87	55	72	74	64	35	27	50	33	53	35	119	90	99	88	220	59
Rv0034	44	130	49	87	92	100	37	122	70	116	100	77	54	106	84	108	73	70	55	41	62	48	61	68	155	135	118	143	368	81
Rv0035	797	1849	836	1160	1030	1305	638	1480	798	1481	1418	1022	826	1740	1086	1234	1215	1056	590	507	691	510	692	707	1569	1397	1509	1319	3153	897
Rv0036c	1821	2745	1884	1649	1743	2122	1429	2282	1844	2532	2302	1610	1650	1974	1909	1741	1599	1502	1425	1138	1331	1055	1052	1475	1890	2302	1729	3538	8742	2155
Rv0037c	2402	2844	2087	1742	1854	2346	2044	2417	2142	2546	2251	1934	2361	1966	2185	1882	1678	1594	1934	1508	1666	1326	1233	1600	1941	2173	1785	3395	8656	2236
Rv0038	2408	3043	1739	2062	2017	2577	2037	2668	1906	2793	2544	2265	2233	2537	2373	2287	2046	2081	2559	2174	2319	1849	1641	1939	2415	2423	2297	2946	7255	1859
Rv0039c	1165	2172	859	964	1309	1454	837	1918	1014	1522	1738	1130	1012	1453	912	1034	1074	844	689	489	517	730	620	937	997	1562	948	1719	4488	1067
Rv0040c	1804	8381	749	2248	4112	3928	989	7149	556	3280	5178	2972	1373	5476	551	2365	3230	2777	1484	1222	1216	835	1777	902	5370	6863	5379	9594	24272	5905
Rv0041	3977	6055	2827	3946	3408	4397	3099	4751	2673	4707	4285	3508	3690	4834	3300	3836	3552	3427	3049	2808	3443	2653	2927	2914	5795	5039	5532	7424	17639	4522
Rv0042c	1265	3655	1427	2144	1962	2430	1038	2585	1219	2454	2383	1886	1174	2595	1270	1881	1819	1733	929	846	1035	971	1332	1297	2450	2289	2471	2163	5002	1297
Rv0043c	943	1584	773	1006	988	1150	910	1297	758	1247	1219	980	1051	1238	950	966	969	992	993	837	1169	922	1059	1239	1238	1073	1238	969	2328	611
Rv0044c	848	1050	561	598	588	726	619	874	585	856	791	614	723	776	679	638	616	562	539	456	618	571	589	797	698	869	794	777	1941	518
Rv0045c	1295	1695	1308	878	863	1234	1121	1344	1170	1305	1242	840	1283	1347	1323	919	999	882	1501	1348	1629	879	906	1203	1358	1451	1230	6742	16861	4292
Rv0046c	10200	12458	11236	9376	7627	10112	8636	9975	9558	10678	9918	7936	10582	10550	12829	8928	8492	8171	17496	15721	20000	12577	11819	15885	12393	11199	11577	39965	94733	25038
Rv0047c	1356	1415	1701	861	708	1077	1195	1065	1206	1070	1002	869	1331	1255	1385	835	896	846	5668	4856	5243	2226	2023	2319	1822	1694	1626	11766	28182	7101
Rv0048c	1396	1872	1086	1117	1116	1531	1161	1413	1003	1433	1442	1197	1336	1521	1192	1100	1200	1134	1914	1545	1957	1235	1144	1453	1481	1474	1342	3340	8450	2038
Rv0049	2816	2761	2033	1671	1601	2122	2133	2290	1810	2148	2039	1643	2425	1835	1888	1659	1364	1429	3592	2797	2779	2422	1822	2331	1855	2135	1766	4896	12021	2968
Rv0050	10058	11819	5841	7106	7226	10058	7770	11248	5942	9207	8974	7801	9235	11374	7293	7790	8200	8253	8788	7919	9996	5603	5864	7270	9354	9010	9824	8371	20176	4967
Rv0051	3471	4279	2358	2606	2688	3586	2748	3693	2581	3612	3449	2882	3331	3833	3067	2893	2927	2860	2693	2264	2804	1563	1877	1972	3372	3199	3139	2457	6034	1492
Rv0052	555	658	401	393	415	561	455	566	391	622	527	447	555	586	460	528	449	417	433	362	443	254	275	334	520	459	474	516	1343	350
Rv0053	994	2383	497	1172	787	955	824	1722	424	1150	900	725	898	1494	556	926	732	668	293	296	342	324	412	346	1138	998	1054	3413	7809	1959
Rv0054	1736	3985	976	1769	1493	1804	1501	3018	907	2124	1742	1377	1579	2616	1118	1651	1388	1193	928	730	855	928	1029	1023	1917	2034	1952	4291	10500	2653
Rv0055	977	2377	724	1160	898	1162	844	1767	620	1425	1074	897	756	1508	722	1048	847	817	425	399	429	512	750	604	1360	1287	1400	2406	5644	1512
Rv0056	2200	5427	1295	2584	2197	2632	1848	4024	1398	3284	2557	2199	2059	3948	1855	2510	2239	2108	850	834	1006	1150	1560	1197	3064	2768	3141	5705	13241	3370
Rv0057	971	3435	468	1592	1361	1781	753	2626	446	1815	1688	1406	903	2834	636	1638	1479	1466	254	247	305	247	546	318	1745	1464	1580	1920	4726	1176
Rv0058	5697	17347	2295	10637	9704	11670	4706	14511	2680	13806	12121	9445	5404	14713	3373	11218	10379	9385	2713	2393	2628	2822	3691	2435	10858	9912	10019	9520	22927	5884
Rv0059	895	2274	402	1687	1261	1592	646	1965	406	1967	1666	1298	810	2323	567	1741	1668	1527	276	274	348	289	552	305	1811	1556	1837	946	2123	553
Rv0060	3433	5956	2426	4232	3163	4220	2759	4510	2147	4766	4026	3356	3017	5331	3090	4012	3694	3572	3398	3261	4289	2867	3230	3075	5110	3761	4983	4596	10984	2744
Rv0061c	3426	5192	4357	4455	3389	4314	3117	3826	3967	5219	3801	3240	3300	3697	5321	3913	3102	2961	2664	2833	3520	2526	3459	3676	5717	4404	5174	6242	15242	3843
Rv0062	1863	4451	1756	2355	2074	2928	1510	3849	1765	3817	2486	2149	2007	2698	1444	2569	1527	1935	809	651	669	1004	1070	1633	1504	1931	1328	6152	15728	3790
Rv0063	1025	2834	374	1066	1360	1873	746	2421	344	1603	1717	1406	874	2158	425	1243	1193	1336	573	469	459	506	628	572	1382	1608	1301	1798	4545	1245
Rv0064	5526	4616	2637	2732	2491	3890	4632	3661	2519	3407	3196	3153	5496	3845	3166	2816	2676	3117	13606	11444	14419	7143	5462	6698	3962	3472	4269	4070	9739	2494
Rv0064A	315	275	157	141	137	228	250	222	128	210	155	167	272	247	184	168	176	175	525	444	453	310	243	300	226	153	196	234	541	107
Rv0065	631	606	485	448	417	512	591	518	447	562	553	427	593	544	592	473	452	438	773	687	856	534	519	565	604	538	532	655	1656	439
Rv0066c	3845	4113	3556	2741	2662	3183	3492	3618	2889	3311	3390	2639	3911	3208	4159	2671	2726	2621	4372	4081	5386	4374	4715	5265	5050	4080	5187	6977	16110	4383
Rv0067c	565	283	325	173	146	185	531	198	307	169	161	155	587	189	347	176	157	118	312	277	301	527	440	602	228	255	269	479	1176	266
Rv0068	3661	411	388	231	219	237	4052	334	270	268	267	205	4004	337	365	217	234	221	127	106	149	992	695	1301	208	223	192	489	1245	364
Rv0069c	1676	2227	721	1438	1200	1480	1822	1862	751	1886	1646	1172	1815	2075	811	1515	1442	1224	156	151	186	495	623	629	1170	1157	1130	776	1886	463
Rv0070c	428	982	306	573	517	672	334	882	331	789	695	497	424	953	376	702	624	532	89	71	99	109	232	188	610	613	557	398	988	267
Rv0071	267	387	174	254	218	315	163	323	191	332	293	259	207	299	239	230	195	214	153	154	127	118	141	123	277	284	259	584	1363	331
Rv0072	2425	4956	2047	3395	2915	3702	1872	3839	1989	4030	3552	2934	2104	4225	2837	3251	3107	2785	734	791	979	1000	1685	1372	4916	3775	4408	5048	11878	3002
Rv0073	2765	5465	2351	3652	3335	4309	2200	4404	2412	4694	4338	3523	2673	4702	3262	3899	3654	3361	696	696	891	980	1729	1428	5055	4408	4746	5616	13410	3466
Rv0074	2143	3769	1584	2450	2474	3270	1706	3317	1761	3548	3376	2703	2065	3739	1944	2865	2801	2566	390	364	428	448	855	776	2302	2858	2497	2672	6645	1645
Rv0075	2142	3569	1581	2177	1956	2679	1752	2996	1621	2891	2682	2245	2125	3303	2201	2468	2275	2210	2111	1956	3069	1622	1876	2426	2603	2495	2715	2221	5185	1351
Rv0076c	1428	1776	1137	865	754	1033	1250	1333	1069	1045	963	833	1240	1358	1218	851	736	790	7796	5458	7980	5023	3960	5687	988	825	841	892	2025	556
Rv0077c	11017	6978	10567	2190	172	257	9740	6023	8871	2903	214	203	10544	4713	9561	1923	157	170	74854	59857	71165	50129	37796	59279	244	261	271	799	1875	491
Rv0078	619	649	530	354	192	256	545	540	494	484	246	201	546	442	566	360	169	199	1403	992	1224	903	668	1021	282	324	247	375	885	217
Rv0078A	2708	2213	1617	1461	1200	1682	2066	1786	1454	1667	1525	1455	2477	1945	2148	1347	1288	1439	4496	3893	5110	3436	2837	3316	2228	1717	2192	1891	4575	1173
Rv0078B	1376	1098	852	743	642	918	1115	953	666	897	899	854	1250	866	1122	820	708	879	1739	1793	2097	1677	1354	1494	1221	938	1219	1554	3409	861
Rv0079	769	2259	1690	1915	2594	2336	844	2912	3854	4614	4025	3102	1051	1434	4362	4177	1973	2315	1817	1621	2583	1484	1686	2272	1091	1785	1545	1769	4315	1065
Rv0080	375	432	285	291	539	376	359	756	801	945	888	645	392	329	783	849	427	530	547	380	618	622	562	984	282	355	330	1222	2789	766
Rv0081	151	478	113	336	335	366	126	518	167	559	418	310	134	359	178	357	295	295	85	58	101	120	135	182	231	204	212	98	298	82
Rv0082	224	662	206	455	475	517	200	628	238	780	669	437	241	423	214	470	403	362	151	119	115	180	152	223	201	272	169	292	767	211
Rv0083	659	1593	615	949	1141	1225	543	1526	640	1569	1459	1011	622	921	636	1019	757	723	499	402	404	501	455	595	620	748	516	1371	3365	890
Rv0084	940	1579	804	1047	1052	1268	840	1462	863	1596	1314	1058	998	984	895	1083	758	703	999	779	822	957	738	990	764	911	718	2093	5238	1339
Rv0085	238	431	173	262	328	410	167	510	246	490	460	320	248	375	175	290	268	271	216	142	171	175	168	257	200	274	166	356	836	226
Rv0086	772	1593	623	935	990	1387	657	1406	758	1440	1378	977	735	1144	739	992	878	914	469	427	449	510	539	640	844	911	719	1479	3573	941
Rv0087	389	766	365	532	486	615	348	755	383	728	695	511	416	633	403	550	518	460	332	270	366	298	359	366	425	526	471	453	1220	355
Rv0088	1120	2188	782	1420	1278	1532	942	1884	766	1750	1627	1218	1052	1726	1008	1303	1288	1122	1297	1244	1544	854	1116	1100	1941	1701	2058	1680	3949	1009
Rv0089	283	499	195	307	296	367	282	442	189	393	387	285	272	400	246	305	263	266	333	309	395	232	229	266	372	386	380	694	1589	465
Rv0090	139	145	96	83	99	132	104	133	69	141	128	96	110	136	101	105	115	75	106	106	124	137	106	126	108	113	71	232	530	162
Rv0091	277	418	195	318	245	300	216	331	162	350	291	218	321	256	207	260	212	209	345	285	307	252	212	251	341	332	323	911	2111	563
Rv0092	2470	2413	1518	1430	1480	2244	1879	2347	1559	2251	1943	1689	2306	2005	1703	1634	1388	1674	2406	1936	2002	1712	1454	1807	1673	1926	1538	3352	8264	2120
Rv0093c	569	705	640	448	416	595	488	601	556	696	568	479	583	581	556	468	389	418	960	796	815	669	553	712	634	607	493	930	2393	621
Rv0094c	636	563	304	450	405	514	500	542	341	605	570	442	577	533	437	486	426	367	440	389	480	414	429	486	441	419	406	461	1087	331
Rv0095c	121	165	97	97	103	108	103	151	87	104	110	104	137	122	114	106	96	98	142	128	133	110	112	113	146	116	134	214	564	142
Rv0096	304	107	126	68	52	73	327	87	111	82	70	56	335	96	116	64	60	57	411	338	349	1010	664	872	99	66	79	85	221	93
Rv0097	1290	528	549	305	264	316	1644	405	467	391	287	284	1446	424	582	286	276	286	963	906	997	2044	1890	2481	531	391	427	313	842	251
Rv0098	674	298	258	162	139	199	764	228	217	223	176	155	732	296	277	178	172	164	373	371	455	938	868	1180	231	187	247	211	500	137
Rv0099	3168	1054	1138	741	611	806	3645	920	1095	945	774	662	3904	1053	1488	733	679	690	1274	1232	1518	2859	2492	3795	909	736	779	710	1732	521
Rv0100	653	282	212	166	136	189	721	233	161	207	174	137	729	244	245	163	131	149	302	251	286	453	332	481	205	151	172	334	841	205
Rv0101	10938	6971	4349	4112	4070	5595	10918	6005	4543	5692	5307	4382	12023	5867	5011	4351	4199	4291	3639	3364	3987	4683	4516	6282	4952	4425	4323	7175	17123	4461
Rv0102	3199	3902	1724	2317	2506	3266	2679	3357	1723	3381	3318	2688	3000	3305	1914	2627	2536	2527	2016	1778	1946	1714	1812	1859	3183	3200	3036	4798	11382	2880
Rv0103c	5209	4957	3331	3236	3229	4279	4926	4023	3200	4452	4061	3327	5451	3858	3558	3384	2989	3016	4897	4027	4329	5634	4593	5651	4129	4191	3715	7195	17501	4299
Rv0104	941	977	551	619	565	773	781	776	546	708	718	639	914	755	691	600	540	590	818	748	696	706	579	650	860	679	678	1501	3262	905
Rv0105c	72	15	8	11	6	9	59	9	2	12	7	4	60	5	6	4	4	1	10	5	4	7	4	7	12	6	7	15	39	20
Rv0106	15926	527	138	237	232	314	11386	485	145	354	331	295	12268	462	154	238	245	254	121	106	110	801	566	946	278	246	227	584	1341	378
Rv0107c	8756	8614	4269	4346	5022	6237	6783	8892	4381	6591	6936	4819	7887	7500	4508	5001	5004	4775	2364	2084	2345	2487	2890	3737	4384	5066	4102	6808	17181	4295
Rv0108c	2119	5775	3719	3226	2906	3498	1968	4449	3206	3581	3495	2889	2341	4244	4232	3062	2812	2768	3237	3538	3825	3641	3974	4599	4555	3472	4385	3215	7338	1911
Rv0109	421	341	290	252	241	288	268	434	331	390	311	259	380	299	351	268	203	257	318	279	309	356	305	401	289	300	258	486	1324	332
Rv0110	475	1064	483	603	532	726	336	859	454	703	712	519	404	758	566	628	572	539	449	404	476	385	494	419	817	669	763	866	1986	535
Rv0111	648	2616	332	1181	1239	1478	484	2229	383	1800	1609	1137	526	1967	442	1335	1248	1116	276	243	281	255	543	363	1625	1590	1353	1654	4121	1095
Rv0112	1408	2392	1077	1533	970	1721	1098	1612	889	1779	1145	1242	1011	1666	1066	1230	920	1097	672	649	852	963	1276	1277	1873	1305	1629	690	1669	495
Rv0113	1288	2059	1014	1384	978	1545	1120	1500	861	1546	1129	1250	1191	1521	1159	1212	989	1097	502	603	659	755	941	1017	1583	1084	1445	571	1331	379
Rv0114	954	1105	495	853	567	939	789	853	457	924	656	762	910	882	692	744	524	739	254	288	330	417	489	554	687	552	622	294	597	176
Rv0115	1080	1079	521	921	602	1022	870	973	596	1103	783	796	982	822	779	873	598	691	410	411	538	442	563	570	819	709	779	426	1003	276
Rv0116c	2221	1134	961	741	635	894	1683	906	798	908	767	750	1893	871	968	710	619	675	3837	3483	3935	2807	2233	2312	1369	1048	1321	3044	7256	1785
Rv0117	367	603	544	478	313	404	297	484	503	596	403	318	385	563	673	461	302	318	385	368	378	500	378	472	451	364	442	865	2122	528
Rv0118c	516	1913	1868	1318	914	1365	386	1956	2302	2325	1295	1149	529	1897	2322	1840	1002	1182	370	355	473	654	725	964	743	874	835	2044	4748	1307
Rv0119	412	1869	1514	1220	805	1156	361	1635	1581	1773	1054	883	412	1412	1557	1270	710	740	343	304	337	416	461	645	746	846	668	1728	4421	1109
Rv0120c	1296	2510	1160	1278	1490	2003	1039	2287	1197	1897	1876	1551	1202	2116	1350	1389	1449	1555	1172	980	1185	1119	1131	1452	1555	1671	1551	2385	6177	1467
Rv0121c	121	254	122	120	141	156	108	177	65	166	174	133	105	147	94	116	101	135	229	142	181	118	116	107	183	159	164	330	777	181
Rv0122	142	173	94	101	80	126	129	126	75	122	90	90	138	95	120	88	80	76	290	271	298	262	181	211	140	114	128	359	902	229
Rv0123	321	370	213	220	204	296	253	317	198	291	250	236	279	286	258	206	189	219	447	371	446	339	305	343	281	249	247	403	908	258
Rv0124	279	257	236	154	207	245	205	298	243	279	222	153	240	193	219	193	159	146	119	102	123	92	83	143	142	179	110	292	765	181
Rv0125	5683	5671	2576	2815	3131	4379	4443	5146	2693	4283	4151	3430	5081	4123	2620	3120	2875	3181	2734	2108	2608	2485	2320	2923	3228	3695	3015	8896	21897	5290
Rv0126	2477	3165	1661	1773	1680	2411	1943	2601	1490	2328	2248	1956	2396	2994	1971	2197	1993	2037	2053	1768	2280	1700	1761	2037	2655	2295	2592	3209	7920	1957
Rv0127	2580	3627	2070	2225	2029	2698	2149	2985	2021	2897	2712	2308	2508	3230	2346	2368	2210	2213	1987	1694	1941	1692	1596	2005	2536	2539	2431	3144	7556	1915
Rv0128	655	1406	456	833	685	949	537	1072	416	1030	846	695	644	1042	529	738	660	609	491	408	480	491	536	519	1005	933	945	1185	2839	718
Rv0129c	5947	16320	1385	6273	7517	8971	3148	13361	1068	8391	8666	6919	3950	10406	1121	6123	6069	5841	8083	6440	6965	4547	5548	4430	11952	13127	13047	14680	35477	9074
Rv0130	246	463	144	227	224	281	184	328	127	304	278	216	205	275	139	253	180	192	237	195	171	158	193	176	387	328	273	711	1778	516
Rv0131c	1181	1005	567	561	512	746	1073	738	478	729	673	642	1069	684	615	594	485	506	1078	960	974	838	753	821	779	757	716	1457	3431	867
Rv0132c	761	564	413	390	319	532	628	464	412	502	417	440	722	395	492	354	293	352	964	825	891	891	719	856	522	471	464	986	2312	606
Rv0133	1704	2230	1196	1294	1359	1578	1323	1813	1124	1699	1731	1323	1625	1586	1252	1329	1258	1213	1205	1005	996	1064	1113	1135	1419	1580	1404	3303	8352	2089
Rv0134	2734	3867	2338	2336	2388	2824	2245	3224	2461	3198	3213	2378	2604	3216	2927	2589	2453	2046	3886	3346	3152	2439	2136	2193	3295	3215	2643	4164	10453	2632
Rv0135c	2559	1977	1127	1292	1014	1332	2377	1623	946	1556	1360	1016	2565	1653	1183	1229	1151	1103	2944	2494	2931	1916	1554	1869	1759	1537	1548	3131	7499	1838
Rv0136	1493	652	418	368	363	473	1539	516	402	516	462	360	1465	492	473	332	347	357	1217	1064	1103	1011	760	1062	521	517	425	1002	2414	594
Rv0137c	1587	1257	815	708	646	909	1241	921	566	925	857	765	1430	968	822	747	656	720	1828	1512	1887	1641	1360	1736	1089	921	1066	1560	3580	894
Rv0138	277	725	287	468	390	448	224	587	233	550	517	379	281	630	307	413	438	360	256	261	312	309	385	375	558	485	546	610	1448	371
Rv0139	906	2301	1018	1540	1371	1680	791	1855	998	2030	2000	1401	946	1923	1249	1603	1494	1280	641	551	599	583	794	893	1559	1662	1458	1734	4315	1046
Rv0140	10034	1271	1972	920	664	915	9459	978	1354	969	875	799	9644	1130	1807	789	774	727	8727	7807	9840	7264	4837	5679	1230	929	1151	1190	2885	706
Rv0141c	8543	2265	2522	1490	1340	1679	7895	1785	2023	1651	1565	1413	8039	1758	2798	1354	1322	1208	8003	7660	9784	7300	4810	5850	2074	1449	1974	2937	6727	1793
Rv0142	2402	1274	1353	616	846	1072	2124	1241	1355	989	1151	902	2125	1147	1164	777	791	786	1284	860	996	944	663	1140	415	697	433	475	1277	305
Rv0143c	2323	3816	2056	2120	2388	3027	1872	3311	2122	3253	3042	2288	2306	2939	2285	2421	2295	2136	2399	2050	2077	2144	1924	2307	2586	2846	2358	4344	10652	2659
Rv0144	2649	6269	3259	3889	3331	4935	2018	4918	2986	4620	4605	3913	2618	5861	4262	3941	4134	4078	2425	2487	3562	2746	3240	3851	4519	3749	4809	2890	6613	1746
Rv0145	8588	10931	5592	5996	7016	9949	7378	8865	5149	8451	9403	8110	7872	7932	6029	6384	6348	6732	13360	11028	12206	8256	7430	10003	7128	7971	6850	16878	41214	10440
Rv0146	4150	2249	2335	1596	1637	2045	3375	1918	1846	2137	2068	1583	3735	1879	2408	1871	1622	1456	6862	6362	7140	4694	4009	5858	2496	2663	2409	7455	18535	4589
Rv0147	7160	5000	4860	3536	3388	4271	6068	4433	4115	4560	4411	3587	6851	4139	5325	3866	3646	3362	9509	8799	10490	7346	6268	8888	5122	5218	5518	11077	26629	6789
Rv0148	4710	3941	3282	2760	2610	3337	3542	3104	2904	3298	3190	2512	4183	3403	3659	2695	2789	2526	4549	4082	5156	3611	3249	4862	3891	3713	3597	5519	13205	3286
Rv0149	3751	3644	2578	2611	2461	3335	3130	3039	2640	3378	3236	2903	3559	3399	3448	2823	2893	2740	3354	3086	3658	2689	2393	3069	3495	3008	3223	3729	9185	2289
Rv0150c	270	232	182	202	172	228	202	216	155	246	223	184	264	242	233	190	179	172	220	194	251	172	165	183	212	208	181	415	969	235
Rv0151c	625	1170	525	685	604	805	564	848	470	811	807	661	652	978	671	688	669	678	366	343	452	384	492	458	838	712	825	670	1588	460
Rv0152c	462	662	287	425	383	455	374	557	298	534	472	369	396	548	384	424	404	409	216	199	224	224	278	275	532	442	489	614	1422	400
Rv0153c	2119	1759	929	913	1042	1469	1682	1484	931	1302	1350	1156	1920	1321	947	1016	1003	1142	908	718	871	911	1007	1344	1163	1322	1192	1946	4593	1225
Rv0154c	2874	2639	1572	1381	1518	2025	2192	2261	1437	1972	1922	1575	2533	2026	1439	1539	1448	1551	1529	1272	1373	1647	1666	2033	1657	2047	1854	3528	8495	2265
Rv0155	690	2852	671	1143	1297	1326	483	2134	651	1459	1616	1018	557	1799	685	1006	1108	862	299	270	259	344	596	418	1927	1853	1606	3153	7470	1966
Rv0156	439	1919	430	803	900	910	342	1382	428	895	1016	757	419	1305	580	765	867	716	231	236	273	272	491	379	1422	1114	1502	1648	3836	1006
Rv0157	2739	8549	2203	3902	4657	5333	2213	7019	2525	5435	5918	4064	2617	6461	2674	4237	4357	3651	1015	909	974	1122	1817	1304	5696	5795	4825	9167	22674	5878
Rv0157A	405	666	425	327	371	413	396	445	356	391	399	302	410	414	420	317	276	272	399	354	339	394	377	388	601	453	484	721	1783	390
Rv0158	394	933	281	373	322	492	325	666	223	434	463	398	359	734	257	341	381	342	774	687	698	568	532	563	624	459	538	1624	3848	1000
Rv0159c	833	1759	576	869	787	1041	696	1349	468	1105	1044	861	783	1378	707	859	864	861	658	655	839	692	761	752	1329	908	1171	1112	2756	694
Rv0160c	149	155	93	109	80	123	123	121	89	155	111	80	129	121	110	88	90	82	114	95	136	116	98	108	129	124	103	278	649	212
Rv0161	492	632	233	327	436	525	348	597	275	493	540	397	442	465	250	404	344	359	152	138	145	198	185	206	369	417	316	758	1930	469
Rv0162c	433	662	434	447	486	529	354	619	463	662	559	404	434	513	432	490	418	387	257	190	239	228	221	369	390	433	374	626	1683	435
Rv0163	241	617	333	395	351	376	207	458	290	413	345	306	199	485	337	288	344	286	316	293	326	287	296	283	525	426	462	605	1451	378
Rv0164	2010	5460	3414	3830	2908	3067	1581	4312	2632	4045	3343	2363	1984	4057	3568	3173	2770	2259	1555	1638	1772	1744	2308	2154	5550	4117	5030	5898	13678	3489
Rv0165c	934	2858	1277	1626	1432	1772	803	2181	1112	1938	1830	1301	878	2309	1372	1460	1434	1250	556	459	570	581	849	832	1887	1641	1718	1613	3873	1004
Rv0166	1523	11913	1636	4235	5277	7688	1332	9791	1861	5286	7049	6244	1586	10006	2164	4161	5629	5957	579	626	715	734	1485	1321	3931	3452	3744	1243	3034	849
Rv0167	1293	11528	1278	3923	4781	6841	1028	9253	1538	5550	6256	5469	1139	8621	1442	3925	4435	4924	735	647	696	612	1086	783	3541	3403	3124	2464	6027	1545
Rv0168	764	5982	614	2107	2466	3434	561	4822	790	3065	3313	2748	670	4405	669	2083	2304	2471	518	504	477	359	713	511	2204	2124	1929	1789	4393	1150
Rv0169	1635	15911	1927	6820	6946	9387	1264	12263	2086	8735	9038	7638	1621	12304	2452	6283	6952	7303	1279	1263	1431	962	2002	1345	7115	5591	6300	3642	8637	2185
Rv0170	1629	13476	1503	5864	5777	8029	1311	10329	1822	7455	7495	6466	1548	11833	2064	5368	6638	6629	1186	1145	1421	940	1920	1271	6439	5049	6005	2751	6634	1722
Rv0171	2617	17083	2712	6229	7854	10741	2045	14510	3058	8964	9705	8539	2475	14498	2926	6507	8255	8932	1725	1561	1658	1440	2153	1877	6375	6011	5740	5101	13016	3024
Rv0172	2613	15960	2728	6560	7509	10441	2086	14176	2956	9063	10132	8576	2653	15460	3268	7289	9114	9468	1465	1535	1774	1371	2528	1960	6953	6526	7051	3191	7654	1860
Rv0173	1515	11332	1741	4687	5399	7613	1319	9767	1977	6920	7681	6504	1519	11088	2147	5333	6434	6801	977	906	1171	743	1619	1183	4677	4354	4789	2022	4714	1200
Rv0174	6327	29797	7551	15346	15574	20855	5300	25392	8071	19356	20871	17727	6437	26495	9797	15812	17370	17760	4369	4184	5304	3905	5932	4937	15409	13313	15250	8481	20563	4921
Rv0175	5312	11731	5641	7134	7715	10351	4702	10816	6446	10745	9821	8365	5310	10299	7358	8319	7539	7705	3511	3019	3220	2774	2974	3401	6869	7293	6354	9382	23046	5591
Rv0176	3571	7868	3125	4633	4922	6918	2927	7204	3528	6953	6496	5665	3540	7507	3543	5640	5390	5519	1773	1610	1865	1443	2061	2047	4530	5123	4638	4484	10764	2877
Rv0177	4782	10491	5211	6931	6209	8211	4019	8498	4887	9142	7517	6438	4609	9181	6666	7282	6750	6553	3116	3298	4309	2482	3838	3628	8642	7050	8685	4911	11743	2966
Rv0178	5141	10411	5629	6756	6221	8138	4505	8625	5544	9186	7955	6532	5075	8915	7029	6974	6541	6610	3928	3626	4532	2939	4156	4279	8235	7945	8023	6161	14768	3777
Rv0179c	3894	10489	1322	4020	4640	5117	2675	7442	1039	5362	5735	4037	3177	7474	1216	3788	4510	3845	4241	3764	3995	2394	3810	2247	10260	9489	9192	11853	28683	6921
Rv0180c	2480	2874	1272	1758	1529	2249	2079	2414	1178	2095	1879	1735	2232	2208	1374	1655	1563	1599	1804	1567	1926	1577	1510	1623	2461	2176	2298	3615	8746	2224
Rv0181c	1141	1097	549	607	618	991	856	899	522	789	844	756	1006	1044	648	666	715	848	1171	1097	1155	925	848	921	1013	800	1032	853	2180	529
Rv0182c	2017	1945	1160	1091	1178	1698	1614	1753	1083	1429	1516	1321	1756	1693	1226	1205	1159	1255	2440	1849	2136	1791	1494	1846	1593	1629	1459	3073	7299	1862
Rv0183	1170	2747	1009	1548	1461	1671	839	2184	894	1948	1843	1309	983	1920	961	1543	1338	1202	791	654	643	710	899	839	1985	2109	1829	3204	7583	1925
Rv0184	1336	2554	639	1097	1260	1623	855	2450	724	1635	1650	1213	1081	2160	652	1295	1259	1230	578	484	566	618	784	765	1393	1799	1424	2463	5933	1567
Rv0185	868	1483	358	647	879	1120	597	1507	438	999	1077	774	776	1334	511	784	772	826	278	222	248	333	422	422	794	1026	859	1511	3690	901
Rv0186	33035	6657	6431	3757	3859	5231	22753	6548	6034	5745	5076	4044	26908	5871	5847	4478	3836	4127	16152	11924	15953	17766	12666	22513	4334	4942	4284	7289	18001	4504
Rv0186A	29116	1299	5874	1074	768	1113	20118	1000	4547	1567	1032	837	24217	911	5199	1156	761	837	22976	20102	22258	19399	14690	20757	1153	1287	1253	3381	8254	2120
Rv0187	2009	1321	767	819	811	1104	1582	1097	776	1151	1078	847	1745	1075	846	915	766	806	805	688	793	1032	942	1196	888	961	816	1421	3581	909
Rv0188	3589	1590	1669	980	915	1274	3233	1337	1356	1293	1087	1045	3093	1211	1685	940	958	1038	9038	7188	6988	4852	2869	3184	1594	1480	1394	2690	6262	1548
Rv0189c	4471	6125	2989	3350	3743	4647	3585	5435	3010	4693	4889	3833	4178	5233	3411	3806	3933	3553	5224	4181	4866	3478	3335	3840	4916	5109	4760	6692	15937	3950
Rv0190	7500	2131	1255	1476	1293	1991	5798	1719	1120	1885	1698	1563	6310	1673	1348	1489	1360	1572	3297	3159	3764	6552	5196	5904	2037	1781	2119	4464	10360	2748
Rv0191	2714	1702	819	910	1044	1554	1849	1575	874	1447	1485	1250	2313	1552	834	1149	1030	1173	811	676	835	1069	998	1341	920	1073	922	1473	3698	929
Rv0192	2658	4105	2197	2250	2491	3051	2026	3689	1874	3026	3193	2281	2372	3354	2272	2303	2402	2200	1513	1215	1499	1160	1373	1582	2451	2597	2550	3334	8201	2246
Rv0193c	433	749	428	447	423	554	374	639	368	527	522	419	460	692	575	459	462	436	578	499	681	527	551	630	695	496	630	519	1362	416
Rv0194	647	642	476	390	388	464	501	560	416	581	465	366	591	452	479	394	341	350	560	451	548	443	444	519	487	526	444	840	2005	631
Rv0195	331	219	262	108	50	92	311	138	210	158	79	65	386	154	354	123	80	66	421	394	439	280	238	332	96	88	91	105	228	81
Rv0196	2433	1103	2041	593	206	312	2027	830	1565	686	260	215	2359	750	1977	593	214	190	2994	2418	2440	1275	974	1484	445	486	427	705	1722	440
Rv0197	7798	3623	6326	1880	986	1313	6671	2796	4848	2513	1208	945	7896	2905	6267	2046	1036	1004	9155	7926	8325	3850	3041	4785	1688	1974	1680	2598	6554	1574
Rv0198c	3879	7135	4176	4719	4130	4982	3250	5949	3735	5666	5143	3950	3822	5577	4655	4628	3930	3631	3632	3355	3952	2956	3558	3926	5660	5614	5983	8298	20190	5016
Rv0199	455	1330	779	918	864	894	414	1173	719	1203	1023	782	522	1005	817	918	793	758	686	637	637	500	532	555	1178	1078	1045	2130	5207	1356
Rv0200	884	2222	1250	1506	1455	1717	725	1888	1383	2233	1924	1335	874	1715	1526	1599	1366	1203	977	868	922	688	902	926	1629	1821	1599	2620	6166	1636
Rv0201c	1415	1772	1006	1042	1133	1461	1110	1590	1036	1598	1404	1158	1363	1373	1050	1148	1046	1061	931	635	811	771	694	994	1123	1454	1053	1845	4437	1160
Rv0202c	11586	10344	6326	5700	6638	10098	8965	9152	5916	8355	8303	7886	10039	7918	6507	6147	5841	6847	9019	6457	6857	8306	5891	7683	7878	8230	6781	10070	24938	6058
Rv0203	823	1961	1008	1095	1166	1272	736	1568	942	1621	1459	1062	877	1348	1094	1095	991	963	670	531	648	742	702	874	1078	1439	1161	2070	5366	1339
Rv0204c	2058	4365	1462	1928	2475	2960	1555	3841	1640	2842	3107	2344	1860	3365	1827	2148	2379	2115	1915	1521	1699	1206	1309	1576	2593	3190	2613	3539	8916	2284
Rv0205	748	1775	667	1039	984	1312	520	1535	642	1323	1346	1021	685	1478	832	1071	1007	973	412	388	520	405	589	532	1460	1322	1338	1657	3881	1089
Rv0206c	13985	25441	10848	14657	15554	19517	10676	22719	10116	19651	18983	15440	12815	21788	12305	16218	15595	15587	7477	7045	8361	7993	9759	10527	18864	18731	19247	26802	64848	16092
Rv0207c	3341	6308	2496	3297	3544	4174	2727	5302	2204	4222	4239	3365	3116	5201	2695	3426	3659	3324	3231	3094	3722	2851	3264	3195	5824	5186	5515	6486	15509	3742
Rv0208c	1243	2339	481	923	1044	1206	804	1826	361	1187	1397	895	990	1911	454	917	1122	844	910	737	914	845	976	957	1935	1879	1778	2174	5237	1381
Rv0209	778	800	690	474	515	660	589	735	690	754	697	518	645	610	634	598	527	464	782	668	788	729	655	796	658	802	578	1713	4050	1080
Rv0210	503	704	617	436	474	507	381	549	591	689	610	426	460	537	708	485	383	381	453	372	363	430	386	504	522	616	450	1145	2867	756
Rv0211	12770	7333	44877	17205	9247	8605	11870	6369	41068	21505	11182	7536	13238	5605	54074	17351	9252	7158	60332	51054	68091	49093	36292	59687	14242	13851	14232	37536	92190	22802
Rv0212c	974	893	2289	1381	799	896	916	694	2113	1928	1043	742	997	795	2697	1579	1015	734	1634	1365	1832	1196	1186	1968	1034	1024	992	2124	5156	1322
Rv0213c	726	1040	393	695	515	716	564	741	385	733	682	551	599	789	519	617	515	549	503	524	649	527	506	505	945	659	741	1184	2848	690
Rv0214	545	928	352	596	557	662	463	827	312	767	678	552	536	677	398	582	488	543	487	435	454	475	510	539	902	765	893	1059	2473	640
Rv0216	408	829	254	438	468	630	290	703	221	642	654	506	383	688	349	455	430	431	209	162	218	172	257	261	517	520	460	577	1366	381
Rv0217c	418	920	359	458	511	559	356	759	300	619	663	475	421	661	359	474	478	442	237	227	201	191	293	344	459	576	455	827	2135	516
Rv0218	342	542	274	322	335	463	251	471	291	509	424	367	350	421	350	361	300	323	195	166	223	203	243	286	392	384	339	569	1455	422
Rv0219	94	149	54	64	86	87	67	109	71	96	86	73	98	103	62	66	65	64	45	38	52	53	48	67	86	99	82	121	316	93
Rv0220	6970	12060	5850	6772	7110	7842	5714	10184	6226	9557	9302	6572	6702	10047	7438	7719	7100	6571	3918	3693	4480	5111	5978	7335	8372	8780	8934	8462	20924	5102
Rv0221	2499	4652	1716	2412	2504	3069	2035	4029	1790	3371	3393	2625	2397	4690	2152	2817	2955	2634	1108	1073	1325	1188	1623	1863	3042	2927	3298	2163	5218	1224
Rv0222	1457	2578	1240	1422	1444	1816	1221	2211	1249	1965	2011	1474	1371	2275	1644	1529	1663	1319	697	667	741	752	855	931	1893	1819	1818	1489	3676	916
Rv0223c	1101	1469	695	911	811	1014	1015	1109	665	1195	949	887	1067	1204	811	885	809	789	539	506	604	742	728	912	1031	922	945	1075	2640	696
Rv0224c	297	731	319	457	384	541	253	560	321	671	531	431	326	562	336	481	414	393	138	102	144	132	210	200	455	518	439	792	1865	435
Rv0225	1812	3649	1350	2198	2240	2871	1432	3053	1512	3017	2894	2313	1740	2785	1589	2288	2156	2043	352	310	337	380	743	623	2361	2527	2041	3276	8131	2052
Rv0226c	1032	2496	975	1245	1511	1940	834	2500	1110	1880	1898	1463	942	2166	1016	1470	1437	1335	244	238	272	210	426	349	1192	1773	1207	2038	4887	1269
Rv0227c	2855	7581	3563	4687	4761	5795	2455	6755	3440	6473	5768	4500	2832	5863	3770	4825	4516	4445	1075	990	1254	1167	2046	2184	5078	5930	5339	8429	20631	5396
Rv0228	916	1666	770	772	1079	1365	712	1628	853	1322	1409	1029	907	1534	788	908	1058	979	539	388	477	393	490	558	1073	1270	998	1756	4247	1060
Rv0229c	839	1652	626	723	867	1111	724	1331	565	1059	1102	890	771	1437	643	848	1052	983	748	686	752	644	823	815	1340	1232	1228	1458	3532	823
Rv0230c	1247	1713	755	874	921	1059	854	1421	701	1157	920	928	1121	1041	888	819	676	707	749	731	842	964	911	1097	1442	1150	1084	2192	6114	1517
Rv0231	607	1920	867	1097	919	1201	528	1513	770	1392	1181	949	613	1347	925	1074	860	817	509	487	639	781	928	1172	1407	1262	1308	2219	5157	1384
Rv0232	966	3545	1055	1306	1452	2308	787	2862	991	1865	2115	1922	914	2683	1097	1332	1511	1755	1945	1580	1662	1399	1340	1591	1088	935	964	1737	4232	1020
Rv0233	1773	5798	1896	2104	2601	3975	1499	4970	1881	3050	3582	3391	1806	4465	2145	2278	2442	3119	3913	3374	4055	3023	2698	3587	1739	1764	1741	2857	6607	1668
Rv0234c	1405	2454	1088	1029	1488	1800	1197	2018	1096	1645	1798	1388	1288	1765	1134	1266	1379	1404	1115	1028	1089	844	897	1042	1474	1693	1516	2981	7498	1905
Rv0235c	606	1835	549	1038	1128	1455	509	1624	586	1351	1418	1184	554	1381	689	1079	1039	1020	283	288	305	243	463	280	1328	1137	1317	838	2049	628
Rv0236c	5264	11762	5642	6455	7746	9037	4186	11747	6143	9675	10121	6913	4974	9109	6522	7243	6802	6214	1638	1491	1515	1308	2207	2019	5520	7236	5431	7754	19322	4626
Rv0236A	565	1487	877	998	944	997	420	1083	776	1215	1126	749	550	973	954	947	826	675	347	360	421	363	568	531	1338	1265	1193	1841	4327	1195
Rv0237	1080	3772	1050	1600	2239	2550	771	3574	1286	2717	2695	1761	936	2887	1068	1862	1831	1638	245	201	215	242	601	452	1887	2508	1712	2529	6363	1636
Rv0238	2086	1829	1038	1123	918	1442	1687	1497	920	1276	1229	1162	1836	1858	1186	1122	1155	1180	970	911	1213	1132	1168	1238	1466	1277	1391	1614	3839	948
Rv0239	2022	1996	923	1221	1145	1434	1592	1588	826	1415	1455	1366	1826	1571	1100	1216	1081	1127	603	674	667	775	898	845	1660	1444	1496	1671	4028	1059
Rv0240	1031	1117	432	726	557	881	847	985	439	889	799	740	1014	990	629	707	564	651	232	217	303	232	333	339	675	572	650	591	1346	362
Rv0241c	4979	5369	3453	2903	2794	3994	4218	4656	3304	4440	3750	2990	5189	4459	3960	3429	2941	2949	944	887	1187	750	1368	1529	2237	2601	2335	4144	10187	2497
Rv0242c	8003	8854	5202	4301	5118	6507	6331	8553	5538	6723	6557	4900	7417	7429	5567	5322	4768	4670	1255	1147	1473	1004	1820	1912	3817	4552	3759	8848	21273	5089
Rv0243	13883	13355	7694	6396	7785	11078	11033	12705	8438	10448	9731	8266	12858	11030	8200	8287	6872	8176	1983	1661	2116	1570	2249	2609	4493	5753	4543	13061	33077	8087
Rv0244c	16645	4706	11878	3328	2363	4090	14041	3709	8673	4516	3000	3248	13744	3067	9651	3290	2049	2511	104404	80162	93581	63976	40552	59237	6484	6861	6380	60114	149340	37375
Rv0245	1557	926	1290	675	583	775	1327	678	1065	823	757	630	1554	666	1545	663	529	566	6203	4979	6236	3864	2906	3499	1206	1051	1109	2373	5644	1507
Rv0246	2185	2812	1986	2393	1668	2359	1952	2239	1740	2618	2294	1901	2347	2742	2971	2340	2329	2157	2262	2236	3057	2175	2271	2664	3168	2222	3088	2251	5266	1387
Rv0247c	4457	6683	5434	5849	4410	5279	3876	5234	4651	6277	5391	4601	4612	5415	7668	5376	4822	4386	3377	3875	5159	3988	5260	5322	8993	6122	8518	6387	15280	4064
Rv0248c	9099	14061	11255	10567	9040	11513	7996	11868	10840	13794	11357	9585	8960	10931	13531	10698	9030	8649	6493	6048	7597	6057	7868	8459	14909	13886	14469	17157	41229	10228
Rv0249c	2956	5413	3454	3775	2837	3744	2529	4058	2753	4165	3269	2904	2692	3926	3566	3094	2819	2968	2698	2691	3504	2812	3448	3238	6559	4596	6237	6422	14895	3952
Rv0250c	2310	2445	527	902	1157	1855	1963	1900	548	1248	1557	1403	2076	1773	539	1085	1069	1207	908	674	982	1040	1110	1201	1182	998	1279	549	1265	349
Rv0251c	33885	775	3910	332	315	631	29413	735	2797	475	491	537	30617	624	2694	331	278	479	12260	8195	9748	9406	5712	8608	678	676	541	903	2441	648
Rv0252	1659	1643	1961	1821	1335	1728	1419	1443	2174	2500	1795	1429	1762	1556	2711	2439	1642	1671	935	868	1008	1574	1261	1745	1403	1522	1442	1340	3082	868
Rv0253	291	397	283	295	238	336	250	337	300	416	342	256	274	349	392	380	301	276	195	134	184	165	197	230	328	297	294	211	486	129
Rv0254c	393	463	247	310	287	382	370	383	304	427	396	335	434	393	343	338	299	327	273	182	249	313	253	359	323	287	235	342	745	214
Rv0255c	1090	1662	1020	956	1105	1345	986	1397	1113	1437	1343	1032	1122	1248	1060	1105	1020	999	764	630	733	667	653	966	815	1220	871	1584	4042	1062
Rv0256c	2502	3966	2286	2244	2361	2784	2030	3124	2258	3134	2965	2248	2184	2563	2540	2341	1987	1848	1775	1480	1516	1506	1475	1693	2584	2705	2207	4855	12519	3042
Rv0257	1031	1874	1196	1176	1267	1533	855	1686	1112	1560	1455	1266	1094	1583	1501	1211	1190	1139	1106	1108	1298	931	1051	1185	1540	1449	1592	2405	5662	1316
Rv0258c	300	425	187	190	222	239	266	324	161	241	236	196	265	227	179	194	205	212	556	508	515	366	337	353	342	287	327	390	953	254
Rv0259c	103	167	94	113	102	114	97	136	90	124	124	99	115	129	111	120	87	83	139	112	129	149	119	99	171	150	145	237	608	181
Rv0260c	61	95	55	79	54	77	50	78	35	81	72	72	47	76	69	79	64	52	90	83	72	108	87	81	112	86	91	183	475	125
Rv0261c	165	236	88	122	111	173	158	145	80	128	163	133	144	210	114	120	119	159	91	76	100	83	72	77	132	108	117	116	305	91
Rv0262c	1033	1015	621	600	660	1060	795	934	600	784	830	875	953	825	698	693	628	759	679	557	707	624	528	785	570	661	591	876	2144	570
Rv0263c	1157	1934	1298	955	1257	1670	862	1855	1267	1491	1620	1299	1103	1675	1317	1184	1150	1261	417	373	363	551	623	933	780	923	725	1284	3200	819
Rv0264c	642	1035	779	495	638	857	472	1088	713	777	945	725	575	1000	790	649	658	694	297	231	296	376	393	667	521	580	509	691	1752	449
Rv0265c	920	1909	1258	1314	1283	1515	744	1654	1281	1723	1528	1165	895	1526	1301	1328	1099	1136	1075	874	875	660	695	821	1288	1423	1111	1829	4590	1108
Rv0266c	1312	1823	1034	1227	1153	1359	1122	1596	1056	1673	1611	1055	1244	1366	1175	1340	1137	951	1143	859	1038	786	809	946	1437	1584	1280	3980	9666	2399
Rv0267	920	2487	941	1507	1466	1848	737	2238	953	1972	1862	1343	856	1994	1043	1615	1539	1366	638	585	746	556	678	834	1235	1305	1200	1507	3549	960
Rv0268c	892	1807	1075	1131	1103	1220	792	1378	936	1257	1259	924	799	1283	1036	939	1004	855	1295	1227	1361	1113	1085	1052	1658	1241	1303	2516	6011	1417
Rv0269c	800	1273	689	735	759	1037	710	1058	711	1054	1046	808	799	845	731	747	696	694	678	569	571	533	496	535	787	821	658	1540	3840	910
Rv0270	6073	8834	5004	4741	5484	7731	5411	7898	5189	6772	7331	6709	6163	7420	6028	5526	5598	6243	6015	5299	5966	4862	4467	6018	5031	5697	5443	6909	16638	4098
Rv0271c	4734	5887	4753	3168	3351	4605	3874	5020	4209	4368	4485	3847	4572	4864	5041	3419	3428	3340	13444	9966	12046	7620	6263	9534	4166	4468	4084	9155	21975	5423
Rv0272c	2242	2422	1556	1196	1383	1840	1831	1932	1393	1622	1822	1423	2123	1878	1636	1236	1440	1410	4061	3286	4213	3122	2698	3209	2042	1877	2092	1898	4559	1141
Rv0273c	774	926	563	534	563	745	648	805	494	644	741	622	695	762	598	498	580	551	1286	1146	1309	1154	935	1070	863	718	794	759	1817	463
Rv0274	1367	1446	1123	834	850	1095	1159	1161	984	1068	1039	907	1325	1111	1349	832	846	889	3265	2807	3061	2304	1679	1770	1523	1206	1407	1647	3871	935
Rv0275c	2001	2034	1782	1008	1121	1570	1951	1536	1402	1461	1503	1265	1983	1374	1503	1060	1023	1128	6754	4878	4752	4055	2773	3366	1693	1842	1437	2232	5469	1319
Rv0276	4319	4809	4790	2519	2885	3631	3820	3793	4237	3411	3814	3094	4250	3087	4765	2552	2499	2509	12796	9695	10305	8095	5946	7383	4633	4489	3904	4740	11434	2873
Rv0277c	1345	1421	884	810	711	986	1052	1183	697	948	960	799	1232	1322	993	823	850	838	1590	1377	1791	1185	1051	1214	1234	1005	1167	811	1866	466
Rv0278c	769	696	576	361	499	583	626	887	548	629	643	460	742	499	595	478	446	377	460	334	377	320	256	402	270	478	295	584	1657	448
Rv0279c	2678	1552	1811	954	1398	1779	1830	2592	1985	1865	1780	1328	2260	1338	1817	1289	1042	1207	875	618	730	592	459	965	432	1039	505	1094	3192	782
Rv0280	8824	2120	632	723	896	1019	6401	2065	581	1040	1114	811	6700	2003	657	795	873	870	538	470	565	2160	1410	1854	726	748	641	1420	3443	935
Rv0281	4981	3692	2856	2079	1929	2588	3721	2878	2404	2629	2473	2030	4114	2711	2452	1962	1761	1793	4007	2978	3500	2605	2517	2763	2820	2946	2624	5295	12671	3037
Rv0282	56891	19430	9482	9923	9688	22907	41935	18325	9563	13318	12399	16744	49898	16442	11196	10714	10063	15701	8677	7214	9215	11238	9842	12626	11318	11070	11119	21843	53230	13444
Rv0283	30701	11607	6292	5755	6383	15538	22328	11548	6747	8956	8375	11139	27185	10051	7107	6973	6106	10265	4722	3842	4158	5424	4622	5982	5632	6889	5483	13484	34029	8041
Rv0284	50899	22116	11726	12504	12040	26880	37579	20094	11907	17488	15261	20247	44822	18170	13408	13865	11983	19360	8522	7094	8376	9408	9275	10579	12611	13386	12522	25202	61498	14995
Rv0285	8427	2940	1768	1753	1774	3795	6150	2813	2183	2694	2391	2874	7007	2251	2260	1826	1628	2424	1125	751	1040	1093	1135	1480	1350	2077	1369	3191	7953	1922
Rv0286	24481	10190	5271	5236	6171	13017	16310	11028	6009	8079	7402	9370	19267	8482	5961	5878	5516	8720	2959	2244	2833	2952	3005	3893	4220	6155	4779	9684	24424	5744
Rv0287	10653	4512	2717	2628	2894	6166	7037	4894	2868	3766	3450	4441	8122	3588	3053	2732	2361	3416	1681	1394	1746	1725	1874	2210	3228	3783	3282	5893	14990	3259
Rv0288	19108	9022	4244	5641	5387	10995	12764	8991	4436	6710	6274	8407	16650	7598	5499	5585	5009	7814	2557	2274	2656	2425	2815	3230	5559	6198	5998	11111	26935	6722
Rv0289	31469	12464	5843	6133	7887	16813	20380	15447	6865	9795	9380	12607	25217	10767	7611	7221	6957	10685	3458	2531	3098	3341	3051	4247	6664	8256	5824	15886	44345	9346
Rv0290	21739	8866	3735	3593	5598	12992	13773	13341	4866	6757	7124	8660	18406	8909	4628	5274	5092	8920	2767	2086	2339	2309	2349	3271	3636	5377	3708	9406	24464	5350
Rv0291	18217	8600	3970	4043	5526	11036	13314	12206	4735	6813	7202	8290	16876	7696	4879	5071	4906	7834	3428	2575	2903	3276	2748	4180	3360	4838	3324	7846	20248	4620
Rv0292	6475	4028	2167	2055	2283	4617	4716	4492	2228	3027	3068	3414	6296	3390	2408	2398	2151	3262	2034	1676	1736	1235	1293	1407	2256	2618	2123	4199	10498	2602
Rv0293c	4916	3888	2059	2263	2066	3519	3868	3304	1748	2814	2751	2791	4412	3192	2283	2175	2156	2597	6868	5829	6712	4762	3817	4169	3529	3035	3312	4050	9602	2355
Rv0294	339	629	215	355	284	387	263	445	207	428	386	308	325	508	213	327	301	292	174	160	198	230	204	243	493	379	359	659	1532	377
Rv0295c	969	2464	846	1358	1227	1595	811	1933	832	1733	1641	1253	1003	1811	959	1313	1248	1064	629	555	663	704	866	898	1887	1699	1714	3060	7576	1822
Rv0296c	920	1924	610	916	827	930	706	1454	512	1088	996	754	853	1126	589	783	721	626	605	589	669	800	938	972	1479	1323	1429	2905	6944	1723
Rv0297	4397	3148	4354	2283	2610	3329	3404	4232	4545	3615	3185	2486	4161	2588	4342	2673	2213	2365	2646	2092	2262	2749	2170	3589	1717	2527	1693	3696	9185	2126
Rv0298	2897	3763	977	1653	2009	2337	2314	3122	941	2147	2689	1936	2590	2892	1190	1815	1875	1763	621	594	641	687	1073	703	2777	2758	2820	4511	10670	2753
Rv0299	2723	3436	898	1502	1788	2198	2096	2720	940	2058	2425	1892	2161	2627	1038	1627	1659	1577	691	529	658	634	1009	719	2583	2546	2335	3505	8233	2197
Rv0300	1504	2027	542	820	983	1314	1291	1503	532	1153	1212	1003	1347	1566	633	897	1010	1025	510	469	477	485	606	458	1504	1332	1322	1956	4915	1102
Rv0301	2226	2690	668	1340	1352	1744	1799	2196	663	1580	1710	1465	2175	2728	958	1369	1706	1566	778	693	926	746	970	825	1839	1622	2083	1376	3237	822
Rv0302	1599	1752	501	753	948	1201	1312	1536	506	1017	1228	999	1396	1641	623	812	963	940	398	318	401	633	617	644	1078	1012	923	714	1676	463
Rv0303	1284	1611	493	622	758	1094	1068	1456	475	839	1066	849	1207	1310	553	657	712	796	398	311	404	410	463	513	821	841	812	714	1813	430
Rv0304c	1060	2061	958	1176	1119	1429	858	1572	876	1434	1383	1021	1013	1806	1217	1132	1232	1099	878	829	1226	935	1124	1131	1898	1304	1692	777	1941	1045
Rv0305c	1750	1832	1223	1063	1067	1442	1418	1423	1163	1479	1465	1165	1486	1359	1332	1112	1057	1096	1728	1621	1724	1792	1668	1731	1791	1410	1429	1684	3974	1186
Rv0306	456	333	160	160	143	215	352	274	161	211	155	187	379	197	149	147	115	138	369	311	321	349	275	351	227	237	191	400	932	233
Rv0307c	1085	478	262	255	258	396	882	425	283	384	335	447	969	356	324	275	216	353	827	674	765	963	722	848	390	416	428	759	1907	516
Rv0308	2611	3157	1513	1712	1661	1992	2048	2371	1477	1945	1847	1706	2527	1873	1949	1610	1452	1466	1371	1394	1612	1629	1669	1628	2950	2251	2777	6290	15138	3962
Rv0309	2358	7015	1992	2736	2814	2963	1805	5145	1657	3192	3394	2410	2368	4679	2292	2452	2635	2193	2388	2072	2435	2242	2588	2420	5825	4566	4845	6188	14491	3780
Rv0310c	444	1290	364	580	494	531	346	1027	273	644	681	396	458	1047	392	494	565	423	414	341	469	346	425	398	995	857	917	812	1784	499
Rv0311	940	451	460	235	263	321	856	426	432	353	364	383	931	449	611	328	290	363	2071	1591	1886	1395	938	1075	615	530	605	692	1558	419
Rv0312	1568	6450	487	2155	2713	2591	1029	5586	366	2683	3310	1933	1327	4860	438	2054	2439	1938	1240	1043	1133	837	1791	953	6629	5640	5720	6353	15443	3986
Rv0313	3636	4223	2193	2338	2346	3014	2997	3567	1955	3039	3155	2569	3517	3451	2625	2498	2325	2337	5813	4912	5058	4696	3547	3549	4301	3512	3625	3776	9209	2254
Rv0314c	1996	4105	2150	2508	2303	2757	1689	3317	1978	3234	3147	2256	2000	3337	2326	2530	2325	2112	2584	2220	2823	2149	2338	2733	2988	3228	3119	3001	7336	1866
Rv0315	1531	9331	1776	4504	3844	4289	1202	7260	1628	5244	4454	3042	1550	6609	1810	3936	3702	3096	663	631	683	737	1453	1275	4755	4723	4350	5111	12647	3186
Rv0316	830	2546	839	1329	1295	1549	622	2037	862	2007	1840	1274	813	2249	875	1478	1432	1244	441	388	459	383	557	652	1264	1581	1148	1498	3756	948
Rv0317c	1454	2839	1540	1986	1711	2103	1257	2288	1608	2458	2395	1807	1535	2272	1988	2055	1861	1669	1341	1195	1284	1146	1200	1275	2415	2168	2113	2530	6287	1615
Rv0318c	215	505	252	294	292	342	211	373	252	381	345	261	201	321	238	277	252	229	186	159	163	203	204	269	343	362	316	533	1385	330
Rv0319	462	817	565	537	470	588	445	672	465	638	617	471	454	601	637	544	464	476	469	295	419	342	396	459	576	670	587	650	1561	404
Rv0320	134	926	317	386	498	443	125	688	274	441	548	362	132	571	321	335	428	316	120	137	167	108	198	160	529	438	440	501	1223	315
Rv0321	488	1084	655	760	616	724	404	819	644	799	722	566	503	812	790	621	544	489	444	444	502	520	587	730	938	764	833	1029	2347	608
Rv0322	220	273	137	173	160	222	210	257	131	252	245	187	206	257	175	202	165	176	159	145	192	200	220	234	214	182	185	373	843	224
Rv0323c	1031	661	349	391	407	497	951	540	373	540	568	426	1102	486	456	431	433	342	1039	744	990	2010	1297	1919	376	410	394	420	1049	264
Rv0324	1854	315	190	169	161	166	1810	225	147	232	228	163	1719	201	213	194	169	126	1993	1312	1631	2744	1721	2210	264	271	224	414	989	244
Rv0325	561	120	100	76	80	71	498	101	55	94	86	75	508	91	93	69	62	72	654	486	712	919	609	760	122	106	112	159	354	121
Rv0326	1434	143	70	109	87	104	1266	125	65	85	109	79	1415	100	95	91	89	60	977	679	1008	1303	924	1115	136	129	104	250	599	130
Rv0327c	8711	344	223	183	141	179	8112	247	203	231	216	153	8315	250	243	179	166	135	2065	1653	2165	4063	2753	3091	293	256	253	334	771	234
Rv0328	6402	649	472	310	430	487	6074	548	441	461	551	380	5924	492	564	320	425	422	2166	1630	1946	2756	1777	2201	681	627	574	822	1893	491
Rv0329c	3848	316	278	167	150	238	3511	276	229	210	261	193	3565	264	282	168	244	198	1177	835	1031	1104	745	931	308	285	261	264	712	192
Rv0330c	886	307	125	150	164	193	836	240	104	201	191	184	844	233	132	165	151	133	262	199	229	287	202	292	266	203	192	423	1094	291
Rv0331	11395	406	242	170	192	232	11309	361	195	231	235	188	11674	323	238	169	182	172	2270	1518	2028	6730	3997	5393	313	344	259	616	1547	381
Rv0332	4325	1531	511	815	715	1054	3810	1204	522	1094	943	775	4176	962	541	840	589	693	944	731	863	2056	1418	1714	866	1035	756	1576	3810	1026
Rv0333	672	733	342	429	434	545	501	599	316	512	468	461	599	496	341	457	314	388	341	271	267	308	285	307	620	563	485	978	2503	576
Rv0334	1116	1446	510	771	750	1115	810	1089	543	1028	919	793	960	1128	700	807	704	783	651	655	737	663	660	702	1204	984	1170	1014	2435	647
Rv0335c	752	588	377	308	343	440	585	468	335	490	409	365	610	370	391	318	285	333	419	316	379	385	345	476	334	432	338	466	1094	322
Rv0336	4378	5750	4290	3648	3973	5177	3566	5121	4585	5070	5231	4074	3973	4879	5224	3875	3900	3675	3403	2961	3274	3987	3923	5706	3483	3636	3042	5099	12444	3108
Rv0337c	1937	5012	2751	2578	2918	2829	1887	4206	2076	3281	3583	2271	2142	4427	2802	2719	3224	2404	2356	2049	2528	1578	2118	1950	4626	4346	4380	5044	12073	2924
Rv0338c	3938	18472	9826	10680	11212	9681	3715	15490	8868	13496	13621	7747	4031	14975	11308	10781	11419	8026	9882	9183	11171	7555	9261	9167	17748	15922	17353	22351	53345	13166
Rv0339c	961	1465	821	890	969	1037	703	1299	740	1173	1217	793	843	1177	830	973	930	852	723	656	751	452	583	531	1193	1360	1129	2491	6116	1456
Rv0340	734	514	492	355	345	363	512	393	354	416	433	350	669	417	474	359	322	366	621	569	660	568	535	576	595	580	563	742	1915	442
Rv0341	8406	1769	1616	1031	1187	1358	3122	2708	1667	2015	1519	1119	4746	1486	1386	1142	888	914	1315	1515	1441	301	1448	463	5761	7474	5215	6355	16147	3716
Rv0342	4098	3037	1396	1724	1603	2176	2580	2855	1348	2235	1966	1809	3201	2518	1582	1779	1617	1591	2380	2144	2591	1478	1915	1488	4157	3775	4147	3900	9530	2304
Rv0343	2140	2967	1045	1519	1637	2021	1583	2694	1007	2344	2203	1585	1792	2477	977	1706	1602	1565	1723	1342	1475	910	1202	1135	2704	2765	2496	2881	7059	1730
Rv0344c	178	487	99	260	194	239	117	386	99	275	258	186	168	310	116	219	208	204	107	112	93	97	117	86	328	279	229	493	1185	289
Rv0345	521	735	313	463	422	624	408	597	338	636	574	482	480	598	391	455	440	427	352	265	308	321	366	346	600	528	489	789	1851	498
Rv0346c	3553	8973	2615	5406	5048	7171	3112	7092	2899	6691	6194	5433	3654	7371	3495	5133	5377	5619	1074	1132	1577	1854	2909	3073	5959	4973	5753	5466	12774	3251
Rv0347	1410	712	459	453	407	537	1326	587	443	561	458	445	1363	637	555	447	462	422	718	633	849	803	717	791	660	529	671	807	2075	534
Rv0348	1105	905	460	624	516	704	1018	681	439	690	599	514	1026	694	527	561	469	506	850	733	936	861	831	878	1003	701	813	897	1964	515
Rv0349	946	636	382	400	345	456	805	489	316	467	448	346	902	527	477	362	374	357	757	690	865	720	646	756	681	518	626	799	1917	503
Rv0350	55068	19169	2982	5829	7618	10561	55703	19175	3059	8721	10001	8973	53383	19511	3389	6963	8577	8889	8205	7092	8806	17207	13157	15732	13253	12408	13117	14177	34240	7967
Rv0351	13272	6681	816	1763	2684	4093	11588	7465	970	3161	4067	3490	11846	7182	883	2404	2920	3341	1943	1358	1796	3363	2647	3652	3509	4380	3279	4055	10080	2282
Rv0352	11227	8886	1606	2810	4264	5885	9360	9582	1835	4858	6102	4771	10281	9630	1799	3837	4600	5074	2636	2048	2130	3760	3008	3728	4229	5274	4121	5916	14997	3443
Rv0353	2090	1963	396	744	951	1331	1817	1887	525	1188	1410	1124	1989	2114	534	951	1175	1273	699	706	673	1034	894	1004	1313	1309	1190	1191	3124	705
Rv0354c	947	1164	788	843	679	957	849	992	712	988	937	764	869	1332	889	766	804	789	690	665	857	614	714	686	1043	820	924	582	1435	373
Rv0355c	4937	5373	4198	3593	3011	4119	4205	4363	3557	4305	3891	3277	4822	4861	5024	3559	3477	3457	5257	4903	6771	5241	4878	5572	5398	3905	4983	3531	8414	2987
Rv0356c	774	1308	994	872	836	963	640	1080	951	1096	1129	834	739	921	1028	911	742	733	734	620	719	572	586	678	989	1150	913	1430	3780	877
Rv0357c	1442	2237	1524	1429	1479	1592	1249	1834	1415	1826	1767	1329	1515	1669	1734	1409	1368	1217	2021	1823	2057	2249	1868	2306	1986	1883	1875	3783	9175	2266
Rv0358	191	344	166	193	193	262	167	314	161	317	272	190	191	204	153	225	176	179	111	80	87	101	115	144	180	223	166	534	1311	320
Rv0359	333	876	437	501	496	536	268	706	428	643	566	438	296	607	402	430	416	373	237	220	225	222	245	278	511	519	411	1040	2502	670
Rv0360c	212	643	226	251	279	362	174	456	225	360	356	281	181	357	204	252	260	239	143	118	115	125	128	155	252	317	228	261	664	171
Rv0361	1979	2069	2222	1792	1405	1697	1515	1658	1904	2290	1830	1373	1927	1528	2222	1906	1477	1289	2040	1825	2474	2085	2310	2827	2551	2366	2520	4549	10816	2807
Rv0362	1190	1218	1025	881	750	972	1002	1000	965	1225	1054	789	1222	1171	1238	979	912	795	1395	1072	1489	1375	1334	1739	1164	1189	1209	1553	3824	1135
Rv0363c	3977	5579	4048	3801	3483	3919	3343	4509	3710	4582	4310	3335	3738	4523	4847	3874	3594	3234	5308	4788	5758	4972	4550	5002	5942	5148	6216	6963	16530	4193
Rv0364	2393	4007	1704	2440	2238	2847	1957	2906	1644	3079	2853	2108	2169	3124	2102	2353	2336	2091	1276	1127	1543	1743	2037	2390	3024	2637	2736	2686	6384	1591
Rv0365c	1124	1493	763	812	908	1084	905	1282	771	1148	1284	961	1062	1234	849	951	920	905	822	688	792	618	632	791	1062	1128	975	1099	2732	687
Rv0366c	159	162	89	93	96	106	105	182	80	128	125	105	119	133	69	112	95	68	120	85	123	100	109	134	143	188	169	130	362	101
Rv0367c	484	491	326	279	272	365	443	405	282	358	391	262	422	364	279	292	254	264	651	439	498	554	387	561	390	501	309	455	1099	289
Rv0368c	96	136	90	81	87	123	74	143	70	143	123	91	80	108	78	80	83	87	73	54	62	49	48	53	90	119	71	167	398	114
Rv0369c	88	135	80	82	84	103	64	87	67	100	101	86	81	95	119	88	78	74	75	60	64	62	52	71	95	101	86	186	401	110
Rv0370c	91	149	88	129	78	145	86	121	57	134	121	109	104	145	120	125	119	117	81	85	81	49	69	94	133	134	152	152	396	122
Rv0371c	48	36	20	29	29	40	39	50	20	41	46	38	48	35	24	20	32	33	19	22	16	12	17	20	31	31	32	43	104	40
Rv0372c	42	66	24	21	46	55	40	64	21	45	49	43	52	63	25	32	29	42	24	21	17	25	14	18	33	34	19	58	143	66
Rv0373c	370	484	150	204	267	383	343	429	219	363	366	355	425	368	207	249	285	319	197	188	186	243	175	284	232	243	193	340	822	239
Rv0374c	38	61	18	24	37	45	45	57	21	34	37	44	53	44	28	33	26	32	44	24	37	52	36	54	44	50	32	51	144	32
Rv0375c	101	107	36	56	76	106	83	95	54	82	79	96	95	69	51	54	54	71	40	44	51	37	50	52	40	69	46	71	211	64
Rv0376c	501	341	199	180	220	370	412	321	195	292	271	301	418	264	205	212	178	232	349	289	280	276	224	328	184	211	135	391	995	264
Rv0377	463	476	279	235	273	449	406	434	258	373	399	381	449	365	278	313	280	308	457	363	418	333	311	362	378	352	303	505	1414	304
Rv0378	10	22	11	5	8	6	15	19	16	18	11	14	10	16	5	12	5	12	8	3	5	6	10	6	11	16	5	23	59	23
Rv0379	643	1946	1172	1110	1106	993	633	1432	1297	1299	1139	763	667	1115	1461	997	750	643	467	504	450	514	718	655	1442	1222	1269	1744	4187	1059
Rv0380c	889	1366	1155	763	722	750	756	1059	981	1168	1008	675	843	940	1048	873	665	619	455	378	375	299	364	419	788	875	629	1161	3048	716
Rv0381c	1521	2269	1415	1348	1314	1838	1305	1835	1307	1897	1859	1426	1432	1705	1319	1358	1331	1318	1141	990	1163	928	928	1029	1569	1799	1430	2738	6292	1614
Rv0382c	1206	1814	768	834	1095	1426	926	1584	885	1245	1494	1130	1157	1523	935	1002	1110	1058	843	716	744	601	682	744	1107	1379	1082	1678	4163	1044
Rv0383c	5727	8463	3671	4006	5174	6407	4867	7354	3786	5702	6255	5016	5338	7175	3800	4564	4816	4843	4664	3814	3698	3422	3003	3085	6265	5965	5148	9898	24416	5930
Rv0384c	23220	2994	3290	1405	1809	2389	21558	2838	3145	2205	2352	1827	22373	2459	2860	1657	1648	1622	6542	4885	5187	9610	5753	8532	1895	2209	1564	4170	10334	2546
Rv0385	774	546	481	347	336	461	639	492	463	552	465	417	747	441	509	378	358	376	865	643	755	928	633	946	513	527	450	769	1921	474
Rv0386	1745	2114	1425	1289	1473	1420	1401	1836	1386	1617	1799	1110	1641	1706	1497	1243	1394	994	2136	1722	1804	1577	1388	1549	1980	2056	1783	2815	7187	1820
Rv0389	1618	1219	597	551	798	1046	1256	1123	571	885	970	855	1469	998	565	613	689	775	972	801	787	1042	750	1034	677	876	713	1220	3227	818
Rv0390	856	1638	737	865	953	1209	693	1387	795	1203	1132	895	774	1217	799	897	936	765	665	508	631	600	688	796	1192	1336	1142	2163	5209	1305
Rv0391	2135	3788	1695	2194	2245	2894	1675	3315	1836	3000	2904	2303	2112	2976	2063	2274	2228	2085	1600	1475	1899	1432	1645	2100	2977	3061	3005	3633	8694	2103
Rv0392c	976	1453	713	897	828	1065	830	1215	699	1105	1002	792	979	1255	845	847	878	839	964	854	985	704	760	835	1025	1014	1031	1785	4122	1041
Rv0393	758	1169	722	683	749	1011	625	1304	752	1034	1087	782	744	1000	782	760	737	763	507	400	486	298	402	418	575	708	555	736	1768	511
Rv0394c	718	1272	827	895	793	988	633	1100	871	1143	957	795	736	818	891	847	650	726	773	672	743	469	531	569	857	902	822	1461	3437	899
Rv0395	22	47	12	22	31	27	11	34	14	35	22	29	27	41	22	23	30	19	19	14	18	9	9	18	36	25	31	38	49	39
Rv0396	72	135	58	110	103	118	61	125	51	111	117	92	72	145	81	119	117	116	39	38	69	35	40	42	92	89	120	87	195	57
Rv0397	237	346	188	237	245	310	196	343	217	325	356	257	219	293	233	261	234	227	152	114	169	102	131	147	187	210	190	212	495	127
Rv0397A	1126	917	638	676	692	820	955	733	567	739	789	671	1074	709	710	687	700	649	1680	1410	1761	1615	1291	1479	920	761	951	1206	2986	761
Rv0398c	1135	798	623	450	638	786	1139	678	646	784	805	634	1136	607	663	551	577	606	1584	1103	1293	1427	1038	1507	549	710	557	1184	2925	741
Rv0399c	790	803	424	420	591	790	664	808	439	712	676	604	735	729	480	577	563	602	547	468	548	438	469	589	566	604	564	773	1968	524
Rv0400c	1719	1719	905	783	1177	1592	1350	1775	997	1443	1563	1288	1595	1420	937	1082	1035	1210	1208	965	963	979	803	1194	935	1193	983	1843	4782	1077
Rv0401	271	325	175	177	208	221	200	243	165	279	262	195	264	208	182	172	146	150	132	117	134	116	136	166	194	229	166	429	1025	270
Rv0402c	1212	3319	1122	2113	1714	2201	974	2377	1154	2297	1956	1710	1008	2530	1464	1900	1729	1697	705	733	871	771	1072	819	2966	1943	2500	2478	5663	1628
Rv0403c	160	703	155	403	319	417	131	488	133	345	362	311	155	544	193	274	331	291	81	94	102	106	174	116	571	373	489	542	1316	363
Rv0404	1408	4319	1607	2684	2355	2922	1196	2937	1447	3209	2878	2229	1146	3202	1723	2417	2312	2160	1054	1143	1379	1010	1746	1238	4555	3080	3778	2210	5513	1383
Rv0405	2808	9017	2566	5821	5334	6726	2502	6792	3080	7844	6933	5426	2407	7841	3464	6077	5843	5243	1615	1537	1630	1382	2668	1687	7317	6119	6939	3102	7554	1999
Rv0406c	908	1220	510	757	646	898	731	942	504	957	817	726	900	1035	541	713	643	647	522	431	487	503	588	554	883	890	848	817	1938	490
Rv0407	1873	2301	1426	1225	1169	1573	1453	1826	1368	1588	1390	1198	1657	1658	1455	1312	1106	1139	1526	1316	1479	1237	1208	1489	1622	1571	1687	2759	6702	1663
Rv0408	3475	3661	2868	2271	2130	2904	2788	3267	2658	2919	2798	2399	3440	3169	3237	2381	2352	2322	2341	2243	2543	1906	2190	2427	3178	2955	3022	3786	9387	2377
Rv0409	2505	2631	1956	1765	1679	2208	2089	2168	2142	2420	2233	1860	2587	2221	2572	2120	1829	1844	1332	1146	1271	936	1050	1155	2066	2120	1910	1879	4770	1192
Rv0410c	4322	4691	2949	2181	2494	3442	3426	4004	2569	2956	3408	2752	4224	4029	3012	2456	2824	2781	8943	7339	8867	4809	4241	4802	5774	5776	5652	5066	12460	3075
Rv0411c	1759	1737	946	680	893	1206	1312	1583	793	974	1108	951	1607	1301	912	743	857	818	3648	2735	3373	2063	1695	1938	2013	2095	1946	2428	5729	1498
Rv0412c	2650	3086	1691	1348	1493	1877	2101	2609	1499	1686	1986	1472	2298	2154	1633	1312	1402	1275	6194	4940	5188	3669	3142	3292	3649	3626	3523	4793	11677	3052
Rv0413	1242	1332	943	685	876	1041	879	1186	996	1137	1188	834	1077	1048	926	809	789	799	1425	990	1098	771	686	915	913	1258	834	1871	4591	1064
Rv0414c	350	474	293	236	277	370	226	497	303	345	379	266	307	333	261	266	243	239	341	241	255	180	173	267	281	402	251	609	1568	390
Rv0415	1132	849	466	385	471	713	954	728	514	618	630	518	1013	544	461	443	386	477	683	510	535	655	530	686	541	687	444	1319	3038	792
Rv0416	177	155	60	56	69	99	134	127	47	65	87	84	148	114	73	72	70	94	82	75	73	144	106	117	110	107	106	177	401	108
Rv0417	672	459	245	233	255	340	524	390	254	302	325	308	564	364	289	227	207	256	293	248	294	387	367	475	417	398	320	713	1674	447
Rv0418	1782	5378	2518	3415	2945	3305	1433	4185	2167	4168	3601	2626	1732	3842	2717	3406	2616	2490	2750	2263	2732	1762	2284	2083	4985	4625	4545	9184	22027	5590
Rv0419	4801	7584	3274	4193	4363	5347	4158	5894	3352	6287	5748	4476	4506	5641	3655	4643	4446	3800	5214	3963	4480	3985	3727	4194	5697	5715	5102	7318	17898	4452
Rv0420c	733	1359	549	936	799	1002	649	1093	506	1118	954	787	785	1118	709	949	866	801	637	490	671	515	511	578	951	799	896	1164	2750	652
Rv0421c	1661	1753	830	891	967	1533	1449	1585	915	1379	1482	1227	1716	1538	998	1069	978	1090	386	293	357	376	418	622	762	1054	718	1090	2870	700
Rv0422c	2606	2385	1315	1295	1371	2136	2042	2175	1438	1957	1850	1695	2394	2030	1456	1536	1324	1591	866	663	787	1096	1051	1420	1385	1473	1178	1879	4691	1111
Rv0423c	9379	10139	5066	5358	5625	8238	7247	8774	4868	7014	6827	6431	8402	7822	5307	5349	5177	6139	4062	3518	4048	5063	5104	6086	6855	6872	6902	11856	29455	7385
Rv0424c	1826	2260	1026	1183	1305	1822	1471	2019	1044	1524	1579	1509	1713	1883	1275	1251	1394	1633	671	674	825	855	958	1014	1438	1401	1579	790	1843	471
Rv0425c	17927	16203	7680	7850	9897	15565	12826	16750	8157	12251	12612	11733	15687	14301	8064	9426	9181	11852	6928	5433	5797	6352	6276	7588	8869	10967	8832	12740	31646	7435
Rv0426c	3988	3057	1381	1576	1731	2720	2999	2413	1381	2223	2198	2154	3046	2277	1566	1622	1531	1813	1702	1353	1582	1970	1845	2066	2154	2243	1836	3243	7905	1969
Rv0427c	799	1340	628	780	767	1001	718	1118	546	983	1008	788	825	970	642	781	683	723	536	411	411	508	565	522	1087	1009	941	1644	4030	1067
Rv0428c	543	1148	404	567	593	802	461	1016	405	832	787	575	508	871	424	605	611	463	248	221	198	227	334	313	759	856	738	1340	3352	815
Rv0429c	587	1336	523	796	747	865	454	1088	502	988	906	657	586	997	547	858	678	639	266	262	227	285	454	365	1059	1050	1098	2397	5771	1484
Rv0430	622	3183	301	1768	1270	1555	350	2327	323	2056	1563	1132	429	2041	336	1437	1083	959	508	415	415	293	696	309	2806	2278	2149	3189	7756	1985
Rv0431	1111	3426	832	1633	1626	2027	922	2445	877	2200	1959	1382	978	2549	924	1589	1521	1317	746	637	660	620	860	713	2190	2141	1924	3232	7457	1930
Rv0432	2366	4781	2548	2467	2636	2953	1991	3752	2197	3458	3498	2404	2285	3536	2519	2852	2530	2303	1824	1670	1963	1820	2270	2630	3324	3608	3554	5188	12485	3054
Rv0433	2463	4967	2217	3015	2751	3475	2117	4049	2195	3749	3797	2709	2579	4088	2619	3184	3092	2905	1478	1374	1697	1689	2228	2271	4105	3826	4127	4171	9908	2455
Rv0434	1201	1834	1125	1252	1318	1570	1112	1638	1237	1830	1725	1303	1265	1626	1323	1386	1251	1204	413	365	441	477	587	695	1141	1404	1101	1010	2388	646
Rv0435c	3132	4805	2379	2421	3027	3831	2577	4944	2557	3827	4075	3003	3039	4109	2496	2911	2895	2917	1941	1619	1757	1418	1719	1909	2999	3576	2641	3170	8075	1896
Rv0436c	1521	2367	1262	1384	1451	1841	1314	2179	1248	1939	1820	1416	1613	1887	1385	1458	1444	1419	1076	1058	1191	1034	1202	1325	1848	1812	1843	1787	4480	1177
Rv0437c	899	1112	794	589	685	869	682	1078	666	876	852	650	846	768	704	616	549	537	669	467	527	551	484	750	612	871	595	1121	2684	678
Rv0438c	1363	2223	1011	1078	1286	1575	1027	2026	1083	1589	1713	1225	1270	1808	1081	1215	1205	1192	931	733	853	712	785	853	1258	1464	1259	1752	4439	1118
Rv0439c	534	1022	533	511	574	587	469	793	465	744	722	435	516	730	531	589	477	459	450	432	477	414	525	543	779	836	736	1451	3475	823
Rv0440	73616	68639	9320	19118	34933	39504	51854	73919	15653	35732	42457	30129	62615	72565	13127	30526	38940	34261	12392	10083	11393	23604	21085	26007	41507	47257	37807	16901	42618	9844
Rv0441c	1836	2344	1772	1481	1460	1884	1546	1772	1701	2207	1884	1420	1689	1796	1839	1520	1401	1359	2320	1847	2127	1494	1437	1686	1761	1988	1547	3278	7926	2072
Rv0442c	847	1265	868	784	784	957	664	1067	905	1204	1041	717	751	1086	1015	947	825	703	1063	808	1015	749	666	889	930	940	865	1220	2855	782
Rv0443	1701	2269	1824	1564	1485	1741	1326	1977	1798	2134	2089	1604	1858	1814	2511	1772	1679	1559	2494	2246	2685	1642	1730	1863	2343	2121	2415	3306	7783	1971
Rv0444c	1601	3319	2234	2096	2053	2432	1348	2582	2062	3082	2953	1886	1506	2536	2209	2235	1992	1770	1898	1494	1513	1069	1350	1354	2177	2970	2124	3415	8377	2056
Rv0445c	689	1947	966	1135	1005	1202	576	1272	772	1277	1198	900	671	1155	878	981	818	720	967	800	907	737	775	677	1645	1297	1331	2382	5665	1391
Rv0446c	824	2121	815	1456	1315	1524	694	1647	964	1884	1658	1261	851	1564	1067	1397	1246	1082	415	366	410	363	541	425	1349	1365	1303	1585	4079	1006
Rv0447c	681	1391	617	1010	794	1084	478	1048	663	1210	1016	781	661	1162	735	1006	875	784	340	368	378	316	495	428	1143	933	1021	1611	3839	1011
Rv0448c	270	450	322	406	275	322	238	334	291	414	349	289	297	283	354	308	290	247	311	254	291	269	284	294	452	379	360	866	2130	569
Rv0449c	2414	1244	757	681	624	1375	1846	1059	702	815	795	1064	2302	1011	906	678	594	997	583	516	608	529	550	763	717	711	647	1299	3106	685
Rv0450c	18109	9104	6975	5626	3840	10260	13945	6769	6147	6692	4726	7868	15699	6913	7824	5059	4071	7637	7336	7015	9153	6555	7140	8607	7957	6114	7345	8520	19993	5017
Rv0451c	3775	1744	1317	916	637	2045	2943	1178	1070	1209	738	1534	2951	1200	1307	791	608	1360	1211	1180	1437	1359	1431	1680	1436	869	1210	1258	2891	755
Rv0452	1658	711	1025	398	173	669	1317	498	841	486	251	529	1567	388	906	338	169	417	1897	1531	1587	1918	1470	2049	434	458	328	886	2141	577
Rv0453	859	594	535	320	320	530	685	488	430	463	388	367	799	509	504	361	285	461	431	334	408	441	455	766	300	339	292	435	1187	294
Rv0455c	1803	3215	2212	1823	1648	2078	1516	2147	1615	2135	1910	1553	1404	1925	1768	1445	1403	1364	3577	3501	3848	3146	2717	2725	3069	2013	2614	3494	7830	2179
Rv0456c	271	543	320	324	263	358	251	437	308	397	372	293	251	390	352	280	270	253	333	310	330	301	289	337	432	379	383	650	1548	388
Rv0456A	161	136	117	98	83	102	106	113	104	118	101	68	115	105	118	85	105	72	253	217	232	145	118	138	173	141	132	159	439	107
Rv0456B	81	74	82	56	43	59	58	63	68	53	63	46	70	72	91	62	55	40	130	129	118	106	84	94	120	89	100	132	326	78
Rv0457c	890	808	978	715	554	667	735	648	814	926	750	548	843	490	931	682	540	439	1468	1094	1236	964	910	1042	1100	1080	1039	2405	6199	1475
Rv0458	899	2113	585	827	1134	2002	763	2105	666	1320	1549	1661	845	1836	632	1024	1095	1515	549	484	527	441	467	565	698	863	721	995	2362	590
Rv0459	455	1071	519	577	618	972	444	924	458	761	877	752	481	871	570	628	666	696	326	297	344	264	295	382	607	608	536	708	1768	431
Rv0460	750	1991	854	1351	987	1331	585	1592	678	1497	1248	1010	680	1351	866	1144	882	874	890	783	766	571	636	583	1585	1438	1394	3024	6904	1871
Rv0461	969	2310	1020	1493	1196	1534	783	1772	873	1889	1603	1256	920	1548	1073	1252	1046	1016	1395	1173	1149	840	956	903	2110	1830	1764	3048	7480	1893
Rv0462	6340	13034	8078	9941	8179	9371	5501	10642	7456	11657	9620	7316	6333	9887	9583	9225	7929	6908	10166	9262	11289	6267	7339	6974	14343	11735	14102	18313	43801	10893
Rv0463	1038	1211	1061	869	770	1017	832	1040	887	1228	1027	727	923	971	1114	930	843	748	1116	868	1195	863	864	1132	1201	1029	1052	1235	3089	802
Rv0464c	3693	3117	2857	2423	1896	2377	2886	2357	2207	2696	2358	1737	3520	2530	3070	2127	1906	1810	3337	2947	3762	4038	3719	5019	2968	2381	2800	3114	7225	1861
Rv0465c	7556	1874	2047	1394	1118	1509	5667	1433	1536	1582	1322	1141	6483	1387	1873	1295	1024	1050	5357	4000	5135	6935	5418	7705	1964	1695	1557	2172	5457	1359
Rv0466	1491	3448	2879	3192	2269	2714	1333	2502	2667	3779	2811	2048	1512	2381	3119	2847	2031	1824	1665	1521	1711	1356	1866	1805	3556	3206	3194	6466	15705	3922
Rv0467	7338	2764	14262	4558	2432	4408	5828	2515	13379	6853	3152	3293	7101	1790	15231	5458	2342	2955	11899	10483	14584	18477	13929	26583	2941	3359	2828	31964	77551	20067
Rv0468	2297	2754	4661	2730	1639	2341	1847	2102	4127	3421	2153	1924	2266	2055	5434	2563	1626	1717	1856	2090	2534	2420	2434	4331	2883	2592	2444	8418	20711	4912
Rv0469	5434	8204	7215	6429	4734	6823	4715	5484	6320	8015	5787	5379	4545	6080	8023	5951	4811	5347	3259	3895	4602	4059	5484	5573	9259	6702	7880	8922	21591	5086
Rv0470c	6021	6681	4815	4721	4170	5271	5072	5112	4211	5570	4926	4203	5593	5347	5587	4492	4214	4159	6580	5917	7027	5621	5743	5865	7670	5864	7158	8240	20328	4847
Rv0470A	280	345	242	179	175	332	220	319	242	286	309	261	274	315	335	239	249	240	308	261	323	230	237	290	265	259	240	202	436	127
Rv0471c	565	612	499	405	371	493	424	498	416	539	555	389	511	473	537	420	432	421	718	564	723	512	503	605	499	559	529	709	1606	404
Rv0472c	2114	2789	1255	1742	1548	1934	1735	2223	1120	2005	2112	1602	1900	2355	1471	1823	1765	1687	2586	2320	2718	1917	1752	1625	2680	2286	2761	2830	6954	1730
Rv0473	2132	1817	886	1119	1116	1568	1717	1530	906	1464	1477	1323	1911	1534	1089	1153	1223	1104	2200	1905	2050	1460	1275	1397	1615	1538	1540	1885	4425	1175
Rv0474	1251	1114	465	515	650	831	1317	841	404	588	802	609	1201	1010	493	442	722	616	4745	4042	4369	1480	1203	1400	1118	838	1062	1071	2512	597
Rv0475	7324	4807	3398	2403	2952	3418	7966	3954	3181	3307	3481	2753	6879	3374	3612	2696	2499	2390	9546	6727	7178	5637	3399	5725	2491	3029	2461	7591	19004	4561
Rv0476	2045	2167	1319	978	1203	1570	1797	1891	1190	1376	1477	1239	1955	1703	1489	1090	1094	1107	3656	3113	3237	2802	2084	2296	1847	1473	1756	2630	6351	1721
Rv0477	2217	2248	1306	1168	1270	1776	1765	2065	1202	1694	1543	1332	2066	2025	1335	1286	1341	1347	2381	1971	2480	1621	1403	1994	1241	1401	1355	1945	4667	1205
Rv0478	1544	1613	1100	881	999	1405	1185	1432	1009	1291	1313	1116	1389	1506	1084	985	998	1034	1100	937	1128	751	796	1106	1057	1100	989	1198	2890	677
Rv0479c	4137	5328	4051	3751	2961	4271	3131	3985	3312	4369	3551	3074	3565	3850	4080	3502	2874	2958	3695	3404	4867	3478	3966	4551	5256	4298	5109	4716	10894	2701
Rv0480c	1304	1129	677	717	659	951	945	949	683	965	897	755	1081	785	639	671	559	611	512	376	384	489	448	599	829	868	668	1317	3245	767
Rv0481c	891	949	311	409	405	837	651	775	333	509	474	652	840	755	401	379	366	670	319	296	339	316	368	427	519	460	482	909	2185	551
Rv0482	857	1583	645	841	781	1239	677	1303	641	1024	1096	948	801	1168	723	838	805	821	478	420	462	386	519	559	943	947	825	1684	4299	1056
Rv0483	12097	12852	12949	13060	10018	10905	10065	9846	11487	16910	12840	8841	11968	8681	13301	13868	9478	7977	10256	9166	10666	9143	9629	11828	14306	15552	14617	25569	62356	16158
Rv0484c	1965	2014	1713	1591	1284	1598	1636	1704	1575	2205	1811	1291	1921	1496	1799	1647	1324	1142	1682	1229	1501	1305	1266	1664	1754	2005	1580	3074	7460	1930
Rv0485	11107	5754	5704	4083	4134	5127	8880	5076	5566	6166	5786	4222	10678	4496	6368	5196	4205	3915	10816	8107	9509	8776	6708	9994	4043	4858	3852	9049	22301	5550
Rv0486	6015	5241	4468	3002	3515	4989	4757	5212	4300	4651	5045	3943	5270	4663	4454	3642	3347	3596	6900	4974	5489	4167	3329	4559	3015	4326	3061	6364	15990	3786
Rv0487	1245	1427	949	826	907	1272	1009	1283	881	1131	1208	1023	1172	1293	1165	905	1068	952	1595	1381	1507	956	974	1116	1333	1112	1195	1261	3357	770
Rv0488	96	208	78	110	93	156	106	163	66	121	134	85	124	178	117	105	116	105	118	115	140	97	119	82	197	146	188	171	444	137
Rv0489	951	1975	1268	1169	1169	1166	804	1435	1150	1458	1469	952	836	1453	1396	1127	1079	896	1888	1544	1743	1091	1186	1190	2054	1945	2016	3166	7748	1942
Rv0490	4937	5623	4459	3906	3946	4933	4293	4826	4374	5126	4937	4009	4626	4927	5001	4252	4117	3779	8288	6552	7359	4326	3913	4502	5780	5589	5336	7293	17998	4442
Rv0491	3469	3427	2640	2436	2513	3241	2935	3139	2866	3312	3297	2554	3351	2969	3699	2711	2716	2256	4876	4229	5094	2890	2704	3223	3715	3297	3452	3127	7559	1966
Rv0492c	1615	1887	1156	969	1247	1546	1297	1913	1295	1662	1686	1214	1542	1639	1294	1175	1183	1215	1243	1018	1087	853	780	1048	1104	1395	972	1623	4106	1048
Rv0492A	184	196	77	104	91	139	121	193	89	135	141	97	156	140	81	104	103	72	77	66	59	68	70	97	129	135	108	333	824	208
Rv0493c	297	498	203	163	239	289	250	409	196	316	310	223	294	313	176	222	251	202	189	152	155	125	185	196	295	293	204	614	1441	386
Rv0494	368	453	273	220	276	333	306	366	314	279	387	243	356	277	290	226	247	205	453	338	343	209	224	278	280	340	213	508	1355	332
Rv0495c	2203	3162	2268	1717	2177	2425	1876	2682	2153	2545	2720	2015	2138	2472	2429	1967	2115	1907	2887	2256	2619	1872	1766	2253	2328	2616	2414	3741	9556	2284
Rv0496	2406	4258	2420	2613	2391	3005	1987	3330	2281	3332	2992	2213	2307	2994	2678	2530	2352	2115	2495	2252	2464	1918	2069	2252	3668	3625	3398	6248	15448	3835
Rv0497	2641	3961	2196	2259	2366	3070	2241	3246	2114	3358	2943	2286	2575	2789	2211	2418	2134	2101	1664	1393	1480	1285	1463	1730	2771	3362	2619	5903	14503	3672
Rv0498	1229	2051	856	1039	1308	1662	1086	1929	866	1634	1717	1347	1306	1808	1012	1256	1260	1206	629	475	626	687	709	928	1222	1354	1065	1247	3248	799
Rv0499	787	1608	572	749	984	1254	584	1460	699	1118	1263	1016	715	1374	601	810	875	915	174	141	166	166	234	210	757	980	703	986	2430	636
Rv0500	786	1829	945	1209	1102	1244	605	1488	922	1549	1434	954	696	1393	1060	1126	1094	860	545	500	499	452	576	603	1520	1474	1156	1778	4338	1115
Rv0500A	1100	3385	762	1544	1645	1770	814	2249	762	1698	1954	1365	988	2194	1070	1339	1607	1180	1144	1192	1114	1011	1204	978	3022	2480	2546	2557	6229	1507
Rv0501	3506	6697	4037	5209	4108	5276	2918	5271	3512	6220	5106	4030	3211	5369	4335	4970	4131	3763	2705	2579	3026	2779	3235	3278	5939	5289	5231	6262	14616	3672
Rv0502	6395	11524	7243	8990	7157	9398	5442	8928	6755	10680	9547	7261	6177	9372	8130	8151	7630	6786	6063	5427	7073	5723	6603	7528	10850	9241	9478	11186	26484	6876
Rv0503c	1765	5645	2153	3249	2684	3205	1457	4263	1846	3381	3203	2344	1638	4175	2278	2628	2595	2350	1544	1527	1983	2149	2547	2653	4930	3487	4404	4041	9747	2417
Rv0504c	592	1180	473	648	530	740	461	977	459	797	693	524	544	848	552	583	594	520	414	354	516	363	515	508	981	923	1006	858	2142	564
Rv0505c	2239	2743	1825	1377	1757	2197	1834	2539	1935	2145	2306	1724	2218	1997	1933	1670	1616	1551	1654	1281	1654	1223	1404	1986	1604	2232	1963	2684	6728	1663
Rv0506	911	2677	762	1141	1172	1351	680	2031	653	1427	1484	1153	779	1875	898	1077	1278	1059	838	748	986	854	1056	879	2682	1871	2372	1565	3547	992
Rv0507	2777	5468	2530	3372	2994	3720	2162	3958	2387	4034	3768	2967	2259	4245	3249	3059	3190	2798	2971	2890	3320	2420	2991	2654	5871	4411	5458	2779	6610	1853
Rv0508	791	1075	499	668	743	844	687	895	583	887	919	710	738	832	765	738	717	590	964	751	849	1036	894	1030	963	818	788	496	1291	316
Rv0509	15027	16163	10469	9948	12112	15317	12488	15262	10987	15206	16322	12887	14601	12998	11725	11941	11314	10766	10383	8283	9564	12819	11372	15686	11304	11715	9978	20662	50608	12611
Rv0510	5605	7676	4186	4428	5500	7312	4763	7891	4604	6977	7462	5657	5448	7113	4857	5310	5425	5528	2137	1701	1865	2404	2327	3339	3967	5039	3364	6122	15785	3736
Rv0511	7811	12202	7316	6354	8378	10258	6190	13836	7560	10430	11216	7947	8124	10925	7632	8182	7580	7729	4335	3748	3902	3015	3921	4488	7543	9376	7227	14695	36972	8547
Rv0512	4043	6406	3233	3974	4177	5391	3286	6208	3547	5656	5702	4342	4046	5825	3933	4779	4271	3988	1571	1460	1556	1101	1636	1634	3987	4469	3723	5001	12037	2844
Rv0513	2831	4997	2316	2898	3324	4297	2335	4827	2585	4249	4280	3435	2959	4246	2792	3448	3008	3026	734	753	843	591	934	889	2426	2885	2391	2547	6778	1612
Rv0514	1359	2183	1116	1213	1462	1935	1068	2085	1181	1856	1855	1526	1310	1875	1080	1383	1259	1341	346	327	338	268	400	415	892	1270	810	1293	3488	830
Rv0515	4715	6066	4770	3929	4212	5492	3825	5392	5079	5403	5564	4350	4307	5107	5950	4159	4172	3900	3619	3201	3529	4451	4370	6404	3667	3820	3223	5535	13531	3391
Rv0516c	6771	7021	11805	6611	5520	6776	6049	5420	10669	7303	7006	5212	6900	5629	15001	5902	5770	5145	6000	6185	7491	15476	13302	20670	4655	4110	4552	9308	21767	5582
Rv0517	1702	2878	2311	2542	1878	2363	1494	2206	2211	2917	2357	1887	1663	2134	2725	2217	1938	1619	1124	1025	1220	1140	1405	1724	2376	2296	2209	3261	7894	2010
Rv0518	578	1312	516	827	702	871	403	986	516	949	823	692	514	1023	572	747	691	591	397	328	358	358	390	458	1061	832	824	1178	2816	802
Rv0519c	700	1878	302	888	897	1081	427	1480	279	1313	1133	828	551	1279	322	925	886	713	614	512	503	394	525	452	1508	1641	1414	2482	6521	1558
Rv0522	2209	2120	1235	1287	1211	1790	1688	1662	1136	1677	1516	1410	1877	1736	1485	1174	1372	1378	1980	1627	2025	1545	1532	1677	2048	1621	1956	1788	4146	1163
Rv0523c	296	529	309	293	282	359	257	379	234	363	354	308	270	305	326	241	273	264	250	249	287	266	276	246	424	390	409	628	1512	361
Rv0524	4316	7526	5775	4577	5736	6506	3999	7293	5684	7239	7744	5448	4676	6004	5826	5751	5291	5111	6297	5000	5053	3506	3921	4573	5470	7411	5926	10935	27570	6636
Rv0525	1109	1774	1230	1060	1466	1677	1017	1858	1363	1679	1871	1267	1151	1525	1321	1308	1280	1192	1020	739	880	716	783	942	1163	1531	1126	2101	4923	1263
Rv0526	1833	2927	1703	1785	2240	2677	1503	3038	1869	2676	2984	1996	1893	2740	2046	2256	2268	2195	1274	1127	1173	847	1144	1239	2075	2497	2072	3216	7956	1899
Rv0527	2510	4079	2456	2276	3275	3972	2000	4591	2826	3900	4245	3037	2311	3570	3066	2856	2977	2665	1367	1124	1308	672	990	1174	2177	3285	2256	4806	12409	2848
Rv0528	2729	4757	3008	2506	3374	4218	2062	5766	2993	4022	4558	3130	2736	4418	3040	3122	3177	3228	2124	1782	1850	946	1546	1346	3125	4200	3154	6279	15831	3666
Rv0529	1954	3636	2125	2124	2588	3080	1635	3604	2424	3248	3336	2364	1990	3109	2475	2467	2501	2390	1373	1122	1304	752	1106	1040	2721	3018	2551	4072	9972	2345
Rv0530	4585	4917	2538	2485	3179	3996	3397	4474	2586	3848	4010	2897	3945	3796	2460	2728	2793	2630	2993	2485	2703	2263	2313	2432	3166	3927	3010	6752	16740	4084
Rv0530A	1030	930	530	496	530	647	854	775	515	615	645	563	1036	767	621	552	564	606	1091	998	1097	1017	788	938	860	722	824	1305	3256	803
Rv0531	496	970	457	514	659	669	409	853	463	801	783	536	460	812	605	529	602	522	383	318	338	319	373	339	769	730	660	1038	2537	614
Rv0532	1524	1671	1303	1064	1381	1705	962	2298	1371	1747	1815	1353	1183	1427	1282	1292	1128	1146	461	354	373	347	441	543	649	1075	668	1234	3199	784
Rv0533c	1259	2572	1049	1285	1436	1707	942	2293	1038	1711	1680	1320	1143	1679	1062	1360	1226	1220	535	483	502	511	597	656	1586	1559	1304	3143	7977	1949
Rv0534c	386	1051	422	600	600	760	298	873	432	900	746	591	350	772	371	609	457	486	193	144	155	158	197	247	510	616	432	1075	2682	680
Rv0535	366	421	231	267	247	325	243	348	220	306	333	263	279	356	273	290	268	263	176	140	170	189	171	238	273	307	256	523	1235	363
Rv0536	646	861	547	501	541	747	479	809	588	817	764	561	671	754	586	628	491	503	342	280	304	286	304	412	471	711	434	918	2379	567
Rv0537c	3506	5142	3455	3062	3365	4242	2835	4563	3556	4520	4224	3091	3418	3811	3543	3382	3034	2986	3030	2498	2650	2064	2238	2799	3758	4343	3532	6464	16047	3957
Rv0538	2206	1929	1330	1104	1517	1940	1615	2373	1376	1929	1896	1435	1870	1719	1321	1341	1280	1376	1348	1001	1118	955	935	1297	1244	1550	1009	2728	6823	1633
Rv0539	1517	1549	1161	907	957	1353	998	1393	1099	1388	1356	1089	1352	1221	1062	1136	957	1008	1582	1403	1614	1024	1045	1207	945	1140	926	2748	6658	1679
Rv0540	249	373	207	196	254	292	201	354	204	308	333	224	271	331	223	219	232	238	125	89	110	147	125	218	150	219	169	268	652	175
Rv0541c	2190	3713	1469	2108	2429	3362	1844	3347	1748	3188	3303	2712	2155	3502	1861	2631	2426	2466	701	655	708	596	839	812	1479	1864	1553	1507	3912	968
Rv0542c	2623	4439	1800	2501	2734	3693	2099	4035	2034	3692	3761	2906	2511	4189	2237	2952	2811	2890	758	554	710	575	879	1018	1961	2563	1913	1539	3908	945
Rv0543c	1811	2722	1473	1708	1635	2078	1526	2404	1462	2124	2053	1663	1791	2385	1842	1806	1805	1650	1579	1486	1906	1182	1427	1711	2163	2046	2182	2742	6329	1705
Rv0544c	1224	2589	1362	1358	1604	2024	999	2328	1498	2162	2152	1646	1198	2127	1378	1626	1598	1510	732	698	739	695	969	929	1868	1942	1717	2701	6547	1576
Rv0545c	11206	21252	12282	13012	14461	18323	9040	19908	13467	20149	19034	14175	10785	18340	14180	15611	14665	13362	6064	5373	6490	5250	7083	8362	14386	16419	13911	21313	52775	12846
Rv0546c	493	1200	620	677	622	779	448	958	604	836	792	633	482	805	631	643	600	553	482	428	445	364	531	470	998	954	908	1236	3007	725
Rv0547c	972	1691	1246	984	929	1199	744	1416	1055	1284	1290	973	867	1196	1151	1032	842	754	1294	1167	1071	728	700	742	1327	1413	1158	2508	6160	1633
Rv0548c	2818	3769	2585	2720	2302	2929	2337	2944	2401	3469	2771	2578	2633	2417	2944	2729	2067	2114	1542	1507	1514	1329	1553	1481	3080	3035	2770	5940	15379	3617
Rv0549c	810	384	256	226	230	299	679	322	223	357	338	251	696	329	280	249	219	224	1215	934	1058	718	657	644	515	506	482	531	1348	391
Rv0550c	439	207	112	95	128	173	396	176	113	168	178	133	364	176	152	136	106	102	507	371	425	327	240	260	229	249	207	292	760	178
Rv0551c	632	989	612	510	553	632	578	823	580	653	693	502	671	763	736	491	550	447	773	698	722	554	571	628	779	726	776	2253	5542	1448
Rv0552	1098	1154	574	545	623	863	839	972	522	714	821	632	980	872	599	570	511	565	754	631	658	602	529	706	751	754	672	1619	3891	1049
Rv0553	496	533	318	218	268	387	417	467	291	333	353	311	489	410	317	270	244	306	270	223	224	172	189	260	281	324	245	570	1554	362
Rv0554	934	2085	972	1335	1303	1366	862	1742	860	1710	1618	1087	963	1557	1018	1312	1186	1086	615	515	622	491	673	703	1466	1573	1329	2539	6155	1501
Rv0555	4231	6834	3330	3614	4744	5786	3347	6702	3495	5867	6268	4453	4135	5851	3512	4349	4327	4375	2209	1837	1922	1502	1730	2007	3775	4396	3243	6364	16379	3923
Rv0556	987	1779	843	1096	944	1369	748	1411	849	1298	1290	1101	895	1685	995	1030	1135	1198	627	575	658	380	697	570	1615	1459	1586	1119	2658	711
Rv0557	1669	2185	1150	1459	1470	2087	1323	2052	1249	2054	2015	1793	1604	2171	1457	1712	1679	1611	557	503	647	552	729	811	1400	1552	1476	1400	3514	919
Rv0558	3978	2835	2293	1893	1858	2499	4049	2392	2411	2787	2516	2119	4523	2263	2782	2195	1709	1905	2782	2288	2483	9570	6923	12129	1998	2365	2142	3367	8283	2066
Rv0559c	5884	3017	2206	1796	1420	1858	6893	2330	1709	1987	1688	1514	7392	2237	2339	1557	1423	1500	3449	2938	3754	27101	18064	31252	2407	1962	2382	4220	9680	2481
Rv0560c	15245	1796	1253	583	348	656	21745	1704	1380	849	516	564	20907	1848	1508	549	347	493	3719	2464	3572	116792	78912	128954	448	475	461	1080	2608	648
Rv0561c	816	1040	607	578	614	778	697	932	602	848	853	635	807	837	623	663	610	562	669	525	656	855	734	971	668	738	652	1351	3161	817
Rv0562	3368	5134	3247	3453	2982	3705	2704	3993	3197	4264	3829	2892	3165	3983	3566	3331	2897	2475	2679	2227	2324	3032	2727	3169	3990	4146	3273	6773	16752	4100
Rv0563	4487	2616	1315	1298	1160	1999	3691	2105	1213	1703	1697	1701	3853	2148	1344	1292	1245	1550	3854	3063	3559	4024	2903	3416	2126	2059	1912	3252	7723	2015
Rv0564c	1689	1378	630	614	726	1020	1226	1165	613	909	937	850	1600	1262	662	698	807	898	1314	952	1270	1393	1079	1373	977	964	948	976	2398	608
Rv0565c	779	923	592	628	495	694	623	794	467	691	596	565	691	740	616	568	476	527	540	473	607	730	786	783	925	703	870	1335	3304	890
Rv0566c	288	669	417	403	379	423	251	536	360	453	424	329	252	387	467	359	271	256	300	275	326	456	427	495	683	524	669	1229	2776	734
Rv0567	1096	2709	1634	1839	1508	1786	927	1993	1507	2180	1747	1320	1036	1732	1756	1697	1383	1273	1328	1205	1378	1283	1286	1321	2628	1979	2068	5093	12403	3093
Rv0568	4558	6008	4130	3180	3756	4739	3695	5132	3953	4646	4750	3650	4138	4498	4029	3352	3204	3243	5056	3926	3708	4346	3399	4117	4338	4735	3648	6849	17744	4338
Rv0569	654	741	412	447	474	617	483	747	575	828	725	589	553	650	658	645	517	514	712	652	781	702	605	799	640	649	593	470	1138	294
Rv0570	865	1163	527	714	737	993	687	1107	650	1086	976	803	785	1039	695	850	674	776	798	641	748	738	612	720	897	869	732	1579	4541	1041
Rv0571c	660	637	432	412	345	536	611	527	457	556	568	464	653	533	480	523	405	443	737	661	705	519	439	572	543	476	507	849	2090	604
Rv0572c	146	341	211	221	189	168	132	264	154	234	200	156	142	190	193	209	137	123	200	202	212	185	214	221	371	256	337	519	1191	320
Rv0573c	301	420	288	269	257	318	267	309	267	343	336	271	310	323	329	295	293	284	265	219	251	246	260	276	376	323	306	574	1244	332
Rv0574c	225	285	181	203	181	233	192	240	202	332	243	196	238	225	205	211	155	181	173	171	157	194	159	231	237	217	202	325	910	245
Rv0575c	128	218	83	134	122	214	124	187	78	153	153	181	132	133	89	145	111	171	92	64	84	81	78	77	130	122	136	278	559	191
Rv0576	2157	2293	911	1021	1382	1787	1819	2081	853	1550	1732	1356	1980	1953	884	1175	1234	1303	1279	1061	1357	969	1012	1262	1121	1489	1269	1949	4601	1118
Rv0577	2161	2624	1066	1280	1613	2117	1971	2692	1226	1900	2022	1726	2092	2071	1418	1414	1543	1526	1450	1228	1427	863	832	1107	1281	1705	1362	1618	4013	978
Rv0578c	4717	4349	5905	3151	3607	4853	3809	7014	6113	5313	4912	3797	4395	3461	6018	3906	3038	3313	3503	2807	3109	3014	2341	4034	1919	2790	1885	6234	16321	3639
Rv0579	1355	1482	1146	947	894	1247	1146	1293	1102	1329	1299	1083	1248	1191	1292	1033	982	988	1256	1011	1162	1267	1028	1385	1132	1115	1045	1549	3662	912
Rv0580c	999	858	620	525	552	751	795	776	654	727	743	691	919	663	787	566	530	569	912	758	966	987	851	1179	580	613	597	843	1956	496
Rv0581	572	816	227	321	460	562	389	755	267	517	575	504	463	532	367	360	354	355	440	354	337	336	373	302	722	740	687	640	2078	408
Rv0582	569	1016	340	576	519	715	451	808	362	765	807	636	497	821	399	655	557	596	520	439	527	374	485	451	776	910	785	785	1939	499
Rv0583c	793	1968	891	1291	1221	1536	667	1679	852	1632	1602	1223	841	1555	1146	1238	1241	1153	721	717	830	768	911	975	1738	1455	1639	2107	4794	1299
Rv0584	432	909	376	608	621	736	345	745	373	748	671	604	411	779	464	661	538	548	373	321	386	337	360	362	674	515	572	1007	2288	633
Rv0585c	752	1237	715	853	740	910	618	902	576	1050	902	704	781	1015	669	798	751	757	599	567	655	591	692	686	1059	939	968	1483	3657	1020
Rv0586	1370	1289	661	882	778	1065	1290	1023	573	1156	930	833	1294	984	672	912	668	711	1451	1206	1307	1140	849	862	1223	944	985	2263	5494	1384
Rv0587	1538	1889	998	1312	1266	1687	1435	1706	937	1866	1626	1325	1551	1615	1030	1483	1295	1301	1940	1585	1706	1361	1158	1469	1347	1370	1323	2326	5548	1440
Rv0588	1495	2342	877	1477	1455	1933	1230	1952	897	2035	1801	1616	1304	1926	951	1527	1432	1532	1633	1471	1708	1130	1166	1301	1764	1685	1678	2394	5798	1459
Rv0589	1564	2528	1108	2051	1610	2196	1285	2008	1012	2546	1891	1881	1402	2344	1440	2052	1824	1706	1870	1649	2281	1337	1344	1345	2534	1950	2364	1825	4275	1102
Rv0591	222	326	156	231	207	307	195	279	153	294	287	227	220	341	173	216	243	259	213	201	197	128	159	122	250	218	251	293	704	207
Rv0592	238	414	175	291	243	318	183	337	170	390	290	253	225	348	208	342	303	257	172	172	200	111	151	142	258	272	294	305	774	222
Rv0593	311	542	232	413	319	441	294	420	234	482	416	308	316	420	281	358	307	340	277	253	266	230	236	235	438	349	367	930	2135	568
Rv0594	555	932	478	586	530	635	497	715	445	712	649	523	592	734	544	603	577	517	477	450	486	412	410	399	718	609	667	940	2271	607
Rv0595c	102	141	62	64	72	89	93	125	55	80	91	86	84	129	87	88	74	76	103	94	145	96	99	107	143	110	118	119	270	74
Rv0596c	61	88	26	40	52	66	53	78	32	57	61	53	63	77	33	49	49	56	69	52	67	47	61	65	86	77	70	94	247	61
Rv0597c	1302	4295	868	1418	2172	2486	990	3747	893	2279	2710	1902	1209	3361	982	1755	2051	1702	1029	870	1015	541	1062	760	2709	3291	2853	3272	8091	2001
Rv0598c	352	1137	279	384	495	565	288	981	203	514	677	495	343	976	280	461	530	452	325	269	350	198	385	288	826	854	943	701	1634	402
Rv0599c	238	665	153	252	318	310	150	583	119	297	360	286	189	540	188	242	314	303	191	181	218	149	220	152	550	447	562	485	1108	274
Rv0600c	47	160	45	76	79	107	36	119	49	102	124	78	44	115	54	83	72	50	20	29	19	17	29	17	105	97	87	182	472	124
Rv0601c	25	58	24	29	40	42	17	50	31	64	43	32	30	48	22	36	35	23	16	10	10	9	21	17	35	49	32	66	121	47
Rv0602c	53	87	48	39	45	73	33	58	43	65	73	54	50	71	50	43	31	39	27	24	32	31	28	44	52	56	42	81	236	73
Rv0603	45	30	23	23	16	36	30	24	27	33	32	27	36	16	12	20	9	24	12	10	14	19	11	15	10	29	18	29	90	22
Rv0604	761	1097	648	676	679	876	608	944	724	990	840	712	669	791	671	708	583	587	400	334	355	436	394	474	603	727	529	1072	2727	688
Rv0605	846	1226	442	600	630	800	691	1126	474	922	935	736	771	1057	552	732	695	643	940	788	774	1036	756	699	837	771	836	1307	3034	731
Rv0607	93	162	53	96	88	119	85	150	65	95	123	99	113	176	86	103	122	86	123	99	93	91	111	103	124	114	119	165	404	100
Rv0608	513	1447	481	732	791	955	465	1227	498	1120	1057	801	456	1079	582	856	745	761	652	533	553	495	682	523	1320	1243	1372	1343	3156	795
Rv0609	628	1205	543	717	713	875	549	973	533	1089	1032	799	572	994	618	855	697	759	799	635	622	542	658	565	1092	1091	1060	1165	3020	718
Rv0609A	329	554	233	376	307	435	253	436	278	487	500	371	335	520	367	436	367	356	372	282	352	299	355	317	527	466	565	439	1037	244
Rv0610c	822	998	504	647	593	949	655	902	503	914	922	755	748	904	533	697	661	732	265	220	256	312	331	399	610	641	485	844	2169	522
Rv0611c	1404	1501	861	1123	835	1173	1063	1156	747	1160	1151	989	1269	1035	1008	993	805	834	748	701	726	866	796	864	1348	999	1000	2284	5515	1276
Rv0612	238	354	217	196	184	273	177	348	202	328	298	200	231	294	238	274	175	173	159	119	147	105	104	154	168	226	164	305	771	172
Rv0613c	5429	8497	6278	4947	5920	7283	4489	8267	6389	8249	7377	5521	5321	5901	6145	5547	4618	4623	3825	2961	3020	2708	2834	3496	5448	7001	4783	14141	35958	8861
Rv0614	378	746	405	492	417	507	297	574	393	625	494	372	335	474	399	438	351	295	375	326	321	256	288	287	594	588	499	2403	5441	1393
Rv0615	1006	1171	867	846	769	981	914	889	947	1180	967	770	934	854	1036	799	744	651	1708	1474	1428	1061	937	978	1239	1215	980	1752	4336	1041
Rv0616A	438	479	163	275	277	383	434	465	188	432	355	264	415	469	208	330	328	321	377	361	441	396	356	417	462	415	497	704	1816	452
Rv0617	664	692	213	378	372	525	608	654	233	556	545	418	620	616	282	453	473	404	608	431	549	477	430	512	566	570	586	801	2038	528
Rv0620	17	28	10	15	20	20	17	29	17	19	29	21	18	29	18	11	11	11	11	6	11	3	4	8	13	9	8	19	48	28
Rv0621	240	338	232	181	190	268	193	254	221	251	246	196	239	214	219	188	162	162	479	377	354	360	243	369	238	264	201	543	1190	299
Rv0622	138	221	121	104	123	150	128	136	146	148	139	127	139	132	188	107	121	119	377	297	366	318	230	301	186	162	179	222	618	156
Rv0623	379	505	244	257	341	357	382	451	252	409	395	283	385	370	280	254	263	296	540	425	401	353	335	326	513	521	413	796	1840	458
Rv0624	432	561	297	314	326	410	400	465	244	396	424	373	466	496	300	325	363	356	583	456	584	473	483	489	539	517	521	554	1330	402
Rv0625c	485	872	567	551	550	744	435	746	493	709	673	531	497	603	504	523	419	424	425	349	315	347	289	354	518	602	456	1226	3159	794
Rv0626	762	1497	554	598	804	988	656	1268	524	914	1038	808	689	1092	506	694	712	667	795	617	630	575	642	630	1089	1176	930	2459	6174	1528
Rv0627	819	1154	472	519	581	828	628	883	453	729	875	667	694	941	538	558	543	576	649	504	519	459	472	602	705	880	656	1454	3433	888
Rv0628c	2203	1676	1093	874	1085	1697	1693	1668	1279	1384	1431	1294	1888	1296	1217	1064	934	1127	1870	1455	1345	1497	1001	1268	1077	1326	882	2063	5552	1382
Rv0629c	555	1006	459	517	713	903	437	1106	604	911	831	705	532	844	523	656	629	651	402	304	310	261	270	380	520	642	416	706	1696	468
Rv0630c	740	1459	696	805	999	1163	679	1504	748	1257	1342	958	834	1333	793	977	963	1024	404	339	378	331	417	470	813	968	754	1191	3209	805
Rv0631c	487	1045	449	527	694	740	394	977	490	790	815	621	538	777	472	688	615	583	299	273	253	244	278	338	548	717	532	1126	2732	726
Rv0632c	3907	7509	4534	4686	4339	4988	3327	5753	3955	5447	5287	4332	3794	5151	5393	4555	4000	3806	4980	4469	5050	3690	3992	4230	5965	5268	6179	9702	23372	6009
Rv0633c	1169	2282	1054	1103	1204	1398	1027	1725	899	1455	1566	1111	1204	1899	1143	1189	1217	1095	1170	990	1198	806	987	936	1749	1674	1590	2335	5484	1381
Rv0634c	2068	2613	1497	1626	1552	1913	1726	2072	1296	1859	1923	1717	1981	2091	1984	1575	1502	1566	2610	2379	2733	2035	1901	2014	2491	1802	2336	3201	7641	1946
Rv0634A	1294	2927	1580	1877	1717	1864	1102	2350	1464	2137	2145	1523	1323	1962	1907	1690	1597	1374	1073	1159	1115	997	1250	1101	2735	2343	2549	3428	8187	1941
Rv0634B	1003	2788	1440	1742	1386	1578	873	1799	1137	1836	1503	1068	871	1743	1411	1442	1152	1068	836	818	861	875	1098	937	2589	1827	2177	3071	7521	1826
Rv0635	3490	7697	3366	5844	3903	4758	2822	5625	3188	5817	4319	3587	3100	5676	4769	4693	4027	3557	2417	2617	3423	2734	3367	3097	7288	4923	6652	8602	20236	5097
Rv0636	3597	6971	3590	4992	3719	4846	3064	5341	3321	5476	4459	3813	3406	4958	4855	4387	3651	3306	2643	2635	3306	2611	3255	3058	6622	4971	6066	8830	21707	5373
Rv0637	4752	9548	4625	6676	5039	6416	4027	7027	3879	7284	5835	5188	4672	7557	5880	5865	5416	5248	3217	3559	4373	3388	4349	4255	9217	6479	8285	10043	24057	5841
Rv0638	4476	8799	3990	6137	5038	6696	3785	6577	3939	7354	6202	5167	3913	7069	4864	6093	5169	5021	3311	2836	3203	2706	2893	2968	5770	5445	5344	6847	16543	4239
Rv0639	8573	16505	7260	11067	9929	13208	7235	12956	7237	14741	12331	10497	8010	13628	8820	11606	10032	9983	6378	5855	6758	4989	6369	5848	12296	10829	11560	14289	34914	8203
Rv0640	3946	7414	3703	5074	4488	5952	3353	6395	3343	6509	5613	4720	3781	6201	4218	5435	4591	4553	2510	2281	3270	1981	3010	2853	5122	5051	5859	4720	12027	2794
Rv0641	10584	20904	6608	12702	11660	15576	8979	16928	7007	15635	14292	12386	9986	14642	8827	13039	10642	10740	4889	4133	4674	3840	5111	4408	11624	11728	11773	26774	64693	16884
Rv0642c	3727	10861	3635	6073	5378	6663	3005	8059	3241	6953	6527	5339	3351	7775	4293	5735	5479	5361	2593	2672	3527	3070	4607	4021	9037	7099	8875	8236	20153	4844
Rv0643c	1353	4823	1659	3107	2439	2872	1213	3404	1475	3348	2680	2191	1373	3247	1879	2504	2214	2067	933	1011	1271	1374	1658	1713	3975	2749	3559	4108	10281	2500
Rv0644c	1230	3215	1616	2178	1691	1838	1034	2247	1288	2433	1743	1358	1093	1947	1597	1784	1444	1287	1135	1002	1267	1214	1443	1441	2798	2016	2233	5148	12073	3158
Rv0645c	1039	1952	1375	1442	1195	1404	873	1443	1086	1682	1496	1141	952	1474	1374	1312	1185	1064	1454	1309	1576	1226	1302	1327	2159	1748	1875	1780	4180	1049
Rv0646c	1284	2328	1342	1408	1467	1679	1008	1932	1265	1914	1810	1320	1118	1817	1352	1483	1467	1233	687	584	751	663	856	971	1851	2033	1764	3258	8210	1922
Rv0647c	2109	4069	2224	2255	2504	2749	1664	3406	1906	3146	2987	1884	1988	3175	2106	2402	2301	1880	1232	1125	1201	1179	1491	1544	3423	3530	2973	6380	16076	3936
Rv0648	292	382	287	241	240	336	207	379	280	279	323	242	278	275	269	230	187	208	288	211	229	261	189	316	210	242	159	545	1367	379
Rv0649	54	94	62	42	50	62	46	86	53	52	66	44	64	69	53	33	37	32	32	28	22	14	28	35	33	56	24	114	311	64
Rv0650	71	119	55	44	66	65	45	107	75	73	77	65	50	72	43	56	43	48	30	39	31	15	25	34	38	47	28	76	227	60
Rv0651	538	2895	388	1024	1191	1413	436	2437	404	1315	1393	1142	469	1646	359	995	846	892	275	201	194	208	327	236	894	1093	846	3652	9001	2230
Rv0652	584	2821	299	874	1222	1586	465	2787	360	1497	1375	1065	500	1728	301	1067	897	930	202	174	224	226	315	266	694	1035	828	2029	4825	1405
Rv0653c	919	3187	432	1188	1426	1828	788	2864	449	1816	1656	1281	825	2038	473	1361	1135	1158	436	377	356	352	473	394	1178	1421	1015	3708	8838	2364
Rv0654	5141	1117	661	433	505	648	4321	926	581	665	645	457	4603	863	564	513	473	491	3103	2450	2885	2928	2011	3180	665	718	662	1640	4095	1041
Rv0655	7364	21113	6792	11233	11455	15185	6748	16585	6904	13557	15441	12299	7667	19965	8759	10866	13371	12584	5910	5254	6826	5503	6836	7594	11437	9930	11740	6744	16500	3896
Rv0656c	257	328	129	202	147	238	242	304	149	257	245	199	282	367	190	212	216	265	126	96	161	116	148	134	211	202	202	145	345	116
Rv0657c	215	221	115	157	126	192	159	172	125	201	146	153	188	195	156	180	141	183	114	107	109	123	137	95	220	175	175	223	541	134
Rv0658c	825	1049	391	688	672	814	598	961	381	979	951	667	796	1087	494	803	798	702	463	392	489	320	441	365	905	861	931	638	1401	414
Rv0659c	2786	4001	1347	2646	2365	2789	2210	3328	1214	3338	3122	2516	2760	3418	1628	2869	2458	2364	2281	1916	2046	1564	1627	1438	3516	3405	3252	3654	8957	2331
Rv0660c	1762	2956	1010	1598	1916	2276	1584	2634	1009	2778	2471	1906	1741	2273	1219	2144	1750	1950	1635	1304	1131	1049	1079	993	2086	2390	1881	3064	8070	2007
Rv0661c	81	120	49	50	50	97	75	101	63	81	78	60	80	92	56	56	55	57	111	89	79	80	99	85	76	95	75	145	371	89
Rv0662c	79	93	50	41	53	69	60	96	40	80	56	56	61	57	40	52	38	52	86	78	79	47	57	65	101	71	69	264	680	173
Rv0663	3770	4611	3299	3410	2929	3513	3218	4051	2911	4326	3748	2746	3708	3763	3611	3453	3105	2643	3313	2807	3258	2183	2917	3014	5140	5060	4951	8748	21034	5119
Rv0664	239	327	166	242	211	214	191	251	169	316	306	189	219	309	204	236	217	160	119	127	138	83	118	134	273	284	253	525	1380	368
Rv0665	156	242	102	162	137	165	124	216	112	194	212	158	167	248	138	159	159	148	67	62	56	44	65	49	228	209	182	373	963	245
Rv0666	58	113	32	79	59	80	52	84	43	80	64	64	80	103	48	63	79	60	20	11	20	11	33	16	116	60	70	93	204	57
Rv0667	29027	74478	23586	45819	43523	58916	23406	69937	25906	66078	54078	45286	27425	68107	28097	55383	45503	45997	8329	8373	10595	8231	16187	14354	45549	45625	45068	58156	142942	35049
Rv0668	26920	73492	14913	38813	42831	60528	20185	70594	18346	59007	52364	45843	24142	62033	18238	47669	39692	43623	5521	5268	6129	4686	11493	7998	33590	37961	36000	47542	118069	29509
Rv0669c	1894	4883	1522	2726	2768	3661	1515	4259	1581	3654	3611	2898	1866	4277	1754	3032	2851	2750	1017	849	1049	682	1185	871	3131	3074	2839	4005	9262	2358
Rv0670	2914	2766	1911	1655	1790	2358	2526	2373	1841	2445	2441	2163	2850	2121	2206	1906	1820	2072	5157	3910	4622	2844	2747	2912	2395	2793	2680	3469	8052	2076
Rv0671	1675	1735	985	1024	1023	1445	1310	1491	898	1290	1368	1173	1493	1561	1069	1174	1046	1196	1721	1459	1755	1011	1023	1180	1435	1393	1316	1510	3497	906
Rv0672	3422	3840	1192	1488	1941	2925	2499	3965	1206	2163	2565	2170	2685	3430	1302	1688	2013	2178	2509	2121	2694	2327	2057	3010	2151	2325	2172	1308	3381	778
Rv0673	1043	1229	482	458	691	1085	736	1552	456	756	978	825	930	1257	530	632	715	767	1072	850	1077	917	721	1078	630	783	699	670	1836	453
Rv0674	551	623	248	280	341	538	425	843	267	472	512	422	475	639	254	344	363	441	458	365	411	305	315	422	361	458	343	586	1422	308
Rv0675	2755	1043	398	453	494	846	2161	1158	459	690	671	636	2455	968	436	540	494	588	1054	743	1056	1921	1573	2656	392	592	423	553	1424	341
Rv0676c	81192	16931	4225	5847	3422	8208	65868	15822	4861	7916	4612	6620	77944	16291	5756	6501	3838	6140	25708	21048	26827	77252	55677	83900	4644	4323	4502	14829	36175	9145
Rv0677c	17142	4782	1199	1551	761	1640	14078	4315	1358	1941	1006	1325	16115	4923	1658	1647	782	1362	7597	6300	8597	22040	15544	22584	1153	903	1174	3368	7848	2076
Rv0678	15578	2499	908	853	491	1094	13570	2362	981	1144	732	850	14705	2448	1282	949	560	873	10294	8445	10026	20490	14368	18650	760	635	698	1364	3451	881
Rv0679c	8262	2264	788	975	742	1238	6602	1862	821	1109	1000	1011	7427	1927	1009	928	831	1025	4121	3858	4727	9028	5958	8229	1171	917	1109	1327	3310	771
Rv0680c	1737	1084	605	518	481	600	1360	906	518	673	613	504	1571	771	571	483	433	437	1253	1055	1439	1684	1353	2007	805	729	725	1243	2842	713
Rv0681	1752	2538	1907	1648	1595	2051	1610	2130	1838	2260	2055	1571	1815	2069	2308	1658	1585	1368	2025	1558	2061	1553	1344	1886	2051	2183	1889	3865	9305	2306
Rv0682	6619	13401	6931	9979	8539	10190	5798	11080	6489	11312	9979	8028	6323	10765	8018	9099	8575	7282	6215	5632	6880	7025	6764	8058	11841	9816	10315	9953	24093	6316
Rv0683	5565	12026	5973	8408	7772	9428	5001	10177	5567	10175	9113	7343	5001	9671	6207	7886	7495	6631	4679	4131	5023	4649	5217	5995	9828	8959	9089	8290	20722	4923
Rv0684	24275	52940	23140	35784	33218	42752	20048	46152	22763	45418	40222	33950	22455	46231	26734	38442	34569	32379	12814	12556	16136	12512	17252	18458	43323	37767	42029	40841	97920	24323
Rv0685	23755	54382	26294	36069	30806	38822	19384	45885	24573	44659	38133	31949	22228	42750	31249	36755	30120	28425	10286	9743	13392	9217	15746	14717	35851	36931	39956	45148	108657	27787
Rv0686	1730	3675	1063	2225	1808	2405	1359	2780	1042	2716	2216	1866	1492	3208	1402	2214	2080	1918	2180	2101	2670	1796	1825	1891	2687	2151	2746	2297	5697	1354
Rv0687	3961	1247	741	724	651	817	4197	923	663	977	821	610	3832	975	762	741	665	499	1743	1399	1646	1582	1282	1554	952	909	962	1593	3951	1016
Rv0688	2500	2325	1098	1659	1332	1819	2393	1965	1109	2036	1760	1456	2547	1823	1285	1652	1306	1235	1412	1194	1381	1188	1237	1336	1758	1856	1844	2432	5845	1446
Rv0689c	140	142	60	102	83	117	102	130	85	134	116	99	106	97	68	100	73	82	69	47	38	52	55	56	90	111	60	120	306	85
Rv0690c	3268	3913	1769	3093	2876	4237	2616	3230	1822	4217	3985	3481	3181	3417	1895	3394	3109	3281	1399	1147	1383	1204	1632	1850	2825	3086	2675	2567	6226	1530
Rv0691c	2119	3020	1212	2155	2100	3029	1730	2231	1275	2743	2479	2403	1993	2442	1462	2170	2383	2451	1260	1195	1386	1392	1496	1647	2655	2318	2526	2461	6102	1501
Rv0691A	1663	5438	1946	3534	3266	3590	1220	3945	1462	3933	4053	2954	1349	3670	1831	3037	2919	2682	1259	1505	1506	2958	3408	3846	4721	3797	4305	1981	4728	1209
Rv0692	4449	14202	4513	9099	9750	11226	3675	11135	4097	11221	12445	9004	4302	10581	5075	8953	9079	8108	3311	3359	3921	7672	8864	10915	11087	9778	10409	4343	10330	2540
Rv0693	10597	30722	8177	20352	25146	30286	8927	26997	8942	29912	34305	25166	11186	26819	10209	23654	25825	24280	4606	4169	5381	10794	13241	18442	16830	19243	17907	6810	16149	3981
Rv0694	5377	21555	5556	13208	16370	20976	4125	19617	6341	19915	20926	16392	5437	19693	6770	15703	16922	16442	1365	1462	1731	1776	4510	3964	12926	14607	13818	3840	9774	2364
Rv0695	1114	5303	1159	3263	3599	5302	854	5170	1216	4647	5104	4125	1095	5030	1303	3660	3707	3884	340	333	394	306	916	594	2494	2950	2777	1405	3570	866
Rv0696	876	4233	908	2922	3144	4460	716	4198	1275	4186	4209	3675	907	3791	1208	3405	3023	3346	272	250	304	341	759	571	2166	2338	2234	1480	3617	990
Rv0697	237	834	225	652	687	947	208	874	337	965	991	984	251	872	403	872	782	898	98	106	126	94	205	147	543	544	606	324	805	211
Rv0698	211	622	187	329	348	382	158	471	170	437	430	295	223	502	178	335	368	309	102	93	107	71	136	107	441	365	396	716	1779	462
Rv0699	24	64	10	34	26	44	17	53	10	38	36	29	20	70	20	38	34	41	6	6	4	4	14	2	39	42	24	33	74	38
Rv0700	4547	15080	4798	10122	8644	10827	3873	12548	4916	12042	10175	8066	4419	13824	6211	10553	9445	8692	1314	1494	1684	1648	3122	2529	10060	9183	9543	13523	32812	8020
Rv0701	7279	23574	6453	15056	14088	18377	6084	21734	7651	21471	18196	14268	7535	22489	8479	18170	15735	14747	1462	1599	1867	1498	4187	3211	13028	14264	13235	19576	48782	12149
Rv0702	6443	20272	5384	11100	12380	16412	5393	19055	6058	18069	16795	12982	6402	19696	5742	15087	13000	13258	991	968	1191	1025	2872	2335	8580	11720	8871	17915	45170	11041
Rv0703	2394	8427	2215	4452	4791	6294	1927	6997	2356	6709	5881	4729	2413	8037	2498	5374	5156	5181	429	470	541	458	1400	959	4642	4723	4533	6759	16167	3961
Rv0704	8359	29625	7663	17029	16876	21600	7243	26070	8102	23929	21655	17353	8622	25986	9577	19657	17498	17628	1261	1446	1707	1244	4465	2604	14786	15417	15161	19380	47080	11581
Rv0705	3478	13581	2793	7829	7693	9722	2893	12283	2846	9881	8925	7933	3394	12162	3659	8660	7903	8433	439	540	671	514	1897	960	6794	5681	7304	8047	18596	4785
Rv0706	3773	12010	2727	6452	7514	10065	3053	12177	3305	10601	9860	7894	3706	10837	3001	8291	7029	7656	389	384	429	371	1308	775	3960	5730	4582	6744	16813	4041
Rv0707	5366	18326	3631	9813	11328	14183	4368	17561	4637	14744	13438	11049	4803	14305	4455	11431	9330	9833	693	627	769	658	2096	1210	6638	8395	7589	10543	26564	6122
Rv0708	2702	9587	1863	6063	5601	7355	2038	8763	2274	7706	6748	5734	2494	7220	2429	6473	4771	5149	424	432	530	431	1238	738	3960	4209	4539	6243	15350	3725
Rv0709	2326	9335	1616	6000	5277	6729	1863	7826	1904	6818	6131	5215	2226	7018	2350	5683	4620	4894	481	509	646	438	1609	758	4601	4618	5636	5914	13953	3533
Rv0710	2998	13576	1930	7631	7249	9185	2606	10271	2628	9652	8388	7207	2922	8824	3056	7583	6047	6150	569	635	690	508	1988	908	6181	6388	7129	8560	20700	5350
Rv0711	5263	2863	2423	2097	1708	3479	4570	2375	2026	2458	2283	2885	5258	2606	3044	2356	1949	2934	3975	3655	5002	6999	5519	8709	2100	1994	2280	2754	6555	1664
Rv0712	1708	1290	1037	802	760	1404	1428	1142	907	1118	1065	1232	1895	1046	1183	980	839	1104	1421	1263	1606	1377	1154	1920	815	939	828	1207	2950	748
Rv0713	1358	3624	2156	2604	1983	2432	1217	2849	1894	3010	2411	1983	1490	2737	2421	2210	1914	1780	1656	1545	1750	1330	1632	1711	3497	2735	2937	2477	5822	1494
Rv0714	1493	5198	2192	3528	2440	3065	1260	3730	1924	3627	2980	2273	1458	3848	2474	3140	2567	2242	897	846	1058	858	1367	1298	4044	3237	3279	5676	13957	3513
Rv0715	2456	7730	3231	6124	3934	4870	2041	6221	3091	6463	5017	4023	2565	6642	4478	5624	4572	4005	1009	1185	1519	1223	2290	1951	6097	4927	5915	7822	18405	4774
Rv0716	3523	10575	4337	8219	6207	7765	3217	9244	4666	9863	7688	6287	3817	8902	6173	8220	6679	6079	1195	1272	1550	1353	2575	2413	7729	6715	7073	10734	25904	6312
Rv0717	1025	2766	1511	2255	1573	2216	948	2328	1580	2913	2151	1680	1068	2270	1710	2278	1608	1716	383	379	414	502	867	757	2058	1954	1759	2264	5585	1399
Rv0718	3353	9878	3640	7001	5813	7352	2908	7988	3746	8662	7069	5770	3161	8565	4761	7226	5976	5750	691	842	941	852	2173	1580	6445	5979	6533	6508	16294	3900
Rv0719	4991	14277	4265	9704	8064	10611	4029	12718	4530	11917	9998	8560	5126	12767	5882	10344	8927	8811	1129	1306	1627	1323	2852	2298	8065	7484	8908	8979	22127	5218
Rv0720	1785	5107	1565	2996	3011	3876	1512	4528	1933	4591	3926	2996	1588	4095	1699	3630	2875	2834	370	310	359	320	825	698	2028	2900	2156	3499	8931	2140
Rv0721	5634	15561	4634	9322	9671	12426	4547	14310	6273	14269	12429	9892	5272	12489	5882	11161	8748	8528	1017	892	1033	905	2139	1681	5961	8374	6306	10921	27161	6812
Rv0722	1237	3727	972	2357	2173	2916	970	3444	1234	3232	2569	2267	1136	3172	1214	2724	2126	2255	189	201	250	261	483	381	1386	1870	1725	2325	6087	1426
Rv0723	3951	12416	3203	7072	7075	9333	3387	10495	3670	10301	9159	7489	3880	8977	3939	8227	6638	6749	1002	972	983	760	1885	1201	5344	6676	5610	12641	30993	7627
Rv0724	16094	13595	10206	7745	8764	12525	12753	12212	10267	11931	11524	9984	14572	11684	11467	9297	8771	9607	16875	13186	13919	11177	8874	11497	10246	11692	9669	14319	35976	8845
Rv0725c	2276	1264	1007	835	734	1170	1959	1130	831	1050	1056	920	2395	1409	1430	950	959	976	1614	1431	1872	1313	1181	1516	1286	1019	1103	1064	2667	662
Rv0726c	3265	1429	1350	855	668	1028	2729	1212	1001	986	826	847	2812	1117	1422	850	654	767	1545	1489	1991	2037	1810	2497	1203	1082	1176	1819	4269	1102
Rv0727c	447	477	426	402	254	312	359	347	349	491	367	260	447	361	473	365	272	216	465	414	417	349	361	359	433	425	384	982	2321	583
Rv0728c	254	341	230	193	226	264	184	324	240	317	283	189	216	227	265	220	183	160	211	181	184	155	155	191	224	246	171	505	1246	271
Rv0729	665	475	359	282	282	399	506	453	380	444	374	317	619	314	369	294	225	248	309	235	212	277	256	420	323	425	255	805	2167	539
Rv0730	1475	2512	1328	1283	1453	1632	1283	2120	1344	1780	1821	1386	1482	1819	1641	1273	1312	1456	1507	1316	1466	1322	1475	1629	1857	1927	1965	2739	6317	1624
Rv0731c	542	1017	558	533	573	646	436	882	599	753	744	525	512	715	618	606	498	457	402	275	364	317	349	432	650	750	589	1357	3527	880
Rv0732	3630	10145	4878	7083	5598	6758	2911	7506	3958	7697	6390	5171	3386	7109	5317	6118	5385	4961	2916	2981	3888	2956	4303	3788	10963	7672	9945	11872	27390	7128
Rv0733	2877	6753	3897	4553	4199	5001	2524	5581	3759	6016	5189	3898	3377	5142	4657	4772	4021	3761	1838	1870	2181	1776	2597	2644	5888	5784	6039	8691	20870	5346
Rv0734	2898	4890	3167	3300	3392	4293	2557	4261	3427	4975	4540	3376	3083	3653	3705	3602	3200	2999	1313	1159	1227	1181	1556	1724	3671	4144	3142	6754	16742	4056
Rv0735	915	599	1814	1028	307	377	629	480	1774	1423	376	297	758	438	1778	1087	275	280	2248	1864	1719	1131	851	1232	389	338	295	522	1231	307
Rv0736	1923	678	3911	1621	279	378	1461	674	4277	2568	341	286	1669	523	4004	1769	256	233	3997	2915	3458	2470	1751	3347	254	307	282	380	919	245
Rv0737	269	169	244	155	92	138	183	145	248	219	127	85	282	122	274	166	78	85	199	136	206	140	118	190	110	133	121	222	555	141
Rv0738	716	931	483	458	537	701	526	750	486	781	707	515	569	571	460	519	480	502	663	525	485	664	518	778	377	605	387	758	2002	501
Rv0739	205	328	177	208	172	245	176	242	136	269	185	148	192	248	171	193	167	173	123	142	125	184	204	223	295	186	222	277	640	173
Rv0740	884	1078	524	763	602	890	709	887	534	872	724	613	851	867	721	690	650	628	636	645	757	744	750	841	995	742	931	1086	2503	668
Rv0742	271	525	186	241	311	395	183	465	233	402	382	326	195	437	201	279	255	276	65	52	57	39	60	74	152	218	142	139	434	96
Rv0743c	507	461	180	276	256	339	437	414	195	328	327	279	479	382	266	305	253	285	176	171	191	237	251	252	394	307	392	311	761	203
Rv0744c	588	529	163	286	267	347	513	481	196	358	372	309	546	405	253	272	250	264	185	173	213	199	239	225	442	335	402	539	1235	345
Rv0745	49	85	45	34	59	75	44	61	31	52	60	64	55	52	42	46	31	47	54	27	47	43	41	56	54	53	46	54	143	35
Rv0746	997	1405	667	808	954	1407	724	1730	714	1250	1285	1026	874	1133	677	911	786	839	257	171	198	240	234	336	392	768	398	1086	3018	634
Rv0747	1954	1215	873	563	789	1304	1425	1698	882	974	1048	1076	1680	981	839	679	641	919	1214	797	948	786	513	949	405	602	426	974	2575	652
Rv0748	1407	1709	952	770	915	1195	1188	1236	905	1257	1182	906	1157	1196	926	812	914	882	1618	1382	1415	1119	1256	1109	1578	1456	1402	1053	2553	641
Rv0749	1031	1112	658	639	566	772	797	926	521	751	725	633	937	1057	758	638	690	645	1080	960	1216	831	755	858	945	762	919	652	1516	399
Rv0749A	233	255	167	193	119	195	206	160	154	204	132	148	194	191	205	166	163	162	148	182	202	225	189	216	263	145	189	290	730	178
Rv0750	536	497	274	344	277	447	439	401	273	411	345	315	531	376	340	344	323	305	406	430	488	412	382	460	476	378	451	642	1477	387
Rv0751c	1142	1003	857	552	734	980	963	822	785	821	937	735	1024	838	847	593	684	746	1063	849	851	879	798	1057	758	867	681	1936	4807	1241
Rv0752c	1156	1081	881	570	853	1075	1145	970	874	825	1045	865	1186	980	971	623	855	884	1046	888	936	910	848	1198	857	1067	792	2250	5571	1376
Rv0753c	2208	1311	1308	580	997	1270	1945	1254	1116	889	1347	973	1934	1095	1203	679	959	926	2016	1681	1923	1787	1540	2375	1199	1385	1054	3226	8005	1966
Rv0754	686	402	386	241	276	364	491	425	332	317	366	294	551	346	342	266	221	252	969	757	798	586	434	584	313	389	272	618	1571	421
Rv0755c	2780	3819	2219	2253	2142	3113	2271	2915	2234	3113	2804	2342	2172	2990	2558	2179	2135	2172	3150	2865	3876	2419	3036	2908	3766	3084	3613	2282	5600	1456
Rv0756c	1812	2385	1514	1249	1466	1750	1372	2084	1475	1797	1822	1423	1442	1682	1401	1368	1209	1258	1879	1530	1546	1350	1226	1429	1579	1850	1399	2816	6787	1727
Rv0757	3564	4136	1388	2163	2298	2714	3002	3440	1399	2740	2746	2097	3090	3224	1925	2116	2411	2199	3319	3250	4066	2940	2798	2938	3482	3021	3767	3898	9303	2355
Rv0758	3059	3306	1677	1901	2005	2498	2454	2946	1562	2570	2631	1983	2731	2690	1814	2133	1992	1866	3172	2592	2899	2562	2137	2505	2583	2697	2268	3985	9906	2424
Rv0759c	902	1490	678	902	861	1019	809	1181	590	1086	1082	865	981	1245	856	921	941	812	700	596	798	657	659	803	1195	1025	1111	1466	3542	877
Rv0760c	988	2223	1176	1504	1405	1544	955	1744	1207	1997	1645	1278	1047	1631	1495	1470	1378	1192	708	704	949	693	933	1247	1946	1651	1772	2671	6381	1608
Rv0761c	3442	7407	4798	5468	4798	5519	3079	6084	4320	7299	5996	4516	3353	5413	5000	5389	4344	3976	2468	2233	2696	2551	3090	4124	5876	5718	5107	9931	24201	6212
Rv0762c	357	447	272	331	284	364	329	382	259	389	344	264	375	409	345	304	315	303	395	376	479	253	271	282	482	397	440	597	1481	387
Rv0763c	99	130	91	78	62	85	95	91	70	86	80	58	104	99	87	76	54	67	115	115	153	74	87	97	119	108	111	140	342	71
Rv0764c	1207	972	679	608	557	781	1180	791	577	744	715	635	1272	837	764	641	674	628	1584	1339	1689	1423	1080	1392	1001	879	904	1457	3528	952
Rv0765c	895	412	336	257	283	351	846	394	280	328	345	292	884	320	340	235	275	262	758	513	581	618	434	571	370	410	351	464	1171	315
Rv0766c	1351	487	337	283	272	349	1372	368	273	314	321	291	1381	350	386	265	321	276	811	691	886	709	520	683	548	413	428	887	2046	514
Rv0767c	1206	218	179	105	128	143	1160	178	152	142	156	120	1111	132	163	121	109	85	411	287	337	345	243	322	174	187	156	357	865	232
Rv0768	3031	486	340	238	270	365	3008	416	290	373	347	287	2724	414	284	263	248	267	477	438	514	558	441	603	350	396	325	645	1644	409
Rv0769	1500	430	282	223	254	314	1458	372	258	298	306	262	1353	334	305	254	256	236	302	311	355	267	288	375	372	350	372	551	1362	374
Rv0770	790	282	207	163	181	250	737	243	178	262	202	184	713	241	218	196	189	189	209	166	184	160	167	210	255	283	249	421	990	249
Rv0771	248	173	90	95	80	101	207	121	93	110	113	103	253	130	103	87	90	90	95	92	96	86	114	97	152	142	163	197	490	130
Rv0772	613	1328	478	841	667	840	525	962	464	1184	893	708	575	915	516	875	666	661	315	259	289	244	371	368	905	899	774	1527	3964	960
Rv0773c	1686	4111	1675	2449	2481	2843	1419	3373	1558	3310	3006	2144	1595	3251	1748	2649	2448	2140	807	796	950	897	1362	1241	3161	3093	3134	3300	7936	2022
Rv0774c	1208	2573	1232	1557	1608	1835	978	2123	1275	2210	1973	1322	1108	1744	1237	1659	1296	1158	684	632	671	717	956	985	1812	1973	1533	3069	7897	1889
Rv0775	692	819	497	559	479	679	515	673	512	739	663	504	624	682	542	531	482	512	500	435	494	365	388	451	625	622	526	1145	2749	729
Rv0776c	363	404	224	210	221	328	334	315	217	324	317	242	339	330	249	275	243	250	300	194	249	227	214	259	265	346	283	586	1468	401
Rv0777	3046	3881	1860	2250	2170	3262	2564	3318	1888	2981	3037	2690	2795	3041	2220	2427	2350	2191	2449	2033	2250	2023	1984	2000	3170	3089	3005	4410	10616	2782
Rv0778	1572	2430	1088	1491	1457	1953	1254	2036	971	1723	1836	1620	1541	2062	1306	1476	1562	1484	1210	1083	1313	901	1116	1072	2155	1943	2049	2505	6077	1486
Rv0779c	248	439	203	219	263	325	223	352	165	311	347	235	236	305	211	245	237	203	144	109	107	97	153	125	249	318	233	617	1498	366
Rv0780	434	1266	395	748	629	792	336	915	402	805	810	651	427	881	397	624	662	612	180	193	211	227	394	307	949	756	859	1823	4310	1091
Rv0783c	1903	3285	1866	2349	1950	2512	1661	2701	1755	2766	2355	1929	1942	2318	2025	2183	1891	1726	1977	1697	1902	1487	1641	1663	3006	2573	2650	4582	11107	2813
Rv0784	466	626	249	349	326	441	404	467	213	439	392	346	442	397	221	379	297	282	527	407	395	321	256	243	461	416	417	1190	2886	730
Rv0785	1036	2072	913	1203	1117	1346	885	1572	887	1545	1417	1069	952	1495	1147	1164	1068	946	627	584	698	572	755	728	1791	1705	1597	1834	4421	1188
Rv0786c	580	623	376	414	412	551	493	555	382	551	501	426	571	550	470	439	407	416	496	460	604	479	512	553	540	498	623	466	1065	282
Rv0787	1846	2295	1842	1689	1556	1880	1542	1937	1592	2174	2075	1666	1785	1792	1737	1733	1427	1545	1421	1191	1257	1146	1070	1356	1487	1767	1503	3817	9618	2463
Rv0787A	1750	1511	818	1216	996	1382	1290	1297	857	1432	1267	1206	1436	1242	1055	1138	1069	1005	678	663	755	661	604	768	1247	1197	1188	1845	4322	1125
Rv0788	2753	2216	1453	1789	1502	2149	2151	1903	1402	2172	2022	1780	2521	1839	1756	1782	1572	1535	1479	1209	1473	1298	1284	1446	2025	1950	1873	3328	7967	2027
Rv0789c	1005	659	525	557	452	655	796	553	471	751	621	566	989	646	622	635	542	561	648	485	697	554	520	632	651	537	593	907	2112	527
Rv0790c	2115	504	360	346	309	446	1861	448	345	437	399	359	2025	442	404	358	372	351	793	613	874	842	671	914	414	311	372	418	1026	272
Rv0791c	5194	928	686	557	516	706	4844	776	677	692	672	539	4897	723	647	573	490	527	1671	1379	1748	1992	1612	2075	701	686	657	896	2220	534
Rv0792c	3453	688	493	368	333	501	3457	540	457	473	481	375	3411	582	538	389	343	362	1199	1013	1230	1597	1182	1382	495	414	526	716	1779	466
Rv0793	1181	114	99	53	72	82	1214	82	74	83	79	70	1214	99	107	66	58	80	210	172	239	305	201	257	72	78	76	166	370	114
Rv0794c	2950	875	568	450	566	838	2489	786	623	762	689	613	2829	695	622	598	475	619	787	662	684	761	629	896	627	670	552	1510	3608	933
Rv0797	423	691	481	480	460	570	379	563	504	635	570	445	469	597	617	522	470	471	405	352	426	339	362	406	640	560	523	965	2396	616
Rv0798c	1919	3091	2677	2236	1997	2517	1775	2662	2526	2793	2498	2039	2070	2650	3326	2329	2102	1939	2471	2343	2964	1861	2272	2350	3478	3109	3624	3432	8278	1952
Rv0799c	1375	2638	1750	1758	1538	1837	1153	1929	1453	1945	1807	1425	1386	1970	1976	1637	1533	1373	1904	1806	2154	1387	1489	1515	2653	2118	2678	3519	8321	2277
Rv0800	921	1181	730	649	733	897	722	1019	757	1001	914	683	736	872	754	728	618	644	751	645	684	607	561	690	941	961	723	1981	4888	1245
Rv0801	504	686	462	379	344	445	446	488	349	464	465	388	487	479	492	339	307	326	394	359	409	464	448	533	529	490	430	682	1684	485
Rv0802c	643	625	485	394	351	489	516	517	401	429	381	389	589	480	496	352	348	379	551	468	556	525	477	664	533	492	491	767	1989	495
Rv0803	3948	5871	3091	3126	3654	4695	3188	5964	3096	4806	4521	3428	3776	4602	3375	3679	3402	3294	2724	2273	2452	2255	2400	3029	4210	4817	3787	8253	20411	4835
Rv0804	1172	1407	924	857	989	1172	920	1442	1019	1416	1356	1054	1033	1232	1027	1006	991	888	512	447	512	477	493	647	800	1336	812	1131	2986	707
Rv0805	7932	10354	10366	7549	6038	7248	6360	8286	7332	8312	7578	5555	7432	8028	10586	6563	6089	5278	21157	18988	24324	19332	17105	21356	13813	11474	12807	12830	30416	7570
Rv0806c	2592	3663	2451	2450	2018	2551	2108	2714	2034	2655	2356	2020	2428	3333	3077	2281	2452	2067	3801	3549	4866	3909	3564	4566	4143	3043	3784	2164	5103	1358
Rv0807	203	247	165	160	179	233	196	225	179	248	241	194	200	224	195	164	171	190	254	196	185	198	218	252	193	235	210	202	502	157
Rv0808	7628	6096	5624	4252	4430	5921	6353	5468	6054	6543	6180	5123	7564	5270	6723	5476	4657	4648	9260	7027	9204	7825	6846	9259	4471	5360	5018	6114	15663	3654
Rv0809	3989	5343	3566	3922	3338	4378	3528	4215	3440	4801	4402	3437	3716	3996	4210	3733	3299	3082	5408	4634	5288	4356	4128	4819	4891	4384	4232	5559	13055	3300
Rv0810c	1908	2603	2189	1894	1614	1990	1714	1962	1993	2238	2143	1654	1830	2092	2869	1944	1753	1653	3800	3550	4254	2755	2558	2840	2872	2314	2992	3621	8458	2091
Rv0811c	2882	2105	1692	1324	1359	1959	2321	1685	1573	1818	1699	1668	2419	1538	1782	1404	1238	1462	2882	2272	2266	1810	1445	1705	1590	1879	1583	2699	6368	1615
Rv0812	1170	1346	839	970	831	1056	874	1111	812	1159	1150	825	1071	1220	968	967	888	827	676	634	779	729	800	829	1236	1235	1165	1211	3010	795
Rv0813c	3537	3198	1762	1976	1773	2369	2997	2620	1804	2729	2526	1845	3290	2535	2093	1974	1880	1776	2231	1632	2143	2017	1805	2641	1980	2149	1868	2932	7072	1687
Rv0814c	3566	3139	2053	1718	1944	2049	3427	2530	2077	2662	2535	1756	3218	2130	2456	1887	1719	1458	2966	2357	2991	3486	3122	4545	1866	2085	1838	2703	6529	1692
Rv0815c	4343	4306	2453	2738	2318	2556	3622	3357	1948	3260	2772	2086	3661	3219	2534	2644	2362	1989	3910	3640	5164	4660	4504	5511	3361	2793	3273	3728	9138	2307
Rv0816c	755	487	315	340	303	339	675	374	289	387	397	261	713	376	337	308	278	228	373	305	398	525	432	561	433	391	350	551	1343	314
Rv0817c	357	473	296	299	284	299	284	417	259	364	335	259	324	384	339	319	292	248	328	295	366	316	282	352	407	412	468	474	1220	333
Rv0818	4036	4087	3270	2746	2791	3372	3320	3311	3470	3937	3623	2682	3703	3334	3585	2816	2927	2426	4502	3652	4110	2987	2863	3269	3904	3927	3331	5803	13822	3387
Rv0819	2532	2677	2012	1754	1725	2232	2078	2312	1981	2450	2445	1772	2417	2336	2009	1938	1806	1668	2027	1626	1857	1256	1303	1499	2253	2448	2011	2754	6676	1692
Rv0820	3400	3732	2313	2352	2148	2958	2723	2874	1973	2837	2780	2363	3137	3187	2891	2425	2620	2547	2849	2757	3733	2289	2589	2659	3424	2839	3595	2031	4926	1299
Rv0821c	5254	5698	2804	3268	3525	5450	4967	4719	3097	4579	4678	4925	5701	4929	3985	3911	4210	5249	5858	5026	6604	4417	4544	4828	4458	4261	5235	3918	9137	2339
Rv0822c	2360	4245	1538	2288	2533	3567	1901	3838	1462	3125	3446	3070	2278	3555	1694	2685	2597	3019	1517	1273	1643	1601	1875	1976	2504	2582	2748	3321	8082	2033
Rv0823c	2605	9067	2711	5451	6089	8775	2173	8185	2848	7692	9162	7357	2759	8794	3796	6841	6811	6873	2331	2050	2477	2200	2931	2787	5216	5855	6253	14594	35148	9176
Rv0824c	6020	31061	8655	19348	20982	26464	5722	26340	8715	23910	27403	23050	7582	28788	15022	22873	24193	23546	7323	7882	10892	8397	11575	10373	23117	20050	28414	43449	104089	26337
Rv0825c	340	547	261	307	290	398	267	399	225	374	364	284	303	390	250	236	291	244	295	304	372	395	417	451	412	357	373	660	1714	382
Rv0826	2049	280	542	237	165	255	1837	225	452	311	265	221	1941	162	593	211	182	147	1926	1538	1745	2122	1528	1998	357	301	292	741	1743	408
Rv0827c	285	129	118	77	118	117	293	139	94	145	175	144	290	112	129	105	145	157	687	516	540	1353	1150	1337	207	183	182	544	1286	312
Rv0828c	48	94	32	60	45	62	39	73	17	46	54	33	45	64	34	36	39	44	23	30	28	42	45	50	35	32	38	70	163	40
Rv0830	2304	1472	756	889	709	922	2010	1137	667	966	893	683	2215	1259	1130	840	872	723	1043	1007	1342	1261	1195	1360	1382	960	1353	1152	2664	713
Rv0831c	3820	7128	4135	3877	4236	4758	3232	5607	3584	4987	5066	3813	3160	5434	4732	4036	4010	3392	3908	3606	5427	3395	4567	4195	7484	5998	7929	4615	11136	2685
Rv0832	853	1159	733	739	811	944	742	1003	929	1228	1080	770	777	873	854	897	735	663	422	367	373	375	378	476	613	712	514	1046	2777	581
Rv0833	1892	1901	1748	1371	1451	1929	1425	2551	1657	2130	2029	1478	1549	1449	1677	1537	1118	1232	675	573	519	524	509	727	687	1188	677	1719	4568	1136
Rv0834c	8333	3009	5100	1738	2406	3448	5723	4477	5108	2961	3144	2776	6602	2368	4159	1973	1794	2331	5643	4082	4052	3160	2042	3740	1256	1990	1137	2990	7785	1875
Rv0835	842	648	283	350	325	482	691	468	308	417	376	418	752	515	363	303	293	417	444	452	518	644	553	664	578	425	508	472	1164	322
Rv0836c	286	222	187	140	128	186	260	201	177	195	189	186	261	155	221	147	135	149	370	255	282	248	172	214	176	179	139	300	768	223
Rv0837c	159	189	172	159	112	165	139	159	141	190	145	132	174	111	195	117	104	101	256	215	247	201	185	160	195	144	142	290	584	226
Rv0838	614	761	423	450	441	586	522	595	432	569	591	419	532	575	430	450	413	409	490	366	430	395	358	454	465	612	465	555	1436	383
Rv0839	2472	898	349	497	552	965	2056	722	340	625	796	804	2374	899	425	553	672	839	429	357	381	502	461	597	425	509	454	574	1548	418
Rv0840c	1020	580	206	353	379	608	899	485	240	442	511	510	1085	530	280	420	424	559	369	400	482	468	468	531	337	303	418	292	733	222
Rv0841	99	103	79	87	59	123	77	84	79	123	88	78	90	95	102	130	103	111	104	109	159	64	77	127	69	74	69	57	182	50
Rv0842	921	930	981	937	680	948	692	847	822	1165	960	790	974	937	1211	1018	880	845	1799	1664	2716	1147	1108	1374	1102	931	1133	1839	4337	1132
Rv0843	319	368	289	284	251	314	297	345	263	383	351	285	298	293	313	288	257	229	380	328	345	311	264	331	333	283	268	373	1028	267
Rv0844c	1665	2447	1890	1575	1588	1795	1459	1851	1860	2149	2040	1456	1499	1716	1901	1646	1412	1329	1989	1407	1558	1305	1253	1405	1802	2016	1650	2083	5077	1279
Rv0845	1010	1200	511	711	554	662	720	883	404	804	725	566	946	912	577	611	595	479	638	640	713	729	717	779	1070	859	970	1405	3320	894
Rv0846c	4930	707	1045	533	420	539	3723	549	831	633	508	365	4057	496	987	454	434	406	2505	2175	2643	3920	2700	3835	642	526	533	1443	3575	896
Rv0847	19932	625	4245	636	334	554	14818	482	3461	1074	421	457	16063	342	3416	717	268	354	10172	7966	8427	14074	8597	13441	593	762	545	2616	6223	1545
Rv0848	9999	688	1572	646	433	625	7167	581	1363	943	508	614	8608	436	1403	674	337	419	4261	3406	4323	6267	4316	6952	631	593	449	2866	8049	1728
Rv0849	4595	359	793	345	193	302	3042	269	677	491	285	245	3810	235	761	347	178	226	2418	2076	2623	3888	2704	4027	335	331	308	1114	2627	667
Rv0851c	1287	549	401	388	299	430	962	414	336	464	359	348	1157	357	438	348	293	248	700	583	755	895	701	937	373	403	346	876	2006	538
Rv0852	537	760	398	508	440	668	434	612	366	572	563	511	543	567	447	431	491	468	452	374	445	436	425	566	554	465	505	716	1781	423
Rv0853c	1909	1799	1041	998	1016	1585	1592	1481	968	1424	1324	1243	1812	1330	1028	1007	930	1203	1562	1349	1591	1496	1264	1936	1047	1199	1052	2257	5584	1428
Rv0854	459	741	407	510	416	549	372	611	362	513	451	413	426	469	482	410	376	449	748	740	819	747	791	811	662	526	677	903	1951	464
Rv0855	555	912	470	556	536	660	452	805	455	728	734	464	481	636	511	514	459	414	575	472	527	444	422	478	738	706	557	1281	3051	776
Rv0856	1263	1539	733	851	839	1161	1085	1229	674	987	1050	929	1143	1397	970	837	984	1019	1490	1559	1803	1972	1658	1999	1477	997	1381	817	1851	468
Rv0857	1462	1644	903	908	865	1283	1178	1338	740	1061	1192	1085	1384	1499	1200	969	1022	1084	2025	1719	1979	1641	1315	1452	1532	1176	1378	1353	3531	905
Rv0858c	779	1286	792	714	676	838	648	911	761	959	837	626	777	935	856	671	620	610	956	796	953	754	678	884	799	847	774	1674	4200	984
Rv0859	3957	5822	2567	1739	2452	3663	2964	5210	2259	2746	3139	2949	3353	3916	2209	1919	1913	2456	9188	7157	8340	7776	5743	10771	2224	2777	2179	20380	50626	12675
Rv0860	8551	12570	6945	4343	5753	8925	7625	11530	6615	6819	7308	7191	8713	9798	7482	5215	5001	6178	15649	12633	13146	13534	9234	16678	5605	6527	5144	37450	96247	22307
Rv0861c	3003	3417	1931	2142	2100	2771	2371	2854	2017	2615	2705	2315	2807	2894	2489	2250	2357	2244	2029	1736	2066	1674	1855	1999	3113	3046	3167	3114	7831	1918
Rv0862c	1606	2087	1476	994	1215	1651	1233	1837	1410	1597	1688	1249	1517	1588	1501	1214	1242	1248	989	798	878	806	979	1105	1461	1800	1493	2033	5068	1190
Rv0863	1987	2835	2056	1817	1798	2115	1728	2499	1645	2017	2192	1836	2174	2354	2616	1980	1864	1987	2039	1988	2478	1563	1857	1906	2762	2337	3334	2554	5931	1526
Rv0864	4042	5608	3715	3492	3186	3903	3509	4549	3707	4326	4207	3242	3893	4644	4599	3613	3504	3282	3966	3336	4131	2385	3072	2967	4727	4603	4877	4175	9998	2417
Rv0865	1792	1956	1605	1344	1334	1595	1421	1720	1565	1861	1779	1273	1675	1587	1756	1542	1278	1184	1793	1447	1594	1183	1028	1214	1547	1649	1413	1605	3844	950
Rv0866	904	1260	777	954	864	1102	787	1013	882	1225	1125	802	858	1045	929	929	881	799	810	695	618	598	582	672	1038	1026	938	889	2161	561
Rv0867c	1894	6452	2281	6794	5141	5159	1351	6217	2836	9460	6167	3588	1722	4062	2418	6702	4207	3253	868	731	754	558	1380	802	4511	5701	4171	6458	16207	4182
Rv0868c	592	847	444	453	515	711	498	682	409	612	655	592	589	705	446	487	542	608	339	334	389	385	445	429	656	544	591	376	866	205
Rv0869c	3165	2665	2103	1608	2016	2687	2524	2702	2065	2776	2706	2176	2983	2290	2198	2126	1863	2002	1996	1675	1810	2049	1915	2695	1879	2495	2025	3602	8988	2153
Rv0870c	1750	1819	1254	1192	1258	1700	1349	1566	1133	1705	1582	1243	1658	1563	1403	1360	1300	1289	1218	1150	1442	1458	1399	1764	1727	1496	1650	1850	4253	1120
Rv0871	1348	2793	1864	1960	1723	2086	1070	2041	1825	2642	2265	1545	1163	2015	2104	1910	1648	1357	672	609	685	749	824	999	1776	2102	1501	2603	6535	1499
Rv0872c	8355	5288	4360	2557	3781	5841	5879	6948	4790	4334	4861	4571	6500	4068	4117	3070	2940	4008	7223	5290	5350	5069	3527	5498	2902	3793	2780	7830	21100	4450
Rv0873	7282	6485	3814	3916	3932	5254	5784	5357	3623	4632	4825	4171	6375	4853	4526	3773	3811	3978	5492	4828	5805	5585	5095	6038	5906	5294	5859	9210	21846	5267
Rv0874c	1609	1382	904	664	866	1259	1185	1342	878	1052	1233	979	1405	1302	867	807	851	939	1507	1115	1246	1153	940	1163	886	1058	810	1330	3481	825
Rv0875c	742	810	405	480	494	684	536	784	391	658	687	568	656	721	413	556	514	519	1102	847	930	571	533	569	588	783	669	683	1670	397
Rv0876c	2939	3853	1416	1851	2230	2877	2384	3419	1509	2794	2853	2425	2739	3050	1688	2192	2079	2223	3753	3060	3383	2374	2156	2404	2709	3057	2813	3646	8883	2185
Rv0877	5787	4512	3194	3013	2911	4077	4484	3904	3153	4041	3917	3305	4848	3420	3657	3074	2598	2722	3846	3049	3571	3731	2773	3848	2853	3345	2784	4153	9935	2499
Rv0878c	886	1398	595	831	758	1061	661	1160	614	1135	944	791	832	1273	714	894	831	872	374	380	572	448	508	611	680	661	752	371	932	309
Rv0879c	393	844	624	486	545	670	343	650	663	725	687	505	355	589	589	507	444	420	257	204	241	212	303	313	466	585	410	580	1520	368
Rv0880	130	469	152	276	200	217	99	309	161	307	232	169	128	262	166	198	164	157	128	128	114	109	140	148	304	267	252	715	1531	416
Rv0881	260	671	274	441	321	444	222	514	216	520	437	331	249	447	276	398	310	340	194	147	181	147	159	188	386	415	313	691	1652	405
Rv0882	167	400	107	258	214	290	133	346	99	366	307	237	159	317	104	236	213	206	163	146	176	129	165	125	303	304	247	553	1249	340
Rv0883c	814	2400	303	1260	1205	1423	513	2004	298	1684	1547	1079	601	1573	311	1273	1037	934	1104	906	1078	650	819	646	1617	1760	1542	2483	5780	1541
Rv0884c	2426	2382	1322	1381	1466	1891	2018	1988	1348	2000	1795	1492	2228	1599	1530	1561	1288	1439	1730	1518	1676	1968	1694	1885	1841	1911	1834	2969	7040	1816
Rv0885	1775	2677	1231	1268	1208	1642	1453	1861	945	1412	1362	1201	1709	1724	1188	1120	1025	1091	5758	5029	5665	6287	4385	6085	1651	1232	1344	13499	33471	8067
Rv0886	877	1161	549	454	583	836	789	995	524	721	877	704	891	911	553	499	575	617	2008	1646	1852	2149	1588	2589	462	526	404	4648	11591	2881
Rv0887c	89	150	56	76	94	120	68	130	59	72	102	77	116	136	64	63	67	91	164	124	166	160	159	234	95	116	81	445	1038	266
Rv0888	1270	4128	1052	2224	2059	2514	872	3153	1009	2605	2624	2069	1083	2721	1334	1963	1898	1808	669	659	715	686	997	621	2999	2282	2538	3644	8878	2243
Rv0889c	1662	3180	2130	2025	2251	2681	1574	2772	2247	3080	2998	2414	1761	2425	2401	2558	2137	2101	1964	1527	1552	1109	1207	1291	2147	2486	2026	3514	8544	2142
Rv0890c	1872	3338	3125	2765	2300	2353	1635	2538	3178	3579	3020	1809	2068	2688	3719	2876	2438	1782	916	814	1019	722	1213	1053	3357	3396	3192	4750	11357	2893
Rv0891c	457	1157	778	770	586	589	353	810	605	839	661	456	444	976	798	715	743	526	328	322	406	310	450	471	1171	874	1097	1221	2810	743
Rv0892	829	2607	1430	1698	1463	1083	679	1703	1287	1859	1523	785	747	1739	1646	1370	1375	800	851	880	1182	498	988	633	3365	2168	2839	4320	10350	2445
Rv0893c	289	836	565	546	442	412	268	577	487	609	528	309	307	714	678	505	529	316	368	333	408	212	340	247	1032	770	909	1256	2901	794
Rv0894	399	674	1135	1018	484	538	380	567	1255	1295	603	466	470	638	1549	1053	526	499	465	457	699	319	517	489	778	626	884	551	1255	365
Rv0895	261	406	846	773	252	269	211	391	978	953	367	237	281	321	1052	765	239	248	194	193	186	176	185	218	349	337	304	819	1903	498
Rv0896	6625	13325	9930	8674	8679	9714	6212	10562	9113	10735	10528	8181	6899	10022	12028	8887	8486	8152	10950	10288	12843	8029	8933	8679	14467	11525	14512	19249	45597	11395
Rv0897c	1851	1607	1110	1032	1181	1584	1493	1411	1044	1460	1530	1330	1653	1367	1280	1142	1078	1257	2131	1716	2053	1490	1292	1536	1657	1602	1415	2616	6555	1624
Rv0898c	952	1130	593	651	702	944	942	1154	662	947	1111	911	1110	856	710	828	673	792	1204	1116	1090	1025	889	903	1083	1074	1208	1744	3700	1016
Rv0899	800	1033	746	729	688	896	661	805	613	830	767	641	698	790	764	623	614	659	833	774	831	903	848	866	1055	821	939	1267	3185	838
Rv0900	226	280	183	197	160	208	203	217	192	233	240	172	208	227	253	187	174	174	182	147	177	177	138	214	246	217	231	246	685	159
Rv0901	972	1145	932	826	807	1127	879	994	938	1112	1007	849	941	983	1065	885	788	745	696	546	643	647	653	926	817	1149	871	918	2341	576
Rv0902c	2150	2748	1384	1404	1540	2143	1678	2420	1338	2053	2122	1693	1912	2260	1398	1555	1538	1624	3309	2660	2709	1908	1623	1794	2108	2345	1955	3591	8400	2246
Rv0903c	2317	2641	1319	1549	1530	1942	1983	2328	1260	2309	2002	1698	2066	1961	1417	1612	1341	1443	4207	3411	3374	2471	2028	2105	2547	2537	2323	4164	9767	2529
Rv0904c	902	1179	776	750	741	976	722	922	750	1073	970	697	874	794	765	795	629	636	601	525	507	537	484	595	770	870	668	1825	4735	1196
Rv0905	2226	2440	2435	1527	1512	1620	1869	1961	2045	2105	1951	1387	2099	1689	2672	1757	1464	1303	3203	2664	3314	2383	2576	2937	2877	3085	3022	5781	13771	3541
Rv0906	2595	2034	2343	1331	1507	1620	2221	1874	2127	2025	1850	1315	2540	1573	2295	1573	1448	1257	3525	2879	3330	2652	2465	3240	2520	3074	2620	5674	13974	3493
Rv0907	2169	2332	1707	1498	1500	1679	1898	2014	1467	1876	1914	1385	2270	1980	2006	1579	1702	1378	1842	1683	2048	1554	1672	2067	2594	2569	2610	3065	7342	1831
Rv0908	3646	3814	2952	2732	2845	3125	3187	3368	2770	3729	3727	2543	3654	3759	3819	3267	3391	2694	2179	2116	2565	1648	2208	2366	4565	4280	4372	4205	10047	2547
Rv0909	898	1871	1432	1394	1083	1389	714	1246	1140	1465	1216	1012	744	1304	1267	1158	994	1015	1151	1204	1227	1066	1162	1034	1971	1434	1693	2146	5072	1282
Rv0910	1436	2458	2004	1823	1582	1988	1368	1746	1905	2116	1872	1659	1525	1829	2564	1718	1480	1480	1934	1790	1914	1623	1545	1566	2604	1989	2314	3463	8456	2145
Rv0911	870	1417	1127	971	867	1124	801	1045	1060	1230	1091	910	930	1020	1487	976	953	899	758	592	745	697	768	905	1065	1102	1005	1271	2943	819
Rv0912	357	854	359	491	482	648	247	654	344	603	635	420	331	709	428	487	476	444	415	295	335	183	289	236	614	562	529	938	2317	589
Rv0913c	1121	1858	1039	1077	1038	1399	878	1535	949	1335	1395	1197	1020	1819	1322	1047	1310	1129	1305	1357	1668	1370	1485	1720	1752	1387	1722	1967	4600	1244
Rv0914c	1353	1747	1035	851	1049	1317	1004	1475	1033	1288	1414	997	1175	1282	1083	891	970	1009	1280	1109	1209	1118	1046	1395	1259	1192	1105	2370	5967	1520
Rv0915c	228	315	218	150	195	254	198	269	178	244	282	193	252	240	216	196	161	187	324	255	282	229	175	222	199	242	183	355	997	268
Rv0916c	138	112	92	66	61	96	110	91	91	87	80	83	138	101	102	82	70	67	200	193	187	121	115	126	107	124	107	199	453	127
Rv0917	717	1217	621	885	737	993	561	1042	573	1109	982	755	699	957	829	808	754	698	573	563	728	538	583	628	1151	887	1081	1501	3527	881
Rv0918	189	338	155	185	203	231	208	276	100	237	229	193	200	243	151	189	162	162	318	284	279	246	243	209	266	221	251	480	1170	270
Rv0919	1039	1885	896	1487	1172	1800	907	1504	921	1820	1663	1489	965	1388	1171	1428	1212	1375	511	516	524	449	656	544	1507	1258	1472	1200	2760	767
Rv0920c	606	1462	579	1184	816	1154	497	1221	633	1402	1081	962	587	1103	730	1116	907	906	266	314	443	393	517	489	1154	966	1127	1200	2812	768
Rv0921	1369	1059	491	629	600	751	1137	1058	462	883	796	607	1264	852	598	686	559	470	1228	921	1105	905	753	912	900	906	780	1620	3718	986
Rv0922	4817	6756	2689	3461	4369	4625	3812	6434	2753	5205	5504	3782	4263	6187	2761	4264	4115	3511	3874	2932	3079	2959	2711	3214	3785	4726	3701	8420	21676	5210
Rv0923c	1893	2700	985	1517	1749	1930	1482	2541	1100	2323	2309	1588	1831	2476	1125	1855	1780	1592	1192	932	1013	1331	1174	1478	1423	1749	1385	2048	5360	1344
Rv0924c	308	963	231	560	488	594	282	865	249	705	584	420	320	767	284	626	511	462	130	127	134	133	221	201	745	678	634	951	2412	661
Rv0925c	629	1888	518	1100	929	1121	532	1462	518	1312	1049	826	597	1412	620	968	944	813	425	425	478	480	651	496	1853	1594	1679	2670	6492	1595
Rv0926c	506	915	529	571	550	660	447	756	470	805	729	592	542	757	552	575	577	523	545	454	485	374	500	493	965	993	925	1627	3907	996
Rv0927c	274	599	293	328	375	408	256	479	267	471	451	353	251	453	254	341	293	303	267	214	208	140	227	237	429	521	425	1107	2797	716
Rv0928	1587	2200	1531	1611	1421	1676	1480	1794	1306	1967	1646	1259	1498	1698	1638	1499	1345	1196	1897	1655	1996	1545	1652	1636	2667	2228	2509	3212	7934	1934
Rv0929	1002	1303	981	1021	934	1087	909	1023	919	1257	1034	879	1043	1076	1255	958	937	846	1108	962	1249	769	867	828	1712	1487	1582	1543	3584	863
Rv0930	2926	4920	2752	3337	2952	3754	2609	4149	2755	4100	3932	3217	3102	4448	3696	3590	3445	3248	2831	2604	3122	1651	2190	2125	4237	3755	4290	3684	8781	2270
Rv0931c	20235	27154	20904	17264	19024	22757	16907	25719	19949	23522	24750	18714	21131	25084	24313	20546	20023	18751	26386	23269	27543	15647	16580	19389	25496	25514	26421	29883	72787	18202
Rv0932c	14908	24574	17760	16911	15989	18943	12771	19563	15800	20287	20002	15187	14732	20650	22094	16906	17353	15141	22452	20151	23744	13825	14886	15627	24069	21141	23956	27314	65879	16432
Rv0933	1023	2934	1145	1825	1604	1914	706	2199	964	1995	1927	1381	817	2397	1147	1759	1608	1320	593	615	778	586	965	833	2396	1894	2127	2302	5271	1224
Rv0934	2626	6444	2734	3400	3465	4199	2030	5610	2478	4488	4328	3191	2328	5001	2881	3590	3370	3088	1593	1535	1976	1787	2557	3025	4611	4822	4926	4641	11319	2691
Rv0935	3227	7027	2505	3773	4400	5396	2516	6606	2977	5564	5755	4366	3210	6252	3301	4615	4793	4208	1192	1090	1244	938	1704	1652	4532	5003	4638	3699	8779	2232
Rv0936	1661	3275	1091	1637	1985	2456	1197	2881	1203	2458	2496	1841	1504	2987	1429	2023	2310	2074	617	644	850	484	950	813	2293	2314	2315	1226	3017	786
Rv0937c	1344	2101	836	1134	1132	1658	1033	1761	753	1401	1542	1336	1212	2018	1092	1234	1464	1415	1069	1134	1554	935	1030	1089	1836	1448	1983	1279	3062	862
Rv0938	4128	4625	2796	2740	3190	4472	3517	4180	2955	4061	4462	4001	4045	4572	3481	3542	3521	3927	4154	3329	4017	2560	2411	2944	3212	3520	3337	4415	11058	2746
Rv0939	4336	4873	2944	2542	3166	4351	3462	4414	2885	3755	4161	3643	4094	3978	3263	2887	3097	3232	6225	4921	5606	3772	3169	4076	3566	3735	3421	6876	16410	4194
Rv0940c	826	1348	538	669	690	981	616	1104	510	835	907	819	779	1261	640	753	817	799	948	816	1165	572	723	697	988	864	982	1291	3122	779
Rv0941c	691	940	504	519	511	738	560	754	420	599	648	588	613	829	546	507	494	569	841	708	836	649	561	633	708	673	697	1322	3049	803
Rv0942	612	779	361	443	426	579	508	608	312	476	456	529	522	564	435	399	370	443	709	737	748	606	493	493	622	425	552	730	1728	438
Rv0943c	57	121	50	94	74	109	55	98	69	110	98	103	65	88	74	86	76	87	40	37	37	37	48	43	97	85	53	123	340	119
Rv0944	104	268	90	143	149	173	74	167	88	189	157	126	74	184	86	134	137	136	56	63	40	68	75	57	175	168	160	296	726	162
Rv0945	760	1808	675	905	1015	1257	642	1413	683	1206	1304	991	800	1303	756	981	871	920	615	453	563	370	518	534	1018	1046	1011	1526	3833	988
Rv0946c	1218	1500	1018	856	926	1132	1069	1363	957	1178	1170	1043	1203	1112	1167	991	844	898	1346	1103	1389	969	978	1157	1046	1191	1109	1903	4456	1172
Rv0948c	763	1557	873	1012	814	1113	590	1031	740	1082	960	830	691	1269	1010	901	928	887	492	472	561	475	636	603	1354	879	1114	781	1883	460
Rv0949	2314	3215	1822	1867	1915	2532	1772	2708	1728	2538	2477	2009	2159	2526	1985	2061	1978	1946	2689	2214	2198	1695	1612	1648	2724	2641	2443	3457	8655	2118
Rv0950c	994	4217	3300	3551	2957	3059	1020	3271	2881	4699	3544	2286	1138	2393	3061	3293	2406	1893	918	974	974	808	1335	1397	3637	3430	3207	5419	13064	3271
Rv0951	5211	9546	6949	7915	7072	7417	4681	7649	6697	9957	8382	5987	5201	6822	7850	7853	6635	5384	5927	5817	6054	4781	5455	5438	12285	10389	10757	25992	61562	15967
Rv0952	3861	7029	4251	5079	4759	4996	3444	5441	4153	6322	5577	3990	4057	5231	5250	5243	4785	3989	3158	2953	3430	2835	3560	3585	7754	7298	8067	14299	34908	8594
Rv0953c	244	269	130	116	146	159	224	193	115	160	159	122	238	150	139	113	124	86	123	122	103	138	123	122	137	143	127	422	1060	256
Rv0954	7541	13547	7306	7229	7880	9301	5692	11243	7104	10125	9787	7234	6463	9404	7471	7519	6567	6015	4667	3963	4446	3894	4086	5336	7906	9258	7549	12450	31843	8020
Rv0955	3395	5208	2909	2849	3334	4290	2752	4639	3192	4488	4346	3302	3036	4100	3263	3234	2963	2904	1701	1470	1547	1456	1540	1839	2797	3331	2481	4666	11454	2902
Rv0956	380	824	441	581	453	569	339	720	362	643	553	423	416	604	433	502	425	417	268	245	277	239	308	382	563	559	524	776	1951	534
Rv0957	1817	3826	2094	2463	2360	2855	1553	3332	2177	3344	2936	2267	1826	2856	2220	2536	2055	2009	1220	1021	1143	1093	1496	1667	2656	3166	2635	4457	11372	2795
Rv0958	2058	2304	1191	1153	1339	1965	1588	2170	1291	1706	1741	1479	1874	1928	1330	1439	1328	1498	1622	1204	1331	1312	1168	1569	1130	1507	1194	1968	4890	1252
Rv0959	2635	2648	1847	1421	1604	2511	2083	2491	1807	2134	2241	1892	2465	2226	1996	1656	1551	1640	2467	1908	1990	2043	1733	2193	1628	1863	1483	2071	5412	1338
Rv0959A	195	268	138	179	172	241	145	235	121	211	268	204	186	269	159	216	177	181	128	121	120	144	144	163	223	232	199	137	315	90
Rv0960	460	680	349	490	454	612	372	599	331	657	624	494	419	663	419	546	522	489	328	289	315	331	319	392	561	493	484	333	833	209
Rv0961	638	1107	597	1016	823	1120	584	795	646	1203	984	877	585	960	888	954	911	790	600	562	747	618	646	617	1190	835	1053	841	1898	500
Rv0962c	352	431	279	517	327	515	305	370	343	561	531	467	359	494	534	540	502	418	281	260	335	203	270	252	475	401	526	220	548	152
Rv0963c	117	150	59	132	102	135	77	116	71	124	125	106	115	185	101	113	148	87	46	59	68	55	57	65	121	105	125	133	401	132
Rv0964c	174	243	120	145	139	168	145	215	112	167	226	120	144	252	126	153	152	155	57	67	66	56	76	81	141	171	144	106	288	84
Rv0965c	610	1040	524	635	608	752	533	817	604	813	826	593	613	806	723	651	655	562	411	395	445	381	455	471	776	720	710	608	1398	347
Rv0966c	1043	1896	1052	1172	1008	1251	790	1380	951	1258	1330	1051	902	1143	1048	978	802	808	1111	868	831	959	713	713	1459	1257	987	2060	4893	1148
Rv0967	11035	902	1348	841	483	647	7759	778	1221	1040	583	528	8489	924	1687	863	581	495	4183	4521	5175	5298	3801	4605	725	676	761	1067	2623	578
Rv0968	8679	789	1239	638	536	661	6380	838	1334	945	759	513	6816	740	1560	714	558	439	3223	2821	3453	3452	2409	3588	732	747	711	1215	2874	704
Rv0969	29748	2572	5139	1704	1599	2081	18705	2827	4994	2762	1968	1610	21868	2270	4703	2028	1426	1499	9883	8359	8428	13105	7701	12465	1556	1903	1428	4621	11312	2837
Rv0970	4152	1154	888	883	663	843	2496	979	781	1041	876	706	3269	1012	1143	810	738	693	1182	1167	1412	1772	1325	1796	938	782	954	1312	3010	802
Rv0971c	1387	515	652	333	304	474	870	494	612	583	497	339	1224	472	622	429	338	369	914	648	786	556	465	787	250	403	262	998	2597	630
Rv0972c	723	700	1112	337	316	515	710	701	807	486	462	378	862	632	1106	426	395	433	2684	2164	2648	1372	1075	1890	583	564	595	2255	5514	1372
Rv0973c	732	833	1145	375	420	630	811	795	932	549	548	468	968	786	1105	472	420	463	3512	2879	3413	1534	1361	2344	535	628	516	3007	7467	1788
Rv0974c	258	447	387	142	159	293	254	400	316	229	252	203	305	310	408	168	150	208	1766	1448	1947	867	778	1320	256	273	224	1383	3307	875
Rv0975c	291	405	419	137	170	289	279	382	319	221	243	222	272	310	333	139	155	211	2265	1688	2054	940	897	1452	227	262	226	1449	3730	921
Rv0976c	288	511	380	148	207	367	234	480	283	236	303	292	282	396	331	171	184	225	2247	1598	1836	1043	721	1277	202	240	189	2163	5335	1327
Rv0977	1048	1288	953	749	793	985	758	1417	977	1018	964	733	986	858	1128	830	682	627	1443	1249	1397	1068	853	1186	846	811	769	1911	4736	1180
Rv0978c	337	543	284	360	343	415	254	566	300	493	474	357	332	451	360	441	330	284	115	88	104	96	104	134	228	288	212	633	1544	369
Rv0979c	17	36	23	24	20	31	22	38	28	30	23	28	30	29	36	17	22	20	28	21	25	19	31	20	36	34	32	34	87	28
Rv0979A	296	892	494	483	557	613	290	638	464	769	663	439	310	592	470	532	472	421	227	182	240	189	288	264	675	648	552	724	1683	430
Rv0980c	1015	2266	1086	1595	1376	1620	786	2120	1081	2014	1836	1377	999	1766	1360	1730	1309	1235	339	297	375	303	480	496	1224	1328	1113	2266	5727	1474
Rv0981	3980	2539	1514	1609	1623	4497	3245	2280	1608	2073	2157	3934	3865	2233	2019	1790	1686	3862	2837	2263	2524	2980	2203	2875	1865	1776	1761	1988	4768	1193
Rv0982	12530	7684	4789	4994	5308	13709	10007	7196	4990	6988	7057	11882	11620	7107	6165	5780	5613	11317	10227	8385	9597	7669	6236	7737	6166	6158	5911	5845	14444	3534
Rv0983	12347	11012	4664	5174	6175	12995	9237	10344	5068	7927	8158	9834	10891	9755	5202	6329	6436	10242	6976	5458	6512	5302	4980	6536	6240	7319	6638	9385	23575	5559
Rv0984	6134	5142	2720	3050	3061	5798	4574	4425	3053	4291	4255	4612	5374	4170	3553	3397	2950	4216	3303	2750	2949	2680	2446	2957	3383	3526	3161	4385	10428	2782
Rv0985c	2107	2310	1056	1355	1136	1925	1435	1735	946	1573	1470	1477	1717	1869	1233	1260	1267	1442	1349	1162	1511	1225	1142	1399	1603	1464	1405	1757	4220	1175
Rv0986	327	784	391	505	404	464	291	520	321	633	481	393	235	542	401	437	335	280	574	599	655	545	706	607	1001	679	819	616	1621	425
Rv0987	1298	2615	2014	2266	1551	1789	1192	1729	1851	2740	1871	1435	1010	1963	2434	2080	1686	1490	2364	2510	2804	2313	2711	2391	4424	2965	3721	1850	4644	1314
Rv0988	1060	1945	1678	1917	1286	1514	997	1318	1564	2381	1703	1204	893	1717	2350	1806	1593	1225	1688	1775	2037	1566	2035	1936	3605	2447	2928	966	2317	665
Rv0989c	898	1450	826	977	862	1025	773	1127	751	1156	1036	689	809	1090	930	868	890	710	872	801	885	715	805	815	1469	1158	1231	1584	3592	922
Rv0990c	3694	696	674	400	368	500	3905	515	603	555	489	398	3511	453	591	396	369	365	1700	1159	1463	1617	1137	1471	605	538	477	792	2051	531
Rv0991c	7865	924	1244	553	520	551	8439	637	964	668	538	403	7693	685	1121	543	526	395	5098	4367	4870	6585	4118	4650	1508	1031	1140	1526	3662	858
Rv0992c	622	798	522	488	488	624	508	662	577	735	709	573	532	610	629	560	484	430	476	439	462	388	376	447	507	652	463	980	2484	666
Rv0993	1017	3461	872	1638	1715	2279	797	2901	869	2268	2324	1769	944	2687	993	1735	1669	1664	744	649	689	575	889	834	1851	1862	1785	2321	5367	1385
Rv0994	3484	5965	1594	2801	3372	4293	2559	5555	1871	4166	4576	3374	3052	4991	1941	3154	3223	3024	2054	1822	1834	1898	1928	2052	3484	3572	3078	5517	14144	3594
Rv0995	694	1262	347	617	698	884	498	1266	387	833	954	732	642	1151	385	680	728	700	323	296	275	257	329	373	734	812	612	860	2121	515
Rv0996	2941	5726	1000	2395	2727	3293	2002	4983	869	3534	3705	2597	2145	4165	849	2520	2567	2330	8498	6870	6969	2447	2498	2359	4145	4980	4296	8825	22160	5508
Rv0997	2232	1702	394	1376	1077	3136	1510	1551	397	1889	1406	2638	1729	1486	456	1454	998	2347	325	255	300	365	506	415	1226	1227	1062	963	2469	603
Rv0998	2477	2224	1987	1761	1572	2906	1861	1917	1953	2462	2067	2348	2304	1718	2367	1908	1496	2024	2604	2077	2346	1533	1442	1674	2011	1980	1826	3002	7602	1902
Rv0999	950	2015	1015	1297	1199	1504	756	1765	1031	1678	1488	1185	924	1525	1147	1317	1105	1051	756	641	764	553	660	769	1329	1524	1347	1571	4001	1010
Rv1000c	453	842	483	505	551	612	435	681	421	661	696	503	501	743	528	575	608	460	1031	763	885	576	535	577	746	857	727	2300	5462	1418
Rv1001	1065	1821	1681	1350	1315	1426	1051	1524	1463	1831	1606	1183	1056	1357	1767	1426	1121	1053	1889	1529	1702	1116	1105	1242	1914	1843	1755	2940	7036	1802
Rv1002c	1527	2849	1483	1585	1628	2199	1239	2239	1515	2291	2035	1630	1423	1911	1555	1590	1417	1407	1284	1160	1201	1084	1104	1154	2097	2074	1765	3511	8578	2182
Rv1003	344	483	205	296	300	355	268	439	271	449	418	280	307	337	287	318	244	252	146	116	115	155	143	169	296	354	266	642	1652	417
Rv1004c	2453	2212	1819	1371	1483	1930	1800	2218	1882	2092	2018	1563	2281	1445	1948	1510	1117	1207	1155	872	822	952	769	1252	789	1533	846	2090	5842	1430
Rv1005c	1416	1058	520	508	613	985	1019	981	481	755	801	788	1274	911	507	535	554	763	549	409	476	472	408	648	564	676	499	962	2626	588
Rv1006	6401	12593	6927	9202	8215	11162	5617	10175	6810	12252	11041	8887	6713	10662	7857	9663	8514	8416	3821	3362	4064	4527	5236	6176	8933	8124	8324	8555	20767	5163
Rv1007c	1820	2870	1544	1668	1698	2019	1468	2405	1496	2182	2059	1694	1693	2162	1677	1723	1698	1561	1566	1443	1502	1353	1372	1358	2535	2245	2320	3272	8050	1976
Rv1008	238	421	198	263	204	266	183	370	182	331	284	197	224	304	180	247	208	197	116	96	106	115	138	197	225	318	242	549	1367	333
Rv1009	1992	6358	3046	3938	3855	4711	1684	5525	3249	6098	4754	3658	1945	4517	3326	4414	3413	3298	1255	1188	1275	1292	1699	2065	3698	4105	3221	6193	15100	3578
Rv1010	1638	4876	2015	2915	3074	3736	1378	4194	2326	4562	3730	2809	1756	3877	2487	3278	2824	2530	750	704	831	798	1217	1293	3091	3389	2594	2934	7347	1811
Rv1011	708	1469	884	929	890	1076	609	1225	876	1201	1158	867	749	1153	1059	994	871	759	745	592	650	505	533	710	1023	1176	972	1138	2892	664
Rv1012	94	187	87	90	74	112	76	111	86	132	117	79	94	131	84	83	93	74	93	70	90	74	81	77	131	135	100	143	335	78
Rv1013	4697	7539	1933	2394	3627	4292	3881	6523	1843	3496	4632	3481	4518	5373	2161	2541	3559	3495	4525	3838	4427	4388	4461	4786	6643	6889	6175	6823	16277	3995
Rv1014c	276	737	226	386	301	419	231	533	223	531	389	298	272	501	255	409	264	262	141	166	174	142	208	246	421	403	368	946	2440	631
Rv1015c	862	2200	1188	1596	1043	1367	742	1686	1045	1768	1341	989	929	1494	1245	1369	1011	973	707	653	751	715	872	1002	1575	1412	1391	3279	7413	2002
Rv1016c	1082	2333	1130	1506	1307	1540	917	1764	971	1671	1568	1237	1127	1968	1319	1299	1396	1262	1118	1019	1260	1120	1284	1457	2212	1532	1799	1918	4806	1111
Rv1017c	2644	5393	2887	3506	2904	3448	2176	4062	2310	3940	3324	2663	2512	3812	2817	2929	2706	2482	2567	2322	2853	3383	3616	4071	4775	4054	4486	8028	18673	4851
Rv1018c	3237	4580	2520	2435	2612	3361	2479	3866	2233	3353	3381	2593	2974	3633	2231	2523	2465	2402	1966	1717	1826	1934	2087	2341	3449	3643	3103	7191	17740	4476
Rv1019	1322	935	981	662	614	978	1180	844	813	865	853	760	1121	728	1034	668	621	695	2542	2008	2268	1804	1361	1527	1084	1059	1067	1418	3327	859
Rv1020	5336	5108	3734	2941	3110	4211	4298	4683	3560	4172	4265	3306	4871	3981	3759	3226	2957	3057	4049	3193	3371	3068	2689	3370	3859	4727	3592	5965	14724	3878
Rv1021	1262	1424	898	883	752	1088	1081	1101	799	1085	975	824	1178	1104	1095	805	924	839	984	939	1122	814	837	839	1586	1248	1402	1686	3657	955
Rv1022	1069	1244	832	801	689	938	906	1009	780	974	946	761	1004	1110	942	769	791	749	731	600	704	535	561	665	961	1074	1002	1106	2794	642
Rv1023	2371	4022	1806	2009	2308	2968	1933	3607	1779	2897	2720	2118	2296	3071	1876	2136	2106	2072	1053	1003	959	979	1257	1396	2687	2991	2642	5418	12971	3123
Rv1024	705	1049	492	478	583	793	566	1090	492	739	760	610	677	992	495	516	634	673	365	291	389	378	445	551	638	714	589	929	2190	522
Rv1025	609	964	476	470	532	734	448	891	487	707	759	650	560	852	539	568	588	625	142	142	149	105	220	186	607	697	561	712	1821	448
Rv1026	889	1443	796	894	982	1278	763	1460	826	1286	1385	974	948	1449	896	1031	1034	1032	312	274	318	197	333	318	884	1142	865	869	2141	530
Rv1027c	213	280	123	167	160	216	157	200	116	187	202	203	183	235	162	151	185	183	284	233	306	173	167	211	231	188	246	280	630	194
Rv1028c	989	1264	852	676	805	1034	906	1020	716	979	1003	812	968	898	754	687	710	731	2164	1777	1835	1229	1081	1129	1105	1183	1034	2552	6177	1575
Rv1028A	14	62	16	34	31	43	16	44	12	48	31	29	17	60	17	25	33	22	17	13	14	12	15	11	54	55	61	81	161	40
Rv1029	403	1101	384	584	565	740	320	876	336	779	669	612	443	830	401	552	612	591	342	328	428	281	395	293	950	772	757	1259	3090	833
Rv1030	445	1249	273	536	674	860	376	1142	295	930	855	734	437	1107	378	639	718	658	285	218	253	190	327	233	857	885	788	1261	3056	812
Rv1031	329	618	257	375	371	481	300	500	258	475	508	392	332	532	342	406	431	369	284	234	280	300	310	412	436	427	429	577	1342	358
Rv1032c	704	1206	668	712	701	884	654	986	534	863	888	740	706	972	662	770	715	701	691	592	727	817	774	905	908	765	824	926	2264	579
Rv1033c	482	930	425	554	530	644	385	658	395	648	615	570	438	620	504	493	497	406	479	429	485	508	468	453	801	549	735	446	1060	273
Rv1037c	2712	4846	2492	4918	4049	5686	2406	4284	2688	6124	4804	4534	2515	3496	3268	4846	3451	3820	1621	1635	1755	1945	2486	2471	4034	3986	4280	2894	7050	1777
Rv1038c	2637	4931	2618	5503	4254	6044	2108	4408	2511	6406	5013	4701	2269	3611	3164	5170	3634	3890	1537	1548	1942	1820	2662	2850	4402	4284	4941	2520	6082	1497
Rv1039c	649	375	301	268	231	294	581	303	261	399	281	239	676	230	270	282	227	230	203	201	218	308	237	308	255	244	230	517	1270	340
Rv1040c	153	83	74	58	74	73	126	80	48	82	69	65	143	51	55	56	42	41	80	59	76	71	38	77	43	52	42	86	246	73
Rv1041c	1266	2081	862	1240	993	1323	1020	1665	856	1503	1234	1023	1214	1541	1094	1134	989	922	1891	1570	1722	1290	1218	1233	1849	1522	1485	2357	5517	1382
Rv1042c	1074	1803	754	1101	866	1146	876	1438	754	1285	1081	900	1057	1321	982	983	859	782	1539	1292	1360	1100	1023	1034	1634	1309	1306	2051	4805	1211
Rv1043c	2060	2322	430	1322	1066	2098	1376	2106	399	1735	1563	1635	1764	2430	510	1522	1355	1756	1177	1005	1294	877	995	815	1819	1580	2008	1224	2730	761
Rv1044	338	295	188	214	192	234	339	232	156	271	235	202	378	234	181	228	204	188	409	326	386	389	374	389	460	377	412	888	1984	498
Rv1045	929	1180	452	851	697	922	825	904	430	970	938	750	945	1304	653	961	920	942	718	695	848	719	907	841	1176	1076	1265	1031	2464	622
Rv1047	2395	4244	1576	5881	4291	6471	1781	4024	1961	7807	5203	5025	2044	2906	2336	5656	3352	3642	539	549	690	587	1240	1093	3345	3554	3434	1931	4743	1206
Rv1048c	2270	398	251	270	190	264	2383	306	261	293	265	233	2295	292	347	258	209	202	621	460	549	778	560	688	365	295	315	408	978	291
Rv1049	1343	249	125	92	113	145	1320	179	117	146	127	113	1239	173	143	107	115	103	715	586	598	1031	675	833	305	242	221	352	854	232
Rv1050	2498	280	113	124	151	182	2586	232	124	141	190	126	2331	198	123	98	108	110	626	465	575	1147	633	892	236	255	202	264	667	174
Rv1051c	339	74	29	43	48	58	335	73	32	25	65	28	331	66	32	42	45	52	92	70	92	138	93	98	87	84	89	105	313	114
Rv1052	626	488	301	270	260	386	475	394	254	321	351	324	545	406	316	301	314	274	634	580	626	510	399	431	508	411	514	669	1695	407
Rv1056	756	626	527	417	392	523	633	530	406	522	479	414	706	559	579	449	396	459	693	592	763	582	530	643	607	535	610	786	1808	488
Rv1057	7201	420	3977	1036	666	1788	5347	366	3494	1385	900	1797	6910	329	4982	1344	783	1913	4079	3554	4850	6325	4876	7846	1927	2056	2103	5166	12473	3244
Rv1058	1682	1150	1239	765	734	939	1417	904	1074	937	960	819	1747	813	1551	775	734	735	1578	1449	1734	1895	1691	2117	1313	1078	1219	2686	6258	1518
Rv1059	1375	1588	871	907	908	1149	1157	1241	819	1205	1136	951	1298	1155	1131	919	940	907	1247	1076	1111	910	1029	1060	1512	1412	1406	2065	4952	1272
Rv1060	1138	2192	1022	1518	1214	1676	973	1525	1068	1703	1587	1140	1077	1558	1188	1323	1229	1220	722	656	730	617	830	717	1835	1630	1625	2604	6201	1583
Rv1061	717	920	476	597	550	748	571	750	419	732	690	620	677	805	523	607	591	609	450	399	441	412	424	426	754	595	697	915	2188	556
Rv1062	847	853	576	492	569	822	720	760	620	752	890	707	802	762	621	609	601	614	937	619	730	860	625	930	506	579	444	578	1386	380
Rv1063c	1339	1662	1090	772	1126	1419	1186	1438	1098	1260	1476	1221	1337	1260	1132	1056	1038	1154	2288	1800	1855	1715	1279	1640	1120	1285	1096	1736	4334	1118
Rv1064c	178	181	164	107	109	168	137	147	139	183	136	135	155	127	158	110	101	88	112	89	96	110	101	133	124	130	88	186	476	138
Rv1065	2335	2215	1459	1333	1456	2145	2341	1897	1576	2050	2041	1672	2538	1663	1650	1503	1337	1595	3020	2642	2752	2601	2033	2712	1458	1462	1285	2589	6056	1546
Rv1066	604	528	386	238	374	531	542	615	454	463	515	441	637	413	395	326	325	355	427	302	346	332	208	412	132	249	133	338	831	193
Rv1067c	363	327	210	180	249	324	280	618	235	290	312	263	357	319	214	196	185	219	163	118	123	118	95	184	87	167	88	219	593	176
Rv1068c	201	216	121	124	135	164	146	326	139	194	179	134	216	215	161	155	129	143	81	57	72	61	61	71	96	131	87	207	534	153
Rv1069c	2075	3030	1804	1624	1930	2237	1859	2650	1864	2293	2559	1824	2238	2526	2075	1849	2007	1800	2164	1837	2272	1692	1793	2067	3019	2984	2906	3699	9035	2369
Rv1070c	1223	2332	1116	1100	1285	1442	1010	1865	1031	1552	1676	1223	1198	1694	1106	1151	1246	1156	1065	896	1028	879	1081	1042	2034	2090	1962	3298	8118	2242
Rv1071c	1226	2425	1141	1265	1362	1547	941	1859	1011	1593	1697	1215	1149	1588	1181	1214	1092	1047	1137	964	1009	908	1029	896	1976	1907	1888	4072	9553	2394
Rv1072	49955	39060	18757	20195	20686	34489	39180	32577	18095	26175	25872	28278	44173	32441	25532	20387	21975	26549	44971	40705	51574	37935	33295	36977	36987	30797	35750	43481	103934	27490
Rv1073	7624	5661	3054	3335	2741	4618	5995	4501	2949	4055	3611	3514	6733	5379	3824	3260	3353	3812	4313	3751	4930	4101	3682	4284	4796	4291	4509	4657	11247	2722
Rv1074c	5722	7795	6334	5116	5352	5896	5138	6290	6168	6732	6218	4655	5511	5331	6885	5368	4889	4195	6325	5552	5843	4883	5108	5288	7542	7631	7359	13764	32917	8162
Rv1075c	542	701	232	247	347	348	366	527	167	316	453	262	412	497	168	206	272	264	944	711	696	593	465	460	676	665	600	825	1903	539
Rv1076	818	1480	379	404	748	757	563	1250	227	548	1001	671	623	1055	305	455	715	592	2717	2189	2509	1638	1408	1300	1776	1678	1709	4386	10324	2650
Rv1077	2520	4414	2765	2504	3066	3347	2151	4043	2850	3582	3948	2941	2443	3729	3250	3056	3041	2766	2931	2524	2556	2229	2118	2450	3614	3926	3582	6268	15589	3869
Rv1078	4561	12643	6537	7854	7527	8750	3761	10830	6309	10362	8801	6656	4503	8077	7204	7347	6669	5886	3463	3330	4196	3819	4654	6057	9347	9188	9267	14684	35118	9270
Rv1079	3052	7494	4215	5015	4729	5557	2728	6466	4437	6760	6028	4463	3625	6196	5023	5109	5028	4272	2207	2031	2364	2060	2964	3456	6500	6769	5905	8475	20704	5246
Rv1080c	3784	9563	3391	5893	5251	6683	3040	7273	3126	7172	6747	5168	3504	7861	4088	5732	5703	5314	2281	2129	2747	2306	3583	3174	7349	6788	7479	11558	26522	7160
Rv1081c	301	409	198	253	211	281	228	334	192	328	308	203	238	299	219	212	212	185	188	185	225	158	188	246	269	292	258	553	1350	348
Rv1082	1205	1439	875	854	827	1012	927	1127	796	1068	1051	762	1125	1092	1051	773	814	650	1483	1200	1311	925	858	933	1222	1059	993	2691	6301	1698
Rv1083	349	509	267	300	307	366	268	409	234	355	364	287	264	340	311	296	257	252	354	290	343	285	285	299	370	318	337	418	1046	261
Rv1084	1667	1983	1225	997	1285	1553	1271	2133	1305	1542	1741	1284	1506	1694	1310	1226	1208	1159	1313	998	992	828	696	964	1007	1363	956	1941	5174	1265
Rv1085c	972	1833	825	936	1019	1279	794	1475	759	1306	1322	1038	913	1138	757	913	812	868	425	321	370	368	496	514	888	1036	807	1743	4148	1085
Rv1086	2398	1833	1383	1196	1128	1650	2043	1516	1277	1558	1609	1455	2263	1507	1692	1286	1267	1366	3070	2592	2893	2179	1769	2142	1705	1662	1718	2199	5569	1445
Rv1087	1894	1560	1279	879	1148	1628	1390	2261	1476	1600	1609	1249	1632	1319	1316	1167	955	1090	649	442	462	533	472	822	494	927	504	982	2585	637
Rv1088	29	52	41	41	33	40	39	43	37	57	39	31	28	32	47	46	29	19	40	36	30	40	34	42	57	53	40	101	226	50
Rv1091	2910	2180	1692	1342	1705	2362	1860	3745	1740	2273	2320	1752	2293	1918	1656	1574	1476	1624	684	548	603	681	611	1059	699	1350	747	1732	4828	1077
Rv1092c	876	1841	1237	1181	1122	1409	795	1530	1036	1479	1525	1181	862	1404	1420	1232	1174	1142	1333	1177	1507	886	1092	1014	1691	1482	1948	1810	4494	1136
Rv1093	5106	5541	3095	2936	3168	4368	4127	4498	2885	4159	4192	3408	4773	3918	3167	3274	3019	3070	3917	3171	3726	3102	3145	3594	3943	4315	3961	8824	21047	5386
Rv1094	3921	21533	7245	14318	14975	18985	3500	18288	7104	17032	19918	15227	4654	21349	10902	15311	16936	15200	5857	5709	8652	5654	8420	7992	17032	15343	18794	36364	87280	22938
Rv1095	9288	15483	4170	9318	9501	11729	6672	14086	4763	13868	12724	9973	7933	14013	4814	11339	9966	9286	8919	7380	7921	4491	5293	5406	9815	11854	10178	13381	33727	8076
Rv1096	1744	3687	1455	2585	1772	2443	1400	2736	1203	2936	2427	1843	1583	3110	1501	2305	2100	1908	1290	1139	1325	1136	1393	1302	3039	2618	2691	3299	7893	2030
Rv1097c	1986	4458	2280	2848	2854	3580	1754	3903	2103	3928	3710	2772	2097	3738	2565	2965	2917	2650	1469	1265	1589	1353	1802	1849	3697	3775	3640	4158	9951	2383
Rv1098c	2445	6744	3106	3843	3973	4738	2049	5664	2978	5360	5171	3757	2529	5021	3213	4197	3680	3582	2011	1730	2145	1814	2465	2675	5317	5511	4912	7372	17793	4329
Rv1099c	1364	3429	1714	2068	1975	2309	1040	2853	1557	2667	2474	1759	1199	2479	1590	1981	1856	1536	1092	887	1091	1113	1162	1398	2330	2414	2150	3720	9079	2241
Rv1100	1799	1997	1407	1168	1277	1614	1625	1756	1405	1719	1763	1349	1729	1510	1695	1308	1218	1176	2236	1728	1931	1622	1398	1833	1585	1924	1644	2006	5078	1284
Rv1101c	2085	3108	1472	1603	1702	2171	1716	2422	1315	2072	2297	1691	1929	2688	1731	1737	1913	1745	2982	2480	3114	1988	2063	2165	3261	2719	3146	2495	5838	1461
Rv1102c	686	1262	502	711	603	783	527	965	353	765	839	695	638	1149	561	661	819	686	847	774	1029	589	700	698	1296	966	1234	1062	2405	626
Rv1103c	409	621	314	356	308	376	334	514	263	433	405	321	383	481	365	341	323	290	585	559	848	426	465	499	569	551	603	754	1682	491
Rv1106c	1977	2738	1265	1653	1453	2037	1574	2191	1274	2016	1898	1614	1846	2170	1446	1547	1409	1431	865	764	807	841	918	947	1792	1687	1572	2550	6173	1587
Rv1107c	1274	2559	1144	1579	1512	1872	1083	2070	1369	1992	1912	1518	1347	2282	1724	1660	1762	1620	645	686	761	648	841	783	1857	1578	1824	1528	3811	885
Rv1108c	2647	4171	2528	2313	2661	3245	2096	3976	2322	3377	3619	2628	2675	3592	2750	2673	2705	2451	2104	1963	2205	1607	1963	2437	3178	3369	2993	4346	10653	2602
Rv1109c	3216	6049	3613	3430	3423	4235	2768	5209	3188	4483	4498	3754	3173	4711	4464	3820	3568	3486	3799	3903	4918	3824	4399	5064	4984	4552	5715	5968	14048	3747
Rv1110	9259	6439	3817	3844	4359	5850	7842	5543	3913	5272	5769	4871	8710	5411	5030	4445	4497	4602	7812	6574	8165	10271	8460	11563	5379	5199	5326	5622	13556	3472
Rv1111c	2094	3697	1495	1853	2000	2584	1535	2980	1417	2485	2567	1875	1785	2753	1499	1956	1944	1803	1334	1054	1416	1249	1451	1616	2217	2581	2196	4003	9862	2600
Rv1112	291	591	255	326	315	360	271	447	247	417	323	255	294	378	293	286	274	257	203	176	196	190	229	226	488	412	399	643	1699	387
Rv1113	387	637	283	311	372	473	314	530	255	473	442	356	308	456	274	312	297	313	228	208	263	196	287	263	657	578	563	569	1228	308
Rv1114	366	561	230	279	296	416	315	452	241	408	391	337	334	433	235	321	290	291	206	181	208	174	232	221	583	519	506	477	1135	320
Rv1115	333	530	179	307	269	351	239	374	183	360	354	292	234	467	234	284	283	293	159	129	169	147	217	190	405	410	391	158	397	148
Rv1116	145	319	128	208	180	218	132	243	130	230	215	190	141	250	181	185	212	171	66	72	83	69	105	124	324	228	270	177	430	122
Rv1117	1721	2395	932	1392	1247	1824	1320	1795	892	1534	1632	1319	1571	1784	1067	1330	1255	1308	851	817	893	833	966	804	2005	1685	1761	3275	7725	1948
Rv1118c	1182	1651	686	1005	885	1248	961	1344	655	1214	1254	977	1159	1233	760	980	858	908	479	405	460	451	568	584	1160	1226	1087	1543	3665	914
Rv1119c	162	186	106	105	88	152	124	140	96	164	127	96	155	123	100	122	93	75	109	96	103	101	110	112	157	159	112	294	676	172
Rv1120c	88	127	58	70	55	82	68	92	49	96	77	64	91	91	50	74	60	63	48	45	48	46	60	53	99	77	80	122	309	84
Rv1121	3608	4529	3242	3299	2930	3793	3142	3800	2833	4012	3756	3267	3621	3907	3888	3370	3204	3089	4049	3602	3897	2630	2577	2484	4827	3987	4491	5512	13362	3329
Rv1122	3527	3203	2567	2146	2471	3071	3385	2936	2608	3255	3209	2548	3513	2627	3031	2426	2401	2285	2994	2367	3082	2336	2465	3178	2486	2874	2762	2696	6607	1568
Rv1123c	1379	2022	1317	1310	1381	1731	1345	1722	1367	1944	1816	1331	1430	1559	1525	1513	1347	1235	1121	893	935	775	823	990	1362	1531	1275	2528	6194	1453
Rv1124	668	894	647	636	612	698	521	778	621	829	752	579	586	607	645	686	481	499	518	382	406	314	347	372	528	707	480	1257	3108	727
Rv1125	679	999	455	526	650	921	584	907	486	809	837	695	694	902	474	586	651	729	369	344	411	266	346	317	703	743	628	984	2349	579
Rv1126c	918	1053	603	615	627	921	780	860	517	869	884	754	889	922	653	662	706	790	845	671	813	554	523	620	850	841	746	1530	3495	901
Rv1127c	2060	2234	1235	1240	1358	1959	1696	1984	1240	1851	1813	1620	1937	1813	1292	1502	1371	1424	1787	1496	1639	1162	1185	1410	1643	1848	1746	3886	9133	2372
Rv1128c	882	498	525	320	287	367	807	401	425	354	383	300	981	438	555	312	377	348	960	830	936	643	569	792	417	397	432	1172	2915	771
Rv1129c	1711	491	1156	349	351	397	1655	420	1065	524	538	390	1951	419	1406	423	425	345	2173	1944	2547	1553	1256	1787	424	431	482	2424	5646	1470
Rv1130	5044	1233	5909	1131	996	947	4738	1015	4209	1529	1356	790	5015	901	4896	1134	965	779	15712	13860	16085	7602	5443	7503	946	913	919	10507	24690	6454
Rv1131	4467	1317	4861	1265	1146	1108	4309	1071	4102	1796	1390	988	4492	1122	4448	1411	1176	907	9460	8314	9315	4155	3013	4883	1036	1005	1043	9990	23579	6022
Rv1132	4881	6772	4689	5109	4479	5243	4170	7366	4681	6707	5851	4226	5146	5930	5922	5606	4835	4186	4393	4179	5175	2623	3339	3502	6532	6727	6541	8089	19969	4712
Rv1133c	14621	21341	12910	12687	15489	17454	12094	41849	13779	19823	20008	13517	15153	19795	14997	15280	14510	13094	13001	10542	11770	7769	10386	11893	23767	31520	22735	44368	113620	26156
Rv1134	35	43	44	38	32	54	46	41	37	54	41	33	41	32	41	35	30	34	22	19	23	14	18	31	32	42	29	28	80	26
Rv1135c	477	557	423	334	322	407	424	476	399	429	414	294	465	402	486	362	293	263	455	381	470	379	359	455	502	404	438	640	1495	492
Rv1138c	811	722	928	632	452	616	688	615	1077	1088	617	516	716	617	1090	764	464	448	758	621	749	529	514	685	605	590	552	859	1971	489
Rv1139c	635	571	782	626	390	527	547	465	850	806	491	387	643	449	978	640	321	401	536	441	554	476	432	575	467	479	505	844	1895	477
Rv1140	1839	2439	2529	1826	1639	2082	1711	2013	2220	2456	2005	1733	1860	1819	2875	1922	1565	1569	2921	2601	2876	1586	1556	1584	2440	2138	2306	2997	7336	1838
Rv1141c	527	883	509	545	471	555	429	616	450	694	548	420	519	634	554	492	388	408	588	475	522	362	345	399	659	587	545	1113	2664	635
Rv1142c	1600	2471	1132	1264	1288	1741	1291	2168	1097	1814	1745	1634	1536	1884	1310	1508	1261	1329	2376	1900	1926	1213	1127	1344	1390	1738	1621	3218	7814	1967
Rv1143	768	1301	775	932	811	977	672	1073	815	1147	983	804	785	1167	939	1033	831	772	564	501	600	385	537	600	920	1064	1010	1482	3571	886
Rv1144	2804	3812	3413	3163	2401	3215	2532	3160	3183	3877	3424	2765	3071	3567	4419	3396	2693	2860	2334	2086	2625	3397	3404	4577	2680	2892	2717	2226	5564	1365
Rv1145	323	406	651	369	191	246	286	323	535	421	195	182	307	282	680	333	193	168	617	524	609	503	443	601	273	229	242	563	1291	354
Rv1146	779	1016	958	783	553	794	583	750	901	901	735	617	744	704	1054	736	522	518	884	753	902	786	737	864	727	630	623	1451	3324	855
Rv1147	634	645	556	506	438	560	500	536	602	681	549	466	602	523	739	518	401	420	481	456	497	438	436	553	396	457	422	525	1219	353
Rv1148c	1609	1314	915	776	736	1135	1320	1099	876	1113	975	908	1405	998	923	851	742	792	1925	1584	1730	2086	1504	1831	1099	1035	1019	1430	3492	900
Rv1149	1076	1808	754	1103	867	1148	878	1438	754	1286	1081	902	1059	1323	982	985	861	783	1543	1296	1363	1104	1024	1037	1637	1311	1309	2055	4812	1212
Rv1151c	1354	773	562	427	380	588	1013	581	512	474	518	451	1157	561	548	411	371	407	824	721	755	1059	909	1063	621	544	499	1185	2881	642
Rv1152	1566	973	614	532	545	796	1298	921	545	750	744	669	1367	728	643	534	514	522	2029	1748	1659	1977	1413	1649	871	990	813	1371	3321	810
Rv1153c	899	883	499	495	467	614	716	729	433	579	543	510	857	712	487	458	452	448	1032	830	1035	948	834	946	740	709	686	923	2340	621
Rv1154c	381	523	357	326	322	402	326	437	322	439	413	345	368	425	396	351	308	373	448	423	470	449	402	437	487	405	466	647	1616	385
Rv1155	1945	2177	1561	1497	1391	1824	1723	1681	1607	2133	1894	1687	2003	1786	2057	1660	1495	1781	1992	1796	2214	1926	2053	2218	1944	1878	2189	2747	6389	1683
Rv1156	3344	4431	3255	2931	2858	3580	3047	4022	3295	4127	3818	3105	3453	4014	4560	3466	3334	3128	5472	4671	6849	3532	4079	4492	4473	4153	5125	4178	9466	2598
Rv1157c	2717	5290	1404	2292	3108	3831	1985	5581	1438	3509	3805	2777	2438	4417	1616	2780	2856	2917	1616	1373	1621	1163	1505	1462	3315	3688	3168	4487	10699	2718
Rv1158c	728	2184	156	621	1203	1515	318	2914	164	1208	1377	1032	491	1849	116	857	916	1038	286	235	256	201	366	293	866	1347	996	1447	3761	974
Rv1159	1845	2081	1502	1221	1161	1613	1541	1697	1339	1589	1529	1289	1672	1626	1675	1249	1225	1230	2345	1978	2630	1791	1717	2068	1850	1736	1788	1631	3846	1002
Rv1159A	1375	1097	909	623	652	868	1248	859	802	872	849	888	1267	833	1082	712	611	775	1910	1846	2233	1597	1370	1561	1109	885	1149	1401	3299	830
Rv1160	195	407	238	247	192	243	145	297	230	253	272	193	162	290	213	200	181	171	167	121	121	177	164	153	314	280	196	527	1352	364
Rv1161	18284	21404	18959	17547	15164	19428	15829	18855	18650	24156	20578	16616	19147	18611	22083	20712	16238	15357	22607	20204	22410	19023	17423	22619	19607	19135	19080	29605	73182	17632
Rv1162	8885	10532	8172	8187	7300	9475	7539	8753	7908	11107	9783	7949	8874	8457	8765	9028	7409	7527	13389	11471	12120	9912	8932	10349	9551	9683	8923	16654	39674	10051
Rv1163	1198	1567	1075	1072	1084	1442	981	1444	1323	1698	1572	1189	1259	1377	1224	1372	1225	1178	1387	1093	1353	958	934	1396	943	1352	1025	1936	4834	1101
Rv1164	1386	2106	1563	1711	1452	1858	1174	1777	1375	2020	1846	1501	1545	1886	1920	1675	1526	1375	2041	1803	2209	1634	1541	1790	2306	1931	2151	2818	6583	1687
Rv1165	2669	4001	2195	2571	2601	3363	2222	3804	2233	3481	3580	2790	2791	3682	2567	3055	2725	2615	1752	1588	1753	1277	1432	1665	3179	3140	2875	3244	7422	1834
Rv1166	2375	4077	2260	2466	2671	3330	1970	3702	2236	3499	3411	2551	2458	3216	2447	2880	2384	2617	1597	1395	1573	1138	1356	1553	2634	2786	2536	3471	8620	2137
Rv1167c	1240	1476	735	816	828	1037	965	1129	756	941	969	776	1101	1081	789	800	744	703	861	682	886	790	861	972	1073	1128	1047	1535	3476	919
Rv1168c	1635	1436	1239	1149	929	1132	1466	1317	1098	1427	1157	984	1707	978	1379	1143	874	823	793	896	962	1123	1407	1680	1423	1353	1297	2712	6920	1637
Rv1169c	811	242	218	188	112	160	805	166	165	205	124	168	788	185	266	142	142	136	418	406	475	596	504	560	265	174	212	122	329	87
Rv1170	633	998	615	799	558	708	507	722	574	1004	739	582	620	685	674	794	524	538	437	407	388	364	406	500	795	811	709	1048	2549	617
Rv1171	609	1067	724	767	728	931	469	949	694	936	979	821	587	1034	887	809	848	773	520	541	683	648	682	823	945	771	833	743	1764	450
Rv1172c	1587	4004	2061	2795	2354	3202	1301	3201	1897	3737	3044	2389	1382	3005	1951	2839	2379	2315	1633	1359	1669	1272	1536	1815	2573	2663	2301	4747	11603	2773
Rv1173	12235	18720	10671	11193	11650	14948	9522	15990	11446	15520	15198	11893	11149	14813	12556	12434	11405	10899	8629	7614	7937	7556	7361	8473	12541	12868	11015	16523	40711	10145
Rv1174c	8857	8590	5486	6527	5328	7071	6884	6357	4593	7409	6822	5337	7868	6573	5180	5954	5258	4953	4971	4271	5170	6732	6202	8327	6333	6386	5944	8399	19820	5150
Rv1175c	1912	4919	1906	2510	2881	3452	1604	3712	1763	3318	3572	2695	1909	3750	2230	2431	2838	2515	1397	1263	1571	1799	2159	2455	3838	3842	3473	5504	13319	3217
Rv1176c	153	437	174	227	214	260	107	360	115	265	261	169	118	312	186	175	167	177	165	133	173	237	285	248	451	351	371	569	1365	327
Rv1177	2173	5219	2852	3478	3923	4541	1914	4497	2884	4646	4956	3614	2086	4473	3775	3857	4048	3706	2820	2755	3418	2765	2978	3634	3934	4003	4224	7774	19199	4865
Rv1178	4408	10059	4298	5271	7649	10093	3598	9814	5026	8892	10196	8001	4371	9122	5259	7193	7490	7551	2907	2368	2946	2236	2781	3405	5314	7259	5806	13523	34436	8204
Rv1179c	5530	9769	4868	5011	6697	8934	4310	9562	5026	7571	8710	6981	5193	7829	5446	5854	6183	6313	2822	2481	2807	2919	3185	3889	5530	6196	5047	7377	18740	4466
Rv1180	4654	5122	4142	3766	3194	4405	3995	4302	3942	4754	4235	3555	4522	4344	4845	3816	3251	3219	3118	2982	3466	5723	4998	7695	3646	3266	3296	4128	9641	2475
Rv1181	13545	13386	11085	9089	8464	12185	12366	11411	10671	12711	11691	10027	14289	11654	11595	9926	9206	9952	6826	6415	7001	9547	9245	14245	9300	9611	8644	13441	32601	8140
Rv1182	10586	9111	7949	7364	6404	9432	10182	7526	6702	8689	8387	8283	11205	8120	9313	7351	7212	8427	4409	4766	5810	7470	8434	11209	7606	6259	7366	4741	11199	2875
Rv1183	10369	11466	7596	8471	7128	11854	9102	9369	6939	10474	9947	10170	10228	10689	9302	8506	8233	10187	2444	2687	3683	2704	4343	5444	8651	7030	8327	3819	9027	2371
Rv1184c	5419	6890	4667	4777	4326	6975	4460	5689	3813	5756	5809	5547	5163	6562	5335	5040	5223	5750	2898	2906	4387	3237	4036	4967	4698	3851	4954	2209	5051	1381
Rv1185c	10998	15935	11642	11475	9967	13855	9644	12299	9524	12909	11862	11402	10964	13204	14552	11044	11040	11489	8006	9081	12079	8763	10993	12430	15247	11116	15583	11702	27828	7194
Rv1186c	2177	1882	1044	831	977	1177	1616	1569	961	1147	1306	953	1884	1426	1107	899	890	878	1856	1475	1629	1184	1045	1313	1256	1372	1155	1313	3176	820
Rv1187	546	675	442	420	414	627	479	537	376	530	562	504	527	483	443	441	486	481	453	469	510	398	388	524	435	435	452	736	1726	471
Rv1188	271	349	187	229	234	292	246	267	199	317	284	229	292	249	214	235	230	251	219	153	152	222	188	298	178	221	162	258	599	180
Rv1189	185	290	175	167	171	242	174	204	171	236	203	158	207	212	191	207	176	161	198	150	175	152	123	170	204	175	142	398	870	273
Rv1190	214	244	150	153	135	189	145	214	149	217	163	181	202	174	181	150	140	160	138	129	146	123	114	147	139	159	162	273	714	207
Rv1191	734	1201	823	669	770	920	627	1000	675	1051	957	752	687	856	702	739	659	661	572	452	485	449	450	606	742	872	673	1161	3183	762
Rv1192	5327	3960	6522	2832	3096	3098	4023	3570	5254	4287	3915	2527	5055	3065	6394	3358	2925	2328	12565	10187	13254	8036	6823	11770	4725	5920	4661	10160	24833	6093
Rv1193	3003	2656	2744	1825	2065	2567	2134	2560	2404	2725	2556	2035	2772	2178	2860	2170	1812	1809	2287	1880	2247	1642	1524	2685	1865	2384	1673	3651	9172	2326
Rv1194c	4405	4649	6008	4685	3355	3873	3611	3644	4412	5346	4206	3012	4270	3291	5336	4322	3191	2780	8135	7035	7939	6496	5913	7409	6257	5605	5530	10893	26152	6741
Rv1195	2021	5537	2296	7123	5635	8511	1443	5069	2591	9834	7152	6271	1712	4460	2192	7836	5006	5750	208	322	270	301	1100	793	4010	4037	3498	1696	4158	952
Rv1196	9035	28252	12220	28797	26917	39899	6466	26381	15124	44648	34269	30981	7442	21248	13544	33589	22807	25988	2506	2355	2613	2134	5097	4840	13724	19100	14663	12025	30034	7417
Rv1197	3600	6999	3593	7846	6072	8653	2888	6111	3501	9280	7116	6816	3011	5039	4161	7402	5188	5598	2023	2088	2574	2384	3616	3767	6161	6055	6893	3206	7828	1915
Rv1198	3425	6521	3238	7122	5740	8137	3012	5860	3556	8916	6753	6474	3160	4691	4235	7032	4827	5334	1917	1944	2146	2262	3097	3100	5462	5456	5891	3562	8637	2146
Rv1199c	2392	4239	1572	5874	4285	6464	1779	4022	1957	7796	5196	5017	2041	2903	2332	5648	3347	3638	538	547	689	585	1238	1091	3341	3547	3430	1928	4738	1204
Rv1200	3076	4680	2382	3235	3029	4136	2655	3792	2466	4383	3971	3426	3049	3813	2888	3568	3159	3362	2167	1935	2244	1729	1993	2538	3051	2991	2934	1984	4794	1200
Rv1201c	4542	8185	7077	6650	5931	6521	4484	6442	7568	9571	7723	5292	5156	5456	8033	6924	5315	4809	6181	4788	5735	5491	5431	8482	5728	6367	5202	9075	21712	5541
Rv1202	1158	1485	995	891	931	1204	1011	1407	1083	1472	1227	999	1162	1081	1183	1078	901	870	1171	938	997	905	929	1165	1261	1341	1237	2567	6194	1586
Rv1203c	255	338	232	178	217	232	201	326	224	298	296	198	247	309	231	264	173	185	210	158	211	162	166	219	219	229	204	401	931	245
Rv1204c	1139	1771	1068	1015	1007	1210	849	1439	1034	1364	1241	982	1032	1055	1098	998	689	728	851	645	628	555	570	606	1126	1186	897	1999	5151	1323
Rv1205	718	1197	731	750	704	823	587	865	635	912	826	644	623	750	890	680	657	610	830	869	898	775	840	890	1007	879	1001	1609	3841	997
Rv1206	1608	2387	1628	1481	1508	1709	1342	1905	1674	1976	1894	1422	1624	1704	1878	1492	1425	1254	1514	1300	1550	1423	1420	1939	1718	1783	1599	2695	6614	1604
Rv1207	1612	2454	1191	1118	1565	1945	1294	2129	1342	1881	1832	1417	1427	1893	1212	1395	1419	1301	958	872	857	682	737	874	1252	1681	1214	2182	5700	1398
Rv1208	1936	2833	1436	1444	1685	2214	1534	2430	1535	2126	2159	1613	1684	2326	1671	1607	1583	1659	1367	1097	1302	838	1011	1119	1627	2121	1696	2912	7241	1759
Rv1209	1513	1819	1107	985	1101	1611	1233	1415	1349	1507	1466	1222	1231	1314	1351	987	957	937	1547	1098	1165	922	777	965	1170	1427	892	2592	6641	1519
Rv1210	1462	1806	1119	1181	1225	1592	1195	1516	1187	1575	1401	1257	1303	1541	1385	1304	1269	1248	1240	1108	1267	832	861	1005	1323	1407	1358	1582	3875	948
Rv1211	3856	6811	4925	4469	4412	4931	3622	5295	5301	5664	5547	4118	3761	4821	6228	4486	3986	3509	5561	5259	5166	3543	3457	3230	6558	6448	5652	7077	16667	4248
Rv1212c	2645	4310	3389	3058	2617	3079	2213	3521	3126	3662	3432	2414	2468	3432	3880	2915	2488	2171	4052	3479	3737	2108	2287	2461	4091	3913	3774	4590	11398	2760
Rv1213	1164	1735	995	1021	1110	1483	985	1413	902	1306	1366	1218	1141	1391	1239	1026	1060	1206	1471	1406	1387	1129	1059	1058	1497	1287	1423	1983	4866	1163
Rv1214c	293	543	177	210	289	330	259	454	161	344	364	303	313	481	188	294	296	286	148	130	120	153	134	185	217	316	218	359	912	214
Rv1215c	3600	3931	2662	2572	2782	3517	3102	3263	2814	3700	3606	2894	3636	3117	3080	2842	2767	2775	3318	2803	3258	3732	3191	4290	3049	3114	2646	5715	14084	3412
Rv1216c	4019	1261	704	840	754	1290	3192	1088	711	1073	917	1098	3613	1070	939	831	796	1025	1623	1560	1865	7809	5131	7526	1033	676	870	893	2250	546
Rv1217c	9396	1754	1045	955	1021	2150	7243	1938	1126	1458	1554	1663	8443	1550	1015	1126	908	1562	3056	2327	2533	14299	8560	15924	780	1078	672	1672	4221	1093
Rv1218c	5936	883	553	582	499	1073	5427	894	476	802	632	786	5915	754	540	589	481	793	2106	1790	2159	12867	9125	13335	608	536	552	1090	2359	647
Rv1219c	3725	901	393	582	444	853	3258	645	347	659	587	663	3741	634	418	571	414	676	1322	1118	1337	9129	6289	8834	542	453	531	800	1934	494
Rv1220c	1058	2538	245	1156	1293	1524	705	2079	279	1683	1627	1197	864	1777	281	1326	997	993	542	464	376	454	529	369	1371	1702	1104	2406	6515	1515
Rv1221	14793	3116	5068	2899	2413	6076	11620	2954	3773	3613	2742	5163	13021	1930	4578	3050	2179	4505	29703	23898	30529	25853	18662	21687	7183	6295	7234	9791	23146	6069
Rv1222	4269	3719	2593	1486	1944	2785	3413	2897	2237	2416	2674	2281	3749	2564	2186	1692	1821	1921	7481	5574	7027	6129	4800	5633	3566	3425	2990	3880	8989	2292
Rv1223	14332	12065	6851	6542	7291	10736	11281	10082	6695	9205	8985	8437	12176	9831	7160	7212	7273	8158	10256	8631	9447	9284	7357	8910	9632	9210	8734	12449	30936	7689
Rv1224	2994	3115	1617	1523	1738	2528	2351	2546	1651	2210	2167	1953	2698	2739	1827	1658	1867	1934	2067	1806	2144	1555	1533	1840	2136	2099	1970	2054	5187	1217
Rv1225c	2205	2193	1337	1218	1324	1858	1714	2080	1279	1667	1818	1468	1975	1995	1329	1403	1307	1413	1473	1170	1405	995	955	1248	1257	1541	1232	1293	3255	854
Rv1226c	554	851	637	423	609	686	437	913	719	757	786	574	523	655	717	582	492	485	723	557	594	415	361	505	494	685	446	976	2421	611
Rv1227c	251	486	347	239	331	392	190	577	334	466	518	368	286	420	365	337	320	326	394	331	389	213	224	279	292	413	331	614	1560	356
Rv1228	1474	1876	1202	1244	1127	1577	1212	1430	1144	1686	1495	1248	1418	1579	1398	1169	1226	1132	1415	1285	1414	1073	1140	1199	1762	1471	1575	1522	3702	949
Rv1229c	5808	6522	5113	4604	4512	6090	4635	5597	5207	6539	5818	4734	5627	5235	5590	5242	4361	4361	6146	5085	5762	5021	4702	5643	5336	5942	5127	9206	22037	5426
Rv1230c	1235	3290	1363	1657	1796	2197	1030	2707	1409	2304	2528	1778	1151	2394	1613	1648	1750	1619	930	811	904	911	1060	1185	1793	1887	1552	1845	4222	1069
Rv1231c	744	1218	964	813	767	934	655	985	949	1068	1018	816	774	963	1071	851	843	783	912	809	943	719	875	857	1147	1123	1033	1357	3205	815
Rv1232c	2035	3492	2530	2084	2283	2573	1755	2945	2426	2824	2829	2153	2176	2551	2690	2267	1952	1684	2932	2484	2301	1952	1750	1904	3043	2876	2534	5665	14484	3487
Rv1233c	2704	4901	3403	3072	3407	3611	2418	4068	3317	4127	4331	2906	2850	3789	4059	3250	3361	2734	2389	2209	2542	1979	2340	2384	4513	4475	4298	7566	18425	4438
Rv1234	1175	2398	1421	1395	1468	1697	1197	1931	1462	2045	1881	1471	1245	1702	1881	1563	1417	1290	1638	1386	1526	1435	1445	1394	2162	1894	2023	2444	5997	1565
Rv1235	1238	1698	1340	1139	1060	1278	995	1377	1184	1473	1396	1009	1142	1347	1253	1156	991	1031	1640	1392	1506	1265	1130	1390	1448	1499	1432	2615	6285	1650
Rv1236	703	1073	743	753	702	845	604	895	730	897	826	731	796	851	935	780	751	697	869	751	966	704	711	799	1133	949	1089	1627	3501	1032
Rv1237	909	1395	1000	966	882	1101	776	1025	850	1265	1078	839	815	1051	1251	903	957	845	1003	985	1203	896	972	1021	1493	1143	1346	1765	4336	1057
Rv1238	1485	2395	1688	1678	1423	1798	1372	1750	1407	1947	1698	1346	1466	1896	2115	1527	1600	1450	1565	1661	1905	1858	1863	2022	2695	1852	2427	2787	6632	1686
Rv1239c	1521	1218	1059	852	652	890	1313	849	962	1045	789	710	1355	761	1170	693	667	624	1712	1557	1889	2015	1647	1906	1395	1025	1184	2297	5439	1405
Rv1240	2480	7012	5039	4254	4227	4402	2170	5480	4703	5581	5206	3526	2345	3967	5058	4077	3181	2686	3688	2863	2982	2648	2856	3072	5689	6072	5193	9879	24739	5996
Rv1241	343	1124	561	647	581	644	256	896	532	746	749	543	353	763	698	621	593	431	365	309	357	307	373	378	1084	851	838	1460	3349	878
Rv1242	334	984	470	478	530	586	237	770	412	596	651	515	376	752	519	457	516	427	281	282	326	232	319	322	833	719	713	800	1828	471
Rv1243c	280	385	278	173	272	326	183	565	265	292	323	251	242	353	223	251	232	253	96	76	102	88	81	124	150	199	124	238	632	172
Rv1244	1280	2595	1658	1468	1769	1947	1101	2179	1654	2289	2179	1523	1196	1864	1698	1679	1488	1453	1253	1044	1114	926	905	1158	1646	1930	1476	2726	6615	1762
Rv1245c	1479	2372	1121	1320	1293	1686	1206	1897	1107	1669	1689	1349	1341	1820	1305	1329	1260	1159	1554	1323	1543	1020	1008	1183	1530	1399	1454	3153	7808	1935
Rv1246c	301	391	155	201	167	239	250	302	126	225	239	204	311	366	169	214	223	256	272	235	312	228	217	255	299	260	308	313	649	189
Rv1247c	466	619	251	320	312	382	394	482	219	394	395	329	436	548	265	286	347	338	483	349	495	399	353	437	591	444	498	493	1195	340
Rv1248c	12438	15780	7852	8068	9132	12108	10272	13853	7893	11284	11527	9991	11984	13150	9226	9045	9699	9593	9784	8535	10196	8914	8801	11259	11944	12524	12530	17318	42462	10495
Rv1249c	1715	2259	1572	1441	1407	1841	1527	1777	1450	1989	1907	1427	1604	1586	1595	1449	1381	1299	1224	1019	1166	1156	1183	1404	1588	1837	1471	3199	7630	1975
Rv1250	951	1661	738	940	924	1224	887	1445	728	1364	1146	1006	981	1400	843	1071	993	862	1024	892	1172	813	871	968	1254	1155	1236	1581	3790	1012
Rv1251c	1314	4278	483	1951	1953	2456	845	3788	434	2872	2440	1924	1183	3512	507	2195	1882	1871	707	568	635	550	913	669	2468	2588	2405	2796	7122	1791
Rv1252c	349	1127	131	598	490	601	222	952	121	726	577	481	274	768	155	553	448	413	277	241	287	219	330	249	812	750	808	1146	2609	657
Rv1253	2351	3498	2443	2189	1936	2529	2013	2516	1872	2819	2437	1969	2160	2496	2134	2106	1869	1847	4456	3857	4182	2764	2843	2977	3479	2906	3064	7455	17459	4390
Rv1254	2049	2368	1096	1278	1247	1720	1646	1876	1044	1644	1672	1373	1875	1882	1205	1351	1243	1362	1432	1215	1538	1267	1312	1390	1862	1758	1783	1749	4136	1068
Rv1255c	1591	1191	504	640	718	942	1212	1033	622	882	908	768	1532	1088	738	709	733	789	690	610	724	667	648	760	936	875	833	722	1724	451
Rv1256c	3001	1216	600	549	722	977	2393	1162	635	903	1020	771	2693	1239	643	724	788	787	569	476	485	662	553	708	686	771	617	687	1805	433
Rv1257c	4157	3578	3241	1872	2068	2811	4220	3026	2368	2589	2874	2414	4736	2811	2509	2076	1973	2057	1729	1387	1391	1190	1441	1519	2626	3232	2468	3587	8651	2271
Rv1258c	1441	702	1520	286	363	438	1679	585	797	388	423	332	1801	511	847	295	308	263	211	224	194	162	267	197	813	970	767	903	2274	578
Rv1259	383	448	381	247	270	295	324	333	350	380	312	257	375	259	367	258	221	195	292	224	183	219	183	283	224	308	213	505	1375	356
Rv1260	1627	3015	1803	2048	1847	2144	1430	2362	1509	2368	2230	1738	1509	2427	1965	1854	1889	1668	1084	1144	1344	979	1428	1137	3456	2601	3093	3633	8624	2169
Rv1261c	533	952	651	599	565	712	464	795	522	689	713	552	589	765	776	659	591	570	578	507	724	476	642	714	880	729	929	1057	2395	663
Rv1262c	386	487	330	286	264	329	288	379	269	382	360	272	343	343	290	304	293	287	233	219	316	245	298	374	392	398	405	611	1365	345
Rv1263	367	801	367	445	421	506	322	667	392	594	547	403	340	524	388	399	359	361	470	380	395	256	321	313	554	593	423	1197	3073	782
Rv1264	2692	4835	2960	3282	3367	4016	2141	3999	3219	4501	4422	3155	2606	4025	3537	3721	3298	2827	2424	1977	2229	1639	1850	2145	3120	3636	2980	5409	13961	3296
Rv1265	2620	2855	1595	1847	1731	2548	2431	2168	1673	2358	2325	2146	2515	2305	2050	1971	1828	1956	2043	1768	2026	1897	2004	2145	2071	2067	2258	1447	3365	855
Rv1266c	1977	2064	1448	1429	1246	1788	1655	1722	1343	1736	1567	1428	1895	1624	1702	1440	1281	1363	2279	2099	2448	1973	1779	2022	1868	1636	1775	2637	6432	1652
Rv1267c	281	473	295	309	279	321	273	373	278	387	335	242	326	299	347	277	243	258	439	339	422	372	344	363	379	365	379	819	1918	512
Rv1268c	161	230	181	152	129	168	158	157	170	187	170	128	162	167	213	141	135	142	171	134	166	145	138	179	151	145	136	198	505	151
Rv1269c	275	497	355	294	304	383	258	387	331	378	371	280	290	325	399	279	277	255	348	293	370	397	430	543	426	371	352	598	1577	400
Rv1270c	614	1410	815	794	764	995	498	1035	639	917	899	749	567	900	752	758	673	627	650	622	790	727	820	871	1095	977	1062	1967	4801	1241
Rv1271c	729	1334	822	919	996	1294	722	1155	958	1287	1208	953	819	1127	1107	995	994	913	446	479	547	435	560	575	1088	1028	1091	711	1707	462
Rv1272c	1591	3070	1258	1864	1943	2546	1369	2814	1377	2549	2548	2087	1671	2814	1657	2106	2121	1947	1014	813	1098	906	1247	1414	2351	2300	2378	2239	5591	1488
Rv1273c	655	1392	538	761	789	980	554	1153	547	982	1002	751	701	1157	649	823	800	732	531	457	591	559	586	622	1228	1136	1104	1629	4035	1124
Rv1274	5649	5020	2488	2876	2791	3973	4818	3810	2337	3938	3281	3130	4906	3276	2829	2822	2501	2717	2899	2454	2898	2827	2599	2795	4160	3631	3499	5486	13515	3438
Rv1275	3867	3542	1718	2000	2021	3134	3365	2770	1829	2814	2691	2542	3881	2650	2129	2169	2126	2367	2201	1939	2229	2372	2264	2759	2715	2697	2642	3274	8053	1988
Rv1276c	433	412	148	272	245	309	318	364	184	388	323	289	381	363	183	276	251	257	148	102	140	119	132	168	224	243	193	359	909	223
Rv1277	1012	2407	347	940	970	1205	759	2005	305	1315	1169	896	913	1610	335	948	886	751	1654	1277	1351	1382	1154	1131	1552	1579	1415	3193	7662	1977
Rv1278	1473	3078	498	1293	1464	1793	1053	2918	526	1940	1833	1385	1277	2276	530	1383	1328	1375	1743	1363	1372	1419	1312	1224	2038	2208	1700	3818	9418	2438
Rv1279	1580	3398	757	1765	1790	2313	1111	2959	677	2394	2342	1830	1289	3234	771	2011	2090	2007	1332	1013	1085	1053	1292	1128	2548	2705	2497	2951	7342	1954
Rv1280c	2947	4762	2191	2693	2813	4050	2463	3947	2040	3876	3706	3250	2887	4231	2483	3074	3155	3346	1340	1132	1356	1007	1664	1640	3659	3587	3592	3724	8827	2319
Rv1281c	1645	2839	1564	1658	1817	2372	1454	2395	1435	2386	2407	1911	1766	2546	1658	1847	1821	1850	978	812	1014	885	1229	1307	2173	2261	2029	3000	7305	1905
Rv1282c	713	1481	637	878	840	1094	576	1243	566	1050	994	849	708	1169	784	830	867	886	316	315	388	389	526	527	1191	1012	1136	1314	3006	802
Rv1283c	883	1673	793	1024	991	1152	750	1445	837	1377	1190	997	871	1266	978	1039	885	868	485	424	498	463	580	723	1243	1314	1201	2146	5158	1385
Rv1284	310	426	333	233	225	258	343	290	252	277	220	210	291	242	277	149	183	175	1013	881	1048	1247	1076	1230	406	317	324	741	1747	422
Rv1285	2873	456	393	186	212	238	2783	364	303	262	257	227	2779	351	425	260	207	191	875	771	782	1420	946	1263	413	353	338	4355	10700	2703
Rv1286	3678	1304	1004	764	676	777	3488	1062	852	835	896	706	3746	1162	1196	758	809	724	1875	1670	2035	2553	2059	2739	1474	1132	1292	8380	19443	5165
Rv1287	746	1022	676	572	550	638	702	786	627	762	685	493	805	685	753	576	514	464	871	682	764	668	609	737	947	902	766	2103	4836	1226
Rv1288	631	764	618	480	432	508	561	593	485	604	573	455	629	692	694	436	419	446	790	692	837	525	574	664	754	638	717	1257	3112	779
Rv1289	910	1694	1161	1023	1100	1254	798	1461	1074	1350	1401	1185	917	1313	1503	1174	1072	945	1548	1483	1564	1016	934	970	1580	1431	1505	1914	4640	1130
Rv1290c	929	1346	829	748	805	951	816	1125	769	1030	1132	817	1013	1205	925	840	933	879	950	807	994	635	729	692	1065	1067	1129	1117	2760	639
Rv1290A	185	201	129	138	123	156	140	164	111	188	174	116	181	199	161	172	142	150	151	135	177	129	133	141	222	176	228	199	446	127
Rv1291c	43	56	40	31	29	29	36	54	47	47	44	36	41	41	46	33	30	29	35	24	31	33	30	32	53	41	40	130	368	80
Rv1292	2055	2556	2035	1849	1566	1942	1713	1968	1621	2188	1924	1509	1974	1996	2036	1799	1561	1429	2269	1916	2212	1490	1657	1686	2516	2335	2536	4597	11057	2739
Rv1293	4061	4326	3430	3089	2858	3746	3390	3470	3193	4129	3652	2953	4073	3704	4114	3451	3185	2973	3679	3124	3872	2437	2762	3040	4403	4278	4496	6717	15841	4019
Rv1294	5463	5698	4178	3918	3851	4856	4605	4876	4132	5461	4891	3855	5615	4826	5060	4541	4152	3975	4166	3494	4308	2775	3478	3955	5078	5876	5417	8136	19879	4938
Rv1295	6057	5602	4018	4056	4086	5515	4942	5267	4049	5705	5098	4318	5891	5116	4916	4837	4584	4456	3701	3379	4021	2721	3230	3735	5192	5480	5331	7938	19680	4633
Rv1296	4513	3792	2710	2768	2844	3962	3435	3750	2912	3967	3767	3151	4388	3506	3319	3232	2898	2946	2303	1902	2493	1780	1806	2302	3196	3496	3271	4137	10677	2548
Rv1297	24553	56788	21302	39683	41308	57555	19580	52655	24885	58220	53325	44613	22546	52859	25237	48944	42491	43031	6182	6113	8475	7633	13505	16906	29389	34055	31873	33602	82570	20293
Rv1298	10235	15707	5668	11483	9855	13365	9246	12740	5840	13656	12180	10570	9416	12935	7722	11195	10851	10284	3923	4096	5108	4606	5589	5452	10519	8597	11234	9302	21541	6048
Rv1299	6004	9874	3223	6365	5822	8546	5666	8767	3390	8513	7658	6659	5923	8623	3720	7131	5852	6296	2099	1826	2290	2086	2586	2748	5233	5202	5119	6337	15954	3877
Rv1300	4601	5955	3079	4055	4042	5782	4195	5293	3016	5734	5182	4873	4588	4918	3375	4554	3996	4536	3480	3074	3558	3488	3248	3665	3946	3973	3671	5311	12742	3140
Rv1301	4234	4606	2669	3405	3357	4855	3715	4381	3002	4940	4421	3927	4189	3717	3312	3733	3100	3299	2961	2348	2640	2142	2123	2593	3380	3604	3063	4413	10896	2702
Rv1302	2061	2955	1957	2546	1996	3458	1678	2617	2114	3203	2796	2571	2120	2703	2564	2621	2261	2543	1264	1134	1491	1165	1357	1841	1960	1915	1895	1887	4461	1137
Rv1303	3451	6785	6578	8132	6431	8270	3117	5402	5816	9149	7677	6230	3747	5411	7832	7206	7172	6578	9611	9090	11983	6520	6865	7030	11599	8727	10708	9500	22711	5865
Rv1304	4398	8176	8122	10338	8459	10809	4414	6660	7352	12061	9964	8894	4940	6576	10704	9747	9212	8750	11297	11189	15144	8534	9623	10624	14252	10744	14541	10515	24961	6382
Rv1305	3124	5651	6391	6264	5834	6860	3054	4517	6163	8053	6849	5508	3115	3820	7414	5973	5151	4642	6573	6246	7551	4935	6024	6704	9149	8111	9003	6904	16394	4185
Rv1306	7666	12226	12757	15086	12970	15746	7137	11274	12975	17844	14707	12891	7523	9701	16393	14314	12373	10806	13729	12791	16038	10600	11463	13609	20766	17541	20742	17602	42012	10655
Rv1307	13054	19344	18851	21226	20153	26698	12011	17846	20761	30166	25888	21322	13411	16687	21294	23831	21111	18789	20579	17147	21594	13843	15558	20545	27889	28755	28095	28641	69389	16717
Rv1308	13099	21195	21397	21360	20565	26080	12247	18158	21061	28840	25032	20772	13462	17784	23914	22911	20269	18873	20092	18035	21092	15563	17375	21438	28547	27252	27928	27340	66366	16404
Rv1309	6906	12225	10600	12251	11193	13800	6565	10411	10481	15736	13681	11268	7520	10539	13444	12601	11547	10581	9690	8807	11612	7655	9170	10984	15985	14004	15881	14662	35067	8599
Rv1310	15484	21654	21203	23675	21033	25900	14583	19598	21832	31765	27293	21850	17117	20136	27726	26455	23278	20891	17674	16046	22115	14321	16842	22471	24199	25491	27622	22401	54005	13342
Rv1311	4314	6487	6520	7313	5835	7377	4200	5601	6275	8919	7972	6399	4974	5850	9188	7828	6522	6186	4892	4755	5965	3612	4457	5117	7705	6860	8096	6099	14630	3615
Rv1312	2587	3693	3618	4059	3520	4669	2752	3090	3680	5488	4878	3833	2846	3248	4609	4514	3800	3550	3128	2662	3070	1844	2207	2477	3927	3896	3803	3232	8040	1964
Rv1313c	1917	4285	2075	3273	2911	3730	1610	3502	2185	4140	3716	3034	1970	3410	2655	3471	2950	2693	845	818	952	818	1286	1133	3340	3155	3035	3960	9616	2344
Rv1314c	347	693	393	363	383	417	294	566	299	477	488	288	322	543	410	393	390	329	400	411	450	472	483	543	592	586	571	697	1578	431
Rv1315	2490	4402	2510	2998	2626	3113	1975	3524	2273	3585	3225	2374	2271	3524	2442	2816	2473	2206	1897	1747	1830	1761	1731	1908	3929	3404	3322	6023	14592	3571
Rv1316c	505	1245	231	573	587	880	351	1084	244	758	712	632	419	1203	324	660	567	641	369	283	324	321	366	305	639	488	638	558	1266	316
Rv1317c	1357	3164	772	1149	1592	2245	1097	3141	760	1924	2043	1665	1236	2873	765	1504	1474	1508	1999	1548	1614	1534	1465	1515	1338	1480	1293	2383	6097	1493
Rv1318c	804	2100	456	961	986	1448	668	1897	508	1277	1226	1082	773	1720	527	980	909	977	260	286	315	416	449	459	885	869	795	1307	3152	729
Rv1319c	728	2048	606	1084	1063	1352	580	1824	566	1345	1323	1128	653	1580	668	1067	1036	1007	320	296	329	407	562	555	1141	977	1081	1361	3360	920
Rv1320c	1533	4334	1224	2513	2233	2795	1272	3265	1169	3010	2857	2387	1502	3535	1515	2493	2427	2331	734	665	881	997	1456	1303	3073	2463	2884	2849	6696	1729
Rv1321	1327	2381	1422	1950	1436	1775	1082	1895	1327	2196	1903	1341	1361	1948	1703	1862	1593	1401	908	890	1120	955	1254	1385	1968	1871	1876	2008	4591	1189
Rv1322	1370	1784	1436	1327	1065	1496	1160	1286	1278	1637	1553	1185	1350	1634	1825	1342	1384	1202	1702	1500	2108	1287	1323	1538	1767	1551	1576	1832	4409	1081
Rv1322A	9173	15324	14079	11285	11415	13575	9766	12257	14474	16638	15674	11935	10534	13773	18903	14029	13824	13115	16544	15627	16999	12627	12855	13073	16630	15086	16178	16861	40081	10539
Rv1323	12399	12660	10041	8850	8665	10726	9746	10990	9360	11300	10997	8683	10491	9729	10832	9086	8372	7698	11645	9928	12009	11020	9920	12680	10875	11594	11399	16197	39435	9734
Rv1324	4970	9140	5399	6262	6060	7250	4396	7357	5668	7941	8086	5738	5125	7680	7051	6851	6599	5636	5954	5276	5849	3821	4413	4234	8981	8198	8192	11012	26365	6745
Rv1325c	1665	1156	602	484	692	958	1213	2006	661	835	849	711	1356	1076	582	601	545	676	389	303	327	305	236	411	279	496	292	750	2147	462
Rv1326c	4992	4354	3725	2089	2168	2622	4394	3530	3112	2689	2883	2192	5037	3779	3991	2270	2349	2153	9261	7605	9355	5533	4637	5738	3880	3481	3759	6588	15791	4088
Rv1327c	7571	6542	4904	3004	3444	4109	6423	5675	4434	4252	4598	3445	7248	5269	5109	3413	3453	3131	10189	8460	10268	6879	5668	7585	4750	4634	4647	8296	19770	5020
Rv1328	5109	7345	5282	4408	5045	5621	4219	6332	5357	6316	6123	4430	5116	5494	5943	4876	4636	3929	4168	3670	4152	2956	3222	3681	6135	6731	5376	11626	29157	7052
Rv1329c	1580	1589	1008	945	1036	1556	1313	1465	986	1471	1379	1091	1537	1360	1019	1045	1013	1052	851	734	788	821	723	925	1054	1234	932	1881	4679	1231
Rv1330c	1106	842	616	452	511	742	954	801	578	707	660	622	1092	646	619	558	492	552	789	635	632	628	665	748	682	694	553	1241	2961	726
Rv1331	3527	3263	2023	2080	2077	2791	3097	2530	2236	2633	2578	2495	3418	2339	3122	2247	1936	2246	3801	3996	3835	4049	3004	3012	3273	2461	2938	4334	9932	2512
Rv1332	5395	4539	3745	2976	2826	3919	4760	3556	3470	3728	3743	3263	5240	3738	4537	3114	3092	3212	6603	6020	6068	5755	4148	4499	4427	3816	3924	5125	12084	3099
Rv1333	4755	4068	2807	2255	2700	3693	3784	3622	2942	3430	3524	2977	4262	3384	2994	2552	2627	2611	4419	3327	3523	2681	2288	2934	2781	3406	2527	3286	8508	2017
Rv1334	4506	1690	1010	990	985	1322	3896	1451	890	1151	1256	1048	4402	1567	1055	980	1189	1111	1630	1315	1850	1642	1543	1796	1570	1310	1625	1435	3392	850
Rv1335	4467	1624	1084	870	964	1225	4013	1414	1013	1191	1176	1066	4534	1379	1203	996	995	1086	1749	1532	1908	1662	1534	1658	1450	1346	1558	1401	3365	845
Rv1336	8238	3622	2665	2028	2215	3046	7054	3112	2547	2961	2949	2428	7714	3140	2656	2223	2220	2404	3973	2971	3478	3023	2450	3178	2661	3094	2595	2903	7266	1868
Rv1337	7016	5678	3174	3600	3646	5025	5407	4988	3273	4607	4637	4123	6592	4960	4120	3854	3848	3870	4527	3811	4641	3914	3500	4044	4311	4317	4357	4824	11899	2956
Rv1338	3114	3088	1558	1887	1973	2712	2478	2465	1702	2619	2562	2115	2829	2721	1931	2054	2050	2010	2047	1574	1951	1605	1472	1865	2117	2280	1961	1632	4208	1042
Rv1339	3288	3301	2792	2393	2186	2776	2667	2556	2478	2961	2796	2269	3110	2727	3283	2626	2391	2122	3991	3435	3972	2912	2866	3447	3942	3688	3721	3732	9311	2288
Rv1340	3779	4138	3514	2981	2856	3672	3057	3535	3418	4012	3562	2852	3739	3318	4063	3217	2878	2651	3579	3041	3400	2882	2632	3381	3950	3966	3625	4211	10386	2583
Rv1341	1409	1362	1037	849	856	1191	1072	1091	1036	1182	1192	873	1338	1123	1118	931	871	806	1099	895	943	813	761	1064	1073	1175	917	1358	3283	823
Rv1342c	2195	687	554	498	422	719	1728	526	503	570	532	606	1997	504	675	484	432	508	604	573	713	626	588	667	663	576	676	1112	2627	728
Rv1343c	1235	466	430	285	268	458	893	379	367	346	319	354	1050	317	403	291	219	303	528	439	522	459	452	502	418	415	418	579	1558	346
Rv1344	1966	486	374	354	288	627	1373	417	362	421	372	429	1724	327	409	343	250	390	222	256	236	313	280	269	390	346	336	1155	2708	672
Rv1345	9487	2673	1924	1896	1753	3613	6683	2502	2012	2724	2326	2570	8396	2088	2074	2040	1520	2290	1219	1102	1083	1374	1260	1635	1991	2088	1762	4597	11387	2896
Rv1346	6813	1796	1239	1338	1204	2460	5136	1536	1467	1931	1497	1962	6639	1494	1726	1452	1228	1793	823	709	818	897	887	1217	1426	1439	1302	2382	5714	1428
Rv1347c	1574	448	273	322	229	810	1208	317	288	366	312	552	1421	300	338	278	214	466	161	152	182	222	218	254	315	266	256	476	1172	328
Rv1348	5436	1328	871	1190	856	2976	4189	1271	917	1476	1091	2085	5427	1095	1059	1163	815	1875	391	360	387	391	516	553	945	848	857	2846	6829	1759
Rv1349	2962	776	475	609	496	1556	2253	700	497	824	675	1070	2960	604	577	658	508	970	180	160	141	185	248	285	425	439	338	1587	4012	939
Rv1350	492	422	199	258	274	376	418	342	180	286	301	307	496	347	245	261	265	329	395	389	411	243	264	244	423	356	460	602	1419	381
Rv1351	530	408	186	246	241	359	467	329	198	267	317	291	554	275	232	229	218	290	381	397	440	332	370	337	462	374	446	667	1588	444
Rv1352	945	1043	914	671	664	882	710	964	863	911	878	737	843	806	966	735	722	649	1728	1556	1937	1354	1310	1500	1357	1182	1322	1330	3045	740
Rv1353c	302	394	289	347	218	313	242	288	270	400	314	251	324	342	386	333	251	234	348	344	396	197	243	221	390	334	401	511	1219	296
Rv1354c	741	1629	894	1159	936	1152	734	1069	860	1353	1064	936	753	1249	1231	1146	968	881	675	712	782	481	612	500	1376	1108	1248	1632	3788	999
Rv1355c	528	718	741	1121	403	560	377	508	821	1215	524	416	484	598	1097	1090	467	434	470	470	517	349	295	295	703	523	614	1231	2972	713
Rv1356c	515	630	758	893	329	498	406	426	786	1135	388	343	379	440	802	839	350	323	822	842	770	476	486	418	732	583	652	539	1294	362
Rv1357c	550	601	702	765	340	502	441	435	777	921	393	386	539	487	900	746	374	399	517	457	562	374	381	403	601	454	581	646	1490	387
Rv1358	468	604	716	918	383	488	368	395	840	1017	467	389	440	467	1040	870	391	377	356	334	391	275	277	270	564	424	541	581	1306	428
Rv1359	700	774	377	581	413	605	514	566	401	616	487	484	558	595	481	502	442	464	774	641	812	516	534	474	770	533	669	695	1637	444
Rv1360	1563	3534	1579	2392	2119	2894	1187	2877	1444	2891	2869	2299	1605	3286	1999	2523	2663	2443	739	661	922	647	1043	974	2766	2554	2797	2736	6157	1535
Rv1361c	5829	24291	11476	19813	20625	29611	4384	22098	13979	31661	26486	23118	5161	18507	13185	23455	18059	19994	2935	2570	2844	2226	4163	4376	10925	14922	11078	12118	30697	7652
Rv1362c	796	1338	546	743	793	972	694	1114	486	932	951	802	745	1094	715	774	787	740	488	504	636	506	647	572	1223	886	1251	1086	2671	712
Rv1363c	851	1399	588	762	737	992	692	1086	509	925	933	775	671	1071	611	706	679	759	549	533	636	508	640	627	1089	987	1116	1426	3438	821
Rv1364c	1999	2589	1531	1637	1554	2069	1639	2036	1473	2102	1870	1624	1737	1967	1724	1633	1551	1534	2198	1972	2263	1564	1516	1766	1979	1874	1902	3471	8324	2033
Rv1365c	290	556	382	367	341	416	263	423	299	404	412	359	306	401	382	334	275	311	322	289	399	462	385	499	436	369	388	627	1471	378
Rv1366	300	551	420	442	325	400	242	453	364	469	378	279	280	383	518	368	350	316	395	381	375	313	350	327	621	459	495	796	1737	423
Rv1366A	335	525	374	436	308	421	294	366	341	462	358	311	336	405	516	347	335	298	363	315	387	310	314	302	545	447	558	666	1577	369
Rv1367c	1599	1450	1078	1036	931	1266	1308	1204	932	1365	1260	994	1480	1052	1131	1028	889	928	1044	863	974	961	932	1208	1287	1310	1205	1794	4455	1117
Rv1368	1589	3522	1572	2562	2211	2785	1388	2863	1748	3342	2751	2142	1672	2701	2014	2767	2229	2180	1009	961	1166	1246	1439	1920	1875	1894	2024	2512	5954	1373
Rv1371	25	45	31	28	18	36	23	36	21	25	34	35	23	48	43	21	25	24	28	28	33	22	27	15	37	29	35	66	157	114
Rv1372	213	262	248	222	183	216	170	251	202	258	222	200	237	237	295	217	205	174	317	256	295	233	237	244	356	277	296	585	1315	354
Rv1373	409	544	403	442	306	393	324	425	343	436	396	310	372	465	478	414	339	275	466	386	548	373	366	434	540	464	537	742	1708	479
Rv1374c	1355	2736	2240	2228	1551	1712	1031	2075	2082	2248	1670	1525	1338	1231	2503	1657	1120	996	1531	1657	1621	1642	1480	1748	2491	1728	1790	4459	11570	2476
Rv1375	1522	2336	1689	1711	1488	2105	1209	2173	1729	2100	1961	1711	1629	2102	2239	1849	1591	1567	1098	1109	1240	854	972	1114	1620	1488	1666	1681	3949	1007
Rv1376	1354	2025	1364	1339	1220	1723	1141	1756	1516	1806	1633	1346	1382	1688	1513	1516	1304	1373	974	859	889	740	856	997	1200	1495	1274	1495	3562	875
Rv1377c	968	1157	656	685	662	887	802	985	644	963	889	751	882	879	714	760	643	673	786	609	722	570	654	816	834	889	815	1767	4425	1076
Rv1378c	1158	1751	821	831	1121	1307	940	1752	826	1236	1457	1096	1104	1402	824	907	962	905	1589	1220	1277	1049	918	1159	1177	1613	1152	2798	7009	1746
Rv1379	712	1500	1062	1153	997	1332	673	1126	1186	1509	1250	1051	774	841	1240	1104	768	813	715	599	594	555	620	620	1381	1269	914	3477	8520	2194
Rv1380	392	545	407	301	399	507	390	496	446	457	472	400	413	412	473	387	379	393	446	340	368	329	304	350	520	553	476	1651	4400	1074
Rv1381	839	979	841	580	688	943	726	1016	836	927	992	762	940	817	943	706	709	694	834	628	650	642	493	723	839	1180	856	2813	7188	1721
Rv1382	267	313	264	158	223	258	229	291	274	249	305	212	310	225	313	230	235	207	256	243	235	215	190	233	362	386	272	976	2506	619
Rv1383	729	787	706	458	564	726	644	739	677	716	761	560	734	670	791	547	549	598	686	561	662	538	521	681	817	984	802	2204	5576	1325
Rv1384	3075	2835	3347	2070	2461	2981	2923	2842	3231	3149	3300	2429	3471	3108	3725	2755	2892	2847	2310	1967	2173	1802	1993	2473	3552	3856	3202	6068	15096	3660
Rv1385	1294	1210	1176	792	1057	1343	922	1392	1396	1424	1500	1043	1206	1238	1163	1088	1048	1158	421	295	377	310	374	522	606	981	617	1022	2850	758
Rv1386	2431	5919	768	3632	3226	3722	1780	4910	939	4679	4220	2814	1930	4492	953	3443	3217	2426	281	269	290	325	970	307	3492	3495	3409	4212	10382	2436
Rv1387	11219	27034	2727	14935	16738	18992	7115	27244	4052	22498	20253	14446	9030	23234	4206	17870	16041	14525	755	840	986	1065	3538	1356	12256	13653	14017	18841	46504	11316
Rv1388	4934	9913	6206	5236	5686	6819	3970	8711	6202	7380	6858	5260	4614	7104	6286	5955	5404	5050	3174	2611	2826	2973	3309	4420	5507	7396	5841	10693	26946	6847
Rv1389	4277	7361	5095	3655	4440	5415	3529	6469	5222	5822	5446	4004	4103	5615	4820	4366	4052	3837	1858	1431	1621	1602	1734	2878	3319	5206	3294	8299	21997	5436
Rv1390	3760	5958	3377	3531	3538	4473	2807	4902	2901	3691	3606	2947	3171	4965	3676	3196	3597	3425	5672	5412	7221	4354	4266	4527	6076	4770	5753	6548	15789	3836
Rv1391	7005	8370	5290	4901	5773	7677	5070	8068	5716	7124	7262	5923	6399	7225	5860	5777	5515	5654	5545	4745	5982	4086	4285	5405	6128	6416	5980	7384	17727	4362
Rv1392	10016	10206	4707	6546	6162	8725	8463	8861	5044	8685	8123	7012	9008	8196	5775	7100	6263	6273	3591	3068	3870	3107	3714	4899	5893	6543	5987	7703	18733	4518
Rv1393c	801	1442	813	989	787	1412	718	1286	754	1176	1108	1179	850	1235	959	877	884	1104	1604	1551	1815	1382	1232	1519	975	828	920	1097	2549	683
Rv1394c	598	1329	760	816	662	1240	512	1171	658	1082	957	1089	566	986	811	836	668	962	1521	1402	1615	1200	1010	1225	787	643	750	1048	2543	622
Rv1395	828	629	287	267	351	396	795	608	266	413	419	333	756	497	324	346	330	295	637	491	479	698	488	493	377	376	350	441	1138	297
Rv1396c	5090	7550	3148	3945	5130	7040	3737	9106	3598	6705	6828	5577	4498	6856	3533	5265	4691	5218	1771	1495	1602	1149	1403	1507	2597	3347	2369	2094	5555	1296
Rv1397c	4088	6478	3935	4547	4036	5588	3362	5073	3629	5549	5466	4574	3964	6642	4628	4568	4969	4779	13178	10694	15269	6833	6755	7628	6965	5979	6487	5476	12787	3320
Rv1398c	11924	19141	15864	15441	14421	18716	10992	16539	13853	18968	19328	16214	14393	18416	18694	17228	18749	18620	34506	31774	42060	22550	21254	24812	21232	18773	21832	23259	52733	14731
Rv1399c	434	778	558	432	503	592	363	739	542	646	707	506	440	646	506	515	472	464	427	338	401	286	395	424	507	664	530	966	2223	524
Rv1400c	835	1790	1275	920	1209	1336	747	1456	1209	1418	1599	1067	910	1170	1150	1051	983	869	855	705	680	610	594	707	1217	1379	1061	2678	6879	1670
Rv1401	653	1361	574	604	839	1073	534	1259	578	813	1069	774	625	1014	567	650	700	644	375	295	329	336	402	398	779	869	634	1305	3119	837
Rv1402	921	1773	603	708	1123	1455	618	1974	648	1112	1448	1147	798	1493	711	857	965	1047	230	171	215	208	310	328	703	984	701	1151	2784	699
Rv1403c	415	580	352	305	323	440	334	403	309	324	391	339	386	398	331	274	301	312	479	377	529	414	351	378	427	381	343	579	1356	318
Rv1404	1870	2540	1689	1407	1528	2020	1648	1998	1276	1783	2019	1765	1869	1972	1672	1499	1370	1630	2572	2298	2754	1929	2050	2222	2239	2297	2300	4149	9728	2568
Rv1405c	500	440	365	240	228	376	436	358	253	347	329	352	428	368	362	221	249	357	750	561	760	460	394	527	355	416	349	635	1503	382
Rv1406	963	963	701	504	676	730	775	831	626	822	786	565	886	666	633	583	543	473	1083	974	996	821	670	856	766	895	725	1575	3873	918
Rv1407	1533	1261	991	602	814	1045	1051	1247	1002	1017	1030	788	1356	939	887	700	727	767	968	723	669	760	599	825	707	968	661	1282	3201	765
Rv1408	1095	2332	1607	1483	1474	1543	864	1942	1448	2032	1894	1236	994	1896	1608	1627	1370	1159	1313	1071	1217	761	850	898	1618	1651	1441	2678	6391	1624
Rv1409	3817	5522	3249	3215	3644	4296	3017	4793	3373	4753	4795	3453	3729	4750	3618	3699	3712	3570	3264	2669	3059	2367	2358	2949	3863	3993	3586	5157	12515	3109
Rv1410c	21390	18012	11401	10956	11772	16464	16889	15457	11352	15754	15623	13695	19400	14497	13559	12383	12060	12554	18449	15127	18740	14027	13241	17287	15142	16287	15356	22983	55766	14483
Rv1411c	7632	6625	3982	3699	4167	5536	6022	5767	3634	4872	5112	4636	6983	5062	4734	4204	3941	4445	6948	6082	7557	6106	5733	6730	6034	5480	6282	8905	21334	5037
Rv1412	814	649	352	371	374	490	631	556	347	461	494	399	703	456	406	336	314	321	689	587	670	498	438	535	542	465	501	730	1933	462
Rv1413	463	569	271	279	331	443	380	457	285	404	463	313	390	450	283	295	309	277	220	152	227	188	209	234	384	451	344	890	2154	537
Rv1414	136	200	66	81	101	110	87	115	68	125	127	106	123	154	103	95	135	82	52	42	51	69	44	74	103	140	89	189	438	93
Rv1415	5795	5551	4404	3917	3778	4856	5013	4775	4021	4967	5005	4129	5357	4755	5465	4269	4081	3864	8475	7153	8499	7791	6424	7528	5670	5540	5900	7291	17277	4210
Rv1416	2639	2552	2253	1881	1810	2405	2269	2265	2079	2543	2491	1923	2480	2245	2673	1923	1933	1765	3479	2602	3111	2358	2170	2726	2614	2596	2264	2863	6766	1783
Rv1417	1467	1463	948	1049	997	1344	1133	1289	1062	1386	1406	1170	1413	1363	1321	1144	1184	1023	1105	966	1266	723	823	966	1216	1345	1350	846	2022	524
Rv1418	1307	1988	1094	1295	1221	1515	1051	1687	1062	1625	1668	1243	1278	1707	1406	1260	1280	1113	1142	1046	1238	1145	1135	1398	1704	1533	1542	1992	4927	1155
Rv1419	2107	2003	1641	1391	1161	1656	1742	1602	1406	1592	1520	1344	1892	1640	2097	1385	1308	1207	4651	4035	5040	4597	3618	4010	2346	1919	2373	1991	4612	1165
Rv1420	3073	4363	2932	2722	2739	3290	2665	3544	2658	3489	3499	2668	3075	3598	3166	2852	2610	2500	4672	3881	4249	3235	2774	3040	3668	3461	3313	5365	13263	3244
Rv1421	1595	2393	1482	1504	1458	1946	1387	2062	1365	2004	1987	1586	1539	2027	1773	1641	1543	1449	2211	1864	2229	1234	1365	1441	2139	2102	2120	3306	7981	1950
Rv1422	2303	3053	2094	1764	2174	2705	1786	3113	2108	2719	2823	2143	2121	2566	2056	2035	2034	1942	2193	1839	1778	1330	1249	1371	2434	2764	2082	4591	11616	2839
Rv1423	2028	2739	1723	1523	2003	2610	1597	2741	1967	2635	2527	1913	1813	2402	1812	1879	1877	1841	1556	1265	1359	945	996	1234	2017	2471	1682	3570	8832	2227
Rv1424c	706	1304	596	825	764	988	567	1069	601	981	909	805	729	1025	705	769	781	765	906	845	998	584	616	568	1181	932	1082	1599	3562	878
Rv1425	1217	2564	1339	1438	1611	2151	1039	2282	1233	1973	2293	1868	1282	2359	1586	1607	1878	1843	1412	1239	1377	1039	1245	1256	1877	1714	1799	1882	4594	1119
Rv1426c	936	2122	1155	1125	1542	1969	824	1973	1267	1760	2009	1613	1080	1929	1326	1299	1593	1601	640	542	678	635	735	959	1327	1594	1255	2132	5258	1299
Rv1427c	1084	2715	1635	1465	1744	2443	978	2395	1556	2134	2393	1867	1215	2257	1680	1525	1793	1901	1242	997	1140	1114	1317	1503	1906	2020	1804	3942	9726	2372
Rv1428c	711	1913	977	1161	1105	1265	548	1463	846	1379	1345	1034	682	1234	1007	1138	1032	962	877	790	953	992	934	1066	1738	1355	1531	3246	7743	1811
Rv1429	587	617	405	470	370	552	465	531	436	579	511	433	584	463	548	413	400	425	544	462	523	536	508	574	548	490	459	858	2229	599
Rv1430	1155	1445	822	991	826	1011	917	1126	866	1195	1076	904	1125	1104	1116	958	945	827	1196	1153	1356	803	819	916	1280	1126	1186	1671	4287	1072
Rv1431	916	1195	699	711	732	1038	700	980	571	863	880	748	862	954	839	753	761	707	902	848	957	657	651	737	936	868	952	1613	3810	965
Rv1432	441	530	283	277	313	416	284	490	250	409	450	335	400	506	309	325	349	329	285	242	243	168	170	205	397	426	290	708	1871	479
Rv1433	1554	3801	474	1773	1817	2294	920	3159	387	2160	2297	1713	1275	3084	520	1635	1814	1670	1709	1331	1639	1072	1327	1027	3128	2905	2869	3291	8085	2070
Rv1434	567	1027	162	379	590	713	377	909	164	650	739	472	429	766	143	485	467	462	469	306	326	281	284	340	517	684	497	890	2303	600
Rv1435c	4604	8741	1182	3664	4727	5829	2536	7242	988	5616	6158	4547	3221	6304	995	4141	4003	3999	3121	2184	2239	1849	1998	2063	3733	5720	3910	4851	12580	3227
Rv1436	7740	13842	8246	8698	10135	11656	6809	12115	8356	12161	12134	9489	7355	11042	9851	9520	9991	8932	6825	6401	7999	6787	7983	8773	11379	11323	12258	12379	30471	7159
Rv1437	5078	8988	4709	5624	6537	8305	4083	8395	5673	8547	8322	6446	4694	8080	6266	6820	7007	6085	2755	2588	3033	1615	2833	2988	7376	8037	7899	10520	26097	6271
Rv1438	2696	5370	2979	3381	3636	4475	2056	4731	3005	4334	4458	3515	2573	4824	3590	3680	3874	3507	1846	1692	1967	1100	1945	1707	5114	4978	5228	7101	17302	4359
Rv1439c	196	304	121	207	164	231	157	216	131	277	190	196	207	251	198	186	211	176	91	119	112	180	118	205	230	175	189	243	597	160
Rv1440	755	1455	690	908	752	924	602	1060	598	974	879	676	772	887	929	751	653	578	523	494	602	677	690	676	1168	858	1101	911	2152	533
Rv1441c	581	1110	294	445	626	924	405	1818	318	765	793	610	498	954	287	499	474	565	172	120	123	169	194	238	298	508	303	613	1559	414
Rv1442	5613	4118	2467	2207	2445	3835	4216	3589	2418	3238	3399	3183	4907	3215	2697	2569	2390	2775	3359	2688	3026	3460	2860	3800	3033	3208	2784	4484	10876	2793
Rv1443c	786	1032	426	567	626	876	644	796	498	767	785	641	714	799	586	556	602	601	691	568	594	514	479	527	775	794	684	1431	3745	924
Rv1444c	570	1256	702	760	655	1010	488	1028	604	935	817	729	530	974	758	742	741	746	552	486	565	367	429	459	1113	860	1047	1212	2853	704
Rv1445c	1207	2053	1388	1228	1202	1622	986	1712	1375	1658	1625	1333	1182	1647	1549	1329	1207	1383	740	608	674	329	519	549	1313	1541	1286	1609	4074	934
Rv1446c	1345	2043	1365	1231	1278	1755	977	1980	1331	1636	1672	1346	1292	1855	1402	1369	1312	1486	785	717	727	417	614	592	1490	1719	1432	2411	6127	1582
Rv1447c	3267	4428	2727	2563	3047	4066	2793	4406	2812	3822	4092	3148	3325	4373	3318	3197	3360	3272	2699	2355	3068	1966	2408	2990	3621	3995	3763	4706	10961	2764
Rv1448c	8494	8313	5881	5635	6123	7624	7644	7733	6034	7579	8137	6395	8700	7232	7887	6342	6428	6251	10518	8980	11690	10941	9524	12703	6753	6541	7133	7170	17090	4151
Rv1449c	8870	11231	7043	6004	7227	9310	7126	10558	7357	9073	9197	6979	8678	9158	7806	6926	6593	6779	7446	5859	6852	5570	5322	7283	6789	8661	7322	16221	40205	10048
Rv1450c	509	451	478	319	389	460	379	865	496	531	518	370	483	436	455	396	301	339	267	180	235	189	158	253	178	325	187	405	1035	322
Rv1451	3471	4861	4063	3761	3482	4495	2937	3838	3808	4802	4630	3450	3319	3717	4362	3570	3501	3310	3381	2740	2969	2239	2158	2448	3952	4231	3336	6623	15888	4070
Rv1452c	502	497	435	342	392	518	365	644	446	526	501	395	439	433	441	411	368	361	242	186	246	181	175	250	228	370	232	367	1021	277
Rv1453	982	1612	685	963	988	1210	761	1355	741	1286	1236	949	981	1426	946	997	1086	976	631	569	733	666	676	756	1111	1048	1009	1072	2407	571
Rv1454c	1995	2772	1419	1478	1657	2182	1589	2337	1483	2141	2159	1754	1833	2059	1562	1668	1510	1512	1485	1260	1456	1236	1244	1545	1575	1834	1581	2807	6695	1687
Rv1455	342	420	228	267	222	312	254	310	219	348	311	243	262	267	228	265	217	210	231	220	213	167	200	214	309	306	242	528	1261	387
Rv1456c	742	1205	861	974	1083	1246	648	1035	890	1575	1390	1047	700	830	901	1122	944	753	741	601	651	485	571	702	1127	1425	898	2244	5475	1467
Rv1457c	934	1448	929	858	874	1093	866	1140	830	1255	1161	815	1023	1077	948	880	917	809	769	631	728	589	709	722	1321	1340	1089	1564	3704	925
Rv1458c	1121	1578	905	942	998	1247	907	1346	936	1277	1286	908	1032	1319	1021	960	986	905	843	758	855	729	835	957	1417	1462	1286	2048	4967	1251
Rv1459c	1892	2465	1361	1302	1488	1797	1443	2160	1268	1817	1915	1384	1793	1908	1270	1435	1449	1397	1293	1056	1247	1383	1384	1612	1789	1857	1637	3456	8364	2141
Rv1460	5890	878	1286	372	459	804	4262	741	1127	617	606	658	4296	615	1099	493	382	505	4427	2894	3222	5286	2968	4333	817	992	674	3379	8161	2050
Rv1461	44093	8296	9198	5097	4862	8199	32468	7280	7594	6609	6005	6410	34140	6765	9173	5136	4719	6030	52392	41849	52246	55272	38637	48596	11998	11109	11713	28719	69588	17441
Rv1462	15456	2324	3388	1127	1704	2825	10734	2681	3241	2076	2196	1939	12542	2307	3086	1618	1663	1958	12074	8834	10253	12054	8250	13303	2760	3583	2658	11327	28319	6631
Rv1463	7110	1426	1614	776	928	1466	5145	1520	1429	1161	1163	1040	6210	1417	1697	961	988	1121	6146	4840	6331	6269	4709	6758	1925	2055	2048	6293	15176	3808
Rv1464	14223	2786	3525	1596	1907	3040	10220	2690	3454	2675	2604	2315	11958	2764	3546	2067	2189	2428	11965	9009	10683	12371	8470	12834	3428	3894	3276	10975	27322	6552
Rv1465	6786	1459	1442	965	1054	1534	4816	1426	1503	1312	1381	1258	5937	1620	1815	1181	1257	1355	4087	3189	3438	5027	3000	4255	1643	1644	1494	3980	9832	2332
Rv1466	6310	1560	1659	964	1170	1697	5071	1364	1711	1410	1529	1338	5782	1340	2064	1155	1156	1332	4122	3228	3246	4946	3162	4005	2042	1872	1580	4773	12047	3239
Rv1467c	2892	2487	2029	1752	1520	2423	2371	2106	1744	2244	2031	2052	2845	1660	1891	1735	1414	1776	3230	2782	3112	3375	2863	3672	2372	2194	2035	3461	8282	2104
Rv1468c	1975	1320	1073	748	918	1078	1439	1498	1095	1203	1046	795	1667	975	984	748	725	711	1446	1094	1110	953	863	1119	1020	1476	973	2045	5162	1285
Rv1469	1790	3190	706	1321	1480	1523	1414	2855	738	1802	2121	1222	1670	2451	766	1469	1425	1109	688	583	664	595	853	677	2306	2257	2001	2738	6920	1768
Rv1470	602	537	335	290	309	370	519	376	289	355	346	293	519	385	310	287	285	292	729	714	835	973	688	843	525	332	449	476	1037	304
Rv1471	6784	738	618	351	343	572	6935	620	514	424	490	512	6983	643	501	357	362	506	2199	1581	1943	2575	2138	2656	535	451	525	686	1609	410
Rv1472	8862	3639	2260	2214	2013	2594	8182	2835	2007	2860	2380	1993	8732	2688	2273	2200	1965	1906	2458	2077	2209	2754	2349	2810	2809	2569	2314	4151	10460	2458
Rv1473	3732	3563	2499	2320	2322	2960	3521	3054	2416	3334	2986	2288	4034	2984	2480	2592	2276	2242	1350	1248	1378	1243	1386	1757	2656	2929	2459	4216	10220	2650
Rv1473A	246	279	155	193	176	221	245	173	151	236	238	176	296	241	204	178	150	178	106	117	130	107	126	123	236	219	208	382	923	208
Rv1474c	692	995	654	544	592	802	630	917	592	768	831	598	692	863	780	619	691	637	704	607	656	553	584	772	909	956	849	2517	6231	1595
Rv1475c	6109	10478	5959	5763	5790	6971	5264	8869	5381	7521	7647	5948	6246	9106	7121	6289	6380	5838	6203	5514	7352	5820	6835	7955	10802	10080	11630	23962	56732	14195
Rv1476	919	1480	1255	1050	926	1167	789	1122	1066	1197	1153	975	964	1002	1364	958	843	816	969	855	1090	884	958	977	1810	1334	1581	2757	6539	1682
Rv1477	3769	13828	1424	4806	6683	7516	2185	12203	1188	6894	8612	5691	2937	11381	1216	5219	6412	5264	4301	3603	3635	2112	3565	2248	10733	11300	9733	15225	37045	9321
Rv1478	1813	5086	594	1689	2594	3076	1014	4783	540	2632	3212	2398	1277	3972	491	1934	2387	2248	1907	1571	1490	871	1338	863	3610	4175	3488	4182	10235	2356
Rv1479	9352	13332	5206	6327	7425	9737	7010	12097	5028	8638	9293	7506	8286	11133	6263	6774	7256	7189	7246	6246	8188	5506	6111	6825	10338	10154	10502	11362	27839	6879
Rv1480	5721	7211	2988	3162	4228	6014	4275	6728	2993	4894	5686	4637	4991	6242	3090	3720	3945	4379	3283	2418	2776	2057	2326	2801	3906	5165	3983	7986	20072	4995
Rv1481	4307	6521	2579	3104	3667	5281	3285	5871	2488	4367	4960	4003	4165	5811	2936	3600	3784	4118	2295	1888	2516	1485	2078	2343	3961	4468	4339	4291	10349	2665
Rv1482c	227	311	139	171	150	218	153	256	127	220	187	189	184	277	147	163	185	157	125	126	139	96	111	130	197	167	179	213	561	170
Rv1483	2089	4049	3565	3606	2587	2901	1811	3048	2980	4265	3085	2287	2032	2911	3786	3391	2479	2114	2251	2154	2493	1872	2208	2483	4099	3829	3726	5700	14248	3423
Rv1484	4337	7221	6516	6407	5328	6176	4042	6009	6368	8279	6758	4976	4418	5257	7794	6701	5063	4317	4101	3729	4131	3276	4031	4405	6872	7327	7168	12537	30330	7892
Rv1485	1874	2436	1661	1887	1511	2025	1700	1949	1638	2454	2206	1717	1889	2113	1984	2115	1709	1665	1263	1109	1220	1027	1133	1428	1930	2147	1863	2776	6625	1675
Rv1486c	3996	3433	2143	2110	2180	3001	3216	2661	2124	2976	2778	2412	3441	2524	2400	2422	1982	2119	2893	2446	2361	2276	2039	2347	3167	3168	2647	4827	11944	3040
Rv1487	1975	1351	647	854	907	1412	1477	1267	802	1242	1217	1132	1562	1154	845	984	880	1009	872	804	882	888	975	1049	1252	1214	1141	1304	3008	789
Rv1488	7856	4793	2655	2856	3060	4829	5837	4488	2861	4513	4216	4101	6515	3931	2945	3588	3162	3722	3542	3011	3292	3169	3050	3918	3779	4253	3676	4896	12070	2950
Rv1489	2138	1486	816	969	886	1390	1640	1174	911	1246	1094	1139	1913	1256	1083	1042	1100	1197	1054	990	1273	1240	1079	1325	1187	1209	1208	1163	2889	676
Rv1489A	1019	603	377	489	387	565	758	469	431	586	539	493	909	592	512	479	473	518	520	494	601	635	645	674	504	542	530	423	1038	248
Rv1490	693	1322	553	711	730	889	580	1005	533	836	837	739	583	1037	703	663	668	710	443	453	620	612	694	667	1281	903	1176	716	1670	483
Rv1491c	1270	2408	1059	1314	1219	1573	1076	1905	955	1774	1673	1252	1221	1777	1096	1438	1224	1129	1059	834	1071	872	935	1209	1801	1893	1583	2196	5241	1317
Rv1492	1426	1450	839	607	813	1120	1266	1491	773	981	1202	960	1360	1277	845	727	788	955	2500	1812	2016	1297	1138	1314	789	1028	839	2669	6505	1481
Rv1493	2080	2868	1552	1469	1700	2338	1778	2427	1618	2105	2193	1780	2051	2321	1653	1606	1601	1771	2814	2250	2532	1730	1568	1963	1666	1826	1730	3580	8674	2266
Rv1494	399	884	298	351	433	574	309	639	253	434	534	396	373	663	331	362	398	380	409	357	346	288	271	274	547	443	469	697	1648	425
Rv1495	250	396	198	147	197	223	166	317	146	225	259	209	195	291	187	182	186	175	323	252	254	222	180	205	278	262	270	545	1263	328
Rv1496	1031	1371	738	699	766	1011	818	1122	704	1061	949	847	1017	1001	785	761	718	712	978	858	913	655	624	739	1018	1099	935	1406	3406	859
Rv1497	5119	6884	1321	2179	3362	4841	3222	5997	1300	3121	4738	3875	3832	5659	1354	2530	3121	3550	4277	3359	3165	2676	2790	2530	4460	4972	3933	6782	17035	4153
Rv1498c	1249	2010	1110	1244	1125	1366	1105	1487	1040	1568	1237	1089	1128	1397	1312	1124	1060	1061	978	957	1205	1158	1348	1351	2131	1767	2040	2076	5075	1246
Rv1498A	360	396	240	228	179	233	351	248	200	268	219	162	329	231	211	193	189	137	294	260	287	251	289	348	466	336	357	825	1950	482
Rv1499	212	296	270	231	179	225	193	200	211	228	218	146	230	220	287	198	179	153	186	174	246	174	185	196	247	241	234	461	1082	260
Rv1500	1195	1984	1309	1216	1034	1353	1039	1276	1198	1628	1183	1025	888	1277	1242	1037	972	942	1577	1394	1747	1300	1409	1382	2118	1447	1730	1153	2853	716
Rv1501	1437	2074	1383	1213	1030	1441	1200	1336	1207	1513	1314	1090	980	1541	1462	1117	1203	1165	2266	2132	2602	1496	1714	1556	2509	1887	2227	1116	2643	715
Rv1502	2800	4177	3468	3195	2724	3427	2741	2863	3352	4034	3235	2717	2546	3501	4638	2965	3083	2899	3188	3504	4241	2473	3065	2704	5609	3801	5086	2034	4844	1183
Rv1505c	472	1274	452	757	664	862	424	929	501	983	884	666	385	1112	656	814	799	741	226	269	375	202	457	275	1133	795	1035	233	548	164
Rv1506c	245	630	225	423	350	449	194	441	268	474	394	363	205	511	330	374	363	414	185	179	275	199	257	230	549	381	450	171	393	127
Rv1507c	629	2226	1038	1426	1338	1408	612	1541	990	1871	1469	1096	593	1612	1137	1318	1259	1160	698	677	848	897	1209	1014	1989	1386	1718	851	2168	570
Rv1507A	523	1573	795	1150	909	1029	418	1128	611	1266	1073	741	477	1142	808	860	954	796	692	655	749	861	1035	988	1442	1089	1232	968	2316	586
Rv1508c	2287	4750	2646	3265	2807	3378	1964	3650	2323	3804	3537	2751	2249	3532	2854	2885	2936	2600	2656	2536	3334	2484	2741	2918	4534	3840	4410	6615	15547	3995
Rv1508A	256	344	250	218	201	270	203	225	213	271	253	210	204	227	308	240	241	196	318	342	325	318	311	336	451	242	368	441	1075	270
Rv1509	668	960	639	674	621	763	632	737	526	831	703	584	671	851	824	644	675	642	1019	1042	1226	961	986	993	1149	814	1149	816	2030	524
Rv1510	972	1301	785	755	819	1012	798	1150	798	1121	1152	880	959	1083	844	810	823	826	853	649	778	626	642	782	934	1062	923	1305	3083	780
Rv1511	2185	3736	1795	2405	2178	2654	1787	2818	1661	2604	2646	2040	2097	2894	1959	2149	1991	1882	1592	1429	1651	1585	1779	1761	3338	2774	3135	6419	15350	3951
Rv1512	1518	2583	1240	1452	1575	1972	1317	1985	1222	2130	2141	1524	1541	1976	1326	1522	1540	1411	1051	842	832	995	1110	1208	2060	2094	1789	4040	9740	2536
Rv1513	1179	1948	860	1242	1173	1435	949	1508	860	1561	1502	1190	1125	1581	1169	1155	1317	1212	825	689	908	1028	968	1069	1790	1472	1526	2277	5505	1325
Rv1514c	611	992	528	781	660	807	528	801	574	911	789	652	589	887	814	724	793	691	378	349	484	356	528	510	1041	874	975	671	1624	445
Rv1515c	599	1148	598	773	665	860	561	843	501	939	822	716	604	856	649	691	695	653	453	439	502	446	540	592	1188	907	1017	900	2244	602
Rv1516c	540	1007	520	609	533	757	426	740	442	830	638	541	541	639	539	569	497	513	458	386	431	392	399	490	744	719	668	1372	3281	842
Rv1517	259	245	257	174	165	189	184	208	214	224	230	179	215	174	237	185	161	162	244	258	295	210	218	236	281	245	237	343	814	221
Rv1518	384	169	145	125	101	214	286	146	142	128	125	161	398	164	188	113	113	137	135	122	140	82	126	138	165	144	136	154	388	149
Rv1519	588	173	131	117	86	325	441	152	111	126	107	254	557	106	163	86	99	241	70	56	68	85	87	101	106	110	95	400	878	225
Rv1520	1280	777	537	543	375	986	979	564	449	564	550	692	1230	564	672	418	372	641	495	492	570	564	507	667	621	514	542	1157	2770	699
Rv1521	5475	9496	6165	6117	5579	6928	4688	7513	5352	7250	6774	5549	5384	8086	7760	5838	6089	5668	7808	7498	10072	5920	6816	6879	9764	7688	9860	7670	17949	4567
Rv1522c	2572	5469	2534	2916	2953	3392	2140	4221	2066	3626	3579	2712	2499	4469	2737	2778	3037	2567	2679	2533	3045	2598	2943	3069	5030	4235	4754	3972	9626	2413
Rv1523	237	796	342	377	414	551	184	711	287	536	588	404	234	586	346	411	409	330	396	288	397	246	374	398	637	678	679	629	1507	390
Rv1524	483	1361	423	604	782	968	387	1220	497	1025	1084	732	446	1020	556	831	795	673	358	307	363	301	369	404	1035	1071	930	825	2130	550
Rv1525	554	1653	519	990	1085	1132	475	1425	527	1202	1254	949	557	1409	825	1016	1128	957	454	498	569	377	518	446	1252	1067	1148	742	1835	455
Rv1526c	337	815	270	484	433	552	302	693	274	547	577	437	329	714	378	500	516	438	170	175	218	135	225	177	588	537	595	600	1342	372
Rv1527c	2381	5826	1706	2616	3168	3621	1828	6144	1794	3682	3982	2708	2258	4991	1852	2913	2891	2691	1980	1628	1813	1479	1761	1638	3713	3854	3359	5459	13598	3372
Rv1528c	369	114	48	79	54	87	341	101	47	64	72	67	375	99	71	61	63	76	119	123	106	241	130	142	109	81	92	143	381	95
Rv1529	1209	1417	459	872	714	916	917	1034	456	909	826	712	1108	1004	618	689	658	715	656	669	751	817	826	821	1266	999	1199	1850	4471	1172
Rv1530	557	618	269	339	438	563	438	587	252	502	487	432	462	531	302	370	413	411	191	168	202	334	293	390	366	389	287	423	979	262
Rv1531	817	890	529	557	501	680	780	659	498	654	688	549	821	710	576	542	513	603	503	448	599	901	838	1008	713	618	712	1098	2488	625
Rv1532c	350	389	311	219	224	309	309	354	276	283	288	269	416	299	322	224	249	213	321	282	356	446	421	494	273	291	238	518	1295	313
Rv1533	3082	2802	2044	1333	1564	2204	2743	2467	1860	1924	1900	1604	3300	2285	1906	1423	1413	1596	1237	1083	1208	2686	2009	3071	1191	1334	1013	3622	9207	2388
Rv1534	801	710	652	410	415	593	685	637	621	660	500	448	795	622	681	448	405	503	459	477	592	1049	891	1399	539	554	538	861	2046	514
Rv1535	963	2768	362	1277	1672	2973	857	2140	456	1900	2197	2265	952	1718	444	1207	1414	1908	153	159	161	380	599	525	1546	1492	1242	13483	32395	8701
Rv1536	5055	6792	2606	4081	4008	6541	4093	5533	2535	5135	5286	5255	4899	5902	3242	4154	4604	5279	2734	2515	3184	3107	3253	3765	5153	4499	5088	18908	44939	11498
Rv1537	415	580	357	327	412	510	321	575	345	523	543	412	414	558	340	407	405	443	306	234	230	205	218	249	294	401	307	474	1176	283
Rv1538c	668	1254	684	589	793	928	515	1149	771	1028	1014	704	589	990	703	783	648	689	503	437	433	373	427	451	631	779	643	971	2439	543
Rv1539	3559	3792	2955	2479	2575	3196	3066	3283	3028	3574	3416	2834	3383	3133	3586	2934	2639	2381	4205	3593	4101	2918	2670	2833	3884	3730	3733	4101	10322	2480
Rv1540	3580	3753	2990	2637	2547	3345	3055	3289	2799	3655	3575	2723	3541	3377	3214	3107	2866	2660	4121	3380	4075	2593	2780	3215	3728	4062	3901	3549	8829	2182
Rv1541c	1397	1686	895	1087	1047	1387	1070	1386	923	1413	1369	1106	1351	1608	1270	1228	1223	1093	881	846	1066	599	839	816	1614	1351	1599	840	1958	531
Rv1542c	320	404	237	286	242	355	300	326	240	342	354	269	299	454	366	302	335	281	209	159	201	220	207	249	369	325	353	195	450	133
Rv1543	3183	4622	2494	2651	2998	4067	2487	4041	2315	3562	3525	3058	2641	3569	2677	2891	2930	2921	1886	1804	2361	1693	2387	2361	4146	4025	4381	4826	11521	2832
Rv1544	2609	3502	1957	1967	2404	3264	2176	3161	2086	3106	3150	2647	2526	2922	2146	2424	2559	2612	1177	970	1281	926	1285	1534	2268	2893	2484	3134	7777	1853
Rv1545	575	851	435	503	555	786	510	704	474	751	735	647	535	772	545	635	658	650	212	155	202	206	220	286	513	630	472	613	1533	379
Rv1546	537	1423	642	850	796	981	527	1087	658	1134	1002	786	612	1174	833	876	866	792	421	381	385	375	501	504	1065	959	949	1033	2308	534
Rv1547	5667	13809	3174	9759	7265	8920	4036	11174	3065	11756	8800	7268	5111	11094	3873	9448	7607	7206	3281	3143	3491	3691	5114	4144	11990	9795	11464	10910	25050	6577
Rv1548c	684	1384	529	963	727	1057	489	1164	465	1163	928	752	594	1368	624	1002	844	848	531	482	601	443	587	574	1088	903	993	605	1467	454
Rv1550	257	1574	263	527	621	964	233	1230	218	657	833	760	268	1259	280	557	588	718	171	136	175	141	222	222	495	428	386	339	768	225
Rv1551	145	657	136	285	278	427	123	602	127	351	419	361	163	598	186	281	313	388	98	91	105	88	128	102	228	224	231	207	535	178
Rv1552	66	259	70	92	106	207	65	228	71	119	173	169	70	243	81	88	129	149	57	51	64	49	53	71	91	74	99	102	278	129
Rv1553	34	90	26	33	26	47	26	58	26	33	30	45	27	65	28	26	35	45	30	30	34	27	26	24	38	38	33	41	107	56
Rv1554	22	59	21	25	28	33	26	32	20	23	26	19	18	37	29	25	21	24	18	29	21	21	20	29	44	28	19	35	88	28
Rv1555	63	94	40	35	41	58	61	73	24	50	43	49	52	64	54	44	47	41	34	41	46	26	30	46	53	34	37	63	170	64
Rv1556	426	512	302	267	223	358	311	378	262	302	268	280	421	292	310	256	189	211	317	269	311	324	304	362	374	301	285	816	1920	512
Rv1557	3110	3242	3137	1018	491	967	2880	2611	2692	1186	636	764	3230	2524	3692	842	537	671	3401	3320	3802	3320	2645	4365	918	740	741	5338	12762	3236
Rv1558	1373	1666	1125	1053	914	1080	1105	1360	1026	1286	1127	887	1353	1373	1250	1029	867	888	1011	885	1055	1046	1090	1233	1451	1319	1298	2300	5563	1387
Rv1559	3673	7587	4094	4931	5443	6810	3243	6646	4391	7548	6858	5499	3732	6102	4523	5793	5233	5054	2196	1970	2320	1952	2414	2670	4947	5744	5092	7898	19505	4592
Rv1560	202	432	130	177	237	322	160	341	143	288	294	252	214	350	198	228	255	260	182	143	186	186	194	165	353	304	323	409	859	178
Rv1561	394	679	253	322	325	446	344	554	234	392	438	356	372	633	327	324	402	402	349	321	381	291	279	292	541	440	523	379	1002	255
Rv1562c	810	1228	658	774	741	1022	731	952	624	947	959	882	803	1033	755	806	772	803	609	543	662	479	579	695	967	867	929	1060	2600	671
Rv1563c	1114	1484	928	869	901	1361	924	1347	933	1201	1248	1042	1094	1270	1085	981	929	952	869	713	784	649	634	718	1133	1090	1053	1208	3056	799
Rv1564c	2129	3241	1844	2003	1812	2447	1759	2612	1625	2465	2364	1957	2074	2764	2186	1946	2017	2075	1857	1778	2324	1569	1717	1845	2931	2358	3019	2445	5953	1586
Rv1565c	4761	8402	3976	4479	4574	5788	3863	7067	3256	5761	5903	4828	4602	7069	4246	4804	4913	4863	4989	4653	5653	4428	4874	5029	7040	6540	7595	6166	14934	3696
Rv1566c	1919	6167	853	2237	2918	3281	1181	5268	673	3348	4057	2471	1540	4360	715	2347	2702	2350	2106	1859	2067	1366	2131	1392	5203	6238	5307	9410	22828	5755
Rv1567c	257	471	307	301	232	270	207	295	218	315	288	232	257	339	264	268	214	207	206	249	275	284	270	332	471	272	371	415	937	254
Rv1568	951	1270	488	725	678	845	637	930	550	947	888	648	770	824	565	674	592	601	252	232	260	311	375	345	814	894	618	1638	4231	1064
Rv1569	1572	1957	1198	1027	1439	1796	1169	1976	1552	1832	1805	1319	1302	1481	1285	1285	1067	1109	861	664	638	662	650	786	991	1538	858	2466	6133	1540
Rv1570	787	1142	745	565	774	1028	613	1271	818	976	1014	724	767	874	743	709	688	723	384	317	345	250	278	371	547	843	467	1109	2771	605
Rv1571	357	662	324	330	468	486	309	624	393	515	546	387	350	477	358	363	339	377	103	89	74	89	108	120	276	362	193	346	1085	233
Rv1573	89	210	81	123	155	181	85	202	65	170	182	138	89	216	102	138	142	114	17	20	21	24	22	21	72	89	79	64	141	43
Rv1574	95	142	77	63	68	118	106	115	68	99	120	89	113	146	105	86	92	93	249	163	212	130	108	166	85	72	82	71	174	46
Rv1575	349	350	236	174	204	281	329	269	228	234	279	215	363	299	330	229	225	216	1084	832	1043	519	446	568	252	226	294	306	799	187
Rv1576c	2584	1642	1598	918	1191	1568	2286	1493	1521	1290	1484	1237	2426	1327	1984	1107	1177	1151	8525	6574	8598	4506	3275	4449	1467	1580	1572	2081	5323	1291
Rv1577c	790	569	528	320	378	453	660	478	506	400	471	407	776	471	638	319	381	397	2425	1922	2492	1046	819	1019	609	635	657	1308	3242	805
Rv1578c	332	286	162	102	174	257	308	276	200	215	271	209	337	231	190	191	163	212	565	384	427	267	225	296	190	254	185	296	707	199
Rv1579c	92	135	55	62	80	123	87	137	53	110	88	96	96	124	76	72	74	100	101	93	151	97	87	87	92	95	113	104	256	51
Rv1580c	198	297	238	292	195	254	185	258	259	359	247	239	199	212	325	294	204	228	177	179	237	164	173	204	273	252	283	758	1761	491
Rv1581c	154	225	246	244	155	186	132	176	229	297	210	159	189	155	324	270	137	134	160	123	167	118	126	133	189	207	175	338	803	213
Rv1582c	509	585	510	444	412	454	383	514	459	514	504	405	477	460	595	465	364	404	820	679	773	429	432	385	629	547	568	1220	2863	765
Rv1583c	367	389	395	269	278	335	274	287	371	362	367	236	341	280	366	297	225	224	639	470	472	306	251	287	343	380	290	899	2146	553
Rv1584c	587	537	326	410	356	532	467	377	329	569	494	336	547	402	390	393	371	368	769	614	761	551	405	608	364	434	348	759	1863	449
Rv1585c	1009	469	293	344	319	427	775	409	296	439	476	383	942	446	407	394	346	360	1057	865	1122	850	699	919	357	366	362	495	1178	293
Rv1586c	2710	860	622	523	604	789	2042	926	609	844	792	660	2288	811	669	642	683	654	2053	1565	2003	2052	1625	2325	682	826	727	873	2262	607
Rv1587c	1374	665	386	489	457	586	1047	648	440	696	654	522	1136	632	530	553	490	412	969	812	1006	1100	960	1217	579	562	525	594	1445	426
Rv1588c	268	343	184	218	212	254	214	314	170	238	285	220	280	289	224	234	219	217	282	249	277	234	207	219	261	245	249	399	949	265
Rv1589	2341	3515	2316	2510	2294	2655	1909	3017	2434	3553	2960	2048	2230	2449	2440	2534	2022	1871	1312	1101	1391	1465	1562	2150	2388	2875	2252	7185	17725	4570
Rv1590	697	1202	788	901	795	977	668	987	910	1322	1087	871	718	810	1114	908	702	710	415	404	354	363	463	562	825	1004	729	2075	4912	1298
Rv1591	1322	2024	1196	1444	1460	1700	1124	1689	1286	1997	1853	1375	1328	1586	1534	1481	1326	1218	547	538	567	600	728	875	1702	1689	1538	2551	6409	1615
Rv1592c	2610	2654	538	1050	1169	1121	2297	1978	438	1131	1548	938	2550	1563	541	920	1077	722	947	875	1018	878	1616	939	5271	4400	4546	5340	12921	3224
Rv1593c	1452	2798	712	1027	1486	1879	1486	2353	960	1865	2211	1735	1722	2056	1145	1578	1587	1790	1174	1008	1271	1158	1467	1155	2157	2517	2591	2505	6137	1559
Rv1594	30054	20479	8955	10804	13479	15186	25948	16958	8788	15316	17032	12112	26579	15520	9286	11818	12213	10971	12574	10250	11384	21290	18449	21983	17969	18118	16597	28537	69783	18034
Rv1595	30088	22623	11284	10581	15075	18137	22665	23305	11865	17101	19557	14072	25669	18839	11192	12522	13063	12635	10599	8338	8227	12343	11319	14322	18764	22907	16146	39977	100175	24617
Rv1596	12431	13235	5848	7245	8170	9717	9574	12379	6142	9825	10831	7789	11415	11217	7046	7973	8217	7233	4901	4439	5050	4537	6000	6036	13546	14162	12489	20549	49674	12425
Rv1597	2000	2808	1402	1571	1492	2011	1540	2273	1301	2077	2091	1532	1804	2549	1335	1642	1558	1574	1256	1021	1198	1057	1051	1228	2021	1966	1715	2324	5571	1473
Rv1598c	1368	1062	700	736	674	949	1176	872	706	899	893	768	1313	846	961	784	740	786	820	794	878	972	916	1019	882	782	911	880	2101	544
Rv1599	3824	3431	3293	1878	2534	3203	3106	3454	3074	3195	3621	2698	3691	2997	3170	2544	2396	2485	5480	4319	4260	3231	2698	3346	3015	3622	2661	5224	12901	3206
Rv1600	2176	2618	2525	1638	1712	2128	2133	2191	1933	2126	2170	1709	2369	2222	2550	1752	1768	1792	5800	5317	5750	3466	3441	3445	3425	3407	3351	4086	9797	2614
Rv1601	1005	1123	995	774	784	924	829	931	796	973	945	738	992	976	1101	784	788	818	1662	1394	2074	1078	1157	1279	1319	1220	1353	1892	4326	1117
Rv1602	1374	1528	1405	1122	1037	1238	1322	1239	1254	1469	1384	1089	1436	1381	1632	1138	1274	1066	2752	2339	2711	1729	1648	1855	1868	1871	1801	1933	4487	1172
Rv1603	2012	2179	1788	1461	1470	1889	1774	1898	1898	1957	2042	1525	1960	1950	2137	1617	1539	1398	2586	2030	2332	1578	1548	1803	2145	2285	1980	2317	5705	1368
Rv1604	2149	2375	1761	1410	1691	2260	1766	2274	1776	2054	2223	1723	2228	2272	1877	1744	1769	1899	2533	2063	2504	1269	1388	1672	2060	2351	2140	2470	6019	1428
Rv1605	2567	2734	1953	1465	1932	2600	2194	2614	2142	2447	2609	2076	2563	2525	2064	1983	2121	2049	2499	2016	2352	1301	1332	1632	2021	2598	2025	2391	6263	1463
Rv1606	783	863	671	525	632	854	701	871	602	782	886	695	942	879	725	687	741	745	831	789	957	515	585	735	877	843	865	804	1849	468
Rv1607	1808	3500	1901	2092	2101	2613	1557	2730	1801	2715	2747	2087	1774	2485	2134	2072	2100	1765	1302	1133	1395	1206	1602	1475	3165	3028	2978	4194	9838	2761
Rv1608c	952	1603	909	976	848	1076	826	1255	764	1103	930	837	886	1071	1063	903	792	797	891	847	962	1019	1053	1069	1433	1139	1432	1727	4092	1053
Rv1609	2969	4636	3120	2979	3074	3785	2519	4089	3107	4431	3925	3024	2905	3682	3504	3303	3204	2830	2594	2294	2558	2286	2387	2916	4024	4077	3972	6061	14753	3676
Rv1610	1905	2229	1553	1322	1733	2199	1708	2162	1840	2281	2377	1692	1795	1926	1711	1646	1630	1399	1005	730	882	1125	950	1729	1079	1768	1177	1515	3903	1016
Rv1611	6071	15102	8016	11067	9605	11677	4670	11567	7955	13536	12390	8942	5685	10964	9038	10351	9003	7870	2638	2412	2968	3315	4598	4581	12415	11325	10305	17536	42445	10770
Rv1612	4723	12574	5366	9713	8262	10601	3924	9880	5590	11762	10447	8616	4682	11516	7195	9974	9256	8672	1493	1442	1985	1795	3606	2964	10982	9427	10325	7359	17463	4187
Rv1613	6167	13485	6764	11065	9804	12531	5138	12348	7651	14311	13136	10159	6336	12222	9345	12047	10373	9398	1524	1413	1863	1578	3718	3103	10703	11208	10950	6303	15698	3738
Rv1614	8372	20908	8857	14882	14048	17464	6916	17283	9699	19436	17977	14803	8443	17517	11529	15969	14705	13926	1801	1836	2164	1826	4599	3175	14582	14172	14108	9038	22360	5560
Rv1615	2910	2991	1955	1938	1789	2598	2450	2535	1821	2368	2263	2138	2847	2477	2333	2071	1948	2084	1983	1828	2269	2129	2036	2300	2537	2268	2544	2374	5635	1481
Rv1616	2335	1926	1503	1416	1229	1934	1992	1743	1532	1940	1704	1668	2279	1780	2014	1640	1323	1503	1427	1283	1595	1234	1348	1672	1475	1711	1674	1621	3978	998
Rv1617	4106	6062	3342	3852	3730	4941	3313	5143	3550	5602	4675	3759	3885	4772	3386	4202	3603	3578	2328	1903	2146	2180	2295	2984	3998	4408	3632	6288	15827	3750
Rv1618	2588	4178	2162	2882	2409	3243	2106	3342	2039	3430	3206	2673	2623	3413	2786	2829	2660	2679	1337	1301	1609	1381	1791	1949	3677	3280	3639	3317	8168	2174
Rv1619	2126	1680	1634	1374	1443	1969	1926	1451	1692	1951	2056	1606	2149	1573	2071	1621	1715	1550	2546	2059	3021	2484	2043	3161	1511	1350	1204	1148	2725	696
Rv1620c	2681	1167	4446	1905	2086	2706	2893	1144	4213	2840	3017	2264	3357	1124	4684	2154	2295	2426	9793	7554	8187	6773	5331	7472	2099	2430	1912	1898	4849	1176
Rv1621c	3128	1475	5487	2177	2446	3292	3222	1413	5260	3414	3308	2709	3914	1283	5739	2551	2539	2619	11492	8456	9516	6995	5056	7830	2433	3292	2305	3548	8892	2141
Rv1622c	1764	946	3635	1774	1615	2169	1856	909	3165	2271	2206	1910	2121	826	3945	1665	1664	1730	13026	10652	13141	8714	6256	8471	2834	2604	2562	3302	7630	1969
Rv1623c	4459	3888	9306	4898	4893	6466	4710	3292	7643	6386	6210	5753	5048	2839	10328	4902	4789	4984	32961	28426	35813	22028	16758	20462	8092	7044	8515	8355	20114	5084
Rv1624c	676	927	820	618	657	742	543	681	716	824	731	630	699	612	980	643	644	624	2138	2072	2507	2042	1784	2231	1222	931	1194	1078	2534	706
Rv1625c	2711	3324	1953	1732	2062	3007	2501	2707	1820	2524	2592	2545	2726	2598	2024	1997	2008	2460	5090	3883	4443	2937	2427	2929	2319	2559	2360	3477	8548	2063
Rv1626	4047	9080	5522	6372	6082	7028	3684	6816	5334	7482	6920	5622	4094	6471	7188	6149	5980	5183	5479	5608	6949	4096	5240	4644	9593	7518	9417	7592	18039	4357
Rv1627c	4503	4711	2534	2205	2931	3983	3732	3902	2754	3474	3744	3200	4095	3578	2811	2560	2583	2688	3341	2513	2710	2141	1755	2481	2437	3131	2307	6124	16119	3901
Rv1628c	1257	1226	856	670	679	1025	976	1046	841	987	921	816	1199	1015	923	876	776	797	2093	1627	2022	1465	1251	1685	949	868	945	1971	4704	1195
Rv1629	2696	3746	3137	2158	2463	2935	2312	3313	2981	3233	3225	2369	2609	2905	3226	2375	2342	2194	5620	4369	5092	2952	2710	3356	3152	3356	2823	6751	16075	4065
Rv1630	11434	25378	12574	16603	15589	19714	10156	21001	12577	21104	18992	15206	10987	20690	15701	16557	15570	13652	12212	11336	14772	10570	11937	12326	22161	18371	20728	21893	51623	12537
Rv1631	5134	10309	3742	6158	6311	8588	4278	9433	4340	9255	8982	6771	5319	9956	4747	7522	7180	6797	2495	2062	2451	1908	2730	3004	6013	6870	5600	5839	14179	3514
Rv1632c	647	1701	460	928	922	1248	499	1401	445	1257	1195	923	646	1588	431	1009	946	951	327	274	331	257	369	383	914	1081	888	679	1692	438
Rv1633	4985	6529	3322	3356	3849	5568	4044	5661	3311	4721	4723	4285	4490	5476	3580	3848	3901	4176	7434	5936	6871	4565	4287	4906	4748	5211	4875	6400	15167	3885
Rv1634	2888	3080	2064	1789	2203	2978	2231	3039	2170	2641	2932	2476	2673	2884	2240	2196	2191	2271	3518	2718	2959	1989	1684	2048	2227	2619	2106	2584	6448	1554
Rv1635c	2082	2043	1541	1401	1384	1634	1564	1690	1474	1770	1902	1318	1880	1770	1764	1521	1518	1288	3022	2599	2997	2319	2072	2435	2234	2337	2245	2514	6163	1593
Rv1636	2281	2748	2602	1781	1808	1575	1709	2086	1846	1963	1957	1240	2057	1731	2551	1503	1542	1047	4178	3686	4037	2897	2728	2960	4385	3525	3874	8349	19559	5069
Rv1637c	1953	2109	2082	1644	1371	1427	1486	1731	1647	1943	1784	1119	1692	1584	2017	1507	1313	1061	2568	2064	2412	1621	1824	2114	2462	2556	2236	4500	10575	2840
Rv1638	7080	8696	5912	5031	5119	6955	5840	7270	5573	7067	6604	5349	6699	6855	6346	5350	4963	4986	8545	6716	7693	6098	5349	7025	6581	6865	5909	10685	26373	6506
Rv1638A	691	1398	825	893	918	1437	587	1266	721	1260	1213	1151	664	1163	873	921	926	1143	631	522	770	575	683	826	740	802	790	509	1195	302
Rv1639c	6126	11847	5924	7087	7396	11893	4734	9799	5559	9470	9738	9724	5687	8968	6126	7243	6637	8623	4689	3993	4522	3634	3865	4634	5930	5619	5032	5188	12721	3266
Rv1640c	4142	5614	3646	3625	3252	4653	3445	4554	3037	4303	4047	3667	3867	4488	3593	3446	3312	3510	3894	3394	4191	3717	3416	4074	4500	4031	4046	5040	12164	3023
Rv1641	7791	23353	8685	12278	13834	18838	6679	21174	9025	17992	15219	14024	7180	19445	10319	13659	12828	13723	8087	7685	10272	7763	9187	11179	15153	14925	16638	8769	21571	5072
Rv1642	1788	4636	1726	2260	2846	4198	1427	4710	1730	3920	3521	3184	1617	4052	1651	2984	2563	2997	1065	866	1247	905	1437	1792	2333	3192	2696	2145	5297	1286
Rv1643	4052	9357	3573	4927	5795	8152	3215	10022	3835	7602	7426	6286	3972	8759	3840	6075	5537	6304	2311	1968	2544	1973	2888	3805	4619	6126	5525	5227	13106	3097
Rv1644	3301	6954	2034	2950	4246	6438	2350	7987	2571	5367	5493	4553	3137	6959	2447	4174	3996	4622	1208	925	1095	938	1255	1651	2480	3729	2513	3681	9528	2256
Rv1645c	1771	1406	718	817	756	1166	1498	1337	659	1030	1006	909	1600	1459	814	799	820	962	1178	1117	1245	1335	1065	1213	774	826	797	588	1409	360
Rv1646	2494	3805	2836	2065	2138	2847	2220	2763	2601	2647	2854	2220	2302	2885	2952	1982	2072	2096	4330	3740	4220	4306	3877	4479	3143	2764	2658	3957	9513	2183
Rv1647	959	787	694	607	481	714	760	611	601	797	679	559	813	563	752	599	462	496	1011	725	843	850	695	922	691	785	648	1533	3717	944
Rv1648	1416	1884	881	977	1016	1430	1142	1533	978	1449	1353	1175	1309	1307	1090	1048	993	1046	1229	1061	1192	1026	1069	1224	1581	1606	1429	1722	4122	1050
Rv1649	1624	3286	1569	2228	1855	2388	1339	2625	1523	2591	2334	1875	1615	2441	1844	2193	1917	1985	910	812	955	901	1101	1063	2659	2380	2410	3170	7769	1954
Rv1650	3414	6942	2937	4037	4469	5987	2780	7060	3383	6364	5902	4567	3543	5890	3367	4767	4414	4372	1277	1051	1177	1193	1690	1819	4275	5047	3846	6045	15018	3618
Rv1651c	3055	2762	1423	1400	1750	2339	2194	3456	1430	2103	2287	1879	2593	2256	1427	1576	1423	1634	1142	985	1031	1103	1007	1285	1174	1638	1145	2232	5856	1381
Rv1652	966	430	532	340	283	391	811	385	445	444	368	283	859	274	369	301	232	244	817	600	494	1092	711	885	408	524	342	1793	4948	1140
Rv1653	1544	851	808	517	641	769	1246	865	697	900	772	603	1490	632	745	626	518	558	1029	797	860	1609	1100	1563	675	907	646	2342	6207	1509
Rv1654	1201	642	608	425	528	678	1066	766	583	712	665	556	1245	565	613	556	458	565	944	752	688	1215	903	1314	728	886	627	2716	6701	1532
Rv1655	1058	610	586	372	403	551	840	717	476	653	582	443	1070	557	497	444	395	446	653	527	568	867	703	980	577	747	483	1883	4691	1102
Rv1656	1099	692	653	509	466	665	949	654	596	734	600	495	1040	685	612	592	495	541	720	611	609	927	775	1052	641	750	559	1853	4725	1144
Rv1657	608	352	329	241	295	384	473	395	318	401	356	291	499	423	296	302	240	290	285	204	197	357	282	424	321	345	195	698	1819	448
Rv1658	2460	2462	1408	1377	1588	2066	1865	2276	1557	2135	2148	1591	2482	2437	1617	1776	1724	1753	1264	1095	1228	1594	1570	1975	2001	2261	1895	4081	9839	2615
Rv1659	1720	1711	1408	1129	1216	1498	1405	1634	1349	1900	1785	1221	1608	1729	1409	1450	1223	1251	988	785	884	1045	992	1362	1234	1540	1115	1893	4741	1150
Rv1660	2606	1853	3632	2625	916	1096	1819	1466	3554	3435	1118	843	2275	1532	3594	2917	954	877	2365	2051	2299	2005	1676	2617	991	979	948	1527	3773	916
Rv1661	6154	4328	8522	6262	3031	3968	4260	4333	9777	8992	4234	3216	5023	4086	10486	7453	3399	3128	4599	4022	4986	3005	3136	4722	3295	3783	3322	2587	6495	1742
Rv1662	3133	2652	4288	3803	2103	2746	2356	2546	5071	4904	2879	2392	2709	2387	6211	4039	2243	1950	2096	2037	2544	1628	1977	2544	2576	2596	2594	1622	4103	1120
Rv1663	733	700	951	911	490	659	573	639	986	1125	706	595	667	722	1321	918	615	600	484	443	592	387	476	594	755	589	733	503	1220	357
Rv1664	1501	1711	1560	2003	1224	1690	1196	1560	1862	2346	1584	1438	1312	1706	2263	1980	1531	1387	772	747	921	487	783	749	1569	1333	1445	801	1917	603
Rv1665	774	1851	745	1067	1601	1285	634	1229	761	1289	1836	940	707	1419	842	1029	1523	943	573	527	698	481	853	602	2757	2242	2264	1775	4271	1083
Rv1666c	468	830	575	585	588	774	400	687	499	768	771	603	466	700	593	623	658	601	456	362	394	361	417	484	757	793	704	918	2401	589
Rv1669	45	39	26	29	33	46	34	32	25	24	41	33	45	43	30	23	34	28	25	34	29	31	30	23	46	21	30	61	148	37
Rv1670	577	268	161	128	110	200	473	191	118	179	145	187	540	164	165	111	120	161	410	372	393	303	196	262	213	171	194	365	841	238
Rv1671	348	111	89	76	66	114	284	108	68	94	78	78	293	100	91	57	65	73	303	268	317	212	152	145	109	93	101	157	364	105
Rv1672c	2174	1480	809	852	905	1245	1734	1299	770	1096	1235	1072	2077	1167	878	995	891	986	1360	1134	1219	859	907	1014	1100	1211	1219	1934	4575	1191
Rv1673c	2797	176	158	100	84	106	2635	153	125	92	133	81	2621	130	163	111	88	93	634	512	665	840	665	908	169	146	181	312	709	200
Rv1674c	1486	111	110	66	66	75	1357	88	88	82	78	52	1345	82	116	61	72	71	408	323	415	566	446	527	106	73	105	177	401	121
Rv1675c	95	147	95	91	85	97	78	124	96	101	106	103	93	99	108	73	77	51	94	69	101	56	75	79	104	100	82	193	432	141
Rv1676	2738	4060	3376	3151	2835	3271	2391	3266	2735	3549	3665	2726	2703	3273	3518	3024	2934	2603	2540	2275	2629	1431	2022	2004	4196	3937	4255	5427	12606	3364
Rv1677	2206	2986	2447	2118	2218	2695	1988	2339	2180	2975	2760	2004	2094	2413	2660	2216	2230	2084	1589	1443	1718	1176	1538	1677	2973	2840	2829	3317	7875	1933
Rv1678	1246	1889	1121	1262	1401	1864	953	2227	1353	1969	1925	1406	1174	1745	1301	1427	1476	1343	667	538	674	408	620	677	1508	1812	1564	1210	2790	770
Rv1679	1397	2695	1220	1290	1808	2274	1075	2838	1295	1873	2363	1753	1503	2268	1405	1576	1737	1703	650	555	660	433	694	643	1667	1942	1659	1543	3658	865
Rv1680	651	1333	572	726	918	1011	505	1123	648	982	1135	820	695	1171	795	820	836	912	331	313	368	229	385	394	887	884	899	749	1873	473
Rv1681	693	1221	655	679	758	959	539	1054	604	955	1044	797	674	1093	777	758	857	836	377	338	480	257	379	411	752	885	750	669	1646	451
Rv1682	346	669	249	510	377	563	272	507	236	526	506	505	325	662	334	441	459	511	200	211	245	163	187	158	544	396	525	523	1360	282
Rv1683	4706	7582	4369	4279	4858	6611	4136	6761	4405	6167	6333	5037	4652	6178	4701	5000	4814	4848	5647	4563	4963	3049	3286	3590	6201	6722	5588	15039	37094	8965
Rv1684	307	549	327	282	325	465	268	433	286	435	471	342	297	471	307	316	371	351	367	274	326	209	242	256	458	475	390	4021	9578	2209
Rv1685c	433	910	306	521	476	715	393	734	346	596	611	553	464	879	446	505	604	594	514	436	560	251	300	324	786	619	649	11098	26708	6397
Rv1686c	122	334	94	155	144	234	106	254	87	168	172	150	102	239	104	122	127	124	378	260	376	106	144	145	231	235	238	11601	28744	7204
Rv1687c	137	342	94	145	148	232	136	300	73	170	219	177	150	256	93	122	161	165	487	397	464	203	204	239	215	225	247	22515	52326	13647
Rv1688	138	259	115	108	129	149	106	192	115	170	176	128	95	133	91	107	106	96	96	92	86	76	76	86	133	163	114	868	2066	521
Rv1689	1131	3562	1121	1954	2023	2343	998	2843	1096	2611	2471	1808	1091	2675	1240	1997	1913	1701	600	550	584	613	918	701	2369	2294	2156	7200	17795	4096
Rv1690	608	1540	144	512	693	643	495	1196	145	710	859	543	553	1052	165	485	588	475	315	222	228	195	340	155	1184	1230	1009	1263	3071	821
Rv1691	586	1564	480	785	819	937	485	1340	474	1079	1070	704	551	1238	468	810	720	708	279	224	207	187	274	194	852	1076	718	2107	5209	1271
Rv1692	857	1746	643	786	1017	1410	659	1795	754	1280	1356	1076	758	1504	691	975	894	996	400	322	354	252	320	332	972	1106	844	2114	5292	1288
Rv1693	391	805	355	439	462	560	296	687	338	549	615	409	344	609	399	472	462	449	218	195	182	169	227	233	520	580	484	1179	2964	662
Rv1694	1045	1935	1030	1046	1195	1570	853	1795	1050	1601	1635	1255	967	1610	1058	1131	1170	1081	609	489	486	495	576	649	1115	1329	1123	1946	5297	1247
Rv1695	1410	3007	1320	1612	1809	2294	1225	2850	1407	2151	2277	1939	1418	2376	1559	1724	1756	1728	1021	770	906	723	962	1053	1952	2155	1989	3002	7198	1833
Rv1696	1487	2666	1039	1185	1689	2250	1060	2758	1146	1935	2190	1640	1353	2367	1163	1490	1577	1657	873	707	761	547	704	690	1680	2044	1514	2560	6453	1586
Rv1697	3453	13259	1002	6128	6265	7572	2114	11316	855	7660	7813	6188	2656	10565	1108	6061	6413	5703	3125	2694	2944	1687	3544	1665	10486	9652	11069	9286	22092	5585
Rv1698	1807	7522	466	2839	3381	4162	1230	5874	391	3892	3892	3240	1446	6129	542	2899	3656	3069	1428	1282	1382	847	1610	883	5371	4282	5119	4214	10061	2449
Rv1699	4583	5465	3092	4032	3215	4602	3688	4662	2572	4988	3995	3738	4386	5112	3501	4149	3649	3788	5225	4787	6261	2553	2992	2866	6112	4848	6164	5635	13108	3377
Rv1700	2726	2659	1332	1874	1725	2523	2407	2348	1468	2634	2337	2089	2806	2313	1754	2074	2023	2096	2049	1741	2081	1400	1403	1549	2549	2487	2390	1942	4766	1105
Rv1701	2816	2631	1380	1706	1744	2675	2429	2344	1448	2742	2443	2046	2773	2410	1515	2140	1908	2060	1464	1166	1410	635	956	916	2209	2518	2074	2157	5301	1325
Rv1702c	1444	1808	801	1349	1116	1651	1253	1620	711	1719	1568	1350	1480	1852	1127	1526	1488	1391	606	487	685	370	561	474	1514	1324	1449	846	2018	557
Rv1703c	3278	5231	2986	3442	2958	4188	2846	3917	3109	4439	3768	3123	3105	3720	3363	3209	2919	3151	2441	2129	2450	2585	2810	3206	4171	4299	3878	5867	13897	3609
Rv1704c	1999	4943	2714	3326	2874	3432	1678	3798	2576	4236	3447	2646	1933	3580	2971	3034	2759	2520	1439	1239	1621	1900	2325	2789	4123	4014	3898	6667	15944	4099
Rv1705c	375	499	389	343	329	405	282	416	393	510	397	303	347	380	407	355	292	275	354	280	345	283	289	317	297	381	272	547	1339	365
Rv1706c	354	409	304	280	292	380	270	318	260	456	360	306	318	301	305	264	240	235	309	251	261	273	225	265	297	282	228	495	1209	310
Rv1706A	153	34	35	29	16	29	98	32	24	35	23	25	120	30	35	30	22	27	72	59	81	79	66	92	23	18	20	23	65	11
Rv1707	2439	4029	2184	2661	2237	2740	2118	2946	1954	2995	2683	2274	2610	2710	2556	2384	2115	2083	1877	1898	2223	2289	2365	2569	3850	3013	3240	5633	13644	3487
Rv1708	1548	4177	1430	2318	2209	2792	1247	3268	1186	2795	2708	2127	1458	3462	1472	2162	2282	2111	1372	1245	1306	1095	1405	1214	3477	3064	3149	3288	7865	1993
Rv1709	1368	4150	1196	2068	2278	2783	1190	3348	1219	2729	2846	2261	1495	3759	1447	2300	2442	2377	844	788	906	597	1151	948	2993	2813	3012	1718	4199	1043
Rv1710	1377	2768	1464	1812	1708	2112	1083	2369	1343	2379	2256	1722	1277	2393	1559	1960	1733	1592	877	784	926	728	972	949	2129	2101	2164	1770	4359	1082
Rv1711	1600	3086	1467	2113	1994	2404	1358	2749	1585	2647	2715	2037	1615	2879	1979	2175	2226	2078	714	737	850	759	1026	990	2387	2246	2252	1812	4445	1070
Rv1712	1226	2468	1010	1422	1676	2190	1011	2288	1218	2114	2170	1759	1201	2138	1362	1635	1655	1549	471	445	478	368	569	518	1577	1781	1421	1750	4219	993
Rv1713	2565	4754	2033	2568	3279	4338	1828	4889	2541	4086	4212	3366	2246	4194	2332	3281	2947	3120	775	724	720	535	878	883	2243	3049	2284	2223	5453	1336
Rv1714	277	695	193	301	394	501	178	663	259	445	524	338	198	565	227	338	349	319	60	37	59	33	98	63	272	333	256	215	535	131
Rv1715	135	364	105	133	189	257	112	353	129	199	194	187	121	262	105	159	145	184	59	69	66	51	71	61	158	190	149	226	605	141
Rv1716	198	587	137	232	323	371	150	561	165	329	397	283	194	445	184	282	266	262	73	85	78	58	122	84	270	278	296	218	567	128
Rv1717	60	196	55	87	106	149	50	192	65	107	135	126	60	149	88	109	102	88	35	22	21	11	26	19	93	126	82	125	290	57
Rv1718	281	726	248	344	385	498	219	670	280	536	488	395	273	537	296	422	321	300	148	145	151	122	178	142	362	432	395	653	1559	384
Rv1719	221	411	153	225	288	336	156	416	201	328	325	275	176	301	175	282	245	222	119	69	74	73	107	103	198	283	231	384	863	193
Rv1720c	113	181	83	95	119	107	98	141	62	123	123	95	79	151	98	103	84	101	105	113	142	136	122	124	166	162	170	167	421	108
Rv1721c	86	133	57	65	71	103	67	106	65	81	91	72	72	91	66	73	60	70	109	102	114	108	123	100	128	117	129	242	484	142
Rv1722	595	1040	555	476	563	710	484	916	553	682	698	534	540	729	592	542	506	508	656	539	557	521	489	597	619	745	643	899	2267	522
Rv1723	496	665	361	381	386	558	350	575	365	495	501	420	454	587	348	424	357	429	346	286	329	298	243	268	390	441	320	404	985	257
Rv1724c	430	498	228	288	214	362	349	284	217	337	257	301	345	374	243	249	246	305	506	423	570	588	466	516	391	290	323	235	585	141
Rv1725c	639	443	263	202	249	359	477	364	241	311	287	328	562	333	303	230	212	273	727	526	591	627	395	556	234	283	248	310	812	235
Rv1726	324	387	395	272	249	330	318	298	434	389	377	245	327	269	437	289	228	222	567	408	448	415	321	410	309	375	270	462	1147	324
Rv1727	234	411	152	186	240	348	187	398	163	269	307	277	266	345	174	226	234	234	118	83	92	173	144	192	242	305	231	317	789	218
Rv1728c	977	2153	669	988	1156	1461	785	1642	566	1269	1388	1187	902	1594	724	960	1072	1046	602	547	670	546	751	607	1619	1462	1635	2071	4919	1268
Rv1729c	608	1150	447	611	616	875	472	853	436	744	775	607	518	871	453	537	627	620	292	258	349	240	377	356	951	774	855	1300	3097	805
Rv1730c	1383	1500	917	921	842	1079	1226	1099	797	1037	1079	883	1418	1169	1073	916	927	933	1143	1057	1382	687	864	813	1527	1141	1383	1869	4419	1147
Rv1731	2779	4032	1925	2217	2352	3029	2299	3242	1778	2772	3035	2434	2558	3003	2235	2213	2294	2395	1847	1618	1788	1519	1700	2068	2655	2826	2562	4839	12219	2944
Rv1732c	942	1251	735	706	744	1055	701	1056	752	1053	1012	764	850	1094	737	823	747	812	734	487	717	549	554	703	668	850	659	1480	3715	896
Rv1733c	65	118	62	89	95	120	56	189	206	285	198	141	75	163	268	316	134	232	164	133	159	118	98	126	113	107	105	157	366	105
Rv1734c	33	151	114	93	181	148	45	248	423	481	329	286	79	160	586	462	229	337	195	206	369	127	98	99	81	70	108	160	376	97
Rv1735c	23	27	11	11	23	29	14	34	22	37	26	19	16	26	33	22	25	22	48	36	55	29	27	42	33	32	26	87	195	71
Rv1736c	615	902	653	630	650	885	501	979	673	1003	946	707	633	770	766	805	665	769	882	711	757	670	599	818	636	773	619	1516	3494	931
Rv1737c	117	443	183	267	474	394	103	1018	593	1008	945	720	144	482	718	946	532	944	236	188	262	192	180	259	180	195	214	685	1665	429
Rv1738	65	627	229	452	841	620	88	1349	1334	2205	1790	1510	160	791	2514	2481	1216	2043	510	590	887	443	398	376	310	280	522	263	562	113
Rv1739c	316	868	279	472	587	608	313	987	625	1163	1004	687	348	702	804	1093	754	1059	353	333	420	406	426	411	577	390	564	623	1484	403
Rv1740	215	343	159	179	190	260	160	250	185	217	243	202	175	218	194	190	150	179	244	211	201	194	174	203	302	265	214	371	874	226
Rv1741	253	420	194	221	239	323	179	313	182	224	283	260	219	307	250	206	199	238	274	240	216	238	231	188	347	256	287	413	984	259
Rv1742	434	614	309	333	334	482	322	488	236	418	474	390	389	487	355	322	375	315	426	352	366	269	305	345	468	453	418	542	1353	349
Rv1743	2422	3141	2516	2113	2096	2487	1975	2650	2348	2740	2630	2005	2338	2546	2640	2201	1984	1867	2785	2452	2759	2204	2078	2526	2514	2493	2409	3381	8279	2034
Rv1744c	928	969	955	616	691	841	866	828	842	858	941	725	973	794	1001	662	723	703	1028	874	1050	906	856	1158	609	764	704	733	1820	456
Rv1745c	1088	1338	1206	950	939	1185	948	1179	1267	1274	1281	1036	1160	971	1319	979	969	845	863	678	831	704	649	964	811	954	743	964	2349	609
Rv1746	1249	2229	1094	1261	1292	1500	967	1738	961	1698	1652	1179	1208	1546	1077	1241	1105	1015	1002	881	980	955	1045	1180	1713	1486	1453	3257	7895	2053
Rv1747	7163	11220	6653	7005	6864	8718	6031	9297	6217	9266	8788	7111	7326	9691	8138	7699	7494	7084	6028	5341	6421	4718	5558	5937	9613	9163	9510	11676	27704	7014
Rv1748	589	735	409	470	427	557	520	569	343	590	534	508	543	499	444	440	398	445	556	449	467	434	407	376	664	573	543	1145	2753	705
Rv1749c	1033	1659	943	1188	1005	1180	793	1226	850	1318	1116	895	970	1084	1078	1023	898	881	676	614	818	546	738	718	1696	1437	1603	3021	7488	1848
Rv1750c	636	1097	442	732	603	844	488	813	417	809	751	629	566	789	540	686	627	611	340	283	361	290	455	389	995	798	896	1268	3015	806
Rv1751	5025	12664	4619	8318	8041	9431	3965	10282	5026	10341	10182	7589	4635	9651	5586	8272	7878	6917	1850	1709	1840	1555	3165	2192	9873	9839	9396	11186	27361	6878
Rv1752	394	1059	308	604	672	821	343	949	324	770	917	615	472	968	412	670	726	633	106	98	121	94	212	141	810	773	733	563	1479	343
Rv1753c	970	2914	866	1403	1486	1707	830	2073	899	1905	1855	1365	859	2360	1111	1505	1524	1436	817	770	860	615	906	679	2131	1709	1856	1087	2642	793
Rv1754c	368	3404	225	953	1337	1273	261	2460	192	1085	1451	951	329	2172	242	739	1143	908	432	428	455	325	688	296	2776	2032	2428	2892	7050	1768
Rv1758	37	32	16	33	22	20	22	29	22	25	27	32	21	32	32	18	15	13	11	18	19	21	15	13	37	28	23	86	181	57
Rv1759c	474	416	228	237	269	377	379	560	261	372	367	320	429	348	224	247	201	257	98	80	95	105	74	139	93	201	123	236	677	199
Rv1760	793	1482	814	884	875	940	675	1251	764	1125	1117	810	829	1269	854	879	886	790	671	679	866	688	702	875	983	872	899	1112	2852	700
Rv1761c	252	343	176	217	192	233	231	251	162	248	249	171	236	236	248	184	178	132	252	224	248	195	241	280	310	231	272	410	1024	278
Rv1762c	594	699	305	397	368	458	492	538	268	506	465	302	540	501	349	335	381	291	390	364	403	424	470	417	698	574	628	1099	2672	709
Rv1765c	1226	1629	692	886	929	1215	968	1500	651	1159	1248	1039	1166	1432	864	964	1074	928	1522	1299	1593	1423	1275	1293	1357	1345	1350	1669	4176	1070
Rv1766	2022	1451	554	605	594	925	1786	1019	555	849	768	629	1696	1047	719	639	616	657	2037	1707	2140	3189	2590	2908	749	658	728	468	1056	287
Rv1767	2944	567	250	179	170	246	2383	475	222	223	205	197	2538	391	235	187	189	208	2189	1559	2188	5571	3656	4350	181	208	248	205	546	135
Rv1768	4389	3532	839	1432	1876	2282	2874	4010	803	2277	2502	1803	3266	2902	802	1628	1435	1472	1790	1323	1398	3788	2387	3097	1305	1782	1233	2531	6746	1578
Rv1769	3072	4315	2758	2476	2555	3101	2521	3992	2618	3334	3215	2553	2887	3517	2856	2696	2572	2417	3553	2903	3375	2691	2378	2901	3364	3231	3168	4455	10923	2661
Rv1770	3379	4955	3344	2695	3069	3524	2705	4384	3416	4104	3821	2885	3161	3663	3585	2873	2651	2434	4128	3140	3442	2737	2708	3339	3545	4188	3346	5404	14210	3403
Rv1771	2360	3552	2778	2398	2203	2572	2122	3021	2555	2896	2771	2100	2541	3087	3359	2309	2296	1996	4808	4229	5557	4419	3957	4792	3633	3214	3343	3895	9311	2320
Rv1772	2428	2184	718	1062	1129	1172	2236	1732	787	1153	1382	996	2288	1610	996	991	1170	939	2303	2003	2315	2135	1972	1904	2190	1833	2029	1615	3810	989
Rv1773c	1501	1324	409	574	729	831	1227	1052	406	745	951	662	1383	1078	537	600	665	572	1137	819	977	946	834	912	1183	1058	927	796	1853	497
Rv1774	630	1418	296	550	698	836	493	1215	316	767	887	756	555	1175	354	645	686	643	362	296	350	269	404	302	899	880	879	872	2018	552
Rv1775	1009	1977	800	1199	1101	1392	795	1696	848	1591	1534	1222	967	1540	1065	1273	1103	1113	508	500	544	389	606	578	1210	1388	1233	1603	3895	932
Rv1776c	553	1011	418	502	538	721	406	887	409	753	675	567	535	829	470	569	571	554	532	476	619	351	378	429	670	647	681	534	1302	328
Rv1777	251	312	181	254	169	235	197	231	198	263	244	207	257	320	285	231	267	219	242	184	277	178	216	205	310	241	317	254	638	202
Rv1778c	990	857	1173	939	699	694	797	666	1024	1116	898	559	958	733	1326	852	752	546	1193	1046	1412	862	1001	1140	1784	1405	1518	2299	5508	1300
Rv1779c	3341	2402	4569	2657	2429	2560	2961	2156	4373	3945	3088	2080	3484	1531	4824	3150	2215	1809	4317	3631	4094	3254	2973	3858	3511	4165	3459	11591	28922	7213
Rv1780	1418	2250	1265	1511	1170	1494	1159	1601	1108	1707	1370	1083	1215	1507	1504	1273	1127	1014	1721	1597	1890	1539	1485	1478	2418	1927	2119	2805	6419	1646
Rv1781c	1721	2576	1390	1426	1452	1906	1343	2304	1275	1943	1768	1484	1570	1815	1433	1492	1321	1301	2210	1712	2021	1791	1436	1698	1731	1800	1610	3729	9033	2301
Rv1782	11874	9094	7171	6280	6040	8390	9843	7980	6954	8315	7794	6838	11001	7256	8589	6730	5960	5935	11904	9844	12109	9616	8146	10586	8307	8372	8502	10829	25946	6654
Rv1783	28752	22189	17508	15038	14413	19942	24119	19239	16870	20212	18882	16497	27517	19441	21677	16515	15924	16242	27960	24063	29904	25521	22316	29603	22574	21541	22108	24991	60260	15030
Rv1785c	1364	1653	962	1116	960	1374	1066	1305	909	1286	1155	1091	1449	1589	1222	1174	1176	1189	1273	1193	1626	1222	1223	1493	1565	1271	1395	1337	3017	809
Rv1786	156	258	188	161	141	194	114	187	152	185	156	139	130	166	182	118	111	129	223	194	201	222	170	192	278	181	226	245	573	136
Rv1787	638	886	475	514	559	744	541	772	487	736	716	584	599	680	576	559	502	504	368	279	308	358	376	452	653	581	528	812	2077	475
Rv1788	242	375	222	214	197	288	206	315	211	249	261	192	212	274	217	209	198	199	153	135	165	142	192	158	329	268	221	305	752	191
Rv1789	4527	5527	3641	2906	3547	4396	3650	4662	3681	4580	4622	3488	3930	3946	3725	3258	3167	2942	3729	2978	3117	2865	2500	3371	3150	4091	2923	5008	12878	3135
Rv1790	393	408	277	245	246	357	347	326	244	345	307	300	361	310	313	252	230	264	204	166	185	312	270	373	225	250	206	282	665	177
Rv1791	2312	2784	2240	1787	1666	2008	1987	2137	1886	2040	2069	1562	1728	1989	2197	1678	1469	1361	2209	2114	2462	2768	3070	3369	3164	2697	2845	3007	7281	1720
Rv1793	3369	5223	2882	4353	3868	5336	3026	4620	3040	5472	4678	4306	3172	3960	3721	4336	3491	3752	2217	2198	2379	2807	3188	3277	4435	4274	4601	3687	8873	2235
Rv1794	7371	8682	5338	6023	5118	6994	6167	7219	4853	7016	6377	5748	6746	7955	6537	6035	5909	5675	3824	3713	4878	4948	5678	6906	7773	7018	8064	7172	17812	4369
Rv1795	11353	10954	6532	6936	6841	9307	9324	9597	6681	9187	9139	7793	10764	9554	7955	7569	7530	7084	5716	5096	5884	6598	6529	8332	8503	8885	8234	11073	27022	7180
Rv1796	11622	14109	7926	8277	9016	12253	9806	12327	8014	11895	11550	10078	11449	13135	9346	9718	9509	10211	6850	6070	6824	6191	6429	7455	9627	9831	9427	11174	27400	6664
Rv1797	10481	12370	6187	7756	7993	11488	8200	11253	7378	10805	10816	9672	9621	11874	8400	9334	8817	9156	4841	4306	4881	4463	4516	5456	7405	7847	7360	7207	17124	4277
Rv1798	7982	10203	4848	6102	5991	8651	6242	8612	5077	8005	7837	6983	7195	9794	6285	6857	6939	7343	3941	3800	4592	3740	4346	4746	7369	6759	7696	4378	10204	2567
Rv1799	182	355	385	233	224	272	148	317	317	297	269	240	172	273	349	239	166	151	1193	1198	1013	420	365	459	326	325	320	1496	3398	882
Rv1800	1207	1481	1128	1199	918	1335	1003	1083	1085	1367	1174	1172	1289	1089	1352	1050	905	1035	1996	1885	2143	1137	1062	1274	1262	1099	1204	2893	7005	1801
Rv1801	687	159	485	106	110	150	697	153	328	162	140	125	698	111	396	93	82	91	733	657	726	736	527	734	105	128	107	254	599	151
Rv1802	340	736	361	428	487	613	274	631	395	652	545	478	290	512	361	470	392	395	168	125	152	155	190	202	315	393	313	354	951	236
Rv1803c	1088	895	663	559	641	949	724	990	593	891	901	767	852	815	733	645	650	666	570	514	606	528	547	662	773	755	591	1311	3474	817
Rv1804c	175	76	57	46	46	69	175	66	50	63	47	65	160	63	64	47	40	61	178	181	199	194	135	176	90	69	69	166	389	115
Rv1805c	1086	3026	1370	1331	2008	2564	990	2256	1421	1347	1767	1905	1170	1533	1568	1005	1388	1494	1709	1614	1406	1978	1375	1486	2466	1646	1858	9404	21596	5797
Rv1806	37	31	6	13	23	28	28	34	9	13	27	30	23	21	13	9	20	19	24	30	30	36	31	30	34	18	24	1184	2768	685
Rv1808	1715	856	332	382	516	990	1394	632	316	603	672	765	1446	523	313	395	391	691	539	382	382	795	596	750	507	575	459	4454	11569	2797
Rv1809	2740	1392	549	741	906	1780	2007	1206	589	1057	1197	1425	2046	1126	671	822	1054	1487	604	548	587	1048	875	1082	903	969	887	6074	15201	3671
Rv1810	3444	2666	1711	2273	2615	4520	2611	2482	1458	2732	3501	4019	2991	2308	2000	2309	2622	3539	1491	1435	1669	1844	2153	2211	2973	2559	3008	3951	9844	2428
Rv1811	1542	1706	1017	1457	1287	2180	1234	1389	1035	1893	1780	1726	1381	1315	1371	1444	1335	1385	773	691	785	771	800	954	1478	1510	1376	2004	4670	1229
Rv1812c	1453	2273	1012	1377	1306	1885	1109	1915	1090	2097	1672	1396	1383	1539	1065	1453	1205	1274	641	580	642	647	833	891	1416	1636	1249	3846	9395	2343
Rv1813c	721	561	355	388	447	479	634	618	362	976	753	668	771	613	500	817	557	839	550	480	640	679	716	893	521	480	547	648	1611	389
Rv1814	1006	1055	517	519	526	738	786	809	422	678	584	603	879	738	516	513	481	547	829	794	890	825	797	843	928	760	870	1024	2472	694
Rv1815	1126	10580	765	2382	3552	3873	773	8244	642	2917	4476	3192	972	8568	730	2249	3545	3014	1446	1189	1322	954	1786	1131	5462	5413	5428	5919	14506	3352
Rv1816	759	4389	550	1074	1452	1711	555	3207	471	1327	1799	1382	670	3800	562	1058	1579	1319	752	710	728	611	881	668	2274	2158	1906	2121	5069	1234
Rv1817	1306	1222	668	563	667	706	1075	1048	722	766	866	596	1134	1048	761	620	654	650	1412	1140	1461	1122	988	1094	900	862	892	1047	2542	636
Rv1818c	3313	1886	1938	1224	1505	2207	2394	2646	2005	2121	1964	1730	2620	1481	1952	1464	1182	1477	1489	990	1144	1073	763	1376	762	1381	740	1994	5441	1300
Rv1819c	1693	2124	886	1232	1059	1444	1273	1599	801	1448	1259	1135	1392	1369	1014	1105	965	1042	586	615	761	805	995	961	1937	1625	1746	3062	7152	1811
Rv1820	3468	3039	1824	1299	1832	2448	2701	2652	1999	2218	2437	2017	3019	2399	1907	1642	1690	1839	2187	1780	2072	1918	1671	2404	1860	2465	1984	3957	9600	2321
Rv1821	12488	12852	7148	7091	7579	11361	9963	11077	7024	9493	9523	9144	11595	10733	8583	8030	7884	8854	7209	6536	7721	6718	6672	8434	9707	9645	9853	14533	34732	8857
Rv1822	1165	1879	838	1130	1111	1429	1020	1561	872	1417	1332	1149	1124	1541	1120	1130	1091	1094	705	644	880	854	953	980	1392	1189	1469	1254	2760	719
Rv1823	1006	1773	1000	1090	960	1368	864	1350	998	1459	1286	1078	1061	1376	1090	1122	1048	997	802	730	772	715	763	872	1248	1264	1092	1656	4188	995
Rv1824	548	929	505	597	534	686	370	749	522	703	614	582	482	688	539	495	560	466	377	318	349	327	395	378	874	758	734	633	1583	449
Rv1825	1057	2410	1174	1609	1341	1716	960	1873	1225	1836	1748	1441	1134	1911	1504	1478	1395	1382	810	768	958	836	894	909	2080	1658	1835	1688	4035	972
Rv1826	1813	3490	2262	2557	2181	2761	1499	2879	1997	3073	2529	2108	1700	2724	2664	2460	2128	2007	1386	1457	1765	1596	1877	2053	3479	2768	3419	3075	7129	1748
Rv1827	9557	11302	7796	8251	7339	9188	8060	9188	7665	10012	9016	7415	8698	9271	10020	8132	7422	7039	7713	7364	8982	7802	7796	8442	10924	9339	10577	12045	28645	7405
Rv1828	4887	5280	4177	3964	3226	4249	4121	4483	3930	5113	4395	3489	4692	4297	5087	3978	3524	3276	4856	3777	5202	4228	4088	5363	4774	4784	4706	6031	14950	3833
Rv1829	3298	3519	2157	2297	2051	2995	2741	2755	2213	2853	2505	2475	2963	2756	2907	2267	2208	2258	1907	1878	2145	2422	2277	2495	2636	2368	2584	2311	5548	1463
Rv1830	2859	6524	1766	3768	3134	3858	2133	4733	1440	4081	3947	2853	2361	4634	1789	3073	3016	2639	2462	2311	2691	2736	3030	2888	6211	4938	5497	7952	18722	4803
Rv1831	4332	2542	2025	1656	1443	1862	3115	2093	1964	1964	1902	1497	3631	2242	2565	1636	1625	1521	4203	4097	4400	5055	3380	3917	2699	2126	2344	2801	6982	1766
Rv1832	10671	8232	6465	5416	5336	6844	8559	7484	6152	7469	7005	5362	9883	7268	7261	6094	5589	5492	10181	8549	10315	8219	6880	9279	6335	6584	6170	7020	16716	4215
Rv1833c	1216	1347	707	800	736	964	967	1128	727	1136	999	755	1110	1094	964	941	888	758	1009	963	1052	952	878	1064	1000	906	874	1093	2541	638
Rv1834	288	362	191	232	198	308	211	328	174	280	283	265	270	297	228	200	228	200	232	210	211	220	197	289	217	230	214	300	787	195
Rv1835c	1734	2817	1718	1847	1779	2364	1479	2370	1562	2355	2452	1966	1816	2831	2057	2053	2066	1938	1042	1058	1182	735	1025	1112	2328	2316	2325	2547	6121	1582
Rv1836c	9808	13675	6513	6660	9145	11552	7790	13077	6602	9706	11789	8834	9637	12840	7710	8151	9510	9455	6525	5316	6509	5179	5597	7093	9282	10808	9629	11805	30329	7267
Rv1837c	14455	22121	11263	11839	14179	16548	11915	19449	10343	15855	17320	12956	13620	19145	12489	13339	14372	12935	12874	11560	13594	9415	11335	12322	19410	19622	20766	27664	66979	16262
Rv1838c	705	898	555	598	423	686	505	592	454	603	593	529	640	718	659	515	498	543	549	613	692	623	593	646	987	600	815	982	2447	607
Rv1839c	222	365	155	163	193	249	166	288	156	243	213	197	157	246	193	188	168	152	190	163	166	175	204	133	383	307	320	794	1786	424
Rv1840c	656	565	381	281	366	532	474	799	409	462	522	402	520	465	447	377	369	381	231	212	215	195	150	284	197	347	177	433	1210	274
Rv1841c	2378	2879	1866	1771	1816	2358	1937	2759	2027	2413	2502	2001	2407	2703	2374	1984	2111	1983	2274	2033	2392	1582	1501	1998	2452	2454	2363	2479	6012	1499
Rv1842c	3604	3277	2228	1800	2247	2750	2914	3107	2292	2758	2985	2213	3434	2991	2404	2129	2269	2117	3228	2502	3023	3206	2774	3854	2411	2778	2186	3138	7826	1984
Rv1843c	7074	5945	4093	3302	4174	5165	5964	5136	4239	4884	5402	4096	6623	4983	4500	3891	3947	3712	6451	5351	5923	5750	4886	6611	3974	4702	3976	6416	16013	3985
Rv1844c	5063	4761	3457	2677	3099	3941	4211	4110	3232	3664	3873	3144	4681	3656	3499	2827	2994	3034	6334	5203	6156	5556	4596	5785	4367	3984	3817	5038	12593	2971
Rv1845c	4827	3468	3680	1871	2499	3454	4150	3150	3534	3303	3603	2939	4570	2638	3328	2292	2348	2578	7652	5628	6066	5840	4160	5802	2783	3534	2540	4670	11723	2888
Rv1846c	6767	6036	5242	3904	4703	6522	6444	5804	5267	6438	6675	6512	7698	5481	7436	5831	5470	6742	9656	8850	9694	10161	8774	9069	6243	6203	7139	7180	16078	4290
Rv1847	1191	1088	942	745	696	1087	1098	814	761	904	845	791	1223	841	879	793	681	696	945	820	1058	884	795	871	1000	779	820	1897	4575	1167
Rv1848	402	588	302	346	347	421	268	462	279	452	447	356	318	475	298	347	297	315	191	186	184	178	202	239	460	408	366	496	1204	270
Rv1849	335	593	261	368	353	425	229	545	319	416	476	339	333	521	317	382	340	316	166	141	198	172	207	258	420	428	389	352	831	209
Rv1850	1235	2103	1070	1240	1367	1722	1023	2152	1105	1864	1842	1441	1217	1887	1169	1413	1395	1452	634	573	699	579	812	863	1356	1533	1489	1363	3367	855
Rv1851	239	439	229	199	279	354	203	404	217	346	338	279	226	376	231	243	260	287	99	94	110	100	118	145	234	327	208	242	622	150
Rv1852	476	695	347	375	463	631	399	602	422	582	622	491	441	573	389	448	453	430	156	153	169	166	202	222	346	449	381	445	1151	287
Rv1853	942	852	650	585	548	815	749	750	678	830	870	623	837	698	709	646	628	608	938	685	876	659	638	823	628	829	649	1023	2494	631
Rv1854c	7963	2875	4754	2420	2331	2578	6449	2338	3869	2907	2897	2194	6853	2179	4963	2564	2417	2095	16173	13151	15065	11156	8039	9717	5821	5900	5895	9951	24131	5952
Rv1855c	2969	2907	2083	1522	1626	2205	2547	2265	1997	2109	1883	1876	2733	2093	2371	1592	1446	1639	3725	3130	3505	3034	2442	3126	2378	2273	2304	3511	8770	2101
Rv1856c	2494	4199	4590	2605	1875	2967	2030	3313	3366	3450	2726	2313	2245	3233	3776	2553	1714	1793	5434	4060	4635	4267	3552	5071	3752	3893	2997	12117	29544	7481
Rv1857	1565	2872	2554	1744	1273	1750	1514	2208	2299	2180	1622	1424	1597	2338	3346	1745	1292	1340	2377	2353	2906	2139	2269	2910	2406	1995	2321	3287	7796	1933
Rv1858	659	955	1003	643	534	679	603	829	885	897	762	594	744	741	1116	718	583	524	954	828	1123	655	673	890	803	795	757	1196	2779	695
Rv1859	1517	1514	1880	1372	1049	1434	1320	1285	1834	1725	1402	1067	1626	1302	2398	1348	1100	1055	1894	1744	2019	1527	1453	1917	1649	1434	1387	2513	6021	1602
Rv1860	619	1669	582	733	876	935	466	1392	540	1070	1043	768	574	1096	569	786	766	667	348	305	345	333	448	483	918	1237	974	1510	3661	888
Rv1861	928	710	243	387	340	426	717	534	240	431	430	346	860	546	341	369	338	301	402	375	411	448	383	406	512	465	440	622	1509	405
Rv1862	2570	2225	1481	1355	1233	1840	2092	1840	1537	1935	1821	1523	2328	1697	1724	1574	1291	1330	1888	1515	1673	1412	1292	1541	1650	1707	1497	2136	5392	1294
Rv1863c	6609	7913	4531	5306	4786	6674	5445	6629	4399	6818	6201	5449	6678	6369	6114	5348	5023	4975	4201	3953	4854	4042	4706	5259	7647	6896	7519	8148	19253	4949
Rv1864c	1123	989	528	697	578	772	958	694	493	810	616	651	1086	714	573	626	491	539	883	698	912	1192	1098	1261	823	738	726	1206	3038	779
Rv1865c	345	627	340	411	356	446	321	461	369	481	440	353	385	378	436	384	320	321	279	276	296	263	310	337	499	457	478	816	2153	532
Rv1866	557	1293	524	671	694	958	529	1031	471	920	930	817	572	871	468	701	700	762	442	326	464	373	506	593	924	960	768	1874	4545	1122
Rv1867	434	818	491	497	507	621	340	630	524	687	708	509	403	561	550	582	490	488	644	554	590	447	446	574	600	637	577	1048	2464	655
Rv1868	1373	2659	1143	1573	1688	2050	1102	2235	1221	2152	2300	1761	1337	2331	1451	1847	1816	1623	1160	994	1116	668	793	836	1821	1748	1673	2733	6763	1673
Rv1869c	4002	8136	4011	5524	5391	6829	3512	7226	4332	7475	7473	6160	4375	8182	5821	6954	6470	6124	2870	2551	3095	1540	2372	2049	4892	5166	5711	5759	14021	3483
Rv1870c	4230	10893	3917	6636	6277	8733	3468	9150	4128	8032	9382	7098	4574	12555	6065	7588	8941	7693	1848	1929	2646	1526	2770	2541	6749	6110	6831	1935	4676	1154
Rv1871c	13734	31159	15597	16995	18630	23911	11673	22770	15161	21800	23710	19075	13132	23752	17782	17618	17793	17137	12757	11986	12492	11109	11856	12930	19523	18526	16699	16163	39652	9698
Rv1872c	43995	89321	54534	54879	55711	70406	36525	71160	50050	73092	75340	56482	43253	76719	59967	58938	60443	55533	50339	44500	53205	40269	43365	54758	55390	59944	56401	82946	199102	52428
Rv1873	117	163	100	111	88	99	79	100	82	126	112	67	85	132	129	86	91	93	83	81	98	107	85	87	108	101	116	185	384	103
Rv1874	1938	1175	922	698	628	865	1789	909	774	915	850	702	1809	749	1046	657	616	653	1550	1430	1659	1567	1339	1532	1056	876	1054	1983	4554	1124
Rv1875	3030	785	788	431	422	795	2991	599	701	614	555	599	2931	514	839	464	426	540	1542	1126	1401	1515	1030	1400	707	621	590	1297	3166	789
Rv1876	689	1520	684	734	739	935	559	1065	546	869	807	704	605	1101	755	660	741	649	777	767	1228	736	921	892	1340	969	1295	957	2205	545
Rv1877	2047	3640	2213	2310	2139	2558	1812	2619	2111	2938	2673	1966	2163	2888	2593	2319	2285	1945	2357	2174	2465	2028	1981	2342	2968	2681	2527	4736	11148	2855
Rv1878	880	1290	950	928	801	970	727	1012	920	1115	1122	805	845	928	1163	887	760	695	1047	936	1091	976	923	1145	1168	1052	966	1478	3466	975
Rv1879	2015	2377	1585	1322	1345	1953	1709	1974	1375	1613	1732	1516	2032	2016	1847	1375	1543	1512	2448	2195	2956	1904	1809	2247	2247	1759	2137	1428	3440	879
Rv1880c	4213	5476	3187	2788	2846	3502	3523	4465	2790	3447	3608	2969	3853	3984	3746	2689	2794	2822	6247	5602	6945	4969	4552	5297	4587	4066	4453	4515	10574	2749
Rv1881c	814	2063	865	947	1137	1219	709	1656	750	1162	1391	1000	777	1676	986	983	1185	1010	1243	1287	1463	1091	1197	1253	1526	1201	1527	872	2035	531
Rv1882c	800	2826	869	1115	1147	1410	602	2229	739	1378	1586	1197	757	2406	969	1102	1283	1155	1233	1163	1383	721	913	859	1815	1601	1704	1610	3831	999
Rv1883c	1660	10650	1629	3086	4189	4632	1214	8216	1500	3901	5661	3926	1525	8751	1999	3081	4374	3802	2597	2478	2812	1669	2834	2010	6923	5914	6833	4579	11128	2799
Rv1884c	1619	14455	1521	3209	5179	5471	990	11415	1027	4059	7278	4895	1347	11064	1354	3229	5388	4627	2626	2569	2790	1686	3552	2295	8559	8314	9110	7381	17881	4428
Rv1885c	816	2261	1424	1587	1424	1666	706	1810	1236	1758	1672	1333	836	1417	1511	1243	1217	1090	820	808	1002	839	954	1101	2012	1637	1766	2657	6733	1626
Rv1886c	3598	13511	8949	10386	8969	10284	3131	10523	7953	12392	10346	7712	3658	8138	8772	9066	7367	6345	3273	3208	3680	3448	4693	5799	9701	9534	9192	17257	42428	10609
Rv1887	9826	15872	12213	12447	10566	13531	8234	12747	10888	14982	13995	10688	10051	12557	13335	12119	10791	9812	7281	7074	7950	6051	7039	7996	13813	12873	12556	20931	50670	13049
Rv1890c	327	373	212	252	170	249	271	256	191	270	221	189	284	218	225	220	149	151	268	265	330	242	266	263	320	225	285	416	880	227
Rv1891	1234	3453	1572	2038	1962	2358	1003	2333	1524	2385	2450	1843	1117	2206	1500	1744	1563	1527	2213	1744	2134	1344	1550	1612	2202	2020	1893	2063	4947	1232
Rv1892	450	1073	490	582	629	801	401	858	445	732	800	581	470	758	581	558	584	544	718	608	772	470	498	583	657	543	654	575	1353	318
Rv1893	385	584	340	325	374	461	364	460	299	419	432	356	398	466	362	347	318	355	744	589	794	465	411	487	401	372	425	404	921	236
Rv1894c	2475	1281	1019	716	697	900	2072	1113	831	870	943	801	2107	1066	1185	756	816	747	4554	3526	4442	2824	1875	2577	1160	1062	1110	2210	5515	1510
Rv1895	483	746	447	608	448	561	479	639	441	653	559	448	519	575	553	546	432	443	476	356	506	458	459	555	607	512	537	1080	2592	656
Rv1896c	672	1350	770	1000	794	913	613	1066	722	1167	998	800	696	1003	1047	920	782	725	692	642	853	612	730	788	1127	946	1094	1501	3714	937
Rv1897c	215	476	277	325	267	342	204	372	269	457	364	297	177	351	294	320	278	244	312	221	253	193	254	253	467	397	371	538	1319	344
Rv1898	807	1268	774	791	795	964	651	1013	763	1052	1053	745	767	996	911	825	763	717	1013	853	984	676	653	750	857	878	781	1467	3597	907
Rv1899c	6216	10024	8042	7679	7226	7851	5211	8034	8056	10536	9396	6521	5961	7370	9213	7835	6978	5657	7158	5990	6524	4781	4655	5338	7754	8114	6928	14594	36137	9145
Rv1900c	2285	2796	2483	2042	1943	2428	1791	2435	2321	2599	2391	1945	2217	2123	2644	2140	1748	1725	2438	2050	2074	1709	1515	1859	2236	2229	1907	4118	10419	2508
Rv1901	2210	4799	2639	3443	3022	3563	1914	3785	2708	4490	3935	2884	2191	3701	2857	3490	2996	2589	1612	1485	1555	1466	1828	1822	3630	3552	3217	5802	13447	3454
Rv1902c	1458	2345	1466	1855	1372	1931	1194	1795	1425	2009	1819	1579	1413	1982	1881	1689	1605	1563	1033	1052	1200	957	1125	1155	2140	1635	1959	1883	4500	1147
Rv1903	293	851	358	439	425	473	250	578	293	522	434	358	276	588	382	374	432	390	269	269	333	279	337	317	666	430	596	500	1238	310
Rv1904	968	2602	1152	1692	1437	1887	775	2013	1068	1909	1970	1456	1015	1914	1211	1447	1367	1298	936	817	902	1162	1175	1529	1806	1493	1556	2854	6576	1712
Rv1905c	1549	3337	1432	1877	1915	2528	1365	2743	1532	2447	2655	2166	1586	2899	1830	1876	1972	1862	1304	1107	1217	947	1083	1127	1996	1970	1795	1225	3032	763
Rv1906c	1703	3068	1652	2026	2018	2618	1477	2529	1485	2299	2601	2134	1590	2526	2008	1986	1998	2162	1796	1682	1819	1385	1508	1472	2430	2067	2355	1808	4490	1108
Rv1907c	1469	924	527	504	561	728	1102	833	509	704	791	698	1277	855	619	587	680	598	997	899	1109	1003	742	994	712	619	693	622	1452	375
Rv1908c	32856	8588	7539	4491	6365	8369	23455	8311	7578	6672	7802	6762	25839	7382	8355	5584	6661	6879	20290	17247	21856	21289	14649	22916	8342	9299	8638	7044	17868	4114
Rv1909c	2839	394	530	187	203	341	2095	295	414	254	313	235	2264	264	448	205	215	195	2496	2065	2440	2487	1829	2424	472	405	434	561	1495	375
Rv1910c	654	483	444	367	327	413	512	430	378	475	445	349	556	532	458	367	335	374	619	512	605	582	554	692	407	430	391	439	1032	259
Rv1911c	2124	1814	1912	1328	1142	1602	1891	1368	1639	1819	1645	1259	2054	1445	1976	1474	1206	1245	2007	1721	1905	1736	1556	2078	1444	1546	1304	2377	5827	1356
Rv1912c	1662	975	770	602	541	758	1219	787	708	730	687	597	1307	597	877	496	543	485	1468	1199	1393	948	841	1047	862	888	890	2148	5370	1374
Rv1913	443	523	399	377	288	412	408	422	356	396	381	293	429	365	478	313	295	281	593	474	578	383	341	371	537	415	431	1070	2650	670
Rv1914c	342	476	381	410	261	365	276	369	321	357	302	263	316	385	413	310	287	260	455	388	451	276	272	318	473	358	393	726	1735	484
Rv1915	3412	3724	3166	2626	2335	3065	2893	2942	2838	3415	2901	2517	3282	2602	3384	2637	2254	2224	5307	4416	5303	3665	3456	4112	3497	3384	3612	6296	14468	3792
Rv1916	2431	2209	2011	1568	1409	1964	2020	1879	1755	1923	1921	1635	2483	1839	2370	1605	1499	1674	4067	3521	4385	2755	2478	3018	2298	2135	2290	3479	8100	2152
Rv1917c	1064	1308	810	725	624	916	907	939	701	847	919	792	949	1103	968	729	822	835	1537	1377	1888	927	971	1000	1159	864	1068	750	1813	877
Rv1918c	1348	3938	1096	2201	2152	2636	1135	3073	1164	2843	2604	2179	1218	2942	1297	2326	2159	2024	793	855	980	767	1163	953	2734	2384	2571	2679	6534	1758
Rv1919c	1501	3069	2075	2323	2009	2401	1300	2245	2130	2848	2456	1910	1415	2117	2431	2021	1794	1566	1694	1462	1801	1399	1668	1646	3549	2635	2784	3510	7761	2043
Rv1920	572	1002	584	625	555	662	482	801	563	694	718	497	511	716	633	579	510	541	1108	878	1131	700	686	756	901	730	828	1346	3234	784
Rv1921c	316	440	404	366	281	376	252	353	371	429	347	299	310	361	497	344	273	260	496	477	565	400	418	521	463	402	395	516	1200	324
Rv1922	706	587	701	510	367	534	608	496	629	646	451	458	672	481	791	494	369	426	1264	1055	1184	1118	875	1112	687	613	690	842	2042	573
Rv1923	2154	4072	2552	2826	2653	3190	2034	3458	2439	3495	3294	2652	2411	3183	3405	2903	2676	2439	3571	3030	3957	2564	2657	2878	3978	3557	3852	5084	12626	3110
Rv1924c	1101	1537	1192	933	959	1182	917	1175	1058	1328	1263	950	1060	1153	1292	1008	897	919	1313	1142	1385	958	1150	1278	1557	1371	1303	2277	5445	1417
Rv1925	30766	28065	21263	16070	19089	24213	26701	24935	19033	23819	26123	21561	30378	22728	23564	19994	19672	20642	42989	34686	42281	32341	27757	33903	24996	25868	26521	36855	89501	22550
Rv1926c	12548	8513	7601	6016	6608	8373	11785	6932	7295	7775	8628	6940	12602	7560	10529	6336	7376	6962	23450	20014	24483	26801	19427	24792	7213	6196	6532	4785	11433	2937
Rv1927	3000	2004	1124	1544	1497	2251	2656	1816	1107	1998	2126	1903	2798	1878	1643	1710	1663	1794	2000	1493	2288	2301	1809	3078	1049	995	1042	853	1888	458
Rv1928c	1191	1165	468	781	751	1066	926	874	483	958	927	892	1002	975	714	796	798	832	694	714	916	780	673	946	796	596	725	408	908	290
Rv1929c	599	1203	676	787	646	930	548	839	698	912	808	698	582	870	868	722	812	783	1286	1242	1582	844	825	787	1127	822	1015	2448	5687	1379
Rv1930c	67	80	33	45	44	66	68	61	42	75	69	41	65	58	58	43	41	47	42	38	41	42	53	46	53	67	42	75	185	69
Rv1931c	170	237	113	119	115	161	164	199	105	157	181	151	186	143	144	129	99	135	164	122	103	125	88	124	157	119	103	378	1063	255
Rv1932	2679	5079	3879	3777	3599	4168	2648	4165	3904	5189	4619	3495	2820	3536	4794	4082	3354	2968	2443	1987	2508	1927	2622	2699	4150	4677	4739	4677	11078	2757
Rv1933c	1984	3024	2033	2096	2227	2789	1684	2652	2344	3326	3120	2177	1949	2511	2226	2495	2170	2163	853	696	887	622	837	1079	1549	2298	1651	2058	5223	1268
Rv1934c	407	533	188	312	396	506	322	568	237	515	532	434	362	466	246	406	355	362	107	99	94	99	127	195	289	339	276	258	554	134
Rv1935c	237	161	53	88	93	108	166	154	61	134	97	121	175	154	79	101	91	82	80	81	93	150	111	180	90	99	84	140	312	111
Rv1936	367	228	125	132	98	161	315	168	123	162	148	115	316	150	157	117	105	111	346	255	351	261	197	257	156	143	143	230	542	175
Rv1937	1432	1111	748	772	717	1195	1242	854	702	947	938	906	1459	837	857	772	776	913	1433	1244	1531	1125	860	1068	1079	866	964	2047	4819	1246
Rv1938	206	156	118	131	109	145	166	209	123	175	146	121	200	137	140	138	111	129	230	176	191	144	119	151	137	135	145	194	440	137
Rv1939	130	126	69	72	58	113	92	116	77	96	83	90	116	94	82	70	60	66	124	110	103	71	67	68	80	78	75	109	252	71
Rv1940	393	464	187	218	287	479	296	510	212	364	378	315	319	438	203	253	242	341	273	194	215	157	170	205	241	293	249	331	868	231
Rv1941	1526	3031	1019	1630	1692	2313	1105	2531	1051	2108	2346	1860	1314	2144	1195	1580	1643	1634	694	588	666	438	772	618	1832	1996	1771	1325	3130	807
Rv1942c	465	832	269	436	469	607	383	595	247	522	610	438	469	652	320	429	515	457	331	286	355	360	396	426	683	607	636	900	1918	482
Rv1943c	390	657	211	414	413	505	288	501	224	428	467	387	377	488	284	343	381	380	170	185	179	230	285	258	597	461	576	691	1686	483
Rv1944c	248	354	179	223	237	280	196	295	157	276	258	236	196	259	191	198	194	179	106	83	98	103	128	110	269	289	237	479	1188	319
Rv1945	1464	1108	722	667	635	950	1175	924	693	919	818	778	1246	811	722	718	637	676	1647	1327	1445	1806	1248	1528	899	847	822	1171	2953	746
Rv1946c	616	840	613	605	593	787	575	711	548	821	770	666	699	723	640	643	595	647	367	381	459	420	468	569	751	626	701	1038	2363	590
Rv1947	797	1080	816	782	828	1179	798	833	914	1143	1127	949	877	757	1052	773	844	887	460	346	420	435	509	701	748	802	704	511	1191	317
Rv1948c	264	448	182	245	225	329	202	285	195	305	290	274	214	401	205	238	253	260	204	185	211	175	251	232	363	286	320	157	337	91
Rv1950c	169	310	127	165	169	209	129	208	108	159	148	168	171	118	131	130	92	123	97	102	91	101	87	93	257	156	152	278	815	179
Rv1951c	261	303	226	185	184	228	245	227	187	237	210	180	248	213	192	143	139	142	193	175	187	210	203	252	233	231	220	322	801	201
Rv1952	153	276	166	170	137	196	104	209	138	177	202	131	143	215	167	160	149	139	155	160	273	172	164	188	174	197	223	233	547	121
Rv1953	225	447	230	258	226	306	185	297	229	329	267	255	206	287	278	266	232	213	186	196	261	179	205	223	365	308	285	247	547	132
Rv1954c	6166	1583	1591	892	977	1346	5587	1292	1518	1168	1254	1112	5822	1208	2047	967	1025	969	5077	4912	5847	7509	5421	6556	2154	1852	2123	945	2288	542
Rv1955	1503	429	348	280	260	341	1304	354	301	321	285	274	1179	381	414	267	235	245	1015	839	1311	1421	1103	1435	542	407	501	190	485	148
Rv1956	934	461	288	288	246	276	870	380	266	317	277	228	831	328	304	281	234	208	431	364	531	682	559	720	420	381	501	439	1075	279
Rv1957	706	595	302	396	317	464	578	479	269	461	379	343	580	457	373	355	347	364	307	275	423	460	467	586	510	444	515	303	724	228
Rv1958c	596	753	267	537	396	599	439	615	283	571	479	443	525	708	424	488	466	452	259	253	414	381	411	462	582	488	624	319	854	225
Rv1959c	339	501	224	239	243	307	302	367	193	280	298	264	341	366	287	230	265	234	343	319	359	324	278	268	444	342	351	392	916	231
Rv1960c	401	592	258	254	261	349	363	387	223	338	347	289	352	357	239	237	252	246	386	358	339	319	303	340	502	436	426	661	1667	341
Rv1961	187	417	179	208	205	261	170	290	179	264	287	193	184	312	187	202	205	208	194	132	156	182	185	216	235	252	224	396	929	247
Rv1962c	346	780	299	379	395	493	314	577	268	461	484	365	347	580	325	343	383	369	445	404	442	345	418	427	640	554	606	514	1206	344
Rv1962A	242	527	179	247	247	294	199	414	145	301	294	234	239	410	182	205	263	242	326	283	323	261	318	274	468	350	428	365	898	231
Rv1963c	625	754	277	376	378	448	498	595	232	470	468	360	572	601	262	366	346	341	572	444	610	458	419	476	563	534	515	843	2026	528
Rv1964	373	195	129	74	105	129	334	166	110	106	118	95	312	156	143	112	86	76	283	261	252	309	147	229	117	100	123	168	412	137
Rv1965	323	132	88	79	99	102	283	130	109	119	100	86	252	141	94	88	86	58	219	182	194	234	157	217	101	122	90	124	337	125
Rv1966	299	140	108	66	90	126	243	121	98	128	119	85	230	106	152	90	84	82	216	157	228	219	170	185	111	123	88	151	392	122
Rv1967	311	119	89	71	82	112	247	120	88	95	99	68	260	105	107	66	75	99	230	158	207	167	117	167	92	103	102	153	367	115
Rv1968	182	77	72	56	59	76	157	87	63	59	70	42	156	65	83	58	56	74	144	132	143	126	98	138	67	69	63	67	221	75
Rv1969	188	119	105	73	69	111	165	92	102	106	90	81	152	91	94	72	94	64	142	100	115	116	87	136	91	81	78	138	346	100
Rv1970	223	173	125	100	100	155	174	134	123	127	138	119	227	158	149	116	122	108	161	151	179	146	148	180	115	112	107	183	439	112
Rv1971	256	157	122	105	109	151	216	168	106	152	142	110	217	169	154	125	144	133	206	133	192	157	142	187	132	146	127	108	297	103
Rv1972	141	81	55	29	50	74	88	66	51	56	75	59	125	60	53	43	64	50	60	61	58	54	52	64	51	43	43	52	113	32
Rv1973	134	74	56	44	46	60	84	80	63	70	61	43	102	63	50	35	45	50	52	33	36	40	41	50	45	42	34	59	164	62
Rv1974	119	105	51	51	49	87	103	76	56	66	72	57	109	73	60	51	47	68	69	46	70	77	60	89	57	59	70	64	170	56
Rv1975	292	269	222	164	133	224	245	191	218	202	191	189	283	172	235	151	113	157	196	186	194	249	165	237	150	148	156	157	373	120
Rv1976c	378	351	388	290	224	300	324	335	394	358	307	289	360	240	428	285	172	218	617	553	588	465	364	425	381	360	375	592	1375	380
Rv1977	1229	1031	830	645	613	960	1039	783	838	907	884	782	1199	848	1009	652	635	678	1262	992	1136	1012	908	1132	782	761	729	1147	2868	713
Rv1978	636	1123	660	769	599	781	477	750	613	802	760	597	564	857	847	752	575	583	545	523	643	556	530	537	916	648	821	1328	3101	832
Rv1979c	2089	5174	3381	5002	2989	4302	1762	3728	3411	5084	3689	3283	2114	4724	5132	4548	3632	3400	1409	1546	2397	1383	1915	2124	3736	2648	3561	3303	7810	1978
Rv1980c	3032	7670	8763	7751	4966	6384	2511	5526	7321	8035	5531	4842	2897	5881	10331	6507	5096	4849	4132	4814	6361	3549	4603	5326	6801	4858	6648	6866	16487	4371
Rv1981c	2672	3591	1411	1766	1696	2589	2161	2744	1114	2000	1968	1922	2314	2402	1488	1456	1672	1885	1445	1379	1740	2923	3050	3305	3617	2586	3328	4182	10052	2530
Rv1982c	327	491	196	219	233	324	289	430	177	248	355	248	353	394	226	254	256	279	379	326	403	274	310	288	412	390	367	470	1192	300
Rv1982A	239	448	139	189	256	275	231	393	134	279	328	265	233	437	212	252	286	262	294	261	385	175	235	210	332	323	387	284	659	169
Rv1983	1892	2618	1401	1489	1399	1669	1530	1902	1300	1765	1853	1423	1711	1789	1625	1306	1342	1209	1241	1183	1393	1206	1132	1307	1989	1620	1542	2155	5520	1348
Rv1984c	845	1933	1163	1083	1028	1224	765	1334	991	1328	1135	893	699	1211	1141	871	907	724	1187	1079	1205	1102	1105	1083	1733	1292	1414	2497	5928	1498
Rv1985c	723	536	249	332	281	364	617	481	212	419	419	282	648	492	292	351	306	301	457	399	489	502	484	547	529	462	518	585	1553	418
Rv1986	479	427	217	245	242	412	476	355	202	330	325	279	485	315	266	239	217	283	274	249	254	265	259	227	419	373	297	522	1310	353
Rv1987	1732	4404	401	1876	1893	2478	1034	3186	312	2236	2235	1811	1273	3220	376	1817	1798	1840	2185	1854	2212	1517	1976	1312	4589	3406	4554	2866	6711	1763
Rv1988	1507	1450	1360	817	897	1122	1323	1174	992	1246	1261	967	1456	1081	1019	833	776	727	1216	916	993	993	944	994	1439	1516	1197	1433	3460	920
Rv1989c	725	573	402	356	288	414	654	413	388	403	385	348	714	444	555	354	334	366	1015	913	1109	1004	800	970	557	462	535	619	1489	402
Rv1990c	350	392	258	251	254	342	340	368	272	289	276	266	278	272	372	253	238	235	781	779	754	776	620	729	381	367	354	563	1250	323
Rv1991c	446	324	185	181	174	215	402	277	143	194	225	196	431	248	236	219	188	189	685	629	772	670	551	667	298	263	350	372	961	256
Rv1991A	551	216	131	136	167	163	467	190	124	157	148	157	456	205	166	130	161	148	791	750	890	859	705	783	238	185	254	225	543	159
Rv1992c	12303	1365	3598	687	777	1123	9649	1487	2759	1093	1007	837	10098	1176	2712	900	820	857	15232	11110	12938	17813	11128	16966	1319	1371	1058	2583	6247	1561
Rv1993c	4887	321	1041	168	190	235	4271	325	776	242	198	187	3867	257	675	179	187	159	4972	3391	4556	5899	3863	5777	222	315	234	349	954	238
Rv1994c	4788	298	978	167	162	163	4450	282	738	247	233	174	4232	240	746	168	143	149	6171	4998	6040	7481	4584	6090	277	293	277	363	897	225
Rv1995	585	115	127	65	64	90	445	72	130	91	71	66	531	77	136	65	61	59	468	396	495	398	297	342	108	85	87	187	392	106
Rv1996	852	658	721	433	767	840	822	1197	1576	1825	1581	1425	869	708	2305	1845	912	1531	3383	2914	3789	2751	2133	2516	745	884	973	734	1741	422
Rv1997	373	328	267	212	199	261	308	344	353	512	332	289	328	237	385	439	241	347	541	461	517	442	357	458	276	229	234	518	1241	372
Rv1998c	242	388	219	260	248	297	233	336	214	309	304	225	224	288	290	230	189	240	283	248	301	247	265	306	301	301	333	541	1263	354
Rv1999c	90	117	81	55	70	90	62	91	77	79	89	62	93	100	78	59	85	70	162	92	119	95	94	139	58	83	60	124	286	114
Rv2000	337	733	417	489	351	445	292	452	321	539	380	337	313	457	359	388	318	339	348	336	386	358	381	432	590	406	525	1644	3902	1046
Rv2001	193	441	231	316	228	352	168	316	215	342	246	294	190	385	229	262	270	227	196	166	220	165	218	204	435	280	331	819	1904	511
Rv2002	561	1022	660	718	611	824	503	860	631	933	726	648	660	867	902	708	700	705	393	352	437	375	468	566	822	746	788	1405	3760	926
Rv2003c	440	470	366	302	317	476	339	409	354	418	383	368	417	429	382	341	356	351	415	358	411	164	231	251	315	363	327	549	1317	343
Rv2004c	1397	1009	685	636	785	1196	1155	956	768	1019	966	1001	1175	912	925	845	777	1036	2081	1646	2022	1071	766	1154	671	718	659	738	1891	512
Rv2005c	1823	1199	1048	1008	1119	1518	1580	1259	1305	1582	1397	1425	1620	1017	1723	1328	1092	1187	3665	2898	3594	2316	1822	2137	1065	929	1039	1038	2534	654
Rv2006	2269	2217	1569	1530	1507	2276	1874	2135	1444	2077	2155	1975	2212	1823	2015	1881	1643	1970	3089	2717	3112	1827	1810	1959	2116	1831	2149	3232	7396	1899
Rv2007c	143	512	174	276	458	343	117	902	481	1018	768	593	152	441	548	841	402	667	297	273	379	193	213	238	216	205	343	259	634	182
Rv2008c	192	354	87	120	139	197	152	294	67	151	186	123	161	277	108	138	154	165	185	179	178	141	132	101	252	200	233	336	894	236
Rv2009	1484	2705	286	621	949	1214	1061	2225	268	880	1330	999	1269	2205	381	773	1060	967	857	666	822	781	881	729	1750	1584	1812	1221	2873	767
Rv2010	2671	3543	579	959	1384	1758	2013	2991	508	1308	2035	1595	2321	3451	689	1058	1543	1500	1604	1238	1585	1415	1447	1268	2232	2022	2447	1927	4666	1201
Rv2011c	567	427	89	88	170	211	509	364	72	177	253	183	491	473	113	116	182	172	375	292	351	415	312	344	265	263	266	298	711	215
Rv2012	143	97	28	37	44	38	122	64	24	46	47	30	141	70	37	26	38	40	80	67	96	61	65	56	82	56	89	145	353	102
Rv2015c	1529	2000	819	1011	1130	1451	1185	1794	768	1359	1472	1232	1401	1691	992	1095	1215	1083	1836	1540	1827	1744	1517	1563	1562	1590	1554	2099	5270	1350
Rv2016	3113	549	209	304	294	389	3045	441	182	345	279	282	3052	422	281	250	243	274	415	436	507	687	579	608	502	370	439	657	1457	348
Rv2017	1743	385	161	231	193	273	1734	336	133	273	228	229	1823	245	191	207	170	181	319	273	325	512	409	467	373	323	305	592	1479	344
Rv2018	1186	788	463	464	446	599	953	695	376	574	529	444	1022	575	485	447	394	432	817	635	800	848	795	864	782	683	741	1236	2935	867
Rv2019	401	457	167	267	216	312	311	310	157	298	308	236	381	394	218	259	271	264	234	210	251	229	240	217	405	274	344	300	727	196
Rv2021c	600	641	438	429	379	488	590	534	359	508	501	404	582	490	495	428	378	362	683	576	707	560	549	685	622	591	629	805	1780	499
Rv2022c	603	765	390	536	403	539	522	536	378	607	540	455	544	628	484	500	471	430	527	512	615	608	593	726	615	496	537	592	1391	367
Rv2023c	464	511	327	323	337	430	439	488	366	475	476	351	435	389	435	342	301	306	304	275	301	476	401	568	268	319	287	302	745	174
Rv2024c	1323	2023	1474	1237	1275	1513	1101	1694	1386	1702	1723	1265	1163	1483	1384	1370	1177	1014	1729	1403	1301	1627	1373	1538	1487	1553	1351	2280	5573	1389
Rv2025c	502	264	255	198	156	217	542	240	231	294	269	149	460	200	286	230	181	140	1394	953	1115	3290	2432	3819	219	245	168	454	1094	293
Rv2026c	233	401	264	291	266	302	207	346	279	344	301	310	230	267	327	236	233	224	329	317	381	352	300	384	371	335	358	414	1044	272
Rv2027c	386	803	416	515	516	656	323	634	401	648	633	455	351	546	431	481	422	461	656	566	653	569	498	611	635	679	589	873	2200	599
Rv2028c	150	189	110	115	95	126	99	146	92	131	127	111	112	116	100	130	93	112	104	62	94	95	95	104	138	129	111	322	820	232
Rv2029c	50	90	33	52	59	84	49	115	56	88	74	63	51	71	45	71	50	85	80	62	57	75	63	88	63	74	52	228	581	170
Rv2030c	162	357	140	155	403	328	135	1182	377	908	990	599	175	466	339	1005	532	1289	588	437	492	490	436	624	215	274	243	831	2187	565
Rv2031c	62	630	200	402	923	696	88	1761	1020	2074	1659	1404	124	758	1184	1974	1055	2077	433	505	701	420	422	511	188	267	414	364	883	221
Rv2032	58	369	64	221	252	282	56	545	293	575	536	437	76	302	401	641	307	546	178	170	189	149	141	162	205	188	212	309	751	191
Rv2033c	376	1261	102	497	548	701	193	1177	101	915	664	607	247	845	93	632	352	528	168	121	106	85	135	82	429	670	399	1135	3012	708
Rv2034	216	141	142	98	77	94	212	128	85	110	88	71	214	85	72	74	61	71	291	208	223	209	174	237	111	149	95	224	516	149
Rv2035	452	272	241	173	159	173	478	232	187	178	182	152	457	187	200	159	150	148	553	438	520	399	339	453	255	240	250	374	966	269
Rv2036	495	431	285	263	230	321	508	319	278	321	297	268	458	336	307	254	256	268	636	548	627	532	374	522	410	369	378	431	1098	291
Rv2037c	1002	1071	449	579	598	985	780	825	409	650	775	813	929	829	516	583	570	764	716	645	691	588	497	610	671	617	570	1176	2788	714
Rv2038c	453	538	224	340	355	571	354	508	270	409	458	460	409	521	366	361	421	438	212	182	230	142	186	139	437	346	386	343	808	237
Rv2039c	284	378	155	246	213	349	242	309	141	314	266	292	321	365	253	236	251	322	159	175	202	109	136	118	308	230	276	225	600	191
Rv2040c	648	845	337	473	470	745	514	632	328	564	593	672	593	689	471	483	579	690	401	358	530	292	392	410	611	509	668	485	1152	360
Rv2041c	872	851	427	500	485	821	712	662	407	643	613	601	828	711	564	504	539	635	624	632	783	566	570	595	642	541	598	778	1787	466
Rv2042c	1494	1048	705	690	619	999	1124	871	649	875	844	787	1303	899	804	626	663	815	1462	1143	1483	1036	885	1089	843	890	728	1213	2810	716
Rv2043c	2331	1715	1306	1095	1056	1756	2014	1454	1120	1445	1500	1476	2332	1446	1448	1273	1151	1583	2459	2089	2451	1889	1588	1831	1510	1299	1564	2601	5951	1539
Rv2044c	126	134	59	70	75	127	94	107	53	111	108	102	142	120	78	83	83	109	79	81	89	63	59	77	112	79	81	110	229	53
Rv2045c	2672	2284	1320	1306	1373	2110	2077	1932	1197	1806	1871	1764	2383	1776	1449	1355	1310	1645	2069	1723	2091	2695	2172	2753	1535	1548	1527	2067	4923	1250
Rv2046	642	1070	390	563	541	786	451	880	344	739	749	547	494	810	350	555	503	573	191	120	139	243	279	319	495	574	447	775	1987	503
Rv2047c	1861	3919	1429	1973	2156	3107	1473	3689	1562	3021	2937	2407	1747	3533	1817	2387	2218	2443	696	644	704	657	829	784	1815	1988	1719	3445	8626	2111
Rv2048c	19043	36037	13278	21871	22683	33256	13927	37849	16043	31472	30253	25704	16729	32633	17872	25159	21663	23360	5155	4602	5707	5047	8293	8318	17636	20969	18295	24989	62339	15271
Rv2049c	238	679	197	368	302	358	198	500	196	412	420	269	180	389	212	322	283	248	245	231	181	189	179	174	422	413	318	767	1766	455
Rv2050	2223	2387	1252	1347	1164	1794	1815	1835	1095	1722	1579	1441	2063	1731	1404	1325	1128	1266	1893	1565	1961	1700	1614	1907	1960	1793	1776	2787	6578	1635
Rv2051c	8931	11965	4142	5999	6280	10433	6332	10615	4266	8185	8050	7798	7492	9712	4703	6340	6058	7471	3760	3221	3909	3204	3954	4232	7505	7934	7124	7343	18404	4459
Rv2052c	5947	4415	905	1263	2049	4399	3746	4868	1038	2105	2719	3445	4686	4020	858	1683	1766	3250	1868	1279	1418	1794	1281	1935	1549	2150	1382	2252	5949	1470
Rv2053c	3701	2611	509	870	1100	2472	2496	2449	523	1311	1493	2046	2743	2318	576	939	1050	1630	1762	1369	1594	1570	1356	1491	1750	1726	1429	2583	5972	1655
Rv2054	1553	2709	2051	1499	1788	1975	1321	2263	2019	2308	2171	1590	1456	1911	2334	1756	1620	1485	1054	860	1149	846	1071	1329	1291	1931	1778	1749	4519	1037
Rv2055c	649	470	230	252	262	325	484	404	284	380	390	293	568	376	286	284	316	233	88	71	82	84	99	111	194	240	177	242	592	149
Rv2056c	422	173	47	89	89	107	302	162	51	131	109	83	369	184	59	90	83	109	11	11	11	26	21	27	51	64	32	94	248	62
Rv2057c	293	75	32	36	37	45	206	65	27	54	40	31	272	66	37	25	31	40	23	28	23	32	42	50	35	34	36	105	276	56
Rv2058c	474	61	28	30	23	37	381	48	19	31	26	23	394	47	27	20	32	17	20	21	24	36	37	34	28	22	24	71	178	34
Rv2059	3964	3036	2031	2083	2050	2713	3310	2527	2065	2986	2695	2133	3664	2347	2398	2295	1929	2107	1454	1173	1420	1670	1629	2283	1574	2124	1822	2110	5050	1324
Rv2060	1424	1830	1358	1295	1234	1654	1315	1498	1323	1808	1648	1302	1389	1315	1504	1375	1168	1315	1048	819	992	1041	1047	1386	1004	1384	1192	1196	2921	756
Rv2061c	1196	1661	1177	1081	1065	1454	1088	1424	1150	1539	1353	1123	1232	1304	1421	1252	1084	1167	1029	875	1087	1114	1157	1429	1113	1294	1182	1576	3881	967
Rv2062c	3125	5155	4187	3446	3663	4212	2598	4538	4084	5054	4697	3255	3280	4012	4509	3873	3264	3165	1714	1524	1672	1472	1851	2106	3397	3927	3139	5301	13367	3252
Rv2063	73	126	49	53	94	98	70	134	58	94	105	65	84	96	55	73	74	62	90	63	69	74	57	71	124	117	122	309	761	168
Rv2063A	132	188	101	71	132	135	130	189	98	149	132	95	126	164	72	91	87	105	170	107	119	112	86	129	114	154	103	316	850	214
Rv2064	1246	1235	800	595	924	1270	940	1407	839	1066	1093	935	1092	1021	761	776	665	881	566	432	388	407	362	576	471	820	499	1386	3617	846
Rv2065	801	1172	669	566	721	957	643	1125	732	1013	1006	746	771	868	734	754	654	691	338	259	267	287	251	365	449	657	426	1153	2959	743
Rv2066	1670	2449	1352	1324	1794	2239	1217	2352	1489	2212	2314	1747	1666	2118	1466	1590	1491	1753	667	502	574	592	662	921	1093	1507	1046	1860	4639	1158
Rv2067c	1464	3483	1658	2167	1976	2606	1234	2518	1455	2638	2606	1967	1361	2810	1835	1990	2126	1903	1126	1161	1495	1259	1681	1678	3416	2555	3013	1742	3939	1054
Rv2068c	946	2425	1104	1473	1376	1630	742	1810	1061	1750	1786	1275	860	1622	1238	1376	1184	1122	611	586	665	648	814	886	1727	1731	1605	2475	5806	1519
Rv2069	802	2033	1414	1882	1752	1915	635	1567	1135	2131	2222	1369	759	1356	1160	1550	1481	1248	925	821	869	944	1301	1219	2409	2244	2122	3803	9073	2379
Rv2070c	577	1021	627	734	772	972	532	900	601	970	1055	777	599	864	693	814	789	721	583	525	555	622	655	836	983	959	905	1083	2566	656
Rv2071c	177	401	171	204	242	298	149	362	215	286	317	220	213	303	198	241	237	221	164	147	191	145	168	214	252	299	273	534	1166	320
Rv2072c	364	782	329	363	410	508	300	682	307	520	461	357	350	523	326	387	350	397	288	270	252	219	243	252	438	474	381	943	2454	627
Rv2073c	217	481	215	224	227	297	171	394	215	324	301	232	223	304	205	229	182	191	180	140	140	144	126	188	200	301	171	491	1375	359
Rv2074	1872	4544	1654	2568	2500	3048	1476	3739	1526	3675	3320	2431	1711	3573	1713	2831	2394	2346	2458	1863	2175	1259	1666	1601	3167	3652	3480	3403	8405	2091
Rv2075c	2110	5583	1562	2549	2815	3193	1537	4586	1588	3758	3895	2724	1778	4393	1638	2911	2549	2242	1679	1215	1408	1032	1287	1364	2368	3256	2437	2300	5641	1354
Rv2076c	310	459	261	306	276	401	265	345	260	386	343	326	289	370	368	344	332	304	257	242	335	255	303	383	355	281	307	263	602	154
Rv2077c	4182	3722	3559	2936	2606	3677	3563	3155	3228	3640	3498	3176	4599	3006	4384	3007	2797	2891	7396	6310	7210	5337	4130	4929	4281	3521	3567	7882	18645	4844
Rv2077A	66	144	72	90	83	93	64	110	67	123	86	81	63	107	80	57	82	53	77	58	49	59	63	72	112	122	99	166	410	111
Rv2078	182	246	176	133	156	190	151	254	160	164	161	121	159	202	175	141	118	125	136	112	149	128	162	185	236	207	224	439	1000	244
Rv2079	1219	2147	1170	1228	1213	1492	999	1744	1037	1546	1554	1172	1140	1676	1352	1274	1256	1087	785	729	928	740	885	986	1808	1521	1587	2633	6337	1622
Rv2080	2012	3922	2369	2449	2257	2829	1670	3025	2315	3097	2776	2192	1933	2901	2824	2400	2327	2127	1637	1466	1912	1651	1778	2026	3280	2534	2787	2998	7008	1740
Rv2081c	1610	2269	1582	1450	1371	1819	1284	1820	1388	1913	1714	1439	1490	1861	1876	1477	1305	1408	783	789	975	911	1123	1278	1619	1633	1610	1451	3584	902
Rv2082	1940	3583	1972	2395	2227	2851	1574	3267	1949	3091	2981	2323	1889	3242	2375	2510	2343	2273	785	811	1070	788	1134	1226	2450	2341	2338	2353	5801	1540
Rv2083	1498	2290	1163	1155	1610	1996	1031	2400	1431	1984	2157	1653	1335	2215	1316	1537	1581	1601	363	345	410	350	506	729	1070	1604	1123	1137	2771	659
Rv2084	1543	2861	1403	1660	1829	2505	1288	2684	1550	2381	2354	1964	1483	2746	1815	1894	2036	2047	499	467	547	481	792	709	1859	1995	1841	1291	3120	787
Rv2085	284	574	208	319	327	467	211	445	255	404	377	329	263	464	278	310	369	332	105	67	85	41	108	96	338	337	293	130	314	88
Rv2086	112	179	126	101	105	162	110	180	131	140	137	133	166	195	149	117	127	118	339	311	378	138	124	139	138	127	150	97	252	79
Rv2088	856	1309	746	620	773	900	667	1136	730	924	948	684	782	967	809	693	734	683	817	755	811	529	629	729	1008	1015	932	1615	3801	1026
Rv2089c	341	276	141	186	163	289	264	248	128	235	245	253	316	225	157	189	158	227	163	187	167	173	158	200	260	239	185	338	907	275
Rv2090	2752	2425	1182	1280	1342	1988	2114	1963	1297	1877	1857	1650	2404	1824	1334	1400	1374	1452	1565	1268	1431	1444	1271	1632	1569	1574	1420	2227	5409	1401
Rv2091c	6483	5882	3501	3406	3367	5100	4790	5299	3017	4245	4337	4192	5341	4452	3942	3668	3317	4065	4477	4064	5240	4476	4275	5143	4477	4360	5011	5262	12568	3276
Rv2092c	7000	6544	3739	3612	4317	6922	5316	6645	4007	5536	5989	5542	6426	5830	4231	4321	4352	5349	4265	3387	4088	3962	3525	5071	3734	4472	3780	4053	10208	2372
Rv2093c	4001	3968	2368	2311	2317	3568	3406	3189	2349	3179	2942	2987	3947	3247	2848	2466	2467	2832	3451	3001	3636	3102	2945	3389	3086	2761	3080	3064	7470	1880
Rv2094c	7389	8222	4233	4444	4953	6649	6208	6479	4354	6030	6020	5938	6817	6384	6112	5208	5140	5850	5657	5928	6923	6929	6000	6151	7090	5200	7222	4852	11398	3089
Rv2095c	1601	1869	825	859	1110	1705	1210	1739	887	1353	1428	1307	1421	1607	875	943	1014	1247	1124	963	1004	707	684	790	1135	1440	1062	1367	3150	752
Rv2096c	3205	3733	1676	2087	2217	3207	2517	3321	1748	2934	2958	2681	2917	3367	1974	2256	2418	2423	2969	2627	2853	1811	1881	1913	2880	2965	2736	3096	7642	2002
Rv2097c	4788	6865	3408	4014	3743	5020	3725	5582	2842	4910	4869	4318	4246	5303	3680	3987	3816	3969	7435	6437	7713	4658	4813	4998	6300	5680	6631	8244	19198	5003
Rv2100	3030	3448	2542	2412	2427	3710	2570	3192	2617	3526	3239	3120	2989	2729	3229	2803	2340	2905	1438	1209	1423	1367	1591	1866	2272	2633	2290	2232	5730	1450
Rv2101	3415	8967	2024	4699	4844	6151	2388	8106	2023	6949	6203	4666	2975	6464	2014	5096	4226	4229	1253	1126	1150	1083	1889	1496	5296	6279	4753	9861	24357	5901
Rv2102	1532	2483	811	1358	1492	1959	1158	2294	916	2124	2021	1604	1414	2028	975	1629	1388	1364	851	704	749	790	858	878	1797	1869	1609	2510	6079	1482
Rv2103c	947	1522	547	848	849	1166	817	1196	515	1121	1141	936	942	1290	648	917	928	826	801	639	748	625	694	641	1167	1224	1084	1432	3442	891
Rv2104c	413	804	228	355	380	480	303	608	200	504	531	414	373	655	259	445	442	380	412	369	319	302	374	307	629	608	574	1025	2384	600
Rv2107	148	112	539	159	92	101	126	108	258	152	113	85	152	129	514	122	133	117	3276	4167	4400	1054	972	1117	514	371	545	1492	3753	843
Rv2108	646	900	1603	665	516	635	546	579	915	789	629	538	493	643	1351	639	583	517	8106	10041	10465	2497	2863	3282	1746	1429	1760	4530	10756	2666
Rv2109c	6202	6227	3952	4302	4070	5561	5061	5295	4140	5603	5212	4788	6111	5873	5434	4600	4687	4817	5563	4936	6471	3968	4134	4645	5800	5382	5981	5879	13906	3624
Rv2110c	6606	6592	4367	4526	4237	6084	5420	5609	4387	5827	5731	4903	5961	6311	5497	4629	4914	4823	5026	4347	5107	3881	3785	4131	5710	5715	5608	5881	14526	3689
Rv2111c	1615	1779	1171	1147	1032	1499	1279	1371	1007	1365	1366	1133	1348	1503	1293	1053	1124	1128	1374	1348	1398	1192	1093	1111	1565	1284	1358	2056	4848	1272
Rv2112c	3721	5303	4182	3521	3655	4265	3235	4655	4009	5002	4837	3537	3636	4315	4769	4034	3478	3323	3432	3069	3340	2607	3065	3169	5040	5181	4889	9050	21504	5526
Rv2113	872	1535	747	931	870	1021	646	1230	829	1282	1060	801	772	1050	803	875	723	679	473	348	436	464	555	727	957	1079	841	1231	3127	781
Rv2114	3311	3280	1952	2363	1760	2487	2609	2623	1697	2459	2215	2082	3246	2760	2347	2073	1981	2004	3130	3168	4133	4103	3287	3956	3005	2243	2855	2891	6794	1742
Rv2115c	22817	13333	7991	8422	7587	13634	18762	11065	7739	10587	9746	11811	20427	12090	11012	8838	8851	11927	17917	16693	21885	26183	20861	25633	11694	10024	12825	10930	26259	6508
Rv2116	229	407	213	228	218	264	213	265	160	341	257	184	256	290	209	214	183	220	222	147	219	180	149	147	266	217	236	407	1023	260
Rv2117	213	345	198	225	198	265	167	282	215	314	274	193	226	278	232	221	223	195	165	160	192	137	193	186	302	279	242	418	868	251
Rv2118c	650	1226	792	749	790	918	533	992	809	1105	1043	706	591	956	913	862	786	709	598	453	596	453	523	545	863	1083	846	1621	3813	928
Rv2119	372	936	232	479	453	520	258	768	190	607	548	400	305	650	228	420	447	375	252	203	240	274	306	243	612	622	520	862	1951	444
Rv2120c	731	1722	762	969	958	1134	637	1251	758	1253	1057	862	678	1194	867	845	845	746	513	454	531	478	554	603	1116	1135	1014	2223	5509	1363
Rv2121c	784	574	257	286	297	405	563	466	225	430	343	302	670	304	249	270	255	223	276	217	234	201	211	203	443	419	346	937	2349	537
Rv2122c	325	109	37	47	43	63	247	77	45	66	65	35	285	41	50	53	37	32	34	31	43	32	31	46	72	59	63	193	481	119
Rv2123	3123	544	351	316	274	537	2618	445	313	363	385	424	2915	499	407	318	301	353	380	379	472	447	377	580	359	337	324	480	1170	319
Rv2124c	17234	12742	8014	5764	6730	11644	14179	11397	6938	8024	8892	9182	16566	11096	8459	6500	7129	9152	11302	10342	11491	13090	11285	16289	8195	8042	7717	14258	34951	8583
Rv2125	2979	2577	1797	1574	1689	2295	2433	2391	1762	2370	2230	1885	2768	2012	1957	1829	1635	1692	1901	1575	1577	1558	1495	1857	1801	2162	1665	4106	10541	2509
Rv2126c	619	465	426	258	339	443	452	585	461	447	474	407	528	380	412	368	285	333	209	166	151	157	168	303	180	292	187	385	1005	272
Rv2127	5971	11733	6542	8288	7285	9088	5104	8838	6202	9448	8756	7123	5795	9547	8844	7674	8099	6765	5766	5598	7549	4116	5562	5294	12653	9938	11823	7708	17847	4574
Rv2128	1140	2306	1293	1400	1374	1659	995	1657	1111	1543	1490	1334	1166	1841	1636	1342	1430	1372	1023	1061	1220	793	1050	1013	2312	1683	2133	1338	3249	882
Rv2129c	2004	3317	1768	2029	1846	2519	1694	2491	1575	2274	2352	1932	1970	2748	2097	1927	1970	1913	1222	1171	1337	963	1316	1319	2682	2205	2359	1865	4249	1068
Rv2130c	2671	3506	2150	2075	2155	2879	2348	2819	2146	2860	2873	2417	2562	2826	2349	2251	2160	2187	2493	2255	2466	2049	1986	2115	2675	2518	2409	3471	8297	2060
Rv2131c	2710	3397	2798	2107	2462	2882	2420	2979	2839	3274	3309	2530	2677	2781	3368	2690	2339	2334	3132	2427	2673	2073	1921	2415	2567	3080	2516	3747	9653	2377
Rv2132	542	686	217	324	307	413	420	478	194	397	376	289	475	481	254	277	308	320	462	422	503	445	459	474	529	426	467	572	1354	353
Rv2133c	1905	1738	852	940	1026	1489	1518	1572	841	1323	1406	1182	1759	1471	890	1015	1069	1153	1678	1349	1395	1473	1128	1356	1218	1212	1081	1271	3153	760
Rv2134c	4821	3551	2458	1949	2246	3186	3891	3136	2323	2821	2926	2634	4324	2772	2772	2094	2175	2266	4796	3690	4203	3835	2859	3726	2480	2543	2173	3231	7808	1939
Rv2135c	1518	1965	994	1097	1233	1733	1161	1779	1115	1648	1800	1536	1479	2042	1227	1349	1412	1533	783	728	881	610	714	902	995	1237	992	1186	2930	761
Rv2136c	2825	3641	1839	1980	2042	3099	2164	3020	1724	2621	2848	2566	2726	3697	2334	2164	2451	2542	2701	2346	2813	1704	1685	2021	2411	2159	2356	2242	5159	1304
Rv2137c	11058	13152	9177	8037	8947	12255	9109	10388	8577	11357	11894	11260	9884	8236	9454	8962	7465	8426	18544	18381	15981	14747	11487	11349	11106	9412	10015	13510	33178	8264
Rv2138	1428	2720	1666	1432	1496	1893	1201	2099	1274	1850	1904	1401	1293	1991	1546	1507	1409	1437	2469	2149	2635	1727	1740	1969	2185	1982	1956	2236	5506	1377
Rv2139	1784	3515	1498	1638	2071	2770	1392	3200	1627	2638	2684	2039	1726	2820	1591	1948	2010	2140	1269	898	1173	851	1022	1259	1932	2305	1776	2180	5316	1338
Rv2140c	752	1393	796	824	733	981	665	1127	777	1052	957	729	694	1074	911	819	770	738	651	600	803	558	692	769	1180	1111	1108	1478	3491	849
Rv2141c	1174	1909	1431	1302	1051	1378	973	1460	1256	1654	1388	1084	1129	1229	1358	1241	974	958	1173	1001	1012	954	974	1223	1583	1563	1427	3473	8424	2132
Rv2142c	327	405	244	255	203	328	246	288	190	281	254	266	271	305	258	232	259	236	375	325	371	320	269	223	381	238	286	207	441	113
Rv2142A	954	1018	595	552	512	659	663	636	475	500	541	560	779	597	582	487	432	429	990	961	847	882	677	621	935	596	753	1235	2847	673
Rv2143	1091	1628	770	878	957	1295	895	1375	761	1284	1232	994	1031	1399	894	956	905	841	961	718	793	843	720	829	1158	1079	975	1873	4800	1134
Rv2144c	2329	5233	1111	2445	2650	3293	1871	4319	1121	3050	3290	2492	2216	4024	1494	2529	2641	2365	1293	1229	1355	1209	1787	1313	4522	3948	4086	6100	14148	3553
Rv2145c	5027	11986	2618	5078	6268	7365	3688	9953	2467	6505	7382	5617	4226	9113	2904	5028	5832	5300	4024	3405	4169	2622	4319	3079	9935	9987	10142	10169	25295	6103
Rv2146c	1338	1710	745	1029	982	1506	1085	1364	723	1326	1261	1187	1188	1389	1005	1041	1015	1053	629	663	923	804	879	949	1640	1173	1480	927	2032	557
Rv2147c	2706	8752	938	4163	4008	4987	1802	6638	693	5272	5044	3736	2080	5839	820	4012	3546	3480	3462	2904	3192	1624	3042	1715	7307	7242	7497	10640	24949	6784
Rv2148c	811	1490	261	823	792	1032	592	1284	299	1190	1028	839	641	1388	382	948	858	811	750	645	764	469	594	484	1223	1049	1042	1006	2416	584
Rv2149c	1529	2231	557	1226	1235	1608	1016	2058	545	1903	1745	1236	1187	2038	566	1575	1223	1238	1191	935	932	899	808	887	1201	1583	1196	1928	4720	1206
Rv2150c	3495	6897	902	3927	3676	4365	2198	6814	905	5764	4815	3425	2706	5911	957	4512	3762	3222	3955	3309	3796	2011	2294	2010	4835	5028	5053	5565	13255	3437
Rv2151c	1530	2588	783	1330	1499	1949	1094	2312	700	1827	1968	1489	1273	2213	736	1485	1433	1448	1387	1026	1113	729	874	780	1681	1967	1638	1685	4190	1017
Rv2152c	2577	4517	1377	2310	2736	3600	1802	4462	1461	3429	3559	2876	2131	3819	1438	2615	2671	2602	2463	1904	2005	1218	1503	1288	3202	3702	3202	3801	9446	2334
Rv2153c	2465	3508	1368	1519	2219	2915	1632	4237	1412	2568	2986	2177	2047	2924	1244	1801	1757	2031	1976	1404	1327	864	890	1029	1278	2309	1277	2643	7242	1673
Rv2154c	4635	9707	2095	4356	5696	7051	3100	9516	2175	6718	7209	5618	3997	8335	2328	5091	5371	5433	4971	3984	4180	2423	3108	2553	6649	7773	6846	9303	23236	5768
Rv2155c	2551	4945	2091	2395	3040	3923	1933	4735	2363	3910	4130	3048	2230	4063	2279	2758	2897	2850	2642	2054	2103	1289	1620	1641	2969	3897	2805	4612	11656	2997
Rv2156c	2489	4204	2775	2635	2859	3684	2078	4055	2952	3720	3794	3031	2502	3457	3432	2885	2858	2832	3025	2541	2880	1744	1801	2212	3235	3480	2929	5259	12716	3137
Rv2157c	1900	2737	2129	1646	2081	2520	1514	3215	2298	2583	2700	1985	1855	2361	2114	1950	1877	1932	2131	1751	1911	1306	1070	1629	1601	2110	1460	3054	8009	1925
Rv2158c	4665	6461	6022	3423	4503	5708	3789	6689	6105	5568	5861	4439	4697	4674	5662	4069	3675	3975	5789	4315	4140	3225	2468	3804	2852	4423	2512	6725	17808	4176
Rv2159c	3845	4731	4216	2194	3549	4534	2900	6606	4426	3848	4665	3513	3558	3950	3732	2648	2986	3506	6414	4988	5623	4151	3271	5764	2070	3062	1913	3508	9149	2097
Rv2161c	8041	10089	8694	5423	7510	10087	6306	11623	9839	9225	10030	7762	6973	8557	8957	6660	6574	7330	9412	7062	7264	6080	4692	6789	4005	5653	3606	7272	18772	4441
Rv2162c	17106	17129	13888	10003	12611	16510	11918	23473	13220	16380	16296	12417	14218	14181	12411	11758	9936	11519	11622	8851	9390	8491	6927	11693	6816	10691	6621	16806	43950	10274
Rv2163c	3352	5240	1871	2636	2851	3605	2236	4699	1501	3394	3618	2935	2871	4157	1987	2663	2803	2814	4620	4078	4648	2869	3046	2953	5381	5259	5235	7734	19027	4848
Rv2164c	1576	2290	570	809	1299	1644	1004	2950	469	1384	1529	1273	1274	1864	432	990	1047	1123	1940	1563	1607	892	932	978	1494	2146	1549	3302	8336	1976
Rv2165c	1732	3401	516	1430	1719	1874	1109	2820	380	1753	1919	1513	1384	2601	397	1340	1577	1451	2847	2375	2551	1357	1536	1154	3154	2947	3054	5008	12239	3075
Rv2166c	1895	4396	631	2208	2116	2390	1223	3268	393	2361	2444	1810	1376	3228	423	1910	1988	1709	4019	3345	3618	1820	2227	1526	5151	4182	4599	6766	16898	4117
Rv2169c	1810	1554	932	849	852	1204	1360	1040	789	1012	864	872	1259	838	813	611	673	669	3642	2981	2956	2425	1843	1851	1562	1272	1191	2747	6530	1708
Rv2170	247	304	186	209	211	266	200	272	178	267	235	214	246	234	176	188	172	143	179	163	194	189	161	214	245	234	214	416	1032	251
Rv2171	1172	1937	959	1120	1096	1319	956	1415	777	1384	1241	972	1086	1356	1083	1012	964	886	1423	1156	1385	1036	1115	1200	1640	1471	1470	2334	5348	1420
Rv2172c	4202	4391	1825	3096	2494	3489	3360	3555	1565	3412	3213	2914	3663	3411	2444	3095	2628	2624	2738	2602	2715	2509	2315	2376	3522	3043	3199	3976	9461	2440
Rv2173	1917	1890	1169	1199	1154	1557	1398	1618	984	1577	1449	1182	1625	1467	1052	1244	1096	1024	1343	1071	1080	1012	953	1141	1499	1517	1203	2515	6156	1511
Rv2174	2731	3272	1394	1892	1824	2522	1915	2763	1323	2526	2522	2066	2444	2617	1686	2015	1933	1845	1786	1504	1791	1415	1440	1766	2508	2563	2462	2318	5666	1427
Rv2175c	1018	1285	704	752	687	945	837	997	645	941	854	746	973	946	733	705	676	717	1469	1087	1364	995	921	998	990	964	892	1143	2695	715
Rv2176	620	1012	705	731	547	714	516	774	567	809	723	578	594	736	709	614	530	550	1187	1029	1158	767	725	800	773	787	712	1493	3502	892
Rv2177c	356	544	227	308	305	438	313	481	242	382	396	346	381	534	324	353	360	349	226	201	254	189	233	249	368	330	347	377	805	221
Rv2178c	6156	8738	4658	4957	4927	5893	5164	6723	4157	6098	6051	4864	5695	6733	5582	4899	5003	4609	5920	5458	6105	4760	5029	5196	7974	7019	7538	9022	22475	5626
Rv2179c	306	367	217	197	182	297	249	258	195	280	249	167	264	243	233	185	176	175	365	287	369	238	237	285	281	251	235	379	942	207
Rv2180c	649	680	798	544	431	556	561	517	722	657	563	457	670	486	879	600	426	438	950	781	991	635	617	779	646	613	608	955	2453	645
Rv2181	4842	4474	3765	3006	2930	3678	4016	3724	3340	3830	3696	3218	4588	3473	4189	3034	2750	2630	6619	5283	6471	4107	3789	4585	4034	4232	3983	5952	13987	3689
Rv2182c	5673	5411	3336	3418	3165	4440	4641	4053	2943	4031	3893	3415	4698	3940	3611	3122	3195	3176	6665	6353	7144	5472	4547	4880	5653	4207	4928	5450	12750	3148
Rv2183c	1371	2186	1141	1384	1323	1668	1162	1832	1281	1918	1889	1293	1261	1837	1537	1497	1450	1308	1136	886	1116	738	938	992	1693	1758	1589	1935	4604	1133
Rv2184c	2375	3617	2086	2364	2240	2772	2061	3003	2256	3364	2969	2135	2478	2880	2645	2480	2296	1956	2410	1870	2463	1588	1792	2199	3050	3197	2674	4431	10737	2719
Rv2185c	1786	3384	1976	2018	1759	2184	1546	2440	1760	2440	1916	1666	1629	2313	2238	1801	1833	1663	3150	3437	3853	2323	2378	2526	3495	2558	3163	4018	9622	2319
Rv2186c	282	649	443	418	372	443	232	527	327	501	450	382	294	426	548	373	332	330	695	669	682	441	428	458	583	493	624	927	2311	569
Rv2187	2076	4620	1783	2068	2556	3058	1675	3813	1594	2669	2972	2388	1974	3031	1831	1919	2186	2090	3789	3297	3838	2567	2463	2732	3805	3481	3379	4535	10776	2660
Rv2188c	626	940	770	654	523	729	533	749	638	820	752	650	603	674	733	654	538	525	1301	1154	1149	737	652	763	710	712	652	1588	3823	963
Rv2189c	682	3208	1060	1924	1963	2639	583	2545	1368	2752	2726	1976	742	2706	1445	2142	2072	1809	185	180	235	165	360	316	1132	1396	1076	770	1803	456
Rv2190c	5631	27016	14777	21784	17763	21569	4908	20494	14683	26283	22440	16560	5734	19758	15448	19703	16836	14970	3318	3101	3539	2505	4652	4488	14331	14207	12253	20899	51292	13213
Rv2191	785	1307	871	737	886	1000	660	1234	837	1111	1239	822	741	1072	913	797	791	792	992	795	820	713	641	800	746	961	740	1482	3788	910
Rv2192c	1185	2552	1925	1560	1937	2202	1102	2317	2117	2609	2438	1728	1185	1929	2018	1915	1572	1587	2023	1568	1554	963	921	1201	1571	2212	1444	3409	8600	2066
Rv2193	7070	13913	11573	10256	9511	11699	6261	10538	9771	11954	11344	9788	6873	9429	12204	9737	8670	8825	23022	22081	24012	12862	12148	12214	15817	11688	14823	16343	38065	9818
Rv2194	5792	10434	9812	8198	7391	9664	5504	8229	8598	10444	9969	7848	5946	7937	10856	8249	7897	7445	17710	14838	18354	8530	9094	10139	10650	10153	10631	11319	27264	6981
Rv2195	13132	22113	20753	18527	16773	21252	12695	18147	19433	23096	20972	17580	14012	18276	26758	18801	17899	16448	33979	31119	39273	20779	20798	24873	24932	21210	24549	21187	51804	12613
Rv2196	21865	32179	31782	27072	25319	31732	20759	26716	30336	34030	31954	26373	23766	26969	41360	27692	27056	25526	48001	43109	54265	26465	26933	33472	35422	31808	35668	34342	82493	21379
Rv2197c	2936	4055	2700	2650	2821	3745	2603	3676	2774	3967	3712	2930	3052	3386	3074	2888	2796	2772	1863	1534	1801	1343	1576	1878	2900	3322	2732	3703	8877	2300
Rv2198c	2356	3973	2026	2180	2346	3070	1886	3430	1810	3155	2860	2316	2236	3404	2128	2311	2459	2345	1394	1412	1684	1158	1610	1705	3235	2985	2972	3509	8273	2076
Rv2199c	3184	5092	4774	3861	3637	4302	2908	3955	4448	5149	4517	3515	3386	3724	5706	3922	3720	3373	3673	3554	4366	3375	4265	4698	6753	6115	6518	8597	19300	5166
Rv2200c	9165	15650	13276	12443	11353	13629	8425	11413	12335	16097	13759	10574	7944	11554	15173	11437	11333	9663	10322	10276	12490	10774	12703	12852	21983	16762	19000	17440	41778	10290
Rv2201	2779	3063	1971	2060	1804	2577	2275	2552	1870	2647	2301	1867	2836	2431	2174	2124	1894	1879	1478	1304	1682	1501	1739	2106	2588	2682	2468	4366	10562	2575
Rv2202c	7800	4718	3850	3313	2881	4380	6138	4594	3696	4490	3561	3502	6573	3600	4482	3587	2681	3351	3427	3072	3683	3954	3729	4738	4133	4580	4335	5943	14671	3686
Rv2203	5945	4545	3189	3281	2646	3813	5470	3807	2918	3917	3282	2908	5844	3749	3810	3144	2724	2819	2760	2708	3426	3773	3627	4237	3725	3374	3765	4739	11357	2788
Rv2204c	10042	7204	5149	5293	4240	5655	8802	5501	4889	5744	5230	4591	9236	5813	7219	4990	4508	4742	6319	6558	7917	8407	8076	8634	6849	5284	7035	5541	13247	3343
Rv2205c	678	790	526	567	497	698	516	648	512	686	627	520	604	658	632	529	515	475	505	437	465	556	496	575	736	621	536	1223	2817	751
Rv2206	2535	3162	2230	1707	2002	2666	2220	2759	2101	2715	2571	2069	2211	2300	2185	1936	1791	1879	1976	1535	1730	2002	1976	2468	1989	2396	1995	3095	7692	1923
Rv2207	2440	2773	1864	1322	1935	2506	1848	2875	1921	2249	2449	1931	2141	2173	1845	1561	1635	1778	979	760	779	813	713	1034	1223	1850	1059	2278	6097	1421
Rv2208	1694	1965	1352	997	1370	1843	1292	2062	1537	1690	1881	1428	1474	1670	1441	1328	1274	1298	951	727	735	778	703	1043	914	1366	900	1992	4997	1194
Rv2209	2236	3253	2231	2277	2119	2807	2034	2754	2238	3073	2958	2221	2321	2759	2624	2505	2182	2115	1817	1626	1861	1552	1793	2015	2531	2542	2190	3606	8753	2210
Rv2210c	2697	3719	2123	2337	2376	3054	2295	3204	2106	3278	3260	2615	2646	3160	2595	2637	2655	2386	1998	1818	2029	1530	1767	2046	2681	2966	2671	2905	7117	1826
Rv2211c	2033	4649	2534	3345	2719	3205	1634	3526	2283	4026	3340	2451	1936	3188	2433	2968	2294	2098	1979	1644	1701	1707	1748	1919	3427	3411	2833	6292	15347	3779
Rv2212	955	1340	695	728	757	973	756	1025	666	1016	902	757	837	971	671	726	710	701	735	632	751	750	756	907	1114	1044	883	2089	4984	1244
Rv2213	3237	5350	2867	2767	2924	3710	2691	4180	2764	4146	3671	2969	3013	3447	2897	2922	2616	2646	2032	1799	1773	1862	1949	2446	3218	3947	3090	7751	19655	4869
Rv2214c	5205	7759	7207	5583	5444	6376	4816	6434	6811	7452	7351	5049	5766	5858	7754	5763	5314	4652	5432	4769	5431	4285	4745	5300	8082	8173	7499	15110	36000	9107
Rv2215	7627	10117	8923	6118	6812	8412	6591	8884	8743	8893	8209	6343	7462	7317	9209	6744	6376	6101	10366	8905	9965	7864	7661	9420	8373	9621	8601	16696	40870	10211
Rv2216	4437	4481	4873	2907	3368	4041	4301	4161	4894	4659	4664	3339	4712	3600	4989	3583	3402	3142	5159	4157	4713	3355	3132	4410	3659	4741	3507	6010	14992	3671
Rv2217	2393	2683	2529	1763	1636	2241	2047	2195	2311	2424	2329	1660	2409	1956	2345	1898	1585	1603	3534	2597	3026	2416	2179	2730	2266	2567	2136	3467	8452	2173
Rv2218	3572	4100	2810	2563	2477	3422	2863	3261	2625	3485	3090	2608	3335	3068	2965	2582	2463	2649	3120	2707	3074	2530	2611	3234	3256	3274	3042	3666	8803	2202
Rv2219	6125	6628	3680	3741	4107	5566	4902	5504	3781	5444	5348	4395	5550	5096	4152	4114	4076	4147	3623	3064	3638	3260	3306	4141	4375	5008	4247	5598	13510	3483
Rv2219A	819	987	656	607	626	793	687	825	642	891	806	662	660	717	782	663	623	560	688	566	672	614	615	812	715	759	640	935	2246	642
Rv2220	5365	13869	7808	10509	9158	10435	5002	12032	7397	12930	10695	8629	5436	9872	9522	9898	8589	8085	4198	4359	5402	7072	8570	9693	12124	10328	12255	12104	28543	7478
Rv2221c	5520	6861	4464	4241	4663	6261	4260	6069	4889	6173	5779	4894	4991	4973	4635	4636	3904	4035	4690	3738	3125	3948	3119	3759	4847	5093	3834	8279	21533	5353
Rv2222c	6104	11458	5923	6469	6714	7962	5110	9290	5474	8191	8619	6740	5943	9648	7156	6712	7119	6705	7920	7126	9096	6607	7422	7950	9581	8996	9868	10272	24345	5938
Rv2223c	2352	3331	1022	1349	1648	2263	1714	2597	931	1864	2235	1777	2041	2567	992	1423	1459	1725	1508	1324	1467	1173	1304	1377	2182	2344	2120	2843	7211	1793
Rv2224c	6144	5449	2927	2849	3128	4843	4965	4426	2801	3976	4058	3931	5468	4262	3271	3103	3106	3640	4449	3692	4226	4164	3891	4353	4368	4381	4294	5638	13880	3469
Rv2225	2969	2616	2327	2089	1677	2246	2414	2006	2200	2738	2273	1661	2759	1799	2447	2104	1577	1526	3258	2584	2969	2740	2141	2958	2021	2196	1751	4856	11857	3117
Rv2226	1361	1919	977	1086	1105	1479	1105	1597	990	1491	1380	1122	1326	1315	1007	1058	930	948	1435	1151	1172	1368	1117	1487	1371	1518	1173	5265	12801	3123
Rv2227	828	1372	817	1009	844	1169	757	1027	737	1108	1101	953	1005	1359	1073	1005	1028	1015	553	556	727	451	604	629	1293	1044	1261	698	1788	466
Rv2228c	1908	2376	1899	1832	1670	2212	1679	2001	2020	2512	2240	1856	2020	2038	2299	1917	1892	1772	1215	1042	1281	886	1068	1353	1886	2065	1865	1946	4749	1229
Rv2229c	1004	1222	946	888	913	1234	961	1139	1084	1279	1239	1021	1070	1095	1257	1009	928	909	838	711	733	675	764	824	1191	1239	1074	1443	3346	852
Rv2230c	1277	1585	1288	951	1267	1553	1062	1525	1301	1478	1632	1210	1304	1309	1298	1157	1090	1041	970	833	759	649	692	798	1134	1372	1057	2381	5954	1469
Rv2231c	800	1451	953	873	958	1192	658	1303	856	1218	1246	816	818	1096	928	962	783	737	774	659	649	444	528	569	1104	1198	952	2166	5221	1272
Rv2231A	162	201	205	212	121	161	137	136	258	241	179	139	186	144	326	176	136	121	194	165	235	177	190	219	289	182	200	404	924	288
Rv2231B	33	67	42	64	48	66	36	56	46	86	56	55	30	43	73	68	53	43	37	29	41	32	33	37	52	45	40	140	319	89
Rv2232	725	1134	656	738	778	912	658	993	648	982	924	747	788	664	800	802	576	627	725	621	676	553	578	624	895	935	861	2161	5368	1356
Rv2234	461	542	320	295	317	442	379	474	324	456	432	348	417	406	347	340	295	343	462	455	474	352	354	426	407	503	432	672	1542	392
Rv2235	1220	1394	806	771	848	1309	1060	1317	812	1158	1154	964	1227	1071	874	865	861	917	1153	889	1061	883	787	996	1028	1121	1011	1482	3796	885
Rv2236c	441	634	356	378	416	480	331	548	382	572	498	392	353	487	377	399	381	402	210	169	207	178	227	237	317	443	293	651	1567	384
Rv2237	818	2008	898	1128	1137	1379	647	1555	871	1393	1371	1075	723	1592	1131	1062	1144	1103	792	805	951	665	810	853	1341	1212	1221	1338	3071	778
Rv2237A	711	1450	880	867	848	1148	606	997	916	1175	1127	868	652	947	972	867	823	817	790	747	741	675	807	749	1215	1078	1031	1613	3580	903
Rv2238c	1958	3917	2495	2788	2458	3045	1798	3177	2528	3489	3205	2410	2080	3278	3410	2827	2661	2473	2350	2141	2597	1642	2111	2065	4022	3362	3882	3050	7462	1929
Rv2239c	3502	7121	4910	5038	4471	5225	3084	5768	4459	6218	5568	4285	3748	5653	6152	5254	4626	4106	4440	4197	5155	3380	4249	4539	6864	6097	7051	6219	14916	3652
Rv2240c	1172	2462	1580	1474	1661	1906	1157	2037	1622	2184	1971	1412	1244	1783	1419	1575	1397	1334	1258	964	1067	1061	1054	1410	1702	1937	1432	3116	7730	1886
Rv2241	9445	13887	11343	9564	9585	11681	8544	12137	11287	13173	12477	9346	9400	11499	14220	10773	9651	8909	9281	8101	10659	6448	7910	9749	11520	12741	12885	12077	29655	7376
Rv2242	2205	2221	1231	1150	1304	1664	1803	2045	1211	1675	1739	1279	2193	2088	1378	1378	1395	1435	1120	962	1070	804	915	1065	1337	1472	1321	1366	3322	823
Rv2243	1827	7517	896	1256	2395	2401	1460	6069	788	1743	2735	1682	1593	3539	717	1137	1567	1231	4426	3836	3811	2157	2442	2266	4453	4689	4028	5032	12330	2917
Rv2244	3591	18679	1460	3505	7113	7113	2529	16676	1274	4489	7448	5241	2778	10858	1669	3261	5432	4319	4803	4696	5585	2966	5489	3253	18546	15610	18536	10818	25732	6504
Rv2245	7304	29912	2936	5347	12854	13712	5261	30398	2920	8283	15056	10317	6519	21014	3166	6205	10826	8877	8984	7415	7921	4954	7557	6343	21253	26484	21724	20571	50777	12121
Rv2246	4482	16518	2060	2852	7118	8206	3093	19864	1923	4238	8576	5892	4113	15029	2404	3421	6858	6309	5596	4876	5303	3925	4717	4307	12646	13600	11476	12068	30276	6915
Rv2247	8418	19635	4567	4331	9978	12090	6521	21554	4526	7307	13035	9004	8125	17634	4930	5872	10128	9678	8351	6957	7208	5474	6781	7023	15785	17739	13331	20092	49648	11987
Rv2248	1070	2463	760	983	1214	1513	959	2028	702	1261	1851	1280	1178	2030	958	1162	1440	1356	476	458	559	313	614	503	1575	1581	1653	792	2010	508
Rv2249c	556	501	147	228	284	314	430	495	148	275	386	251	488	473	176	243	286	263	247	224	231	143	175	174	305	409	327	535	1347	365
Rv2250c	292	152	55	70	72	87	254	122	39	73	86	61	229	116	54	56	64	63	77	78	82	89	88	69	145	128	115	256	585	148
Rv2251	1261	1111	279	411	538	585	1071	1061	239	621	719	449	1088	932	254	491	523	452	546	423	450	340	393	382	863	1028	758	1375	3487	858
Rv2252	442	519	129	221	270	293	399	426	119	297	298	239	439	442	148	235	282	243	250	233	250	199	264	207	530	486	526	567	1300	346
Rv2253	74	200	15	48	67	68	64	146	9	63	67	72	47	165	20	46	80	61	41	36	38	22	50	29	125	84	95	72	129	49
Rv2254c	256	310	23	136	134	191	152	263	35	182	168	195	178	299	39	134	143	156	108	76	102	56	87	61	197	174	189	157	395	117
Rv2256c	5281	7686	1409	3732	4536	6132	3931	6501	1128	4875	5913	5109	4575	6408	1536	3908	4432	4532	4738	4045	3834	3017	3319	2787	6348	6462	5791	6768	16675	4073
Rv2257c	1586	2772	779	1127	1824	2277	1262	2542	805	1802	2552	1866	1513	2510	920	1458	1957	1614	376	328	400	452	624	688	1681	1990	1588	2105	5431	1274
Rv2258c	3253	6237	2062	3497	4123	4828	2608	5597	1992	4293	5223	4011	3269	5031	2635	3574	3970	3483	1080	1006	1156	1238	2020	1948	4860	5048	4674	7130	17273	4708
Rv2259	2998	3999	1823	1953	2834	3481	2554	3582	1725	2988	4044	3000	3137	3275	1913	2449	2914	2799	1483	1215	1441	1327	1511	2179	2272	2997	2474	4921	12351	3024
Rv2260	1629	2170	850	1068	1449	1809	1409	1929	846	1475	2066	1553	1720	1800	958	1317	1577	1481	1036	870	1062	775	957	1195	1661	1857	1767	2610	6376	1657
Rv2263	438	664	515	425	393	545	437	598	559	635	561	459	439	457	594	460	386	389	458	362	357	322	337	356	459	516	421	896	2413	611
Rv2265	160	324	236	184	202	235	130	264	217	297	226	205	171	211	218	186	159	138	111	80	70	120	109	139	225	222	173	422	1055	274
Rv2266	708	648	504	431	442	604	627	512	547	569	569	529	756	520	677	490	483	553	682	612	791	854	749	868	557	473	536	983	2340	635
Rv2267c	150	388	161	239	230	301	152	283	152	295	244	202	139	257	185	206	197	173	176	161	273	154	241	154	419	321	424	298	666	249
Rv2268c	221	514	181	333	302	373	207	414	157	386	341	292	196	345	238	297	264	259	220	203	260	202	232	195	540	440	475	624	1488	428
Rv2269c	79	98	117	80	49	70	59	54	68	72	58	45	89	54	92	42	43	41	165	120	152	129	76	108	90	77	84	285	604	173
Rv2271	508	1348	884	926	761	949	423	1025	776	1178	911	712	455	1013	996	917	767	723	326	356	496	349	620	537	1290	1003	1375	842	1946	512
Rv2272	575	995	884	811	685	838	593	861	749	1138	960	663	618	802	990	976	689	666	350	301	396	329	472	464	851	823	839	963	2323	548
Rv2273	193	419	254	304	305	329	204	342	265	381	382	275	261	335	295	325	250	221	106	85	99	79	109	141	231	302	246	349	790	219
Rv2274c	69	161	84	138	87	102	62	115	90	123	105	90	58	137	87	114	93	91	50	41	52	28	48	39	151	113	156	196	442	111
Rv2274A	255	672	424	631	365	474	184	469	320	529	481	281	205	566	434	489	457	386	167	163	223	134	257	205	807	570	662	796	1769	500
Rv2275	756	2179	1221	1900	1388	1634	680	1624	1049	1947	1778	1142	696	1832	1424	1679	1551	1312	356	377	493	327	740	508	2423	1882	2195	2578	5999	1525
Rv2276	513	1541	735	1273	1031	1309	472	1219	700	1504	1285	908	588	1404	982	1273	1242	1043	203	190	354	173	485	348	1467	1160	1491	1371	3287	806
Rv2277c	158	542	213	331	286	444	182	367	168	363	402	307	218	473	241	313	377	354	57	60	84	55	153	100	437	309	436	234	603	171
Rv2281	566	945	643	565	575	756	577	773	547	600	677	582	706	930	750	500	711	609	643	588	766	623	667	814	741	542	615	1199	2938	674
Rv2282c	137	284	172	176	155	177	106	205	118	197	173	161	122	200	159	183	175	154	90	58	79	64	93	76	225	200	179	474	1139	266
Rv2283	11	22	11	13	7	17	9	18	17	16	24	9	8	10	10	10	16	12	8	11	7	4	8	11	18	18	13	44	161	37
Rv2284	867	1421	782	834	936	1104	704	1183	818	1110	1120	955	862	966	987	863	839	812	670	608	698	542	666	696	1059	1190	1130	2007	4963	1293
Rv2285	1261	1618	818	899	915	1414	991	1369	761	1229	1199	1052	1117	1355	872	992	1011	1139	793	673	845	729	832	837	1291	1222	1172	1704	4106	1039
Rv2286c	408	721	279	371	311	525	326	455	241	425	410	391	342	438	276	335	333	422	214	199	231	197	259	241	487	401	372	378	1008	251
Rv2287	609	1099	733	756	770	920	513	966	648	946	841	663	634	814	854	746	675	672	370	380	425	324	447	501	804	788	831	1560	3714	1003
Rv2288	599	1408	1061	1152	855	1125	492	1073	921	1309	1154	920	563	917	1038	1058	812	846	459	431	458	594	731	823	1342	1100	1145	1468	3371	922
Rv2289	2360	5411	3899	4290	3269	4725	2272	3837	3490	5226	4184	3775	2221	3912	4252	3779	3322	3439	1750	1813	2397	2526	3388	3587	5250	3934	4856	3081	7260	1785
Rv2290	1696	2923	2547	2384	1996	2722	1645	2496	2214	2827	2608	2234	1875	2668	2966	2400	2312	2135	2176	2116	2446	1528	1713	1735	3191	2596	2963	2963	7355	1832
Rv2291	2869	3155	3569	2867	2328	2942	2666	2627	3654	3590	3058	2515	3044	2685	4565	3004	2455	2250	3724	3156	3528	2171	2229	2454	3583	3116	3064	4964	12078	3015
Rv2292c	253	357	272	300	217	340	244	293	255	336	331	251	302	289	325	296	241	247	227	179	247	157	188	189	388	294	305	434	1058	283
Rv2293c	387	717	338	451	396	481	301	606	284	523	556	441	370	601	373	437	431	405	339	326	401	274	351	327	666	595	691	546	1284	383
Rv2294	544	1607	660	876	849	941	466	1254	639	1126	878	703	494	987	641	795	649	624	318	280	350	398	488	455	1204	1117	1130	1723	4269	1096
Rv2295	1260	1978	1285	1394	1191	1693	1057	1633	1358	1799	1554	1247	1331	2031	1878	1559	1478	1434	1330	1193	1674	1034	1261	1568	1556	1412	1625	1187	2786	724
Rv2296	1958	2953	1592	1730	1608	2194	1573	2372	1547	2270	2109	1743	1804	2184	1779	1822	1523	1670	1026	900	1163	908	1127	1400	1643	1755	1666	2648	6100	1536
Rv2297	724	988	574	702	591	807	586	976	634	908	844	718	758	861	755	791	686	660	392	361	455	392	492	542	713	689	719	754	1727	453
Rv2298	1956	2396	1424	1617	1451	1987	1574	2080	1525	2147	1900	1585	1734	1824	1611	1694	1352	1374	880	751	829	813	924	1135	1525	1677	1527	2078	5107	1315
Rv2299c	3986	8086	4884	5614	4624	5764	3668	6303	4320	6581	5436	4591	4095	5805	5688	5024	4597	4161	4348	4124	4787	4562	4941	5301	8243	6693	7632	10553	25540	6234
Rv2300c	543	704	855	614	536	616	540	616	724	748	674	475	582	526	955	626	459	468	861	749	834	695	685	836	707	659	670	989	2316	571
Rv2301	794	1483	975	829	869	1038	692	1309	873	1228	1114	843	762	1162	930	916	762	745	627	473	617	580	642	986	727	966	823	863	2056	487
Rv2302	1222	1602	1029	857	1002	1213	1097	1324	1074	1182	1279	1034	1190	1175	1186	915	996	893	1140	1108	1114	1218	1082	1242	1362	1195	1272	1378	3227	797
Rv2303c	1913	2409	1517	1573	1410	1917	1739	2032	1453	1903	1865	1652	1927	2133	2009	1598	1494	1500	1615	1506	1782	1693	1471	1794	2035	1671	1853	1473	3412	825
Rv2304c	172	173	181	125	79	118	156	123	133	169	125	82	154	133	160	113	75	88	223	170	226	205	191	213	126	138	120	237	550	136
Rv2305	461	711	492	411	514	524	416	608	471	582	587	380	445	554	558	467	428	395	455	317	435	357	355	439	471	577	459	758	1923	484
Rv2307c	532	738	527	496	449	621	437	561	477	655	639	478	545	548	581	492	432	417	404	367	351	312	298	366	550	539	458	940	2233	566
Rv2307A	80	109	60	58	47	75	61	74	55	57	71	59	62	88	87	44	65	67	107	105	151	104	95	123	96	52	90	55	113	39
Rv2307B	120	225	124	95	115	151	109	187	111	143	170	126	103	199	148	124	143	123	248	207	225	205	162	162	202	140	183	71	219	50
Rv2307D	126	210	105	114	129	127	91	153	106	128	141	127	131	171	139	98	128	120	188	161	202	150	151	151	197	152	193	243	596	135
Rv2308	236	388	212	226	227	261	213	349	177	255	244	179	235	324	290	205	240	216	302	319	346	280	232	237	286	248	300	394	933	240
Rv2309A	48	62	20	32	36	46	44	51	29	42	40	32	27	40	35	29	35	32	21	21	18	26	31	23	59	39	31	41	91	35
Rv2310	19	34	17	13	14	28	18	26	17	19	18	12	17	18	21	17	24	18	18	7	13	8	6	14	19	24	16	15	47	16
Rv2311	107	212	104	145	131	131	89	176	91	147	134	115	115	174	135	133	102	107	123	115	131	94	103	122	192	152	170	167	410	124
Rv2312	165	254	135	145	112	177	113	192	116	158	149	127	116	180	173	160	143	128	187	177	243	175	179	159	222	160	174	254	595	148
Rv2313c	1630	1862	1468	1323	1210	1578	1365	1545	1539	1656	1637	1266	1468	1594	2035	1306	1341	1221	1890	1612	1942	1590	1607	1757	1829	1549	1617	1556	3667	934
Rv2314c	1938	3403	1868	1698	2011	2740	1601	3078	1783	2630	2730	2263	1956	2835	1936	2136	2109	2086	2080	1772	1863	1285	1396	1512	2227	2455	2151	3640	9409	2256
Rv2315c	1244	2580	1131	1361	1500	1814	991	2327	1028	1906	1907	1452	1141	2035	1225	1470	1490	1405	1414	1243	1417	1010	1039	1144	1910	1740	1731	3170	7713	1897
Rv2316	47	148	69	76	71	76	37	107	57	76	100	81	48	107	63	80	54	65	69	48	43	51	59	46	96	95	81	267	570	162
Rv2317	40	118	40	57	65	74	19	86	26	67	76	57	31	65	37	45	61	44	32	19	25	28	34	29	92	68	75	161	362	93
Rv2318	154	265	182	205	167	269	118	251	152	221	233	180	159	269	198	192	199	184	201	183	213	164	163	181	239	259	254	375	917	233
Rv2319c	225	302	137	152	192	223	227	275	154	209	227	187	219	223	182	180	180	181	313	253	275	303	245	317	225	260	241	250	643	193
Rv2320c	402	534	270	274	293	466	323	485	236	359	377	345	428	459	305	286	337	282	497	408	510	477	350	446	438	356	380	573	1303	376
Rv2323c	319	395	246	217	215	287	249	341	228	285	276	221	297	351	223	217	216	183	677	572	650	761	481	616	420	345	387	375	898	218
Rv2324	259	294	135	157	159	218	245	241	149	217	190	184	226	250	155	164	134	165	392	283	338	355	284	339	202	207	182	364	900	205
Rv2325c	3883	3391	1987	1894	2348	3614	3095	3251	2201	2962	3024	2727	3384	3043	2229	2299	2263	2547	3230	2572	3019	1792	1919	2316	2460	2980	2487	4025	9569	2426
Rv2326c	10278	8577	4784	4711	5735	8810	7691	8120	5138	7492	7686	7143	9034	7760	5530	5765	5690	6564	7970	6374	6912	5174	4622	5651	5994	7116	5989	11138	28719	6416
Rv2327	1110	1743	964	728	856	1393	970	1542	829	1083	1591	1307	1184	1657	1012	1044	1170	1401	2225	1820	2181	1367	1286	1785	867	1149	1045	3864	9201	2357
Rv2328	692	1472	541	893	608	884	581	1055	462	1025	811	693	750	1408	640	920	779	781	526	440	547	501	504	557	1085	959	938	1384	3701	905
Rv2329c	4133	11127	3495	7413	5209	7288	3049	8508	3017	8517	5894	5396	3978	8068	4300	6915	5531	5497	1843	1826	2376	2693	4055	3463	10649	8349	9771	6186	14972	3796
Rv2330c	123	150	125	105	64	112	113	133	102	125	97	79	126	125	118	104	85	103	209	180	262	152	136	171	172	110	154	207	487	139
Rv2331	385	627	293	488	350	543	257	516	206	541	432	410	343	417	284	427	335	343	497	475	440	310	291	280	653	490	459	1067	2736	657
Rv2331A	244	469	175	313	259	360	186	335	191	416	292	294	238	345	217	338	269	275	171	155	191	147	183	195	267	270	288	442	1009	281
Rv2332	1121	1459	745	985	708	1047	947	1164	605	1290	932	874	1132	1256	804	1001	835	935	665	580	737	620	661	770	1069	945	996	1346	3278	829
Rv2333c	1075	1156	718	835	665	894	881	881	742	973	893	744	994	791	851	815	653	663	695	591	633	681	623	726	914	835	833	1816	4158	1070
Rv2334	2842	7106	2468	3532	4328	4889	2488	6268	2485	4867	5684	3775	2795	6562	2826	3995	4752	4106	2217	1774	2292	1536	2459	2080	5329	5543	5180	5081	12631	3053
Rv2335	1517	3252	1203	1472	2138	2406	1204	3035	1207	2314	2913	1897	1424	2903	1237	1846	2147	1921	781	652	650	588	803	795	1742	2174	1628	1822	4583	1123
Rv2336	797	2274	900	1050	1126	1420	583	1689	767	1186	1341	1144	697	2114	975	1101	1397	1203	1212	1196	1506	1394	1535	1422	1837	1342	1834	537	1215	343
Rv2337c	891	2134	1360	1162	1127	1336	798	1534	1174	1316	1436	1138	948	1635	1488	1117	1132	1067	2047	1786	2027	1919	1724	1943	1753	1519	1511	1316	3321	789
Rv2338c	687	2299	1335	1210	1150	1374	581	1483	1074	1454	1284	1015	508	1513	1293	1072	1064	972	2409	2487	2666	1984	1940	2006	2335	1567	2034	1457	3437	881
Rv2339	3317	6571	3124	3887	3538	4524	2774	4727	2857	4788	4454	3588	2992	4943	3585	3567	3728	3463	3475	3096	3814	3017	3646	3432	6739	5141	6183	2726	6535	1696
Rv2340c	1461	1361	1202	854	943	1148	1136	1291	1336	1313	1286	952	1292	1035	1286	973	899	820	2236	1698	1834	1647	1297	1725	1187	1397	1069	2111	5116	1237
Rv2341	44	63	47	45	43	40	43	70	34	47	44	49	51	57	46	29	38	24	49	44	58	59	55	80	53	37	45	92	226	67
Rv2342	1046	1020	663	566	598	815	815	849	656	803	837	709	892	702	785	551	602	615	986	893	1050	853	831	881	899	844	843	1168	2598	697
Rv2343c	3644	5106	3094	2947	3163	4079	3078	4207	3059	4277	4267	3277	3563	3959	3427	3227	3197	3074	2580	2158	2392	2377	2379	2699	3704	3867	3271	5253	12774	3241
Rv2344c	1791	2512	1624	1596	1621	2128	1467	1981	1641	2383	2136	1645	1758	1913	1639	1808	1483	1456	1298	1004	1116	896	885	1098	1796	1952	1637	2221	5666	1395
Rv2345	3602	5044	2728	2424	3052	3973	2930	4463	2558	3708	3999	3144	3342	3790	2493	2726	2625	2948	2936	2341	2317	2216	2138	2427	2872	3567	2796	6014	14591	3671
Rv2346c	3446	6317	3242	6111	5202	7205	3054	5589	3446	7677	6122	5802	3189	4614	4171	6027	4434	4889	2152	2150	2318	2548	3211	3306	5193	5164	5533	3743	9085	2281
Rv2347c	3555	6940	3556	7785	6024	8598	2840	6049	3462	9212	7065	6754	2963	4993	4116	7340	5144	5565	1996	2057	2524	2340	3561	3707	6092	5992	6823	3153	7699	1882
Rv2348c	2383	4726	3022	3493	3417	4679	2239	4193	2665	4261	4266	3665	2247	3680	3046	3201	3182	2933	2818	2444	2980	2506	2978	3688	4184	4544	4429	3115	7271	1792
Rv2349c	691	2540	328	1261	1229	1258	528	1960	279	1501	1508	999	591	1988	358	1235	1241	992	540	544	612	402	722	371	2277	1743	2203	1563	3853	927
Rv2350c	746	3146	303	1434	1401	1431	457	2434	242	1789	1754	1165	583	2301	346	1472	1424	1133	903	832	978	537	877	489	2424	2013	2375	1884	4569	1171
Rv2351c	490	2062	543	1076	961	1069	393	1480	467	1284	1056	841	478	1361	628	951	800	739	821	792	791	475	608	525	1754	1342	1547	1982	4658	1193
Rv2352c	1197	2128	889	1791	1428	1968	835	2180	785	2035	1972	1641	941	1755	1085	1611	1353	1475	834	813	983	739	1100	1014	1907	1970	1956	1575	4132	1082
Rv2353c	86	218	50	97	112	124	68	171	44	139	115	100	54	182	62	100	107	103	75	80	109	46	82	54	219	143	181	90	205	118
Rv2357c	1199	2514	1456	1587	1359	1475	1040	1887	1215	1869	1603	1300	1142	1624	1649	1359	1220	1134	1539	1422	1674	1372	1435	1546	2846	2118	2257	3665	8616	2124
Rv2358	1071	800	997	504	512	686	944	682	756	682	693	607	1053	538	903	528	471	542	2836	2347	2666	2703	1985	2425	1070	937	1037	1759	4205	1060
Rv2359	1221	928	1166	616	619	741	1182	734	925	721	808	613	1431	756	1172	597	698	564	4077	3414	4340	4273	2642	3538	1377	1125	1321	1572	3606	914
Rv2360c	782	942	671	661	598	782	728	823	621	771	880	678	857	882	810	713	719	679	1489	1122	1523	1437	1289	1626	983	921	992	789	1883	507
Rv2361c	1040	2006	1024	1191	1049	1337	923	1513	932	1487	1427	1044	1091	1647	1160	1234	1234	1141	1429	1371	1623	1107	1195	1208	1757	1617	1751	1860	4293	1200
Rv2362c	767	1072	474	595	611	730	573	843	443	875	810	621	734	835	463	626	575	577	794	661	656	545	542	537	825	883	696	1569	3702	979
Rv2363	817	1574	784	1006	850	1158	659	1316	833	1270	1159	848	809	1276	869	993	809	871	643	527	611	472	607	597	1270	1227	1101	1777	4266	1024
Rv2364c	3062	3105	1594	1992	1835	2786	2488	2787	1596	2509	2481	2265	2862	2954	2074	2108	2006	2206	2520	2332	2591	1577	1526	1580	2451	2340	2507	1558	3826	864
Rv2365c	1010	846	487	442	508	773	694	704	515	712	696	646	829	709	518	561	501	538	580	462	492	345	315	412	423	584	464	438	1081	291
Rv2366c	5170	4464	2410	2658	2773	3995	4053	3925	2634	3759	3707	3286	4567	4184	3110	3140	2968	3267	3284	2879	3397	2259	2234	2566	3210	3350	3257	2410	5728	1409
Rv2367c	2547	2256	1393	1519	1377	2012	1985	1885	1369	1912	1907	1600	2244	2117	1717	1673	1584	1647	2353	2003	2615	1718	1624	1750	2117	1848	2082	1298	3066	804
Rv2368c	4890	6224	3030	3640	3454	4749	3836	5137	2658	4344	4433	3916	4562	4966	3513	3454	3700	3838	5232	4756	5812	4319	4000	4368	5572	4365	4843	5661	14628	3424
Rv2369c	418	506	262	266	273	364	311	415	235	333	363	285	335	406	268	254	280	281	560	444	483	519	436	520	446	372	378	505	1201	279
Rv2370c	303	497	242	304	267	332	231	420	217	389	317	268	233	426	261	303	263	262	240	197	213	208	279	287	401	353	339	290	741	240
Rv2371	144	153	116	62	62	108	109	108	99	94	83	72	130	95	101	75	62	63	133	82	99	70	69	76	77	103	69	149	373	108
Rv2372c	3820	2180	1386	1221	1355	1967	2744	2013	1426	1807	1814	1581	3298	1794	1478	1332	1226	1417	1947	1546	1600	1146	1045	1539	1176	1627	1174	2122	5243	1353
Rv2373c	10067	6528	3402	3739	3970	5329	7978	5827	3562	5273	5329	4331	8801	5476	3916	4337	3883	4088	6934	5259	6096	5234	4396	5490	4531	5217	4384	6743	16700	4082
Rv2374c	3854	5619	2847	3458	3324	4415	3211	4941	2680	4401	4056	3619	3558	4597	3298	3805	3287	3349	5634	4763	5407	3519	3174	3571	4361	4263	4726	4945	11864	3054
Rv2375	2407	4836	2807	3065	2968	3865	2113	3808	2717	3996	3837	3131	2232	3470	3181	3015	3078	2973	1849	1742	2122	1940	2401	2466	4332	3532	4075	3640	8651	2161
Rv2376c	3415	5211	4007	3382	3352	4221	2854	4421	3792	4780	4746	3579	3201	3420	4274	3479	2963	3027	3453	2893	3330	3061	3860	3872	5402	5511	5171	6843	15885	4120
Rv2377c	1276	288	335	209	179	516	1041	224	333	278	217	378	1142	207	386	172	193	307	221	208	238	178	192	235	237	227	252	247	563	165
Rv2378c	3600	844	880	582	573	1577	2700	749	874	837	726	1178	3356	669	1096	616	584	1093	547	443	570	357	418	453	674	700	663	1041	2515	630
Rv2379c	15147	3172	3600	2133	1989	6400	10340	2881	3595	2905	2613	4621	13607	2402	3797	2207	1782	4174	2126	1750	1819	1352	1357	1590	2361	2535	2042	5353	13120	3194
Rv2380c	24713	3139	3998	2202	2010	7913	17629	2847	4074	3158	2643	5290	22852	2597	4736	2332	1983	5152	2320	1972	2315	1615	1767	2184	2375	2453	2246	5815	13667	3568
Rv2381c	14836	977	2232	804	704	3287	10726	1009	2138	1309	1039	2436	13892	1016	2430	992	805	2478	1090	906	958	893	806	1089	887	967	832	2969	7172	1720
Rv2382c	12027	754	1356	569	665	2715	9516	727	1453	944	882	1939	11906	624	1667	649	601	1827	1661	1170	1284	2028	1305	2116	545	565	414	1794	4241	1014
Rv2383c	24086	1445	3106	1029	888	5190	18351	1443	2853	1482	1142	3546	22556	912	3075	980	754	2809	3398	2497	2884	3460	2509	3506	1189	1355	1026	6397	15480	3916
Rv2384	1334	225	212	150	125	547	1043	174	227	212	148	411	1378	147	240	152	119	310	120	115	109	145	140	192	133	171	114	472	1081	331
Rv2385	3819	343	382	294	224	1190	2827	319	366	360	273	879	3764	253	459	232	178	721	338	293	377	347	301	365	241	229	225	484	1160	330
Rv2386c	7293	512	839	371	257	2884	5614	466	769	491	301	1837	6989	355	973	333	227	1433	906	708	918	654	592	771	407	328	343	1340	3322	792
Rv2387	1565	2587	1454	1696	1523	2012	1371	2026	1300	2084	2031	1597	1506	2044	1604	1650	1725	1513	1127	1004	1301	1243	1637	1751	2288	1805	2018	1484	3467	924
Rv2388c	2096	2798	1131	1365	1613	2298	1572	2500	1294	2185	2369	1831	1891	2417	1365	1664	1670	1691	966	817	959	865	921	1141	1380	1561	1231	1861	4527	1105
Rv2389c	1174	1431	501	719	754	1131	903	1145	400	767	920	1023	1054	1147	579	624	800	893	1012	961	1138	1159	990	1074	866	656	815	755	1808	481
Rv2390c	479	1208	368	463	547	778	407	883	306	493	655	670	508	868	334	416	507	675	462	430	474	379	456	400	692	579	604	592	1426	402
Rv2391	17703	28383	7091	10305	15338	23751	13160	25273	6917	14801	20476	19141	15500	28390	8421	13022	17723	19965	14164	11285	14203	9976	10177	13249	10944	11723	11435	11669	27529	6842
Rv2392	6847	11163	2362	3595	5867	8921	5087	9991	2404	5430	8001	7252	5975	10400	2909	4678	6300	7345	5224	4437	5316	3832	3939	4842	4227	4239	4477	4938	11882	2844
Rv2393	6779	10474	2021	2767	5576	8782	4780	10904	2096	4856	8025	6981	5796	9614	2055	3796	5642	6594	3860	2716	3602	2972	2713	4034	2919	3835	2941	4392	10950	2637
Rv2394	4478	9174	2353	3364	4624	7159	3199	9012	2351	5187	6122	5422	3766	8056	2558	3719	4393	5242	2022	1735	2066	1354	1760	2246	3249	3820	3227	5291	12723	3221
Rv2395	2312	5991	1682	3228	3031	4390	1782	4825	1730	3949	3831	3525	2087	4825	2248	3179	3115	3180	1000	907	1177	875	1333	1100	3382	2962	3182	3023	7219	1835
Rv2395A	13353	17841	23463	12321	13224	15479	11697	13519	21456	17687	17244	12656	12429	10720	21115	12952	9797	9121	32556	24655	20019	22559	13927	17221	12433	14029	9452	17150	42887	11334
Rv2395B	1820	3485	2070	2349	2157	2365	1295	2774	2031	2858	2679	1781	1426	2722	2447	2093	2092	1723	2515	2140	2285	1673	1549	2135	1968	1914	1643	3106	7649	1849
Rv2396	5358	8386	5608	5119	6175	7130	3816	9141	5962	8046	7806	5256	4741	7231	5950	6086	5191	5175	2864	2477	2379	2055	1891	2714	2892	3729	2459	5184	14022	3151
Rv2397c	2714	3391	1422	1783	2122	2694	2016	3525	1524	2658	2819	2106	2486	3027	1500	2158	1994	2122	1244	1059	1089	1194	1109	1381	1194	1377	1110	2655	6447	1535
Rv2398c	1344	1886	457	895	880	1206	1185	1583	424	1060	1180	1006	1282	1901	600	920	1108	966	913	801	1000	1031	841	1129	930	726	937	1668	4019	960
Rv2399c	2021	2056	747	1103	1067	1500	1689	1732	599	1399	1522	1189	1833	1804	810	1160	1189	1149	1271	1044	1370	1390	1263	1671	1183	1162	1170	1861	4579	1149
Rv2400c	1823	2686	700	1279	1201	1789	1488	1995	674	1724	1724	1382	1765	2455	848	1391	1523	1339	1182	936	1158	1239	1164	1428	1358	1336	1261	2255	5428	1411
Rv2401	327	591	186	313	274	358	256	447	150	387	351	272	255	476	191	311	292	263	256	222	271	255	261	325	458	339	349	882	2065	521
Rv2401A	141	204	83	93	86	153	144	157	60	133	135	86	136	136	77	91	75	86	88	68	68	94	86	103	144	145	118	270	610	150
Rv2402	1955	2983	1548	1768	1790	2334	1609	2423	1503	2386	2342	1829	1935	2308	1895	1832	1829	1774	1351	1191	1476	1640	1737	2163	2131	2246	2041	3409	7989	2131
Rv2403c	1366	1973	1108	1421	1334	1801	1251	1657	1127	1978	1799	1518	1326	1584	1411	1576	1419	1414	944	834	1076	1395	1599	1966	1742	1668	1760	2100	4900	1236
Rv2404c	1489	2734	1377	2016	1650	2080	1384	2201	1296	2422	1973	1722	1545	2040	1448	1913	1557	1596	924	894	1015	1388	1470	1707	2291	1852	2084	3657	8737	2265
Rv2405	1995	1320	1182	951	868	1331	1693	1052	1072	1154	1125	1127	1940	874	1244	1031	796	909	1380	1175	1290	1553	1350	1615	1240	1110	1002	1937	4796	1146
Rv2406c	919	2235	817	1065	1152	1795	827	1699	772	1403	1633	1458	981	1698	922	1007	1210	1403	519	448	548	765	815	990	914	997	945	1063	2632	682
Rv2407	175	185	147	125	121	151	140	131	143	152	129	117	173	138	201	139	100	120	159	145	153	160	140	167	156	153	140	202	522	152
Rv2408	847	1164	469	550	646	889	729	1117	434	761	882	751	875	1066	490	621	706	692	477	511	522	591	569	632	986	883	957	849	2009	515
Rv2409c	1497	2197	717	934	1101	1471	1223	1900	682	1332	1471	1309	1416	1971	804	1083	1157	1279	835	781	902	901	1013	1075	1789	1705	1885	1627	3868	934
Rv2410c	1818	2423	735	1025	1196	1645	1383	2245	794	1432	1536	1349	1639	2104	912	1183	1337	1327	1040	915	1148	1057	1187	1203	2192	2025	2034	2219	5231	1317
Rv2411c	2477	3571	1341	1529	1654	2256	1893	3061	1202	1986	2113	1870	2172	2556	1446	1553	1500	1628	1632	1565	1601	1625	1708	1842	3122	2904	2964	3778	9567	2394
Rv2412	2037	4459	2771	2848	2333	2869	1659	2960	2230	3386	2771	2025	1791	2481	2596	2239	1862	1707	1970	1792	1686	1892	2062	2176	4203	3376	2998	8581	20088	5182
Rv2413c	1137	2148	1414	1274	1266	1509	951	1751	1291	1808	1658	1115	1053	1469	1300	1277	1006	1027	1339	1031	993	1013	998	1100	1765	1628	1235	2943	7203	1884
Rv2414c	1083	1541	1366	1358	1226	1495	935	1320	1439	1961	1635	1297	1086	1129	1527	1482	1131	1067	698	587	707	643	699	875	1242	1488	1099	2897	6937	1848
Rv2415c	257	328	284	236	214	275	247	252	258	306	296	207	277	220	261	238	177	186	147	107	95	120	136	166	247	286	188	532	1406	369
Rv2416c	1021	620	1399	336	340	413	1240	446	782	400	406	339	1443	428	891	331	326	333	174	205	202	176	279	231	688	831	725	827	1944	491
Rv2417c	1635	2536	1335	1409	1595	2195	1433	2231	1475	2106	2296	1749	1720	2204	1511	1693	1678	1815	726	520	604	437	577	554	1527	1908	1323	1609	3931	995
Rv2418c	810	1487	692	908	888	1209	670	1140	748	1247	1093	994	794	1250	767	1017	936	976	361	370	339	309	499	484	1193	1170	1025	1248	3164	728
Rv2419c	1109	1748	996	1244	1212	1504	907	1426	1124	1726	1507	1255	1090	1403	1165	1277	1060	1027	468	401	471	414	546	624	1288	1482	1162	1841	4692	1174
Rv2420c	586	1027	541	738	583	787	460	844	516	938	736	628	532	805	599	666	574	596	264	258	274	279	373	391	845	876	727	1060	2574	614
Rv2421c	803	1338	768	888	770	1008	622	1122	597	1051	892	775	728	947	746	770	716	632	585	527	643	563	582	621	1144	990	966	2052	4825	1121
Rv2422	54	44	47	34	32	28	37	44	40	39	41	33	62	29	40	40	22	24	27	29	25	25	24	45	51	53	31	237	635	155
Rv2423	459	436	180	225	222	343	393	343	170	266	265	280	484	331	210	236	215	257	177	156	186	206	252	224	334	290	345	473	1076	287
Rv2424c	456	652	273	373	354	524	391	598	286	478	501	415	475	659	386	453	458	452	253	218	276	222	276	289	425	400	415	402	891	246
Rv2425c	1850	2853	1834	1775	1836	2403	1608	2379	1640	2447	2513	2031	1907	2416	2237	1958	2091	1963	1310	1126	1313	1194	1498	1677	2592	2598	2433	3111	7693	1909
Rv2426c	1229	1909	1164	1157	1260	1626	982	1762	1114	1604	1673	1321	1192	1651	1286	1346	1319	1316	770	677	979	808	1010	1299	1403	1673	1579	2124	5289	1282
Rv2427c	2515	4535	2481	2480	2852	3403	2131	3624	2326	3617	3712	2703	2331	3431	2413	2694	2579	2585	1986	1722	1763	1678	1938	1953	3436	3842	3207	10428	26545	6488
Rv2428	1735	1101	4032	1704	946	776	1451	745	2547	1614	957	594	1692	575	3896	1207	752	498	2950	3296	3926	4698	4845	5981	5057	3618	4868	8668	20441	5218
Rv2429	1997	2629	3736	2662	1992	1857	1692	1779	2677	2775	2283	1400	1990	1991	3910	2206	2209	1345	2783	2857	3482	4413	4829	5799	5955	4556	5523	8674	20154	5108
Rv2430c	1589	4527	2112	3624	3368	2996	1282	3702	1771	3855	3939	2346	1538	4011	2701	3427	3864	2414	1253	1325	1883	1367	2494	2044	6571	4705	6163	6980	16255	4173
Rv2431c	323	1667	344	1045	983	815	250	1063	352	860	1098	595	336	1401	474	827	1098	535	321	345	399	241	526	318	1883	1249	1650	2368	5545	1481
Rv2432c	170	307	129	195	202	230	120	242	111	244	224	157	160	251	134	184	214	147	93	92	101	83	118	99	314	233	262	357	806	212
Rv2433c	72	161	50	107	99	131	63	144	77	138	138	108	78	133	86	111	110	95	38	31	25	36	39	43	145	146	117	327	710	186
Rv2434c	368	1023	312	652	663	710	315	825	310	766	865	602	347	955	429	646	668	591	169	142	201	169	279	209	879	773	876	852	2244	558
Rv2435c	642	1520	498	992	906	1091	549	1150	453	1119	1087	920	595	1252	628	926	1019	859	305	350	371	323	517	388	1484	1059	1514	1294	3092	880
Rv2436	506	761	248	327	354	439	310	582	183	471	537	426	436	624	208	404	413	363	672	505	583	279	319	345	647	700	629	1206	2876	767
Rv2437	292	499	155	261	243	342	234	402	143	265	320	259	254	389	192	290	306	268	332	260	262	164	187	168	403	334	402	374	861	214
Rv2438c	3097	5554	2020	3070	3150	4159	2724	4448	1981	4037	4170	3559	2964	4488	2512	3335	3359	3412	3827	3370	3906	2429	2713	2532	4751	4340	4633	5002	11796	2903
Rv2438A	93	253	79	118	143	184	96	252	73	172	201	156	114	215	82	153	158	173	96	68	68	46	80	70	171	186	188	235	568	148
Rv2439c	1369	1709	730	1012	1466	1984	1083	1959	980	1787	1955	1554	1256	1567	770	1300	1269	1331	318	219	259	333	383	561	638	893	599	1631	4024	906
Rv2440c	2599	4359	1670	2749	2715	3656	2497	3872	1878	3773	3607	2815	2757	3792	2024	2842	2793	2889	717	678	827	945	1317	1513	2361	2652	2324	4625	11557	2702
Rv2441c	1650	3641	1797	2385	2037	2701	1501	3007	1740	3133	2684	2091	1679	2505	2112	2226	1856	1760	717	718	840	819	1326	1483	2793	2892	2705	5422	12695	3207
Rv2442c	1820	4906	2327	3097	2794	3533	1695	3696	2110	3862	3172	2656	1751	3444	2559	2744	2700	2526	867	845	1037	1145	1786	1800	3533	3648	3493	5083	12294	3102
Rv2443	2708	3824	1920	2520	2273	3294	2244	3219	1847	3244	3141	2718	2702	3390	2271	2691	2428	2606	1617	1383	1753	1252	1495	1604	2659	2403	2590	3515	8903	2171
Rv2444c	18178	26260	12569	16270	17066	23068	15064	23014	12953	22699	22412	18641	17537	23026	14627	18666	17467	17787	13123	11307	12426	10143	10649	12230	17412	18185	17120	27461	67063	16785
Rv2445c	1076	2485	1301	1651	1398	1685	921	1757	1257	1932	1622	1205	1095	1749	1393	1393	1323	1113	802	755	859	738	937	928	2147	1688	1738	2671	6372	1560
Rv2446c	645	923	539	562	663	764	545	894	642	883	876	609	689	966	710	752	807	678	526	435	488	334	467	486	899	923	803	828	1969	476
Rv2447c	3222	4520	2832	2529	3170	3883	2772	4458	3019	4080	4374	3003	3323	4240	3245	3136	3314	2992	2392	1871	2095	1467	1736	2050	3245	3958	3070	4568	11652	2965
Rv2448c	3964	6733	4284	3855	4250	4991	3436	5898	4070	5427	5329	3756	3879	5287	4497	4046	4166	3618	5474	4550	5028	3311	3568	3953	5864	6462	5569	8763	21466	5470
Rv2449c	2033	2203	1995	1163	1474	1704	1682	2014	1948	1885	2023	1471	2035	1659	2200	1467	1296	1284	2880	2515	2622	1782	1662	2122	1804	2035	1635	4494	11672	2793
Rv2450c	819	427	2164	924	821	469	740	330	1990	1180	838	338	949	310	1968	1011	672	297	378	372	373	270	444	655	1303	1675	1143	6414	16758	3894
Rv2451	1064	633	2536	1095	731	786	1013	469	1889	1212	868	589	1045	635	2016	1112	924	714	1160	1108	1294	960	1200	1352	1849	1620	1468	2930	6938	1687
Rv2452c	195	144	167	160	122	182	175	108	157	191	167	132	152	152	157	153	186	179	156	161	214	176	196	217	287	195	216	120	269	59
Rv2453c	2808	1236	2021	1364	1197	1538	2335	1076	1807	1925	1592	1230	2715	1200	2039	1461	1371	1301	2666	2078	2455	2429	1839	3009	1584	1698	1291	2273	5414	1425
Rv2454c	12284	5300	7545	5616	4567	5873	10210	4375	7145	7675	5985	4906	12118	4417	8119	5967	5081	4915	13236	10758	12879	13107	10031	14462	7097	7417	6723	11655	28141	7068
Rv2455c	19817	10279	13535	10570	8166	10732	17246	8427	12342	13810	10431	8824	19340	7676	14734	10857	8009	8018	25587	22356	25299	21364	16885	22425	13679	12912	13005	22459	54158	13967
Rv2456c	1663	3176	864	1652	1622	2378	1206	2741	837	2335	2284	1913	1444	2904	1031	1755	1826	1807	689	625	721	673	920	863	2064	2111	1983	2262	5415	1404
Rv2457c	17054	29231	10694	16855	15672	20625	13104	23328	9848	20560	20040	16783	15205	25047	13801	16326	17222	16933	12617	12491	16061	14950	17189	17740	27493	22835	27873	19531	46607	12154
Rv2458	457	495	367	290	264	396	368	344	328	412	390	297	407	321	378	290	228	242	486	363	377	363	333	432	351	402	313	649	1425	360
Rv2459	3625	4435	2412	2999	2734	3695	2842	3562	2341	3604	3671	3049	3272	3734	2844	2820	2834	2921	2835	2542	3116	2495	2544	2880	3597	3108	3321	3074	7568	1981
Rv2460c	10904	7635	4498	5318	4909	7312	8899	6292	4301	6931	5972	6134	9059	5649	5512	5386	4657	5410	5252	4758	5887	5848	5780	6847	6811	5810	6462	6862	16544	4126
Rv2461c	10302	7074	3931	4905	4177	6787	8285	5842	3717	5927	5294	5707	9049	5535	4861	4856	4204	5389	5236	5068	6034	6651	6412	7392	6174	5181	6050	5951	14281	3475
Rv2462c	5502	9249	5498	6532	5686	7249	4779	7706	5556	8584	7163	5731	5305	6828	6350	6736	5572	5270	4904	4190	5410	4294	4872	5950	8101	8099	7943	13775	32740	8326
Rv2463	3756	7833	3091	5061	4794	5983	2965	6371	3081	6964	6216	4724	3580	5765	3465	5176	4523	4452	2485	2191	2497	2276	2737	2842	5914	6123	5573	8491	20557	4997
Rv2464c	1826	2140	1046	1374	1286	1639	1441	1776	970	1633	1719	1312	1753	1828	1103	1388	1367	1300	867	713	834	700	821	1041	1498	1628	1468	1822	4378	1225
Rv2465c	4746	1112	951	686	733	888	4234	954	848	926	1001	663	4591	758	965	826	634	621	1331	961	1105	1459	1000	1500	755	915	695	1994	5062	1328
Rv2466c	18140	557	1903	194	225	271	17284	413	1274	255	294	201	18330	408	1505	208	215	200	7414	6055	8216	7556	4841	6762	500	427	441	1204	2814	729
Rv2467	5963	7305	5034	4236	4599	5254	4752	6361	4924	5793	5678	4239	5417	5561	5176	4304	4196	3839	4457	3868	4345	3486	3606	4188	5731	5935	5353	10330	25689	6380
Rv2468c	2227	4390	3283	2626	2714	3103	1866	3741	3214	3818	3554	2381	2041	2933	3272	2692	2322	1927	2437	1896	2258	1786	2034	2515	2988	3745	3016	4505	11135	2714
Rv2468A	954	1988	1319	1197	1165	1440	773	1645	1319	1577	1415	1020	810	1398	1286	1114	1084	954	974	881	927	749	930	1013	1519	1603	1349	1988	4797	1199
Rv2469c	718	1244	1011	775	724	862	643	934	898	1049	919	702	682	798	1080	774	711	640	1369	1173	1306	1051	1070	1277	1042	1102	1164	1045	2504	617
Rv2470	996	1386	741	680	782	1037	841	1093	648	958	1102	897	932	1198	807	847	905	992	1530	1409	1496	1070	1079	1081	1363	1230	1440	1326	3285	821
Rv2471	2832	3331	1831	1931	2074	2693	2266	2727	1821	2567	3015	2197	2804	2867	2107	2104	2217	2152	3026	2497	2959	2282	2171	2401	2525	2680	2385	2094	5083	1326
Rv2472	479	640	399	400	411	466	381	502	360	568	521	372	470	528	417	409	390	371	589	504	834	577	627	729	484	463	510	587	1264	382
Rv2473	787	1014	552	657	710	903	677	906	546	867	914	722	741	918	641	730	680	748	646	512	711	478	546	686	836	792	798	455	1126	275
Rv2474c	1944	2331	1446	1567	1687	2226	1719	2206	1462	2269	2533	1928	2055	2404	1895	1895	1951	1819	1595	1301	1562	944	1107	1315	2038	2069	1912	1552	3817	914
Rv2475c	2933	3824	2109	2456	2678	3283	2521	3260	2278	3489	3567	2964	2933	3698	2850	2798	3134	2781	2116	2018	2263	1602	1809	2068	3346	3150	3268	3031	7360	1721
Rv2476c	18264	23541	15285	14793	16103	20539	15681	20862	15423	20876	21029	16372	18991	21390	18471	17301	17934	17059	17813	14860	17441	12207	13146	15207	21277	21429	20235	27291	65825	16304
Rv2477c	6888	10946	6470	7291	6714	8255	6074	8756	5618	8390	8042	6643	6526	8227	7236	6625	6228	6000	7479	6544	7061	5914	5778	5535	10868	9122	9566	15292	37388	8977
Rv2478c	214	322	150	223	204	248	138	219	191	339	246	188	151	231	229	243	209	178	98	69	82	73	86	74	266	229	195	209	504	134
Rv2481c	93	145	85	103	79	119	105	117	85	115	119	105	91	113	101	99	94	93	84	77	111	77	93	84	98	100	81	141	357	92
Rv2482c	3453	4464	2417	2757	2672	3937	3012	3782	2432	3717	3612	3349	3441	4135	2995	2994	3146	3406	3867	3408	3992	3025	2795	3607	3415	3322	3354	4227	10179	2582
Rv2483c	2324	2968	1505	1695	1810	2843	1887	2925	1604	2509	2360	2294	2279	2757	1802	1889	1976	2318	2882	2505	2896	2209	1812	2392	2156	2158	2106	2935	7363	1848
Rv2484c	3028	3626	1975	2063	2320	3517	2470	3560	2201	3082	2996	2806	2934	2811	2416	2290	2095	2536	4085	3436	3814	2839	2316	2958	2319	2630	2320	4144	10253	2599
Rv2485c	263	1657	196	331	561	932	217	1470	163	461	768	767	278	1090	181	287	446	625	344	284	271	274	303	294	475	416	411	829	1982	520
Rv2486	1086	1097	1425	1754	707	894	902	826	1702	2696	861	649	1041	698	1638	2101	656	563	1023	718	889	771	666	1020	709	924	716	1173	3186	784
Rv2487c	280	313	26992	19780	244	358	214	510	30885	32619	321	268	224	318	29323	24105	180	219	121	113	108	99	92	116	119	214	134	249	641	188
Rv2488c	674	1127	91881	66209	698	982	582	1023	106760	101548	836	723	657	864	102855	73365	605	645	482	363	356	347	384	388	636	732	594	1108	2595	658
Rv2489c	28	45	825	740	35	27	17	50	966	1211	32	24	24	28	863	892	21	16	32	7	14	16	10	18	25	38	25	85	185	48
Rv2490c	664	523	56055	33925	459	656	416	1050	62528	55979	588	473	519	504	60472	40095	384	431	316	254	248	230	246	303	265	433	285	675	1716	451
Rv2491	39	95	1527	1290	48	68	51	69	1344	1431	64	38	37	60	1359	988	49	56	61	47	49	55	44	54	101	63	63	81	169	50
Rv2492	128	296	3265	2567	155	197	113	205	3064	3576	146	157	93	168	2828	1956	122	132	121	125	174	95	135	131	229	183	243	122	240	91
Rv2493	398	942	1037	884	411	441	325	648	1083	1244	549	376	357	637	1327	966	369	322	563	454	534	327	408	357	656	620	655	929	2264	633
Rv2494	1299	1715	1181	1295	892	1145	974	1281	1142	1747	1167	874	1253	1440	1415	1451	1077	874	1603	1265	1649	826	942	972	1397	1366	1375	1488	3631	957
Rv2495c	5467	4761	2704	3142	3151	4139	4452	4022	2561	4223	4150	3318	4943	4371	3030	3533	3500	3250	6474	4778	5797	4097	3271	4430	3710	4174	3829	6384	16289	3952
Rv2496c	4267	2844	1829	1833	1844	2354	3470	2424	1559	2387	2244	1926	3823	2565	1848	2022	1932	1887	5745	4576	5334	3738	2713	3355	2804	2628	2602	5806	14198	3480
Rv2497c	4338	2614	1752	1629	1594	2063	3701	2208	1537	2071	2097	1695	3857	2270	1789	1748	1736	1753	7953	6194	7311	4566	3133	3861	2603	2453	2506	6058	14553	3574
Rv2498c	1132	1179	1686	631	724	1049	960	1010	1353	773	1016	781	1057	940	1629	640	673	733	2112	1580	1784	1464	1052	1778	850	1012	763	1469	3682	908
Rv2499c	685	797	1138	499	443	642	606	638	779	517	631	536	626	791	1250	426	564	585	1723	1556	2055	1171	1028	1492	737	652	772	893	2093	486
Rv2500c	2304	2704	3578	1481	1535	2140	1949	2172	2521	1877	1954	1817	1893	2431	3810	1512	1881	1922	5522	5244	6593	3876	3816	4977	2928	2325	2775	2679	6295	1585
Rv2501c	2351	2545	3885	1347	1498	2113	2004	2212	3076	1905	1990	1769	2186	2235	4021	1529	1641	1643	6030	4969	5725	3763	3331	5905	1789	2083	1795	2380	5589	1373
Rv2502c	1572	2450	2910	1122	1375	1794	1324	1941	2234	1554	1801	1496	1495	2020	3093	1205	1488	1485	5323	5016	5645	5817	5083	9157	1864	1857	1674	2622	6202	1534
Rv2503c	552	940	1118	456	523	704	444	831	709	513	656	586	520	901	1043	441	554	623	2969	2781	3441	2935	2544	4953	670	742	736	1179	2929	707
Rv2504c	878	1449	1556	780	830	1170	768	1252	1153	999	1121	995	922	1184	1548	760	819	864	4245	3723	4634	3827	3581	6243	1137	1140	1139	1845	4694	1156
Rv2505c	466	756	465	381	372	440	357	564	403	439	507	392	419	507	498	356	353	361	1088	1013	1134	1185	965	1512	577	483	452	1068	2569	690
Rv2506	416	451	441	239	260	401	340	388	311	331	381	299	449	403	388	260	279	309	1653	1147	1447	1152	940	1375	429	475	436	857	2051	527
Rv2507	1585	1699	1396	1028	1012	1332	1375	1437	1154	1353	1350	1155	1607	1155	1528	1199	1011	1171	2294	1969	2760	2139	1983	2548	1647	1471	1745	2008	4816	1207
Rv2508c	1023	1542	906	916	952	1233	840	1288	880	1245	1201	980	918	1125	1004	990	849	899	1017	838	1113	1010	1075	1228	1269	1224	1108	1659	4038	1041
Rv2509	1531	3116	1546	2095	1840	2311	1233	2496	1455	2706	2571	1857	1485	2377	1836	2108	1857	1781	1235	1077	1126	1025	1284	1294	2453	2376	2264	3888	9375	2529
Rv2510c	874	2372	941	1508	1405	1686	679	1979	951	1843	1812	1283	801	1986	1113	1477	1463	1202	459	355	488	522	667	731	1613	1483	1406	1456	3527	928
Rv2511	446	849	507	601	423	561	413	627	441	610	590	435	424	508	503	474	373	367	449	388	478	397	426	418	618	598	537	1421	3301	889
Rv2512c	2392	4239	1572	5874	4286	6464	1779	4022	1958	7797	5196	5017	2041	2903	2332	5648	3347	3638	539	547	689	585	1238	1091	3341	3547	3430	1928	4738	1204
Rv2513	619	1233	352	772	697	937	469	1016	333	971	829	742	554	1099	453	703	751	710	334	378	478	366	497	392	1075	801	1060	776	1861	406
Rv2514c	136	269	92	174	135	189	95	205	76	188	191	161	148	219	100	149	152	184	120	83	102	71	92	84	205	186	238	171	525	125
Rv2515c	245	346	154	156	181	236	228	263	154	226	271	206	235	223	168	195	172	159	243	212	202	179	154	184	300	260	227	516	1235	353
Rv2516c	1411	1020	830	785	641	943	1265	807	706	956	891	802	1336	999	1048	767	827	736	1590	1604	2102	1431	1287	1584	1260	952	1265	1190	2723	708
Rv2517c	435	325	300	231	209	304	354	234	217	275	287	247	351	336	316	228	238	233	542	511	633	506	439	473	413	309	376	357	844	172
Rv2518c	1926	2704	1904	2297	1716	1675	1497	2027	1564	2829	2108	1396	1609	1624	1691	2137	1489	1156	3826	3299	3399	2664	2539	2706	4241	3509	3399	7962	19117	4813
Rv2519	2469	5117	2986	3723	3129	3906	2075	4161	2616	4719	4012	3014	2449	3929	3207	3789	3037	2717	1840	1642	2196	1640	1972	2193	4008	3716	3696	7562	18312	4537
Rv2520c	184	579	275	392	246	311	180	410	194	394	291	229	192	316	257	262	201	213	207	180	225	178	233	209	524	398	430	1068	2452	719
Rv2521	1098	1883	1175	1199	1282	1414	1102	1517	1234	1606	1574	1279	1232	1494	1614	1314	1255	1224	2013	1843	2184	1596	1656	1907	1643	1391	1704	1400	3154	829
Rv2522c	1425	2700	1615	1944	1817	2498	1239	2454	1826	3078	2360	1898	1495	2205	1811	2351	1727	1668	1199	997	1249	911	1151	1274	1700	2017	1611	2601	6536	1627
Rv2523c	391	1372	482	959	771	1021	383	1058	672	1352	941	709	381	964	675	1018	704	698	202	197	185	218	351	303	913	893	816	1538	3824	902
Rv2524c	20390	44088	10430	13890	36250	35620	14920	48036	10115	22961	48586	28462	18930	38792	10714	16819	33458	28360	23705	19869	19986	13340	15594	14148	34274	43174	33036	37654	94414	22963
Rv2525c	1299	4818	439	1233	1989	2313	846	3513	317	1700	2222	1626	799	2931	277	1100	1641	1465	2685	2262	2118	1307	1606	1084	3426	3668	3137	5881	14392	3448
Rv2526	413	633	107	254	321	341	325	504	127	375	389	291	292	407	121	223	253	263	474	345	350	320	319	238	447	585	469	571	1416	350
Rv2527	356	491	109	262	269	322	274	452	131	340	333	259	309	394	135	257	300	308	368	240	289	251	298	246	437	479	458	468	1097	300
Rv2528c	355	638	139	274	303	396	298	502	148	384	391	321	287	497	183	304	343	335	355	293	340	224	289	226	549	458	475	553	1308	366
Rv2529	269	541	202	259	279	348	210	491	171	411	349	255	208	432	194	248	271	253	173	115	160	109	187	157	317	360	294	435	1077	271
Rv2530c	555	1159	312	574	611	799	443	1023	316	727	818	639	529	981	445	602	606	685	338	262	346	239	384	321	777	738	901	543	1296	369
Rv2530A	500	947	233	530	529	682	409	785	279	634	590	606	420	768	401	507	484	465	227	216	321	193	295	295	660	551	680	353	782	227
Rv2531c	3565	4766	2264	3283	2785	4083	3067	3987	2317	4159	3933	3351	3638	4290	3062	3577	3384	3304	2541	2350	3198	2124	2502	2942	3780	3484	4107	3471	7992	2143
Rv2532c	1039	1245	777	742	805	1143	791	1174	764	1150	1097	914	959	1022	837	932	768	778	713	618	642	524	567	762	936	994	802	1668	3863	979
Rv2533c	2591	2788	1660	1570	1828	2518	1928	2422	1691	2573	2395	1875	2372	2145	1653	1894	1666	1728	1480	1175	1196	999	1112	1397	1712	2139	1642	3195	8080	2095
Rv2534c	2802	3465	2099	2293	2249	2959	2278	3191	2058	3128	2687	2218	2640	2862	2172	2535	2244	2276	1877	1634	2166	1582	1799	2093	2875	2850	2893	4689	11177	2716
Rv2535c	3520	4024	3200	2655	2424	3212	2916	3534	3398	3747	3346	2549	3326	3235	3551	2861	2467	2353	3238	2807	2951	2427	2130	2911	3076	3410	3019	3988	9728	2375
Rv2536	2457	4160	2457	2300	2320	2827	1978	3192	2223	3016	3082	2092	2168	3042	2345	2188	2049	2002	2158	1747	2164	1785	1929	2363	2964	3201	2680	3115	7609	2001
Rv2537c	1348	1901	1097	1081	1134	1396	1096	1540	937	1361	1441	1163	1329	1643	1191	1112	1186	1101	1383	1133	1311	1130	1176	1360	1659	1552	1494	1518	3731	943
Rv2538c	1729	2316	1378	1193	1510	1928	1511	2281	1286	1759	1975	1601	1775	1912	1438	1374	1506	1492	1447	1153	1339	891	925	1280	1446	1885	1505	2369	5976	1462
Rv2539c	1147	1327	854	593	930	1125	857	1535	772	1043	1176	855	1060	1061	753	733	793	800	796	630	727	438	467	639	686	996	657	1703	4432	1063
Rv2540c	4158	4051	3108	2006	2966	3665	3219	5238	3096	3400	3800	2873	3647	3336	2762	2541	2458	2738	3343	2414	2612	1823	1589	2433	1791	3344	2046	5635	14932	3612
Rv2541	286	331	174	165	242	284	191	362	204	252	255	200	239	225	226	195	158	148	69	36	54	54	55	99	67	184	75	202	671	188
Rv2542	2393	2551	1465	1996	2034	2539	2098	2377	1548	2517	2774	2194	2389	2248	1919	2143	2013	2042	1005	841	1081	1317	1210	1810	1473	1691	1516	1762	4419	1073
Rv2543	1259	1218	1085	1415	918	1220	1007	972	1139	1538	1366	1011	1262	1094	1598	1421	1151	988	921	824	1032	688	902	956	1524	1214	1370	1067	2398	693
Rv2544	1028	1039	917	1150	748	1011	842	813	952	1249	1129	832	1055	929	1288	1176	984	838	781	685	893	583	743	784	1282	992	1153	863	2004	573
Rv2545	62	101	32	50	43	68	54	71	33	70	70	56	66	78	41	68	63	49	49	44	49	30	46	41	75	70	89	76	169	42
Rv2546	31	45	23	16	23	35	16	51	18	18	26	20	31	38	21	23	18	24	26	30	34	16	30	27	30	32	24	50	98	39
Rv2547	273	497	176	210	235	295	289	400	186	297	351	222	305	330	215	203	221	215	255	245	236	297	237	252	430	377	360	659	1509	397
Rv2548	755	1042	547	716	542	800	613	801	507	790	767	596	697	909	583	592	591	548	767	679	770	676	675	664	951	768	812	995	2179	619
Rv2548A	970	1466	769	894	710	928	765	979	617	993	904	740	831	1056	702	795	706	666	1037	921	880	955	903	912	1332	1065	1131	1606	3774	869
Rv2549c	277	628	236	357	309	487	266	472	227	500	426	384	258	472	269	397	315	385	263	225	226	235	266	246	457	442	401	429	992	261
Rv2550c	222	415	186	275	227	344	200	333	210	334	292	277	215	290	228	298	195	241	201	187	157	173	191	215	344	310	307	393	1073	280
Rv2551c	651	913	379	479	590	888	574	813	444	726	777	694	610	761	432	490	497	527	291	177	197	186	186	215	284	400	245	224	487	128
Rv2552c	2333	2860	1356	1398	1826	2753	1681	2903	1437	2172	2482	2140	2048	2490	1476	1758	1739	1968	1374	1031	1138	608	682	705	1253	1722	1236	1689	4467	892
Rv2553c	4910	6605	3333	3536	4136	5819	3957	6727	3125	4911	5317	4714	4658	6233	3717	3908	4132	4933	3644	3244	3563	2263	2313	2474	4201	4205	3970	5031	12450	2913
Rv2554c	2248	2659	1213	1095	1635	2470	1522	2859	1355	1788	2120	1844	1884	2410	1125	1425	1484	1834	1413	1004	1003	782	695	868	1094	1684	993	2690	6780	1603
Rv2555c	17847	22032	10322	11515	13514	18879	14663	20949	10415	16441	17834	15255	17719	19914	12409	13618	13999	14970	15944	13590	15739	11688	11375	13513	13399	14731	13868	20724	51136	12411
Rv2556c	2484	2804	1775	1656	1800	2606	2152	2283	1699	2420	2439	2225	2479	2089	1964	1873	1823	2006	3173	2673	3120	2506	2520	2846	2201	2394	2386	5405	13703	3376
Rv2557	4757	3243	4205	1955	2295	2767	4220	3008	4516	3066	3260	2457	4746	2632	5129	2333	2439	2268	10888	8921	10200	10057	6510	11104	2412	2670	2289	3600	8610	2174
Rv2558	3434	2255	3250	1423	1560	1811	2762	1967	3210	2074	2218	1616	3192	1791	3411	1564	1528	1421	9210	7329	7493	5450	3738	5737	1977	2100	1645	3314	7865	1959
Rv2559c	1366	1023	810	423	615	857	1047	1005	900	684	841	587	1096	745	764	503	537	578	1462	1116	1235	1037	748	1122	636	779	505	1281	3143	743
Rv2560	474	1878	379	792	830	987	437	1532	293	1051	1010	736	533	1192	356	719	616	653	453	369	460	399	535	476	1327	1149	1222	2282	5285	1439
Rv2563	614	2492	650	1303	1237	1445	498	1857	648	1630	1402	1055	556	1558	662	1081	978	938	299	251	296	327	492	421	1515	1381	1253	2766	6759	1786
Rv2564	599	2304	677	1245	1198	1537	526	1742	703	1802	1447	1181	630	1520	784	1225	1002	1039	247	247	278	321	519	453	1419	1452	1196	2081	4974	1262
Rv2565	1178	2570	930	1661	1442	2017	958	2144	868	2136	2038	1598	1129	2378	1135	1703	1713	1694	845	786	891	682	883	879	1731	1732	1705	2346	5480	1420
Rv2566	1493	2677	1143	1328	1576	1899	1070	2331	1075	1786	1946	1508	1443	2039	1337	1407	1423	1341	1004	933	832	883	857	816	1608	1698	1321	2594	6412	1569
Rv2567	1946	4886	1403	2532	2580	3368	1470	4081	1407	3438	3435	2679	1759	3960	1719	2680	2503	2571	1397	1244	1260	938	1273	1069	3220	3341	3098	3875	9257	2438
Rv2568c	540	1307	541	796	663	880	468	1046	514	887	815	761	540	1056	623	765	752	736	529	475	543	448	573	630	952	899	911	929	2205	613
Rv2569c	357	535	333	347	308	376	286	468	302	378	363	309	337	379	355	330	254	266	436	369	430	355	362	409	423	442	396	792	1872	498
Rv2570	210	307	117	177	181	234	190	265	121	207	229	192	228	239	152	166	191	186	295	224	302	238	191	234	213	173	163	211	510	111
Rv2571c	877	1562	625	911	862	1191	762	1353	614	1152	1198	899	920	1229	725	885	925	879	471	423	462	494	547	549	1141	1139	919	1515	3476	918
Rv2572c	1911	3628	1762	2012	2105	2742	1599	3083	1795	3126	2620	2080	1844	2735	1683	2163	1890	1969	1150	956	1039	995	1271	1321	2377	2672	2053	4476	11297	2699
Rv2573	144	285	155	164	197	208	113	232	161	242	244	192	104	201	180	169	143	151	113	76	89	78	92	107	204	207	149	306	756	219
Rv2574	756	1515	757	711	854	998	634	1134	673	949	1091	780	700	1080	805	744	679	791	817	724	762	634	679	670	1054	937	1053	1212	3224	733
Rv2575	2502	3323	2031	1919	2096	2585	2008	2779	1988	2636	2795	2124	2423	2779	2595	2114	2225	2096	2558	2142	2698	1796	1890	2274	2629	2658	2642	3003	7309	1930
Rv2576c	3571	4640	3231	2548	3102	3558	3416	3958	2845	3673	4228	3484	3848	3504	3453	3046	3084	3156	5819	4817	5848	3546	3897	3889	4856	4659	5319	7066	16721	4276
Rv2577	235	375	235	265	234	249	208	272	219	329	272	232	233	299	305	257	242	215	205	173	200	213	212	245	376	295	306	602	1393	383
Rv2578c	110	281	112	104	151	181	90	203	113	151	225	139	125	177	117	121	149	137	265	224	241	174	181	169	256	277	219	571	1544	391
Rv2579	402	999	389	539	531	640	343	809	322	618	660	533	426	762	459	496	508	479	448	402	467	482	432	520	828	688	681	1585	3812	939
Rv2580c	2478	3859	2460	2301	2654	3302	2170	3437	2616	3619	3599	2784	2501	3452	2821	2860	2848	2536	3902	3041	3606	2015	2216	2495	3170	3887	3286	4373	10725	2690
Rv2581c	1322	2725	1528	1435	1633	1982	1174	2295	1362	2143	2123	1728	1362	2167	1570	1786	1675	1578	2377	1942	2314	1223	1403	1470	2193	2318	2315	3003	7570	1903
Rv2582	562	1878	810	1016	945	1149	482	1497	664	1328	1026	884	548	1192	782	1033	840	798	701	561	799	494	784	751	1545	1432	1569	2888	6585	1748
Rv2583c	11778	9843	7329	6893	6504	8747	9730	8848	7034	9560	8509	7374	11158	8196	8026	7480	6664	6639	14646	11890	13374	11529	8923	11648	8144	8403	8190	12143	29751	7422
Rv2584c	4917	5370	3409	3915	3502	5451	3988	4707	4027	5764	4809	4435	4571	4241	4197	4239	3398	3855	2397	2040	2445	2853	2439	3855	2855	3509	2761	4739	11567	2626
Rv2585c	3582	5567	2394	3345	3416	4718	2809	4704	2553	4551	4232	3717	3454	4341	2918	3766	3128	3478	1597	1420	1556	1856	2035	2109	3847	3726	3236	7192	18386	4387
Rv2586c	8987	10793	6034	6353	7080	10082	7363	9721	6323	8693	8937	8009	8981	8925	7129	7198	7192	7647	4725	4317	4628	4089	4559	4976	8636	8562	8041	15958	38942	9725
Rv2587c	8548	10902	6082	5703	7004	9912	6570	10801	6145	8559	8895	7425	7757	9580	6647	6847	7033	7593	5332	4698	5521	4308	4980	5944	8620	8677	8226	12673	30735	7823
Rv2588c	1635	2200	1290	1281	1360	1885	1312	1923	1374	1686	1620	1338	1452	1814	1767	1277	1381	1366	982	1016	1382	1154	1283	1365	2029	1675	2015	2119	5071	1170
Rv2589	2097	2888	2029	1644	1896	2358	1869	2664	1875	2371	2583	1977	2171	2475	2156	1909	1978	1916	2821	2301	2614	1722	1727	2084	2320	2685	2455	4473	11520	2733
Rv2590	9263	12158	6682	6462	8207	15559	7458	11345	6582	10059	12476	13205	9544	13255	8493	9013	10231	14300	6615	6327	8386	5617	6240	10577	5936	6720	6525	12215	29433	7376
Rv2591	1082	1891	670	863	1111	1826	748	2464	692	1251	1573	1496	879	1462	772	900	975	1298	412	345	462	353	488	555	719	925	727	1369	3207	859
Rv2592c	751	2193	238	865	1139	1395	499	2165	262	1432	1606	1060	672	1905	273	1046	1200	1000	678	568	524	337	502	362	1327	1758	1368	2893	7254	1795
Rv2593c	402	1264	98	504	709	784	236	1186	121	768	879	538	271	1154	103	571	661	576	363	283	244	154	265	172	816	991	699	1821	4732	1178
Rv2594c	828	2904	321	1198	1579	1553	522	2447	314	1726	1892	1289	705	2369	351	1283	1401	1137	834	781	744	504	773	408	2813	2558	2272	5478	12947	3384
Rv2595	350	612	255	291	293	390	291	459	229	340	387	305	310	372	282	291	311	283	538	371	437	334	369	346	524	507	562	1124	2875	689
Rv2596	381	547	280	332	326	341	333	418	255	408	398	272	360	458	320	341	281	305	562	460	580	413	449	403	558	494	576	781	1863	480
Rv2597	593	1098	587	633	585	737	491	931	573	855	817	581	552	805	626	598	659	536	781	598	690	536	606	631	803	795	802	1482	3653	895
Rv2598	158	280	187	176	133	189	122	198	145	212	200	133	170	218	135	152	141	127	209	163	172	141	159	178	180	240	179	417	962	252
Rv2599	216	413	284	245	226	311	186	369	242	334	326	266	227	339	263	250	269	276	149	143	145	142	170	195	283	283	304	253	601	145
Rv2600	1070	1940	1266	1221	1339	1721	892	1889	1360	1760	1715	1374	1135	1579	1600	1397	1275	1300	449	413	477	357	468	534	1009	1407	1054	856	2126	589
Rv2601	1678	2101	745	988	1363	1784	1328	2109	962	1725	1897	1389	1563	1748	987	1283	1285	1370	854	665	769	687	673	808	919	1214	893	741	1991	509
Rv2601A	1018	901	361	468	496	684	969	881	392	660	760	623	1046	886	522	597	621	618	1018	821	1095	823	749	801	708	721	806	473	1194	314
Rv2602	2136	2359	1163	1517	1291	1772	1815	1991	1053	1900	1894	1410	2148	2146	1463	1702	1556	1483	1826	1534	1962	1465	1432	1540	1995	1853	1927	1406	3299	834
Rv2603c	3621	5632	3187	3986	3159	4133	3122	4586	2932	4929	3734	3042	3321	4305	3368	3669	3112	2999	3010	2539	2881	2467	2792	2778	5358	4950	4934	6204	14897	3811
Rv2604c	1609	1840	1178	1041	1339	1642	1292	1631	1167	1630	1718	1369	1402	1424	1269	1250	1272	1151	875	660	773	669	668	849	1397	1616	1266	2328	5668	1338
Rv2605c	2702	3529	2082	2195	2396	2876	2433	2968	2082	2977	2859	2283	2714	2924	2316	2400	2398	2295	2050	1678	2046	1798	1785	2095	2947	2778	2643	4051	9924	2405
Rv2606c	3485	4417	3027	2707	2803	3304	3078	3599	2805	3445	3264	2559	3320	2904	3425	2706	2390	2144	3632	3261	3296	2641	2756	2709	4829	4253	4223	9132	22081	5460
Rv2607	146	384	181	214	191	227	102	237	144	252	195	157	138	196	134	171	120	141	227	214	237	304	312	365	359	286	263	1029	2429	616
Rv2608	1202	2004	1267	1391	1287	1735	1046	1857	1233	1861	1737	1333	1087	1578	1381	1364	1242	1165	854	694	889	671	738	932	1114	1311	1180	1565	4055	1120
Rv2609c	2877	3670	2120	2172	2661	3536	2353	3489	2392	3436	3540	2793	2938	3546	2580	2734	2816	2957	1302	1105	1188	976	1163	1287	2355	2949	2205	2917	7167	1675
Rv2610c	2554	3184	1872	2047	2283	2880	2075	3044	2074	3001	3089	2438	2643	3039	2453	2446	2502	2478	1556	1430	1675	1229	1458	1559	2764	3094	2726	3214	7556	1925
Rv2611c	1597	2168	1330	1283	1406	1913	1393	1803	1288	1950	1863	1479	1545	1846	1410	1495	1501	1512	1276	984	1159	1023	1041	1241	1663	2088	1773	2491	6233	1503
Rv2612c	1366	1624	1004	980	1180	1552	1153	1517	1101	1533	1566	1212	1291	1382	1211	1175	1146	1112	1012	831	843	724	724	826	1401	1517	1188	2125	5335	1327
Rv2613c	1345	1769	1032	1263	1186	1662	990	1540	907	1548	1500	1223	1324	1577	1139	1243	1336	1227	1026	917	1019	817	833	903	1788	1546	1648	2307	5802	1473
Rv2614c	3396	5212	2812	3088	3282	4297	2924	4423	2636	4318	4035	3361	3477	3884	3011	3309	3095	3208	3232	2728	3075	2209	2486	2552	4460	4572	4323	8636	20668	5112
Rv2614A	240	261	232	202	202	281	189	277	268	306	265	202	205	189	264	223	164	142	121	90	113	96	102	154	102	178	108	234	657	131
Rv2615c	1958	2418	2139	1748	1677	2202	1674	2298	2374	2640	2218	1788	1912	1744	2440	1899	1457	1478	1313	968	1079	1015	1066	1544	1204	1913	1146	3178	8067	1950
Rv2616	1964	1178	1006	729	906	1154	1695	969	1060	1082	1227	1120	1786	841	1192	758	751	857	1805	1368	1501	2052	1376	2105	640	858	605	952	2187	531
Rv2617c	1813	1171	1050	711	754	1041	1476	1035	909	977	1068	850	1614	993	1081	803	866	890	1688	1340	1962	2080	1505	2114	782	788	826	601	1427	393
Rv2618	1413	852	815	483	555	701	1165	696	733	766	812	617	1323	671	803	589	569	557	1393	1097	1222	1414	1029	1598	546	681	531	826	2044	502
Rv2619c	649	534	343	263	278	394	582	449	304	389	382	298	631	395	340	307	293	272	737	622	691	591	504	636	405	425	431	863	2074	530
Rv2620c	615	490	245	245	252	344	495	400	244	331	328	287	510	408	270	273	298	230	570	426	529	474	401	470	430	429	385	728	1820	500
Rv2621c	961	678	402	341	410	486	781	576	386	533	555	359	737	535	378	376	364	330	723	522	563	629	459	560	530	610	474	1359	3300	806
Rv2622	311	290	126	137	124	190	282	203	134	184	169	149	263	181	156	158	123	148	210	169	176	230	180	223	191	222	160	545	1316	331
Rv2623	245	196	141	165	217	166	209	422	451	680	446	265	230	207	538	675	276	508	1009	887	995	805	565	773	382	367	371	1176	2982	702
Rv2624c	117	75	60	57	55	55	89	77	67	99	76	56	94	76	70	90	52	98	808	761	742	732	525	680	339	225	259	359	972	258
Rv2625c	130	147	91	130	122	134	103	163	100	177	137	112	95	126	109	175	124	130	1904	1519	1699	1586	971	1475	588	545	526	399	1004	270
Rv2626c	39	68	42	42	68	74	42	127	77	171	123	93	54	71	89	171	82	159	776	697	899	620	476	704	274	194	276	125	362	96
Rv2627c	73	115	102	109	126	93	63	306	338	547	333	214	79	197	697	703	277	464	1010	946	970	804	589	674	390	248	347	223	522	162
Rv2628	113	160	133	121	123	117	112	166	192	249	185	126	121	134	301	265	150	168	384	343	393	306	248	328	248	195	216	301	716	195
Rv2629	1976	1341	1514	1344	1099	1621	1770	1451	1389	2001	1730	1435	2059	1449	1988	1668	1502	1600	3079	2662	3178	2206	1951	2507	2136	1730	1962	2956	6784	1755
Rv2630	536	429	344	371	313	492	490	364	348	556	462	423	507	447	425	443	420	502	577	530	572	438	350	429	424	393	390	543	1341	306
Rv2631	1488	2075	1322	1270	1381	1680	1232	1786	1252	1734	1901	1557	1449	1815	1625	1406	1473	1383	1508	1411	1714	1296	1181	1562	1436	1307	1293	1178	2942	744
Rv2632c	854	1559	961	919	938	1166	724	1157	960	1042	1095	935	814	1162	1203	844	902	889	1279	1287	1276	1323	1072	1265	1224	891	991	1064	2570	674
Rv2633c	656	1559	919	887	975	1295	596	1118	702	1062	1102	1010	645	928	867	745	779	796	1339	1207	1582	1616	1384	1692	1164	759	1066	903	2007	523
Rv2634c	921	809	665	547	595	657	704	943	529	759	763	609	820	623	601	585	459	469	989	945	896	624	590	773	726	812	644	994	2362	654
Rv2635	13	35	10	19	19	23	16	29	15	17	21	17	19	23	11	17	13	13	34	35	26	24	24	19	34	25	34	58	102	28
Rv2636	192	290	167	205	140	198	142	210	149	264	192	155	182	198	191	167	129	178	148	123	162	189	169	206	216	149	183	298	693	170
Rv2637	416	729	371	358	354	481	336	620	365	475	511	436	427	493	383	413	331	303	386	314	345	312	343	350	503	532	442	904	2071	544
Rv2638	465	470	488	318	298	414	397	380	397	392	357	321	405	334	431	300	271	260	831	650	766	578	486	703	300	296	269	474	1128	303
Rv2639c	2341	657	482	454	408	530	1837	549	537	594	550	476	2141	493	644	414	412	377	936	801	995	909	733	959	590	521	553	712	1589	448
Rv2640c	3695	270	463	172	157	197	3008	208	347	223	206	166	2855	227	380	159	197	160	1109	973	1160	1751	1290	1724	246	235	236	453	1174	267
Rv2641	36222	558	4035	292	259	343	31733	448	3104	434	352	260	33914	460	3722	343	270	279	14050	10838	20589	14655	10297	15594	375	289	344	475	1196	312
Rv2642	10434	370	1200	201	183	227	9209	296	1013	261	222	194	9039	234	947	210	184	179	3768	2982	3880	4506	2841	4630	216	263	210	255	634	173
Rv2643	6052	449	709	301	256	358	4446	463	653	391	371	281	5144	381	614	298	265	259	1849	1534	1933	2596	1746	2850	343	366	376	493	1289	367
Rv2644c	243	233	203	194	165	216	205	186	155	237	248	198	222	200	214	215	192	154	213	192	203	206	204	259	259	196	207	263	592	155
Rv2645	230	490	234	292	249	369	158	392	219	426	315	288	175	366	225	345	230	263	190	125	151	117	118	183	198	246	190	366	1068	258
Rv2646	335	677	358	501	399	617	246	656	383	695	533	476	336	598	389	613	407	452	198	188	236	170	229	284	359	381	330	638	1529	452
Rv2647	123	306	107	178	171	240	127	239	101	234	207	161	122	269	130	191	184	180	121	87	114	81	81	102	130	126	143	125	284	75
Rv2650c	1431	923	601	477	664	930	1137	945	590	720	878	734	1315	788	703	589	602	739	2186	1554	2035	1204	886	1372	592	868	673	1274	3197	789
Rv2651c	607	486	342	251	303	404	493	414	315	345	363	281	597	373	409	231	325	316	1411	1139	1439	608	494	628	441	542	472	1162	2847	750
Rv2652c	254	221	153	132	132	194	210	171	127	154	189	143	213	155	150	154	146	142	360	284	376	229	189	254	219	189	204	224	590	126
Rv2653c	10	26	15	11	16	22	15	32	13	15	27	17	12	23	14	12	17	18	28	16	24	14	14	9	7	16	15	15	38	22
Rv2654c	3	13	5	5	6	5	7	13	8	5	5	8	8	12	8	7	1	8	12	3	5	8	1	5	5	7	3	4	21	6
Rv2655c	948	1218	1326	1063	946	1199	841	1002	1114	1262	1113	860	1073	1036	1254	1074	931	1042	1405	1173	1353	1015	974	1057	1102	1031	1021	2453	5902	1301
Rv2656c	1051	1267	1241	1053	1010	1309	937	1009	1314	1634	1302	1049	1010	1096	1533	1200	940	948	1016	780	855	662	611	807	865	996	769	1721	4397	1123
Rv2657c	513	628	535	498	412	546	382	532	455	603	570	427	487	553	491	523	436	407	933	808	873	610	486	645	542	447	440	924	2366	559
Rv2658c	427	225	170	156	162	196	432	179	148	209	191	170	480	256	228	187	195	155	1649	1491	1846	1089	709	854	357	226	336	351	892	217
Rv2659c	692	351	284	240	229	287	572	317	302	333	320	261	644	310	364	272	266	279	1713	1354	1803	981	791	906	420	345	423	530	1278	364
Rv2660c	553	340	372	179	215	264	494	234	258	234	258	219	475	254	221	183	181	212	2908	2874	2345	1711	1285	1224	632	544	501	632	1572	335
Rv2661c	134	177	139	133	113	153	127	137	134	177	151	123	153	158	160	117	122	130	210	174	278	151	143	178	146	136	123	153	395	106
Rv2662	124	193	159	167	129	139	109	161	140	195	149	129	146	168	224	169	133	164	156	141	186	142	123	148	148	138	175	145	337	95
Rv2663	171	319	203	228	221	255	148	215	185	264	231	204	182	217	246	180	183	157	223	225	274	230	246	286	322	209	258	246	657	153
Rv2664	162	147	174	112	135	174	142	143	154	172	181	139	153	125	178	129	102	127	245	204	296	183	207	308	137	157	174	102	277	62
Rv2665	907	1157	946	740	784	1007	748	971	899	1021	937	717	849	1003	1025	798	756	713	1260	1054	1107	807	709	893	960	1024	812	954	2471	605
Rv2667	98	109	64	71	54	87	93	93	49	58	80	66	134	98	52	55	51	50	104	72	72	65	64	73	68	74	74	180	445	133
Rv2668	427	459	368	262	281	387	363	383	372	389	415	300	403	312	393	277	258	249	851	665	799	1199	995	1410	280	359	275	769	1874	483
Rv2669	395	516	296	266	257	313	353	365	282	377	401	301	450	379	376	284	322	311	653	559	666	1144	1004	1379	330	289	297	277	630	169
Rv2670c	376	756	314	405	417	514	336	552	306	494	521	406	431	518	385	372	399	412	313	292	349	382	361	423	541	498	499	617	1408	387
Rv2671	419	821	478	452	483	638	336	696	478	588	614	491	403	522	467	441	442	420	456	393	403	289	315	306	541	610	549	1103	2638	699
Rv2672	2496	2483	1300	1148	1365	2157	1928	2077	1213	1857	1865	1558	2244	1665	1289	1327	1226	1405	1435	1196	1328	1247	1278	1560	1576	1830	1503	3569	8773	2223
Rv2673	810	1941	740	1188	1000	1308	655	1421	750	1529	1285	1014	864	1422	924	1157	1017	964	592	562	746	605	751	815	1400	1153	1320	1615	3830	1022
Rv2674	1637	2638	1492	1574	1603	2150	1460	2172	1442	2004	2089	1639	1734	2090	1862	1748	1663	1743	1596	1423	1819	1479	1618	1705	2057	1912	2244	3043	6971	1768
Rv2675c	2190	1911	1045	1101	1149	1767	1705	1614	1020	1514	1547	1372	2016	1674	1215	1206	1251	1360	2074	1691	2085	1430	1389	1574	1528	1568	1512	1564	3855	920
Rv2676c	1316	1224	589	571	666	1049	1035	1114	616	850	890	875	1228	1004	701	692	694	860	1110	880	1014	796	783	820	819	849	793	1288	2989	736
Rv2677c	2514	2714	1763	1299	1861	2475	1831	3458	1892	2121	2357	1887	2191	2226	1779	1541	1501	1856	1711	1211	1242	1034	940	1148	1390	1989	1258	2634	7143	1615
Rv2678c	2217	2894	1712	1284	1816	2357	1700	3109	1718	2105	2401	1858	2024	2262	1698	1595	1614	1748	1910	1567	1584	1245	1082	1293	1691	2133	1467	3279	8320	1901
Rv2679	1090	1625	809	774	971	1237	787	1455	919	1279	1246	920	974	1381	772	944	868	837	433	357	381	442	502	661	876	1138	808	1378	3581	845
Rv2680	1553	3140	807	1530	1772	2101	984	2898	765	2349	2213	1610	1422	2666	785	1788	1626	1555	1822	1380	1355	932	1125	952	2247	2518	2217	2971	7250	1905
Rv2681	2116	3830	1083	1944	2093	2595	1502	3446	960	2716	2888	2192	1878	3328	1103	2082	2134	2109	1381	1160	1211	780	1100	968	2434	2712	2339	2400	5872	1460
Rv2682c	5778	7413	3331	3677	4817	6373	4356	6984	3554	5547	6465	5000	5186	6872	3643	4361	4893	4832	3662	3093	3440	3260	3487	3952	5427	6240	5282	7332	17726	4359
Rv2683	856	1001	793	756	650	826	655	708	624	826	721	581	785	690	773	626	558	579	905	766	1101	850	832	940	1069	798	959	1950	4527	1168
Rv2684	1930	2426	1481	1703	1476	2011	1707	1922	1406	2161	1884	1693	1835	1995	1794	1665	1568	1554	1201	1072	1407	1135	1348	1318	2303	1957	2036	2928	6984	1718
Rv2685	2650	2541	1914	1932	1649	2341	2329	2112	2009	2395	2150	1923	2680	2441	2472	2111	1989	1884	1104	975	1212	1031	1270	1661	1917	1867	1903	2347	5495	1480
Rv2686c	854	580	357	393	311	537	707	474	340	487	387	407	847	513	453	351	386	423	862	620	833	628	566	669	504	431	424	961	2230	618
Rv2687c	624	376	248	213	194	345	558	305	213	324	307	273	636	337	243	229	229	277	712	603	676	532	436	471	303	303	306	716	1682	462
Rv2688c	1177	743	535	453	436	705	994	578	522	657	650	505	1087	656	544	524	472	508	1393	1106	1245	899	744	887	667	611	538	1394	3488	912
Rv2689c	618	748	386	485	498	735	495	719	443	789	714	610	567	767	523	580	530	550	440	316	335	360	354	415	513	619	435	717	1850	458
Rv2690c	1700	2131	1276	1428	1208	1780	1431	1811	1331	1889	1547	1447	1597	1611	1525	1464	1218	1254	1503	1286	1397	1315	1225	1457	1823	1742	1712	2724	6542	1609
Rv2691	746	1415	1063	1005	855	1032	564	1055	982	1268	1056	799	784	963	1044	937	791	704	957	815	931	704	733	767	1310	1179	1082	2404	6122	1467
Rv2692	1192	2081	1844	1500	1410	1702	1136	1579	1971	2258	1872	1370	1267	1607	2091	1556	1272	1221	1940	1583	1795	1327	1362	1717	1845	1897	1697	3152	7680	1865
Rv2693c	2079	1604	1125	1020	943	1516	1717	1282	1182	1442	1179	1112	1985	1409	1335	1022	1023	1117	2699	2169	2404	1829	1583	1809	1453	1411	1254	1496	3559	866
Rv2694c	2905	1405	806	947	705	1317	2142	1085	747	1036	903	1070	2401	1046	960	813	661	853	2747	2336	2336	2601	1731	1956	1706	1226	1275	2256	5525	1315
Rv2695	533	416	269	246	281	367	375	367	364	412	349	295	482	359	329	316	250	254	262	213	214	238	163	279	217	275	178	417	1014	245
Rv2696c	4813	4371	3247	2709	2839	3886	3763	3895	3226	3964	3671	3213	4370	3345	3421	3027	2571	2722	2396	1939	2079	1976	1967	2412	3112	3535	2973	5120	13043	3123
Rv2697c	1931	2390	1125	1064	1246	1609	1518	1883	1030	1441	1456	1355	1733	1318	1168	1120	911	948	945	713	685	756	790	809	1721	1774	1449	3125	8353	2046
Rv2698	2442	1204	707	773	650	877	2235	840	642	887	747	611	2585	719	796	648	587	539	1237	981	1089	1449	1080	1196	1132	904	923	1798	4228	1063
Rv2699c	2616	929	365	534	445	603	2382	714	329	632	554	511	2491	672	426	506	420	460	731	569	634	1126	754	943	852	606	625	1205	2840	748
Rv2700	1266	1880	1496	1150	1177	1378	1168	1490	1277	1660	1419	1010	1216	1244	1248	1089	1016	907	2375	1809	2229	2056	1916	2350	1696	1559	1441	3175	7552	1923
Rv2701c	545	873	700	595	655	711	460	749	680	900	821	545	545	672	854	677	566	515	534	426	496	457	499	613	695	817	668	1416	3576	866
Rv2702	1463	1373	1465	1057	1039	1217	1226	1173	1393	1379	1268	1019	1484	1027	1650	1115	898	860	1847	1522	1788	1664	1425	1741	1518	1423	1471	3195	7775	1992
Rv2703	10433	13244	9704	10295	9020	12422	8034	11281	8636	13299	11157	9167	9716	10654	9796	10198	9054	9013	10614	9328	11423	9628	10149	12200	14562	13894	13661	22272	53239	13513
Rv2704	995	960	801	765	676	887	749	720	729	951	842	724	926	835	851	761	660	668	848	686	799	776	745	902	1055	1043	896	1593	3552	951
Rv2705c	672	614	650	559	453	608	475	514	509	664	573	457	637	483	677	537	456	484	636	587	665	687	671	747	702	615	593	1026	2276	615
Rv2706c	5098	1990	1545	1459	1250	1370	5130	1537	1176	2025	1568	1266	4868	1153	1337	1696	1124	1240	8102	6510	6910	5568	4362	4269	3160	2480	2759	5709	13897	3445
Rv2707	10552	3522	2752	2824	2091	2784	9129	2776	2306	3202	2521	2164	10064	2855	3119	2716	2237	2152	12678	10939	15584	8809	6823	7392	5042	3691	4672	4717	10999	2891
Rv2708c	1287	1239	915	763	746	1045	1184	1008	885	1017	1053	934	1256	915	1235	926	772	836	1295	1144	1514	1200	1229	1203	1120	998	1199	1029	2355	630
Rv2709	1293	1345	1043	863	864	1201	1170	1233	1060	1354	1314	1166	1397	1292	1350	1182	1224	1222	1712	1658	1947	1471	1429	1678	1285	1231	1392	1362	3546	774
Rv2710	36787	12326	5444	6257	5740	15474	29572	10391	5003	7725	7405	12688	32809	10786	6231	6699	6508	12938	24861	21357	24640	23592	17886	19580	12484	11103	13319	19425	46518	11394
Rv2711	7790	4605	3174	2672	2779	4432	6182	3647	2855	3913	3997	3849	6892	3937	3431	3136	2923	3646	6797	5327	6541	5281	4494	5902	3982	4550	4208	6308	15782	3805
Rv2712c	1796	1215	799	800	658	1026	1352	971	722	994	914	841	1668	1090	920	805	767	858	1127	1034	1429	1074	1021	1209	980	922	953	1347	3219	837
Rv2713	1937	3295	2036	2026	2310	2557	1665	2801	2181	2672	2710	2195	2052	2070	2644	2132	1913	1630	2042	1814	1964	1855	1573	1887	2936	2324	2384	6295	17304	3457
Rv2714	2451	2778	1615	1792	1748	2162	1952	2289	1450	2299	2167	1724	2213	2002	1608	1786	1638	1660	1688	1404	1675	1452	1664	1906	2604	2280	2410	3164	7526	1947
Rv2715	4492	6750	3295	4598	4303	5569	3833	5703	3188	6002	5685	4706	4323	5760	3714	4995	4489	4225	1937	1603	2143	2017	2662	3011	4928	5245	5189	5218	12577	3045
Rv2716	927	1843	939	1118	1115	1371	776	1502	906	1554	1530	1116	990	1655	1163	1291	1311	1283	671	602	852	594	859	924	1408	1234	1488	1007	2406	602
Rv2717c	380	619	312	402	387	441	291	522	340	463	422	342	340	488	382	375	371	318	299	321	393	375	394	459	508	423	482	489	1132	298
Rv2718c	1411	1414	891	911	827	1056	1111	1158	794	1076	997	874	1263	984	1008	846	726	704	1305	1136	1213	1057	947	962	1398	1145	1199	2897	6712	1796
Rv2719c	398	999	142	309	521	499	281	879	142	483	613	374	320	727	146	333	419	349	369	270	300	301	306	331	492	622	465	1319	3479	777
Rv2720	2353	4807	1516	2156	2887	2964	1950	4284	1345	2884	3903	2545	2222	4219	1843	2506	3013	2599	4653	4068	4312	2539	2957	3189	4934	4874	4964	7374	17945	4537
Rv2721c	4158	16876	1755	5434	7847	7992	2821	14382	1648	7675	9722	6351	3533	13245	1894	5983	7545	5988	2462	2246	2562	2057	3793	2330	12007	11903	11019	13185	32029	7797
Rv2722	257	436	149	225	224	311	187	416	119	252	303	208	235	357	184	220	222	220	132	117	145	167	171	196	338	306	359	357	792	187
Rv2723	736	1336	743	874	740	987	543	943	635	971	817	768	628	992	777	694	629	680	538	524	666	762	804	856	1355	891	1003	1388	3422	811
Rv2724c	2279	2543	1152	1243	1143	1667	1869	2087	901	1480	1489	1427	2082	2101	1379	1142	1245	1233	2612	2541	2983	2957	2330	2786	1977	1480	1906	3785	8911	2366
Rv2725c	5854	6514	3688	2972	3944	5918	5228	6245	3436	4479	4957	4559	6197	5579	3306	3490	3701	4174	1654	1440	1490	1516	1809	1902	4162	4954	3916	4215	10878	2651
Rv2726c	3574	3634	1746	2029	2320	3352	2873	3389	1991	2909	2984	2847	3157	2829	2067	2234	2058	2249	1319	1142	1250	1154	1181	1615	2143	2586	2132	3107	7879	1906
Rv2727c	944	852	690	449	522	670	750	767	611	647	779	576	838	659	713	519	567	502	1190	989	1158	820	771	973	770	920	704	1290	3128	720
Rv2728c	532	479	362	205	312	387	416	383	345	291	344	289	447	364	351	262	247	271	652	535	461	409	342	421	308	404	274	560	1571	334
Rv2729c	1853	1145	1943	919	923	1071	1501	1016	1845	1237	1195	914	1748	765	2341	940	854	719	5250	4246	5123	3511	2783	3475	1968	2186	1930	3480	8145	2151
Rv2730	350	395	332	183	219	252	251	316	249	271	267	223	336	255	261	192	202	183	488	397	404	385	282	433	213	316	250	485	1166	308
Rv2731	1966	2258	1544	1111	1407	1863	1514	2025	1500	1848	1850	1353	1675	1740	1524	1295	1302	1286	2150	1707	1856	1643	1396	1933	1566	1953	1353	2661	6349	1607
Rv2732c	2152	2388	1743	1409	1730	2134	1686	2179	1727	2193	2248	1751	1960	1808	1770	1606	1563	1436	1226	929	964	936	945	1240	1540	2048	1331	3226	8043	1994
Rv2733c	3359	4221	2773	2625	2632	3342	2616	3552	2402	3478	3395	2555	3010	3151	2601	2618	2468	2406	2541	1951	2310	2111	2003	2570	2964	3448	2848	6625	16417	4024
Rv2734	1031	1747	584	776	771	902	803	1378	415	875	805	685	870	1291	520	621	699	683	804	755	960	1315	1178	1095	1674	1034	1469	1515	3584	848
Rv2735c	524	1130	246	477	451	604	374	812	179	550	534	477	438	995	264	484	530	498	548	503	654	591	628	592	939	647	897	649	1544	395
Rv2736c	563	1522	250	605	826	979	460	1328	248	943	971	669	455	1276	232	741	689	605	407	320	297	333	364	327	715	1011	768	1402	3756	851
Rv2737c	4738	11183	1424	5299	5856	6342	3428	10437	1413	6736	6991	5029	3724	10076	1848	5698	6070	4929	3136	2881	3216	2650	3641	2718	8094	8369	9053	12032	30025	7136
Rv2738c	445	706	438	396	402	512	379	559	413	591	515	331	392	442	413	384	330	311	388	315	287	281	305	347	495	490	393	1057	2360	635
Rv2739c	701	1634	816	821	1067	1270	474	1854	1022	1404	1437	950	583	1343	852	932	870	890	254	174	188	216	282	306	627	950	535	1341	3499	788
Rv2740	622	860	544	484	536	717	530	681	528	631	685	535	612	615	772	533	502	534	786	708	894	910	815	926	664	622	652	527	1268	336
Rv2741	2067	1971	1461	1164	1417	1947	1506	2618	1792	1907	1948	1484	1864	1776	1615	1426	1283	1345	1254	982	1130	1159	1062	1520	961	1541	1087	1517	3842	957
Rv2742c	1038	1083	627	624	638	933	791	1010	696	919	869	694	898	835	695	720	585	670	495	396	510	517	496	687	643	666	621	1027	2391	629
Rv2743c	5150	3061	1256	1279	1677	2830	3757	2797	1406	2166	2223	2342	4083	2475	1307	1571	1461	1934	1619	1221	1264	1391	1098	1529	1478	2004	1372	2692	6739	1620
Rv2744c	8431	5577	2102	2448	2697	4697	6413	5045	2021	3388	3264	3697	6622	4632	2132	2676	2668	3547	4465	4030	4189	4087	3350	3670	4250	3697	3765	5602	13788	3367
Rv2745c	6072	2812	758	995	1210	2652	4469	2434	856	1513	1692	2204	4530	2328	875	1086	1179	1687	3441	2574	2649	3026	2310	2473	2470	2100	1864	2740	6808	1800
Rv2746c	477	1171	624	749	742	845	452	940	579	893	833	685	466	909	820	668	730	619	832	770	813	634	557	523	1115	877	961	1007	2435	611
Rv2747	395	1150	292	485	476	561	298	872	232	491	575	436	348	932	300	463	485	444	441	432	432	276	373	273	934	719	851	1107	2873	742
Rv2748c	5642	11683	1970	3933	6018	6720	3661	11507	1566	5969	7350	5430	4541	9467	1569	4630	5361	5075	11874	9942	9313	3376	4383	3399	9724	12144	9971	22248	55272	13803
Rv2749	619	557	446	354	384	453	478	470	460	495	515	366	503	449	453	372	358	379	633	472	531	367	343	383	474	548	418	1189	2896	677
Rv2750	2319	3092	2095	2026	2090	2566	1957	2445	1972	2822	2677	1925	2284	2221	2045	2156	1835	1894	1814	1493	1532	1231	1443	1513	2860	2751	2352	8829	20917	5384
Rv2751	1795	2225	1498	1468	1444	1905	1464	1844	1312	1795	1790	1494	1812	1965	1695	1494	1479	1423	1767	1440	1881	1248	1210	1444	2108	1763	1923	3066	7227	1911
Rv2752c	5508	6570	4362	4695	4516	6153	4673	5531	4271	6285	6088	5193	5691	6345	5737	5349	5294	5165	4978	4118	5136	3301	3706	4167	6191	6004	6273	5243	12372	3127
Rv2753c	5489	6198	5022	4359	4212	5388	4626	4882	4662	5962	5340	4197	5273	4438	4952	4622	3853	3747	6729	5632	5664	3933	3989	4279	5127	5896	4855	11608	28625	7070
Rv2754c	179	366	194	173	194	215	123	248	175	234	199	168	145	233	148	158	151	157	183	117	154	127	137	171	257	262	191	485	1182	332
Rv2756c	1148	2287	662	1270	1187	1659	933	1995	701	1427	1358	1330	1030	1948	998	1176	1264	1158	620	590	737	570	777	653	1703	1551	1895	648	1568	440
Rv2757c	234	569	127	271	236	359	203	400	115	302	317	273	243	467	173	273	243	266	150	124	154	109	177	121	407	359	410	175	394	104
Rv2758c	138	321	91	126	161	213	107	222	82	189	175	141	136	237	108	142	164	145	112	95	93	96	120	104	246	213	204	140	344	100
Rv2759c	280	521	176	235	286	417	236	461	193	351	399	329	282	416	206	257	290	294	153	113	132	133	180	150	316	343	288	338	856	225
Rv2760c	154	235	77	151	143	188	101	238	90	177	218	163	130	209	79	145	147	138	52	44	39	37	62	39	164	182	114	116	253	76
Rv2761c	1066	2151	704	1251	1420	1947	906	2056	684	1752	1884	1585	1156	1937	950	1531	1503	1642	407	411	423	313	525	458	1540	1529	1543	1069	2666	645
Rv2762c	467	832	258	413	589	768	372	789	288	697	772	628	446	797	296	517	545	651	162	129	124	98	186	177	392	579	393	331	806	208
Rv2763c	803	1623	482	862	980	1282	662	1459	528	1220	1239	1023	783	1320	534	940	948	970	374	339	338	280	431	401	1043	1201	949	1147	2785	705
Rv2764c	1747	3729	1575	2332	2127	2756	1448	2621	1283	2831	2469	2149	1711	2590	1550	1987	2008	2071	1931	1883	2118	1884	2000	2030	3686	2666	3033	4250	10234	2582
Rv2765	372	319	121	153	178	244	257	271	106	214	222	187	345	188	144	153	144	157	120	110	121	158	175	151	211	247	220	423	961	243
Rv2766c	538	1039	447	590	614	660	485	808	418	813	677	564	527	653	414	619	491	503	340	303	297	322	348	407	618	653	576	1415	3299	829
Rv2767c	98	175	45	96	73	112	71	167	66	116	100	103	69	138	64	91	69	89	47	30	41	36	55	56	111	85	71	149	333	84
Rv2768c	326	432	125	210	230	357	250	561	147	325	281	255	336	404	131	260	205	285	102	103	131	124	131	175	192	275	213	330	880	234
Rv2769c	255	299	188	195	203	244	217	257	230	268	235	178	217	242	200	203	161	195	157	134	137	150	122	181	134	212	142	215	538	118
Rv2770c	937	1659	1031	1073	966	1227	780	1274	892	1424	1232	962	891	1236	978	1085	925	872	875	811	940	796	872	926	1340	1285	1153	1669	3960	1011
Rv2771c	633	1182	635	725	720	895	497	937	623	864	887	694	658	898	787	700	753	717	656	617	756	569	635	555	1081	926	1066	938	2298	619
Rv2772c	742	1387	749	881	861	1077	654	1041	794	1216	1129	899	739	953	818	822	807	714	835	606	671	534	590	632	986	1082	912	1684	4106	1040
Rv2773c	1110	2235	1116	1337	1344	1661	933	1844	1077	1813	1748	1371	1123	1721	1273	1441	1364	1291	1181	1035	1346	907	1159	1172	1950	1713	1987	2956	7066	1751
Rv2774c	309	471	343	382	304	359	265	343	301	399	349	299	314	313	405	342	288	263	323	273	338	242	264	300	445	392	374	1233	2853	690
Rv2775	846	1574	734	881	914	1161	662	1045	600	1010	864	851	704	1167	829	738	775	808	644	613	826	660	783	803	1512	1026	1330	978	2411	666
Rv2776c	1265	1329	1119	862	821	1189	1033	1136	1034	1173	1023	933	1138	1008	1107	842	731	763	1508	1164	1319	1064	957	1078	1213	1274	1057	1975	5068	1254
Rv2777c	3181	3557	2328	2253	1803	2463	2619	2757	1987	2708	2330	2000	2862	2870	2506	2176	1875	1919	3642	3510	3873	2931	2476	2640	3377	2760	3042	3703	9079	2317
Rv2778c	1149	3039	1458	2111	1506	1872	924	2269	1244	2175	1937	1453	1190	2298	1691	1633	1515	1380	1022	947	1168	1066	1372	1394	2938	2140	2393	2582	6059	1583
Rv2779c	311	947	159	393	379	479	242	645	135	476	499	420	241	847	204	374	498	382	184	211	225	189	276	175	704	538	640	320	861	228
Rv2780	1445	2963	1424	1505	1579	1797	1136	2629	1257	1959	2195	1471	1293	2433	1464	1655	1678	1404	2658	2092	2860	1994	1784	2033	2425	2199	2357	1477	3586	872
Rv2781c	3004	4672	1963	2600	3075	3779	2602	4657	2291	4300	4102	3014	2956	3867	2141	3159	2809	2691	1808	1326	1614	1832	1663	2543	2252	2786	2101	3189	8063	1972
Rv2782c	4961	9143	3426	3987	5973	7919	3979	11455	3765	6954	7924	5694	4614	8507	3750	5353	5465	5684	2376	1970	1915	1710	1956	2100	4472	5881	3999	12318	31235	7254
Rv2783c	12619	23915	8764	10185	15182	19514	9727	28264	9716	16775	18681	13707	11843	22675	9338	13387	15019	14998	7143	6216	7566	5951	8027	9707	15420	18050	15622	31256	77433	18608
Rv2784c	1052	1949	845	961	853	1189	1036	1395	781	1241	1226	890	1052	1450	952	888	886	805	1264	1021	1230	857	958	973	1280	1098	1035	1856	4422	1077
Rv2785c	3955	6856	3968	3985	3424	4458	3431	4368	3404	4446	4349	3415	3914	5222	4814	3846	3795	3657	5330	5510	6870	4849	5161	5259	6130	4306	5671	5078	11642	3022
Rv2786c	1898	2292	1453	1534	1395	1903	1535	1864	1390	1936	1845	1562	1825	1608	1593	1473	1295	1382	1621	1312	1572	1269	1210	1550	1758	1812	1689	2143	5313	1343
Rv2787	750	1098	660	649	600	732	619	835	581	815	774	621	699	807	702	663	654	590	709	625	756	747	678	723	832	700	734	932	2242	641
Rv2788	1546	1890	1128	931	1185	1589	1297	1584	1083	1380	1422	1262	1390	1420	1072	1054	1029	1095	1334	1076	1000	1015	848	1039	1272	1357	1060	2190	5288	1312
Rv2789c	2683	4196	1575	2246	2414	3599	2007	3614	1574	2957	3090	2925	2432	3712	1850	2505	2573	2905	1290	1157	1337	857	1273	1029	3273	3141	3261	4014	9663	2498
Rv2790c	2947	4403	1372	2019	2787	4166	2081	4638	1453	3108	3443	3249	2640	4321	1687	2702	2822	3351	1184	1016	1092	1000	1412	1314	2965	3320	3200	3991	10022	2328
Rv2791c	7079	10115	3184	4182	6427	8675	5561	9418	3609	6341	7698	7044	6073	7605	3693	5176	5416	5871	3315	2622	2697	4151	3690	4394	6191	6859	5606	10407	26513	5848
Rv2792c	2116	2897	1118	1518	1761	2392	1500	2589	1232	2090	2237	1866	1744	2399	1256	1591	1628	1637	1026	831	834	961	879	924	1888	2065	1530	2858	7058	1671
Rv2793c	2089	2787	1596	1603	2047	2747	1693	2578	1718	2541	2721	2056	2045	2447	1792	1912	1871	1979	995	867	900	674	787	846	1710	2140	1511	2729	6907	1671
Rv2794c	1795	2476	1483	1424	1573	2132	1446	2290	1330	2065	2246	1666	1667	2154	1580	1574	1666	1712	1073	959	1128	797	926	1040	1825	1929	1733	2900	7052	1772
Rv2795c	2403	3545	2381	2310	2279	2898	1910	3127	2081	2970	2941	2235	2459	2938	2482	2410	2248	2040	2239	1781	2224	1744	1811	2314	2919	2805	2761	4986	12525	3274
Rv2796c	375	647	228	348	412	443	277	550	265	475	494	344	342	520	320	398	344	338	110	103	108	126	169	167	382	435	369	563	1465	370
Rv2797c	573	992	463	518	603	716	484	874	589	821	728	546	545	767	528	616	515	501	455	358	393	448	362	448	579	680	579	859	2231	573
Rv2798c	372	781	401	471	453	493	334	579	447	631	587	398	360	526	433	485	427	376	243	239	243	294	395	389	675	633	573	1136	2767	642
Rv2799	952	1605	919	918	1045	1097	802	1292	798	1247	1338	917	933	1091	932	907	876	750	682	572	612	716	728	802	1131	1172	979	2269	5451	1292
Rv2800	1916	2163	1263	1068	1377	1747	1489	2067	1240	1733	1789	1363	1673	1583	1211	1171	1097	1183	1055	831	867	842	733	900	1258	1485	1054	2556	6507	1586
Rv2801c	209	375	137	173	190	245	184	289	135	251	231	219	208	304	162	194	182	198	146	147	138	129	139	125	294	224	241	340	806	213
Rv2801A	137	204	95	95	104	157	112	189	86	125	132	130	132	186	109	117	102	143	111	92	84	89	82	90	203	154	162	259	601	146
Rv2802c	1009	1142	570	483	642	1002	743	872	545	873	819	742	930	774	526	624	552	648	371	278	280	327	296	415	498	655	415	1053	2620	676
Rv2803	129	257	162	181	174	218	111	215	194	242	222	174	129	191	124	168	168	144	69	73	73	94	101	128	239	195	176	439	1032	269
Rv2804c	248	512	256	270	313	370	228	420	281	441	438	297	268	341	278	287	284	241	175	158	168	168	175	208	380	371	304	641	1510	388
Rv2805	180	409	215	258	284	294	169	328	236	403	364	256	208	289	255	283	248	203	166	135	154	153	169	164	354	352	326	630	1488	374
Rv2806	75	148	55	105	93	125	51	133	43	156	121	84	73	108	72	93	95	102	42	41	32	46	42	49	128	106	104	116	283	78
Rv2807	124	180	82	104	97	123	100	130	89	143	105	101	92	155	101	116	88	86	69	55	90	76	84	70	136	121	114	166	406	134
Rv2808	320	589	353	399	324	480	292	385	353	522	444	380	227	449	361	370	364	326	248	241	309	225	340	275	695	521	571	358	937	221
Rv2809	782	1284	552	889	850	1118	703	970	612	1098	1051	897	733	1144	890	885	950	962	721	794	970	681	820	759	1157	859	1165	755	1655	424
Rv2811	89	103	61	89	83	109	69	115	64	106	102	86	76	98	81	100	80	67	27	15	29	17	29	34	38	73	42	75	188	43
Rv2812	53	75	40	57	51	80	62	97	49	90	69	59	76	81	67	77	56	62	20	20	23	17	26	27	48	48	43	63	154	81
Rv2813	39	47	35	23	26	50	21	41	28	36	32	39	28	36	48	34	34	32	42	21	19	18	20	15	55	36	29	169	426	106
Rv2816c	1192	9646	1807	3630	4085	4491	909	6263	1428	3822	4362	3041	896	5921	1743	2627	3778	3162	745	773	796	982	1995	1169	7001	4488	5766	2693	6247	1541
Rv2817c	3047	17833	3026	8285	9372	10584	2532	13323	3082	8875	10864	8400	3036	14530	4605	7257	10563	8639	1125	1308	1584	1706	3613	2251	12313	8373	11163	3121	7266	1892
Rv2818c	1039	1272	566	764	735	1008	941	1127	489	907	999	866	1023	1327	801	829	931	1015	787	755	1089	2107	2020	2411	1025	797	1064	650	1642	466
Rv2819c	1480	1279	586	687	684	965	1251	990	527	847	854	809	1308	1064	816	734	892	817	974	926	1238	2974	2454	3188	1020	822	1058	882	2164	556
Rv2820c	1027	658	464	417	425	537	993	658	365	538	529	494	1049	659	558	464	507	498	789	599	864	1880	1608	2404	584	509	668	732	1769	431
Rv2821c	1699	901	662	573	589	760	1567	868	542	725	730	677	1572	800	825	566	619	626	1260	1053	1542	3847	3164	4236	912	762	921	891	2153	571
Rv2822c	884	492	352	316	340	387	815	427	319	343	320	346	781	397	371	251	326	310	628	671	809	2047	1856	2230	495	423	501	369	882	232
Rv2823c	2416	1435	779	831	813	1106	2330	1041	669	1080	976	845	2315	1115	914	805	828	874	1463	1308	1764	4233	3359	4040	1242	961	1159	1849	4246	1173
Rv2824c	1713	636	398	397	370	468	1899	489	302	478	490	395	1758	480	453	361	411	397	708	679	769	2420	1584	2009	518	472	492	876	2134	538
Rv2825c	1003	908	554	472	603	836	802	868	610	771	904	727	926	838	572	587	625	669	730	510	541	530	437	595	576	665	531	962	2374	604
Rv2826c	622	622	362	358	393	573	465	516	298	543	566	443	561	554	334	469	438	414	735	585	693	531	500	566	552	547	500	1058	2550	696
Rv2827c	715	633	346	358	375	524	612	631	271	548	646	423	722	540	316	455	425	426	817	612	727	594	486	711	501	629	533	1005	2297	598
Rv2828c	773	674	394	320	456	614	602	683	455	571	667	535	697	677	386	424	438	514	529	346	383	329	290	417	343	492	350	667	1657	411
Rv2828A	416	472	238	174	306	384	342	416	252	334	377	352	361	367	202	237	235	286	304	212	231	252	193	301	176	312	189	643	1655	370
Rv2829c	638	910	360	339	577	656	477	922	357	583	675	532	577	772	367	433	454	544	669	547	568	523	618	683	673	849	683	1530	3911	994
Rv2830c	359	653	208	210	402	400	306	603	228	387	454	365	319	463	237	238	339	360	381	291	366	390	463	422	486	599	486	913	2291	587
Rv2831	618	771	345	300	473	596	432	723	360	561	579	425	522	658	325	419	443	453	192	111	161	223	244	333	327	503	336	975	2424	608
Rv2832c	494	967	376	424	578	777	365	874	380	701	803	623	434	780	425	579	511	583	142	141	161	200	252	330	443	666	502	759	1836	479
Rv2833c	135	358	109	211	196	268	111	298	105	260	254	211	116	291	130	183	204	211	77	63	84	88	115	91	247	205	249	266	613	196
Rv2834c	89	266	105	168	156	220	93	249	101	188	198	169	92	228	128	171	167	167	50	42	53	43	73	51	171	177	162	168	382	98
Rv2835c	146	405	140	232	222	289	122	326	160	279	283	239	152	314	151	227	218	229	82	77	65	72	89	84	259	205	225	236	603	183
Rv2836c	1635	2284	1029	1296	1654	2271	1178	2639	1263	2236	2193	1726	1464	2390	1280	1738	1661	1714	410	361	419	305	523	506	1285	1519	1170	1848	4687	1073
Rv2837c	4177	5657	2638	3373	3771	5007	3416	5704	3325	5410	5056	3913	3935	5435	3704	4408	3986	3599	1862	1636	1984	1989	2224	2990	3247	3801	3154	5846	14444	3468
Rv2838c	3619	4276	2328	2594	2700	3554	3010	4273	2583	3845	3743	2906	3438	3864	2921	3132	2836	2801	1739	1534	1842	1782	1984	2467	2540	3051	2690	6370	15278	3691
Rv2839c	14076	17177	9189	9946	11024	15060	11686	20912	9752	14490	14437	12017	13502	16348	10814	11761	11391	11982	5727	5253	6027	6089	6092	7662	10147	10707	9523	22077	55734	13321
Rv2840c	5090	8255	6692	5760	5558	7197	4421	6811	6480	7564	7155	5674	4888	6346	6918	5737	5461	5307	4064	3757	4022	3806	4059	4453	7455	6841	6195	6912	16970	4326
Rv2841c	5472	4438	1776	2147	2401	3406	4338	3741	1740	2989	3176	2900	5038	3759	2063	2461	2534	2621	3371	2784	3221	3553	2868	3823	2850	3062	2962	4135	10506	2453
Rv2842c	3392	2775	1195	1431	1484	2178	2665	2340	1144	1798	1959	1797	3050	2334	1540	1478	1594	1700	2110	1852	2236	2280	2039	2135	2158	2045	2118	2706	6620	1658
Rv2843	527	935	513	393	539	589	478	750	499	627	669	502	536	548	538	512	436	392	535	408	402	404	380	403	649	665	465	1239	3222	803
Rv2844	867	1659	773	779	910	1121	712	1366	749	1136	1131	796	805	1060	735	832	797	761	562	448	447	397	473	548	895	1070	802	1446	3653	954
Rv2845c	1488	3667	1516	1746	1903	2293	1146	3025	1431	2606	2491	1837	1454	2918	1487	1898	1849	1654	1090	1025	1079	905	1137	1164	2667	2761	2395	3613	9208	2266
Rv2846c	6497	15164	3149	4258	6783	6776	5696	12313	2842	5935	8522	5600	6447	10337	3307	5163	6097	4931	9661	8862	8963	5295	7464	5161	20868	18566	18392	16001	37946	9851
Rv2847c	1566	1738	1219	1102	1095	1572	1280	1572	1287	1587	1496	1286	1479	1408	1281	1230	1129	1072	1160	1029	1067	1001	939	1257	1352	1489	1250	2217	5440	1353
Rv2848c	2193	2028	1770	1304	1434	1926	1679	1955	1793	1904	2002	1576	2193	1851	1953	1561	1413	1537	1805	1505	1628	1162	1168	1548	1540	1852	1527	1559	3877	948
Rv2849c	1819	1648	1465	1136	1235	1558	1516	1706	1532	1658	1706	1323	1789	1618	1836	1345	1324	1272	1439	1212	1398	992	994	1250	1461	1569	1483	1036	2678	659
Rv2850c	4750	3991	4019	2624	2954	4051	3909	4044	4120	3994	4038	3270	4576	3519	4262	3008	2806	2963	4637	3743	3815	2963	2480	3387	3227	4072	2879	5615	13591	3486
Rv2851c	2030	1880	1427	1273	1322	1759	1677	1788	1516	1757	1655	1351	1935	1772	1749	1316	1390	1341	2237	1929	2322	1704	1593	1882	1905	1852	1881	2115	5037	1264
Rv2852c	4541	4762	4013	3249	3286	4304	3942	4215	3600	4375	4027	3465	4308	3889	4435	3547	3320	3122	5654	4510	5880	3645	3717	4226	4527	4491	4687	5134	12636	3018
Rv2853	1394	996	889	609	682	951	971	1304	884	970	846	839	1266	758	920	692	595	673	829	685	798	737	663	909	608	798	591	1520	3848	958
Rv2854	518	607	473	429	354	467	422	485	406	496	459	392	524	430	430	390	327	331	590	523	571	503	472	530	614	507	533	913	2080	557
Rv2855	2397	2408	1683	1798	1898	2225	2163	2007	1718	2341	2474	2088	2443	1965	2158	1863	1949	1950	2616	2305	2676	2728	2595	3229	2226	2068	2182	1865	4557	1180
Rv2856	1105	1517	985	1176	1060	1358	1023	1231	945	1475	1375	1087	1201	1343	1279	1211	1167	1014	712	697	864	628	845	952	1471	1199	1342	1998	4461	1184
Rv2857c	1111	2456	1205	1942	1527	1882	839	1947	1163	2245	1943	1471	1133	2170	1494	1950	1783	1616	664	679	827	555	888	685	2224	1897	2128	2666	6499	1635
Rv2858c	1577	3313	1555	2328	2148	2793	1329	3069	1817	3279	2982	2171	1577	2890	2053	2566	2222	2067	789	750	804	639	946	892	2368	2554	2285	4144	10077	2478
Rv2859c	888	1890	862	1074	1197	1537	703	1728	985	1630	1499	1085	815	1529	959	1296	1155	947	392	347	320	326	424	411	1027	1430	989	2099	5207	1242
Rv2860c	1543	2927	1300	1994	1717	2109	1191	2428	1415	2401	2359	1676	1568	2377	1774	2067	1894	1548	785	750	857	719	969	838	2197	2133	2074	3253	7602	1959
Rv2861c	3343	5625	2957	3417	3147	3747	2805	4296	2661	4069	3923	3023	3244	4501	3540	3390	3471	3290	2227	2151	2753	2270	2956	3115	5186	4466	5362	7630	18655	4691
Rv2862c	403	504	440	358	328	404	351	392	384	518	425	339	393	337	500	347	244	246	542	418	513	445	315	436	439	441	355	759	1822	460
Rv2862A	18	90	8	31	43	38	14	86	7	33	42	36	18	80	8	41	27	42	9	7	9	9	14	11	56	47	51	25	70	27
Rv2863	66	282	21	80	120	119	37	285	23	113	170	105	39	244	35	88	114	110	39	51	42	25	45	21	181	167	160	216	496	122
Rv2864c	645	2623	252	724	1138	1316	425	2665	254	1235	1335	964	492	1988	249	872	1030	944	1340	1110	995	335	496	305	1571	1980	1483	2695	6717	1668
Rv2865	321	376	83	147	176	242	247	315	76	186	243	193	310	277	127	144	199	187	397	330	397	249	270	247	363	279	413	438	1037	243
Rv2866	135	162	66	87	77	117	133	137	57	105	131	108	155	137	72	93	85	114	161	124	157	94	88	93	130	129	129	157	411	102
Rv2867c	6399	4972	3069	3000	3314	5180	5227	4616	3252	4572	4734	4258	5876	4581	3487	3833	3610	3941	5186	3757	4616	3748	3202	4574	3314	4107	3390	4256	10550	2540
Rv2868c	10335	9471	5605	6145	6299	9156	7953	8980	5796	8644	7882	7518	9380	8340	6591	7059	6330	7227	7217	6052	6831	6362	5948	7497	7586	7745	7079	11857	29927	6919
Rv2869c	4974	4652	2564	2790	2835	4024	3805	3924	2682	3823	3406	3188	4331	3709	3066	2852	2634	2969	3694	3119	3593	3253	2931	3752	3514	3598	3183	6282	15169	3787
Rv2870c	2829	2406	1716	1308	1537	2148	2193	2072	1690	2082	2119	1717	2478	1795	1697	1665	1270	1581	2544	2014	2069	1732	1404	1727	1725	1897	1491	3330	8112	2071
Rv2871	162	448	186	260	234	208	110	320	159	308	237	192	135	276	142	227	178	156	493	446	400	248	260	234	502	411	389	894	2212	522
Rv2872	200	503	188	300	264	271	146	368	156	330	301	175	175	303	166	261	206	158	609	549	524	294	312	292	498	463	434	906	2176	544
Rv2873	206	361	196	208	190	222	158	331	130	265	246	154	193	289	165	227	205	196	378	301	416	296	304	388	356	368	373	592	1320	346
Rv2874	441	599	390	411	346	452	369	423	333	475	461	336	463	522	543	411	458	391	531	477	570	448	494	571	654	421	536	741	1678	482
Rv2875	313	313	188	193	190	229	356	280	191	249	242	200	383	247	221	181	227	176	161	152	202	263	246	325	228	236	213	380	1065	249
Rv2876	757	1359	849	813	732	824	562	1032	601	930	879	587	752	787	705	672	641	558	959	901	974	745	801	845	1214	1028	1026	2863	6499	1860
Rv2877c	1648	1564	1536	1382	922	1167	1284	1376	1711	2179	1070	883	1494	1192	1599	1529	843	765	1199	933	1126	1000	845	1285	759	941	766	1233	2949	782
Rv2878c	1615	1716	1594	1781	1063	1444	1447	1483	1687	2308	1311	1107	1553	1537	1973	1936	1134	1156	1111	958	1216	1054	1010	1422	951	966	1115	728	1918	475
Rv2881c	3116	6088	4245	5006	4193	5197	2740	5026	4005	6168	5401	4215	3142	4913	5430	4809	4294	3802	3553	3130	4000	2325	3233	3160	6196	5769	5945	6240	14732	3719
Rv2882c	2130	4907	3186	4025	3013	3609	1730	3733	2643	4685	3660	2788	1985	4089	3582	3701	3284	2935	2349	2261	3045	1834	2434	2380	5243	4127	5251	3979	9210	2397
Rv2883c	2529	5613	4118	4596	3681	4505	2180	4352	3910	5655	4754	3593	2510	4332	4639	4534	3643	3225	4100	3369	3617	2241	2457	2349	5046	5010	4628	6601	15822	3877
Rv2884	738	1087	487	443	443	573	644	906	440	550	579	481	682	882	539	434	513	427	739	639	726	711	607	737	577	602	533	739	1893	457
Rv2885c	2024	2806	1102	1078	1584	1869	1635	2486	1092	1416	1828	1584	1810	1991	1187	1227	1252	1264	2306	1880	2066	2768	2125	2438	1763	1840	1605	3069	7911	1797
Rv2886c	588	744	372	374	384	468	518	711	307	474	473	373	498	642	390	402	385	339	905	755	850	893	785	851	539	516	591	836	2085	534
Rv2887	506	952	457	487	449	620	478	776	428	618	574	446	531	694	481	509	441	448	450	407	497	502	447	501	544	487	478	1213	3066	716
Rv2888c	3096	7136	2508	3649	4400	5773	2465	7241	2688	5681	5467	4350	3266	6021	2876	4431	3994	4249	1991	1634	1815	1493	1886	2067	4009	4725	3762	8449	21033	4960
Rv2889c	2344	5684	2078	2890	3666	4729	1940	5731	2279	4725	4668	3409	2235	4732	2247	3673	3488	3434	1478	1152	1267	1140	1354	1582	3311	4063	3016	7700	19177	4731
Rv2890c	2811	7555	3032	4106	4287	5267	2382	6574	2787	5419	4878	3657	2433	5709	2928	3938	3846	3578	2401	2071	2542	2032	2414	2674	4831	5153	4655	8038	19611	4798
Rv2891	57	137	92	85	83	112	60	99	69	116	97	79	84	112	76	81	75	79	42	33	33	42	35	43	68	78	47	94	244	65
Rv2892c	286	579	307	348	347	398	237	420	336	513	396	338	303	353	314	350	286	296	220	169	169	196	196	207	326	308	273	768	1975	473
Rv2893	357	410	153	159	252	300	254	445	155	318	273	238	339	402	117	222	203	264	223	193	193	186	155	181	264	346	231	446	1159	276
Rv2894c	1349	2631	373	1109	1468	1946	779	2559	330	1944	2043	1661	1095	2202	266	1433	1467	1406	936	667	639	595	744	642	1555	1952	1580	1994	5112	1271
Rv2895c	2085	2498	1744	1750	1518	2010	1717	2107	1646	2290	1911	1663	1884	1661	1707	1785	1279	1355	1483	1261	1261	1246	1124	1269	1694	1951	1527	4584	11570	2797
Rv2896c	943	1059	676	684	621	864	732	873	722	892	870	741	842	720	693	647	476	579	645	529	441	547	523	490	744	742	575	2223	5552	1358
Rv2897c	148	382	89	159	198	265	120	413	118	256	247	217	136	304	119	210	159	202	63	34	38	43	45	51	114	146	104	191	515	140
Rv2898c	282	764	282	459	405	622	261	655	334	598	590	482	308	633	422	477	423	380	93	88	137	93	171	146	397	395	412	316	713	178
Rv2899c	923	1562	783	975	942	1363	792	1393	843	1270	1339	1095	1009	1391	1104	988	1030	937	914	832	1043	646	698	858	1178	1185	1238	1159	2765	662
Rv2900c	5494	7506	4193	5028	4902	6548	4316	6850	4270	6755	6499	5516	5191	6605	5051	5588	5015	5108	4534	4037	4657	3358	3422	3962	5227	5204	5027	5630	13938	3389
Rv2901c	4723	6917	3419	4825	4542	5929	3545	5492	3917	6046	5532	4760	4012	6052	5085	5094	4876	4665	3266	3330	4002	2458	3034	2863	5481	4560	5533	2350	5379	1262
Rv2902c	7204	11182	4788	6626	7655	10083	5996	9802	5428	9859	10431	8209	6726	9513	5934	7916	7357	7407	2879	2458	2749	2621	3065	3390	5757	6852	5542	3728	9195	2200
Rv2903c	8210	15322	6905	9022	9356	11959	7133	12942	6772	12328	12374	9760	8288	13308	8415	10251	10158	9512	5142	4455	5432	4614	5645	6540	10843	10674	10680	10711	26353	6635
Rv2904c	2874	6172	3111	3963	3308	4085	2290	4720	2842	4634	4137	3045	2830	4884	3594	3749	3601	3040	2336	2242	2710	2033	2801	3243	5121	4904	5060	8876	20697	5400
Rv2905	6364	9109	2695	4992	4711	6589	4750	7361	2447	6507	6066	5222	5338	7377	2709	5010	4583	4614	5132	3861	4635	3226	3605	3581	6518	6251	5790	5205	12133	3142
Rv2906c	1145	2060	468	930	947	1277	839	1706	455	1262	1284	1010	995	1912	595	1125	1029	1057	455	385	510	317	442	484	983	1068	1041	847	2025	523
Rv2907c	562	1296	491	772	762	853	476	1102	527	962	890	729	593	1015	674	765	779	659	371	342	465	279	366	393	936	876	785	1679	4022	1027
Rv2908c	882	1895	868	1314	1111	1340	753	1694	1006	1609	1296	1094	905	1416	1237	1232	1088	890	562	514	661	497	580	801	1158	1258	1202	2288	5713	1335
Rv2909c	1489	3587	1904	2181	1946	2472	1301	2915	1740	2940	2435	1936	1475	2576	1948	2340	1898	1729	1049	854	1173	849	1202	1409	2365	2708	2383	4060	10250	2502
Rv2910c	194	282	117	107	144	136	77	212	89	141	133	147	139	93	145	111	72	83	120	108	112	124	106	112	269	157	123	326	1006	201
Rv2911	393	1296	489	589	647	779	325	995	462	831	875	642	298	869	397	627	620	513	241	178	202	240	260	337	622	806	541	1578	4080	983
Rv2912c	417	487	216	306	256	362	377	409	231	368	317	309	381	385	252	304	264	292	230	162	197	160	154	193	325	335	266	512	1132	278
Rv2913c	1431	1135	436	555	583	855	1373	895	451	814	753	678	1373	830	538	585	548	628	453	419	479	496	461	527	759	751	629	1133	2564	686
Rv2914c	1091	1580	712	809	857	1168	844	1317	732	1125	1187	965	1056	1356	806	911	916	1021	457	408	489	506	563	627	942	935	887	857	2216	589
Rv2915c	1256	1428	684	741	883	1288	1010	1209	810	1155	1232	1004	1135	1278	826	916	903	1021	622	498	489	505	553	611	1056	1073	807	1606	3956	1016
Rv2916c	3625	4555	2191	2352	2603	3753	2885	3870	2293	3393	3127	2791	3262	3317	2184	2360	2230	2641	2054	1707	1814	1764	1770	2163	2881	3222	2563	5496	13836	3319
Rv2917	214	569	159	259	302	317	184	505	147	377	356	231	180	381	172	288	247	232	134	127	136	119	138	121	386	387	328	1566	3784	931
Rv2918c	3402	2584	1815	1818	1816	2722	2838	2311	2000	2640	2544	2403	3176	2430	2396	2259	2025	2228	2225	1826	2164	1301	1405	1433	1851	1938	1966	2123	5155	1324
Rv2919c	2267	1860	1223	1447	1285	1979	2066	1792	1257	1831	1823	1965	2337	2099	1996	1719	1790	2086	1744	1660	2162	1442	1532	1421	1980	1510	1976	1103	2580	696
Rv2920c	798	899	513	653	601	941	868	774	543	850	812	788	898	946	741	720	774	939	717	639	724	654	599	561	810	694	766	582	1429	397
Rv2921c	2460	3392	2211	1914	2297	2913	2056	2844	2529	3008	3060	2315	2341	2791	2513	2405	2281	2236	2010	1516	1554	1142	1105	1225	2095	2522	1883	3574	9252	2286
Rv2922c	3870	6098	3236	3693	3806	5024	3285	5571	3651	5123	4870	3794	3819	5196	3763	3880	3801	3996	2530	2336	2674	2344	2602	2951	4167	4256	3877	6529	16441	4096
Rv2922A	633	473	413	318	445	503	514	440	465	552	536	426	570	402	416	338	338	322	607	480	521	601	525	652	339	399	287	420	1232	269
Rv2923c	603	609	397	383	422	491	508	529	483	569	517	474	548	425	516	421	335	399	466	335	367	406	308	521	383	495	332	664	1670	403
Rv2924c	420	716	291	400	421	550	279	642	334	659	569	427	383	551	359	469	433	414	203	140	203	154	200	198	426	456	385	650	1538	393
Rv2925c	4102	4538	2667	2613	2857	3626	3520	3729	2708	3523	3461	3053	4028	3845	3537	2944	3045	3177	5544	5142	5851	3943	3510	4089	3756	3742	3994	4245	10247	2487
Rv2926c	2724	3327	1573	1812	1945	2366	2283	2738	1463	2473	2522	2110	2667	2578	1826	2043	1970	1892	5274	4198	4441	3473	2689	3026	2793	2598	2577	4584	10656	2914
Rv2927c	3025	7593	994	3549	3729	4435	2118	6393	892	4681	4783	3799	2404	5498	983	3581	3338	3365	6783	5387	5819	3773	3881	3011	7106	5725	6948	8608	20045	5426
Rv2928	1211	4400	1786	2312	2143	2299	1065	2727	1518	2702	2305	1592	878	2704	1576	1910	1860	1557	1509	1473	1601	1360	2082	1510	4705	3078	3769	3040	7422	1751
Rv2929	449	1230	557	667	653	772	365	796	473	911	780	573	378	848	618	644	605	541	407	374	426	328	533	422	1368	908	958	850	2102	498
Rv2930	15761	12687	9311	19486	11816	12196	13024	9780	9461	22529	13750	9672	13799	9341	13049	18619	11805	9118	4356	4848	6148	6020	9254	9096	20139	16735	19935	18839	45659	11220
Rv2931	14268	16014	7292	17034	13212	15080	10528	13165	7994	22494	15902	11745	12659	12637	9079	19138	12494	10994	3131	2904	3529	2595	5903	4046	16628	17353	17468	29861	73150	18080
Rv2932	5902	7495	2743	6495	5219	6803	4436	6619	3089	8541	6685	5227	5478	6420	3699	7387	5400	5017	1732	1599	1960	1360	2741	1845	7518	7409	7681	16052	39103	9536
Rv2933	13959	17108	6213	13289	12584	15153	10836	15247	6969	18760	15793	11715	13093	14804	7832	15867	12537	11584	3571	3353	3737	2738	5392	3797	15885	16446	15871	42879	104321	25905
Rv2934	9229	12363	4532	8970	8714	11145	6632	11720	5184	12526	11025	8257	8208	10829	5462	10254	8504	8128	2739	2464	2576	2094	3647	2766	10537	11035	9568	28120	69425	16937
Rv2935	11134	20029	8078	15674	12512	15552	8918	16710	8493	21308	15941	12318	10823	16814	10220	18008	12837	12025	5260	4831	5674	3508	6138	5205	15350	16149	15482	29465	71059	18068
Rv2936	2780	5521	2113	4570	3314	4217	2291	4530	2271	5479	4159	3406	2786	4538	2954	4843	3412	3164	1602	1446	1939	973	1850	1321	4766	4318	5232	5240	12707	3154
Rv2937	1966	4544	1527	3210	2431	3140	1576	3225	1446	3635	2934	2411	1738	3362	1944	3054	2471	2339	1349	1330	1793	886	1614	1078	3977	3090	3995	3506	8147	2181
Rv2938	1764	4128	1208	2812	2159	2687	1403	2698	1243	2950	2510	2146	1516	2677	1673	2436	2156	1961	1205	1160	1500	781	1351	1014	3615	2607	3531	3563	8551	2020
Rv2939	2458	5225	1662	3440	2810	3719	1926	3981	1615	3978	3411	2943	2154	4229	2121	3418	3015	2961	1340	1397	1993	1151	1889	1434	4373	3071	4256	2838	6684	1758
Rv2940c	23477	49212	16182	35166	33592	41994	18117	47132	18765	49285	41829	32199	22439	42720	21278	40858	32619	30345	7172	6790	8358	6743	11787	9997	32188	34428	32594	56145	137745	33868
Rv2941	24489	25527	16792	16462	16261	20520	20603	20673	15257	20607	20083	17256	22260	21279	22167	16999	17011	17087	26404	26312	33744	26996	27437	30690	25814	20046	26312	19263	45879	11172
Rv2942	19326	23048	10758	12023	14474	20552	14299	22399	11030	17800	18963	16381	17908	22295	12835	14728	15041	16479	10010	8750	10805	7530	9219	10322	14885	15934	15247	18862	46041	11658
Rv2943	288	664	168	325	381	499	214	638	189	567	457	346	264	544	194	490	375	388	147	131	119	108	169	146	379	498	382	529	1204	311
Rv2943A	159	327	93	228	169	226	101	361	87	293	213	176	128	309	96	242	195	165	82	80	88	73	82	89	207	230	204	251	569	156
Rv2944	269	755	167	517	374	447	205	685	182	584	446	348	281	696	228	531	416	348	119	113	131	111	178	126	505	461	505	464	1200	305
Rv2945c	1720	4607	1165	2903	2318	2595	1175	3689	1162	3307	2696	1985	1479	3771	1866	2761	2435	2114	639	718	830	775	1424	1088	3824	2787	3891	2680	6168	1607
Rv2946c	8498	20408	4792	11435	12220	15236	6096	21048	6128	17700	15037	11389	7404	17771	6312	14266	11110	10401	1696	1472	1595	1495	3402	2239	10143	13118	10074	17418	43039	10180
Rv2947c	4327	10808	2948	9401	7007	8574	3046	10438	3472	11790	8491	7156	3702	8463	4470	9773	6155	5438	570	583	699	664	2124	1268	6677	7401	7665	5907	14611	3450
Rv2948c	6007	15395	4478	15427	9257	12461	4469	12545	4894	17313	11387	9911	4997	13083	7273	15000	9541	8598	1123	1242	1642	1390	3932	2210	13651	10474	13526	7437	17952	4284
Rv2949c	5699	15439	4812	13760	9808	12817	4714	10568	5336	17431	11053	9607	3882	12134	6233	12330	9654	8467	1047	1206	1615	1378	4869	2591	15512	12071	14507	3529	8995	1970
Rv2950c	12118	30929	12625	30238	19685	24348	9598	23449	12516	35088	23515	19236	10695	25103	16580	28732	20214	18086	3502	3886	5169	5350	11209	8439	31226	24730	30366	16014	38218	9341
Rv2951c	3622	8704	4037	5628	5130	6030	3088	6809	3740	6851	6026	4929	3368	6755	5004	5088	4975	4579	1330	1427	1572	1736	2725	2390	6846	6027	6745	6364	15477	3658
Rv2952	1281	4123	1488	2721	2356	2574	1095	3059	1368	3207	2826	1999	1262	3203	1865	2655	2319	2035	496	550	684	727	1444	1228	3276	2732	3369	2645	6290	1568
Rv2953	2048	5694	1748	3366	2942	3505	1688	4293	1721	4078	3826	2794	1998	4772	2133	3242	3180	2565	693	716	811	909	1596	1325	4290	3704	3993	4087	9741	2495
Rv2954c	2690	5825	2700	3790	3264	3917	2129	4617	2492	4244	3872	3091	2464	4825	3399	3460	3538	3034	1293	1317	1688	1745	2326	2319	4780	3809	4710	3790	8926	2265
Rv2955c	589	1808	668	1141	996	1171	460	1407	627	1432	1319	916	575	1305	654	1055	904	769	227	209	210	342	418	419	1054	1060	1008	1889	4590	1171
Rv2956	1330	3767	747	1766	2127	2861	1280	2545	752	2471	2447	2287	1116	2640	912	1696	2056	2085	592	616	690	710	1137	842	3017	2124	2520	1675	4794	1096
Rv2957	691	1834	364	1055	1016	1414	600	1356	318	1156	1258	1213	704	1737	565	1054	1184	1238	335	349	448	360	590	461	1270	925	1284	777	1791	460
Rv2958c	660	1490	596	1197	822	950	499	1097	610	1490	1075	720	589	1085	718	1207	824	713	297	249	273	270	478	353	1299	1236	1188	722	1731	486
Rv2959c	967	3510	1382	3017	1877	2210	883	2191	1297	3570	1984	1559	843	1924	1343	2390	1505	1419	503	504	612	518	1197	702	3753	2747	3243	823	1943	498
Rv2960c	359	1226	489	871	712	809	357	807	507	1079	666	512	370	682	484	836	519	456	327	318	312	312	413	317	1282	1014	933	851	2053	497
Rv2961	770	244	139	186	139	177	566	222	141	241	215	166	738	244	197	194	182	163	336	308	413	580	390	542	232	145	174	240	573	176
Rv2962c	5800	1455	1220	900	706	875	4053	1135	1117	1175	790	691	4674	865	1191	832	633	544	2731	2282	2711	3491	2577	3538	1236	1103	826	3584	8440	2172
Rv2963	17881	1053	4737	951	639	947	13156	818	3345	1229	746	706	14393	724	3981	857	571	605	20732	17336	19942	20570	13842	17890	1340	1146	1254	3273	7683	2103
Rv2964	1837	696	573	444	358	504	1213	500	415	477	414	382	1402	506	534	393	338	341	1589	1319	1561	1882	1454	1727	635	504	587	878	1934	540
Rv2965c	520	1039	360	728	589	828	384	886	427	791	699	624	507	967	545	686	660	669	138	125	144	160	249	209	662	550	572	594	1417	334
Rv2966c	1087	1232	631	775	899	1260	805	1263	729	1257	1256	1081	988	1230	750	922	934	1021	168	136	168	128	260	250	594	838	540	490	1144	294
Rv2967c	5320	6365	3414	4089	4161	6118	4183	5634	3644	5878	5415	4953	4999	5469	4110	4681	4481	4793	2088	1817	2280	2076	2481	2887	4590	4805	4412	4535	10906	2569
Rv2968c	2185	2287	1216	1708	1592	2249	1716	1980	1267	2135	1953	1771	1885	1887	1671	1736	1595	1487	1014	953	1126	1151	1177	1390	2060	1797	1777	2003	4692	1181
Rv2969c	4801	5849	3417	4046	3740	5423	4302	4751	3248	5259	4687	4256	4972	4465	4114	4235	3692	4046	3086	2709	3184	2763	3231	3467	5481	5197	5391	7444	17962	4521
Rv2970c	3519	4383	2913	3214	2819	3901	3022	3504	2938	3976	3488	3124	3543	3221	3666	3206	2812	2820	1809	1676	1901	1838	1948	2363	3653	3549	3366	6599	16051	3973
Rv2970A	842	1046	667	653	493	661	640	797	459	609	555	531	707	703	592	477	459	508	557	538	647	766	693	799	833	638	784	943	2300	559
Rv2971	4311	5392	3395	3336	2580	3518	3560	4449	2784	3448	2921	2632	3950	3983	3592	2742	2402	2556	2484	2251	2924	3028	3336	3989	4298	3733	4305	6298	15557	3945
Rv2972c	726	1024	484	605	513	698	619	826	433	753	677	560	783	814	598	615	532	533	330	299	384	387	428	453	758	655	642	1067	2738	685
Rv2973c	1023	1846	667	948	1033	1426	790	1697	697	1389	1406	1115	943	1595	842	1087	1083	1128	522	458	502	374	545	437	1364	1247	1255	986	2472	635
Rv2974c	797	1145	442	556	654	969	524	1312	505	891	943	726	678	1016	476	627	626	671	328	221	243	297	306	331	517	747	551	908	2358	550
Rv2975c	1068	1136	585	695	707	925	733	1083	587	866	882	763	969	898	715	715	640	665	585	530	698	680	645	811	916	847	979	1557	3810	986
Rv2976c	1572	2292	1050	1484	1249	1623	1329	1855	944	1806	1579	1252	1578	1830	1036	1349	1350	1187	990	860	928	1415	1345	1698	1799	1736	1472	2701	6566	1596
Rv2977c	1125	1645	538	635	1070	1322	785	1912	655	1016	1314	1020	897	1274	614	847	846	869	700	535	512	687	565	687	937	1122	795	1721	4506	979
Rv2978c	3535	4764	1813	1921	3061	3657	2948	4470	2037	2763	3430	3104	3234	3230	2258	2375	2259	2374	3435	2577	2665	4105	3330	3948	3374	3456	2902	5300	13680	2999
Rv2979c	829	1150	452	590	634	856	674	1075	503	830	846	732	715	957	504	676	654	630	1146	1020	1025	1019	853	877	894	913	855	1431	3386	829
Rv2980	239	479	330	254	287	339	179	427	338	404	354	285	242	307	340	280	266	236	280	242	244	182	181	201	250	313	246	425	1149	265
Rv2981c	1352	3013	1530	1763	1857	2156	1106	2512	1479	2430	2419	1687	1305	2400	1695	1885	1701	1558	950	766	897	731	909	946	1798	2159	1764	3554	8546	2242
Rv2982c	1336	2387	1036	1225	1504	1824	1074	2099	1138	1848	2020	1426	1262	1896	1152	1491	1462	1335	710	644	631	691	754	822	1541	1573	1441	2334	5765	1347
Rv2983	262	328	149	163	197	236	199	283	120	245	254	194	219	238	124	192	167	202	109	96	94	99	110	151	189	226	194	427	1015	265
Rv2984	2424	4560	1370	2067	2547	3396	1959	3887	1364	2869	3352	2853	2313	3598	1642	2327	2596	2594	1612	1496	1639	1502	1831	1890	2865	2819	2964	4067	9828	2494
Rv2985	2978	7262	1002	3852	4606	5018	2233	7136	948	5120	5595	3940	2620	6397	1126	4186	4554	3633	1017	813	1075	834	1687	1190	4966	5777	5306	6326	15208	3765
Rv2986c	9698	23385	2302	11778	14380	15001	7512	21318	2068	16161	17167	11739	7495	18295	2479	12851	12121	9985	2853	2230	2567	1689	5099	2405	15023	20776	17859	20773	51058	12736
Rv2987c	4466	1375	107	586	938	1464	3694	1076	150	890	1185	1164	3764	1543	221	984	1241	1339	55	51	69	246	300	306	416	329	485	104	250	77
Rv2988c	10806	2413	202	1025	1882	2789	8797	2080	286	1833	2758	2241	8986	2802	357	1740	2376	2518	100	80	105	534	538	666	586	707	569	391	989	245
Rv2989	5476	1975	293	852	1265	1646	4345	1742	344	1375	1993	1477	4486	2061	355	1301	1673	1640	249	154	190	637	517	689	514	641	491	395	1093	267
Rv2990c	6756	2359	420	911	962	1269	5663	1885	437	1241	1270	1013	5909	2191	501	1145	1243	1186	738	600	758	2104	1532	1756	756	667	811	1300	2956	715
Rv2991	448	482	275	313	267	347	350	352	255	363	357	289	439	351	340	331	280	272	278	214	227	206	242	236	390	359	344	839	1915	472
Rv2992c	2273	4598	2020	2692	2760	3262	1970	3701	2151	3764	3377	2523	2215	3625	2391	2934	2776	2424	996	866	1042	1081	1619	1442	3752	3704	3555	4712	11435	2738
Rv2993c	987	2339	1028	1285	1296	1579	818	1901	944	1674	1627	1185	942	1881	988	1368	1292	1151	533	544	706	568	841	773	1967	1667	1915	2628	6124	1548
Rv2994	2467	3330	1960	1978	1985	2667	1937	2814	2084	2837	2791	2178	2292	2588	2207	2182	1916	1986	1226	1062	1116	1146	1289	1595	2185	2506	2107	3378	8509	1981
Rv2995c	3271	4702	2741	2471	3107	3800	2781	4464	2896	3722	4004	3126	3268	3621	2918	2850	2658	2580	2806	2243	2301	2048	1942	2416	3578	4078	3023	7181	18074	4521
Rv2996c	3649	5784	2689	2803	3746	4710	2958	6159	3304	4571	4603	3378	3504	4579	2820	3291	3195	3247	2792	2209	2264	2149	2237	2646	3501	4619	3392	8867	22168	5579
Rv2997	1055	1153	531	542	738	1034	825	1013	490	832	1032	888	957	931	585	656	713	780	541	451	515	401	431	465	742	813	627	1089	2680	633
Rv2998	182	335	150	180	226	243	171	257	161	242	262	235	198	270	212	214	198	211	131	113	128	119	164	157	284	226	271	431	1051	260
Rv2999	284	621	218	412	342	412	262	542	242	481	420	334	277	457	282	377	352	322	185	136	182	175	234	252	499	482	504	1418	3421	835
Rv3000	299	497	208	293	271	365	249	353	187	373	376	269	272	456	229	273	299	274	110	82	116	122	164	178	324	380	333	1116	2550	647
Rv3001c	3184	6097	3149	3713	3792	4679	2685	5427	3142	5038	4856	3949	3276	4628	3939	4140	3696	3395	1709	1448	1940	1688	2175	2684	4033	4687	4482	9427	22951	5613
Rv3002c	857	2127	821	1270	1231	1556	771	2003	834	1602	1551	1332	891	2044	1123	1441	1371	1387	448	478	568	458	688	704	1345	1312	1448	2542	6299	1570
Rv3003c	2743	5885	2383	2803	3776	4861	2266	6701	2488	4450	4814	3623	2757	5739	2727	3515	3611	3830	1400	1350	1438	1374	1680	2050	3132	4021	3269	8701	21714	5603
Rv3004	575	1279	480	670	670	828	503	1058	432	926	891	679	555	1014	525	694	655	584	693	578	639	451	527	506	913	957	892	1269	2979	816
Rv3005c	2118	6703	1084	3544	3363	4104	1608	5406	1054	4854	4153	3177	1874	5479	1159	3585	3366	3187	2520	2151	2121	1511	1924	1500	4905	4906	4722	4999	12428	3041
Rv3006	4347	4813	2763	2842	2832	4169	3428	3949	2463	3848	3651	3322	4003	3936	2965	3154	2828	3085	2346	2098	2449	2880	2839	3332	3628	3691	3589	5131	12649	3015
Rv3007c	1496	1799	820	1145	992	1579	1122	1441	822	1377	1232	1185	1353	1772	988	1165	1241	1286	1087	951	1124	1180	1144	1279	1520	1247	1338	1106	2685	670
Rv3008	1230	1421	880	967	784	1088	943	1175	847	1183	1025	943	1233	1266	1164	985	922	845	1665	1359	1672	1240	1119	1281	1334	1199	1203	1369	3140	784
Rv3009c	3908	4548	2737	2828	2684	3343	3077	3677	2669	3623	3357	2644	3390	3473	3263	2776	2714	2475	3997	3441	4028	3251	3061	3614	3967	3787	3917	5165	12257	3053
Rv3010c	2514	2587	1452	1466	1534	2077	2102	2106	1725	2141	2188	1797	2444	2070	2070	1757	1729	1621	2904	2411	2910	2205	1982	2413	2104	2048	2091	2766	6792	1643
Rv3011c	916	1749	754	795	1101	1306	633	2092	765	1401	1313	974	855	1335	802	1003	879	926	379	318	309	319	407	423	936	1264	817	2616	6836	1570
Rv3012c	73	244	88	94	106	117	49	256	73	128	144	93	68	154	65	104	102	87	51	39	55	42	59	55	110	151	141	404	1153	273
Rv3013	251	472	338	336	307	418	235	410	343	507	435	277	277	343	338	407	291	256	186	162	148	181	194	246	324	400	290	587	1498	382
Rv3014c	1319	2137	1159	1113	1344	1568	1091	1964	1257	1772	1719	1210	1354	1571	1219	1377	1163	1109	863	650	727	677	803	922	1399	1602	1189	2951	7247	1837
Rv3015c	516	690	499	475	550	689	451	640	559	796	653	539	467	498	558	554	443	437	312	259	272	277	257	301	394	561	378	1188	3046	747
Rv3016	1228	651	738	544	494	712	1065	557	596	724	624	574	1082	539	834	588	461	517	1560	1300	1639	1653	1317	1505	778	692	814	1118	2622	656
Rv3017c	278	233	172	165	138	251	310	183	153	233	192	179	274	182	174	204	143	171	187	167	187	207	198	246	145	146	158	183	448	104
Rv3018c	390	409	212	312	249	467	320	364	201	416	297	365	315	315	212	286	214	278	144	110	116	193	202	224	278	267	248	337	862	253
Rv3019c	470	262	141	202	174	342	316	254	141	245	199	293	425	217	178	192	148	224	97	75	116	188	173	210	200	163	193	269	620	171
Rv3020c	453	246	167	222	200	393	330	283	171	330	234	292	347	197	179	225	141	208	105	99	115	185	221	238	217	225	191	338	822	196
Rv3022A	72	41	23	49	31	84	62	47	21	71	53	72	63	34	31	54	34	48	17	15	16	42	48	56	29	32	26	59	131	50
Rv3023c	2391	4239	1573	5871	4284	6461	1778	4018	1958	7794	5195	5016	2044	2902	2332	5646	3346	3637	539	548	689	585	1239	1092	3343	3552	3428	1928	4736	1204
Rv3024c	1606	2259	1174	1445	1498	2039	1339	1984	1273	2094	2074	1625	1536	1999	1269	1653	1536	1586	1081	930	1045	1041	1139	1260	1785	1924	1558	2289	5618	1373
Rv3025c	2791	4111	1833	2454	2597	3513	2257	3560	1869	3488	3258	2754	2573	3348	2003	2619	2538	2524	1705	1603	1523	1521	1595	1748	3059	3158	2751	4596	11518	2674
Rv3026c	465	625	245	319	330	476	340	601	257	434	442	286	455	532	305	318	276	264	119	85	103	87	131	123	247	316	242	374	889	275
Rv3027c	464	876	311	440	392	468	381	822	259	547	500	340	482	740	337	412	359	351	135	100	149	83	170	142	484	516	422	1298	2984	742
Rv3028c	8005	11862	6083	5448	6794	8886	5908	11787	6301	8336	8129	6411	7413	8797	6061	6329	5478	5825	2320	2008	2133	1786	2636	2954	6290	7658	5935	17087	44211	10262
Rv3029c	6983	12399	7346	6620	6119	7632	5408	10552	6091	8273	7255	5437	6125	8724	6734	6104	5198	4987	3282	2963	3087	2512	3705	3666	8744	9167	7857	23349	57465	14265
Rv3030	1488	2308	1017	976	1071	1562	1007	2075	884	1359	1268	1133	1395	1620	1018	1082	982	1196	476	471	626	573	851	962	1419	1470	1573	3273	8053	1926
Rv3031	1718	2562	1121	1107	1322	2006	1279	2706	1140	1749	1695	1549	1763	2117	1210	1299	1120	1451	452	428	456	473	714	756	1388	1821	1420	3618	8972	2128
Rv3032	1425	2084	1110	1014	1155	1662	1135	1880	1044	1488	1475	1237	1428	1756	1196	1206	1215	1255	355	332	327	345	575	566	1256	1457	1168	2775	6617	1710
Rv3032A	364	536	294	283	284	385	288	492	305	398	399	341	392	476	352	323	295	341	108	145	137	119	196	195	405	423	394	662	1618	409
Rv3033	188	362	498	453	240	331	144	249	450	422	292	250	167	307	593	388	239	248	174	188	242	217	238	276	290	215	267	652	1493	387
Rv3034c	1091	1763	1187	1246	1015	1233	885	1435	1026	1478	1309	1039	1085	1318	1325	1146	1011	1006	1183	1090	1387	1019	1065	1263	1561	1352	1422	1966	4690	1146
Rv3035	1725	2777	1226	1304	1570	2093	1307	2297	1295	2059	2065	1669	1553	1998	1368	1445	1342	1543	901	773	715	712	775	969	1325	1696	1268	2016	5150	1213
Rv3036c	1060	1222	565	614	540	897	819	844	497	775	738	686	881	826	571	594	592	652	724	641	693	670	686	687	883	761	729	1104	2636	638
Rv3037c	1686	1657	979	847	966	1494	1286	1533	1040	1289	1391	1194	1624	1564	1121	1031	1033	1171	680	548	625	462	545	648	904	1049	886	856	2284	583
Rv3038c	2563	2765	1924	1509	1621	2406	2189	2156	1705	2031	2060	1900	2508	2009	2142	1740	1584	1722	2060	1676	2127	1487	1601	1862	2022	2130	2004	3403	8397	1966
Rv3039c	528	779	517	458	549	696	435	702	529	721	708	531	546	586	550	578	489	545	318	244	273	221	324	331	602	682	541	841	2096	468
Rv3040c	748	1012	698	590	719	944	677	877	682	941	926	746	740	768	725	729	681	722	396	329	405	343	401	497	801	943	687	1054	2432	644
Rv3041c	982	1455	1067	989	1063	1338	870	1334	1008	1421	1303	1064	1063	1163	1014	1033	960	910	667	543	587	507	576	698	1238	1362	1136	1813	4562	1102
Rv3042c	5317	5798	4570	4058	4289	5396	4581	4949	4703	5944	5699	4394	5712	4661	5419	4634	4533	4123	5013	4332	5085	4239	4586	5553	6908	7046	6482	8166	19475	5052
Rv3043c	9144	13568	8959	9374	8514	10577	7592	10448	7674	11000	9676	8269	8371	8845	9474	8178	7767	7166	11220	10509	12366	11316	11185	12180	16065	12857	15318	20354	48396	11989
Rv3044	4384	4644	4026	3008	2926	3848	3439	3596	3574	4132	3528	2856	3985	3401	3669	3070	2527	2650	3465	2865	3115	2764	2655	3578	3846	4194	3358	7311	18322	4618
Rv3045	7708	6009	6058	3960	4028	5072	6700	5121	5412	5420	5310	4272	7675	4784	7096	4386	4161	4130	5886	4906	6773	5524	5694	8854	5258	5514	5425	8593	20930	5092
Rv3046c	2221	1976	1787	1325	1294	1778	2091	1581	1751	1852	1746	1430	2222	1614	1992	1341	1251	1288	1798	1514	1747	1405	1489	2061	1742	1776	1588	2468	5905	1434
Rv3047c	239	360	63	182	177	167	186	309	60	167	175	149	248	329	94	171	183	138	108	90	143	89	136	108	340	256	320	187	434	128
Rv3048c	2429	3747	806	1842	1635	2012	1892	2802	690	1957	1875	1630	2144	3089	980	1667	1785	1567	1512	1547	1803	1464	1643	1625	3468	2416	3468	2057	5181	1273
Rv3049c	6617	9919	3708	5192	4600	7215	5554	8090	3448	6576	6248	5941	6805	8941	4612	5780	5233	5902	6531	6014	7441	6529	6410	8822	5011	4772	5562	9146	21943	5521
Rv3050c	5144	7085	3158	4179	3596	5110	4393	5710	2814	5011	4713	4029	5104	6386	3688	4407	4001	4055	4865	4153	5062	3128	3648	3563	5489	5100	5380	4995	11695	3022
Rv3051c	41751	36711	20915	23477	20274	27818	36615	27562	18806	28480	24500	22126	37051	28563	26466	22634	21022	21707	37167	35030	48156	33498	34459	36936	39463	29550	39222	26377	63034	15925
Rv3052c	16229	8749	5464	5902	4584	6168	14541	6862	4743	6327	5777	4911	15268	7099	6561	5055	4926	4511	13905	12042	16756	13166	11818	13672	9721	7803	9915	7144	17286	4243
Rv3053c	14689	8444	5044	4922	4525	5859	13368	6241	4701	5616	5366	4476	12851	6198	5864	4509	4589	4342	12393	11736	14269	12903	11806	12400	9490	7168	9526	6890	15892	3931
Rv3054c	49022	195	1270	88	50	58	52968	150	1180	121	72	42	46864	138	1017	74	37	56	3543	2551	3114	15468	9917	12567	94	78	68	179	391	108
Rv3055	797	318	355	190	192	216	672	264	268	269	216	198	731	217	341	236	157	157	631	506	551	588	427	617	289	286	246	500	1079	306
Rv3056	1593	1073	806	586	580	705	1394	809	751	779	680	602	1584	825	943	669	574	545	1070	1086	1275	1174	1112	1362	919	791	761	942	2282	594
Rv3057c	893	1921	1078	1027	996	1205	807	1503	998	1366	1418	1038	908	1499	1251	987	1086	825	1153	964	1110	796	884	1031	1334	1146	1136	1986	4761	1171
Rv3058c	949	2677	1444	1515	1411	1690	864	1994	1142	1697	1749	1341	977	2170	1522	1386	1410	1353	1738	1537	1972	1264	1472	1555	2313	1756	2148	1876	4215	1069
Rv3059	1638	2254	1576	1275	1354	1659	1338	1795	1291	1679	1659	1393	1522	1646	1755	1255	1337	1267	3030	2579	3367	2407	2149	2524	2044	1614	1935	2694	6341	1597
Rv3060c	3641	2061	1117	1325	1209	1799	3364	1623	1026	1746	1665	1414	3547	1816	1367	1440	1282	1382	2224	1864	2304	3278	2498	3173	1576	1530	1568	2555	5937	1518
Rv3061c	6002	1854	1185	1450	1140	2097	5421	1609	1333	2102	1789	1656	5526	1883	1587	1704	1489	1727	2274	1849	2344	4216	3183	4509	1337	1355	1309	1737	4203	1209
Rv3062	1288	1895	804	1039	1029	1275	1056	1528	840	1517	1314	1028	1162	1493	828	1045	918	933	815	689	722	921	808	993	1109	1238	1018	2145	4901	1234
Rv3063	862	1465	713	877	840	1109	743	1230	658	1196	1139	955	901	1158	768	908	842	794	787	718	874	758	790	852	1129	1011	1107	1614	3726	1070
Rv3064c	384	242	145	151	149	196	310	178	131	190	148	178	320	226	219	155	140	169	654	648	868	776	514	641	261	203	273	161	341	113
Rv3065	597	230	133	140	111	186	481	181	137	160	145	123	522	172	179	142	108	148	1166	981	1442	1235	778	1065	236	228	314	204	492	126
Rv3066	760	421	306	286	281	326	648	379	283	400	375	307	652	303	317	345	236	282	1217	931	1138	1099	759	1195	359	393	334	583	1426	379
Rv3067	478	719	390	527	398	529	365	551	329	673	555	444	484	526	437	498	397	449	519	434	525	460	419	539	574	521	538	1550	3495	912
Rv3068c	1006	1275	736	783	847	1007	878	1061	811	1023	1028	777	993	922	825	759	759	765	961	838	906	917	833	1078	883	890	924	1562	3746	970
Rv3069	264	407	236	300	240	352	220	326	217	336	313	262	257	284	259	289	206	251	229	203	229	194	191	207	349	274	280	521	1361	346
Rv3070	181	288	133	171	174	205	137	209	116	242	205	160	175	208	164	171	159	177	130	124	133	124	132	133	223	208	195	349	785	200
Rv3071	373	545	266	370	350	424	308	453	273	511	439	344	388	467	345	363	358	335	375	337	404	320	291	379	428	429	401	729	1738	433
Rv3072c	262	425	212	280	273	326	209	360	231	355	322	257	235	348	269	260	271	269	208	200	219	172	209	238	355	369	300	327	836	236
Rv3073c	159	235	139	166	168	182	123	190	137	178	203	141	139	162	163	164	145	136	194	165	185	131	129	168	209	182	208	380	943	235
Rv3074	1023	1822	792	790	1038	1214	854	1681	742	1111	1498	1092	1031	1534	895	950	1089	1027	1564	1285	1308	962	964	993	1515	1738	1366	3565	8738	2139
Rv3075c	2756	4629	3045	2591	2816	3427	2533	3716	2904	3579	3696	2907	2844	3396	3647	3032	2869	2705	4956	3893	4403	3151	3035	3120	4412	4459	4589	7195	18142	4463
Rv3076	225	608	167	279	324	454	184	480	193	337	367	329	199	283	168	258	206	197	104	104	88	99	151	141	446	336	296	1012	2614	652
Rv3077	689	1456	495	688	724	951	482	1193	471	903	961	665	615	1030	525	696	653	675	372	344	407	426	474	624	861	929	792	1689	4193	1037
Rv3078	320	661	346	386	342	394	257	459	307	497	404	345	333	488	360	348	330	341	387	337	384	306	303	310	524	484	481	681	1537	434
Rv3079c	331	452	427	274	234	291	291	352	336	352	333	240	346	337	447	284	279	266	1021	883	1184	630	471	659	416	378	363	411	1028	289
Rv3080c	1032	837	1243	571	604	721	871	769	1055	805	806	653	956	622	1208	599	549	560	4471	3451	3974	2318	1687	2240	1174	1087	1000	1865	4711	1217
Rv3081	841	1060	574	677	618	857	748	749	501	796	758	601	799	815	644	629	609	611	969	798	992	720	730	789	970	770	890	1150	2853	703
Rv3082c	448	203	199	101	117	145	397	160	164	143	166	102	399	143	146	108	115	104	466	382	348	443	305	373	259	218	156	454	1015	248
Rv3083	224	1483	553	801	1273	1924	188	1634	487	1189	1587	1475	212	1275	576	883	1184	1441	553	520	589	368	496	532	835	970	857	1826	4533	1135
Rv3084	102	448	145	144	375	656	69	590	167	294	458	430	82	421	154	203	357	491	309	256	221	146	160	206	245	336	267	682	1664	433
Rv3085	54	311	80	153	296	518	33	566	103	272	382	354	46	362	107	195	272	378	140	142	136	72	120	115	225	243	223	621	1578	338
Rv3086	698	1757	835	859	1340	2020	605	1875	839	1356	1723	1598	723	1607	970	1078	1273	1516	1712	1414	1689	1267	1026	1254	1044	1196	1059	1701	4529	1044
Rv3087	349	879	456	350	676	874	306	933	436	570	849	750	335	762	412	410	586	730	1598	1253	1414	742	644	822	496	658	551	1242	3130	788
Rv3088	360	748	449	383	490	738	272	686	443	545	657	559	283	588	526	441	474	513	1302	1086	1274	653	636	921	575	645	602	1265	3161	758
Rv3089	460	862	632	469	665	848	413	754	608	695	811	751	432	753	689	530	635	664	1726	1357	1601	861	716	957	750	752	708	1433	3201	896
Rv3090	80	255	105	161	145	168	80	241	90	182	169	116	87	210	104	148	147	98	96	88	129	110	151	151	237	183	202	322	775	214
Rv3091	1621	2819	1811	1627	1707	1996	1331	2599	1743	2399	2260	1696	1687	2229	1763	1875	1548	1412	1635	1323	1393	1225	1155	1372	1827	2028	1669	3303	8295	1997
Rv3092c	5533	7416	3395	4054	3588	5009	4119	6946	3636	5813	4654	3799	5058	6470	3740	4537	3260	3516	3279	2478	2710	2516	2206	2635	2747	3056	2684	7626	18613	4694
Rv3093c	6605	11780	4023	5595	5146	6462	4813	11483	5076	9272	6508	5042	6006	9562	4456	6920	4091	4621	419	372	422	946	1117	1740	1768	2645	1995	12412	31893	7806
Rv3094c	7328	12729	5432	7308	5604	6988	5672	11443	5861	10438	7502	5173	6513	10515	5595	8060	5021	4837	595	567	713	1661	1934	2877	2525	3372	2713	14268	34376	8888
Rv3095	3068	4032	1755	2312	1645	2327	2368	2874	1507	2819	2123	1605	2720	3117	1988	2211	1692	1672	765	663	917	1463	1580	1841	1814	1460	1617	4576	10354	2662
Rv3096	3255	7233	1460	3489	2925	4030	2436	5517	1305	4209	3520	3220	3025	5594	1790	3449	2944	3034	1286	1163	1449	1302	1975	1558	4144	3670	4340	4526	10944	2697
Rv3097c	380	905	320	503	456	589	288	709	333	604	537	450	343	804	456	499	511	440	295	272	340	273	278	330	653	476	615	815	1939	531
Rv3098c	608	846	423	463	471	578	538	662	451	582	608	457	584	666	543	475	525	467	463	481	547	489	541	567	716	657	779	903	2193	575
Rv3098A	863	938	582	508	541	649	771	765	541	642	628	587	869	693	719	548	537	562	900	863	1154	963	940	1027	952	733	883	766	1945	507
Rv3099c	1633	3695	2289	2470	2171	2577	1601	2970	2211	3271	2672	2059	1728	2659	2532	2473	1999	1882	2795	2347	2523	1874	1830	2199	2758	2727	2745	4700	11312	2853
Rv3100c	1188	1610	588	974	831	1213	979	1218	638	1238	1035	1014	1150	1362	815	936	885	1001	492	459	603	598	729	773	1436	1219	1234	1066	2543	657
Rv3101c	2365	3915	1476	2500	1960	2799	1969	2963	1371	2916	2164	2225	2106	2976	1720	2316	2058	2323	1171	1178	1455	1525	1777	1836	3668	2668	3287	3081	7273	1800
Rv3102c	1124	1555	549	1048	740	1027	849	1201	548	1078	817	834	964	1088	609	837	707	741	589	544	659	694	746	667	1576	1162	1317	2367	5453	1400
Rv3103c	684	667	335	339	390	643	449	703	342	574	544	487	640	646	403	436	480	512	310	251	312	277	255	348	479	481	410	591	1518	390
Rv3104c	3936	3790	1958	2174	2445	3672	3330	3558	2259	3278	3280	3029	3949	3475	2474	2486	2467	2770	2009	1724	1915	1682	1701	2037	2796	3023	2586	3119	7894	1963
Rv3105c	3614	3424	1838	2092	1935	2854	2665	2952	1610	2654	2460	2271	3218	2906	1880	2165	1970	2207	2401	2125	2410	2143	2072	2255	3035	2711	2762	4360	10799	2569
Rv3106	581	1177	769	798	734	872	518	907	793	1059	975	777	648	818	844	804	664	683	452	388	455	559	563	795	784	850	743	1682	4216	1083
Rv3107c	886	1409	555	724	701	964	607	1116	508	882	957	763	789	992	629	707	645	697	391	358	406	425	462	493	817	867	773	1687	4057	1017
Rv3108	173	345	135	188	169	240	125	276	119	243	229	176	164	252	158	199	186	193	105	104	98	91	117	104	233	235	251	416	975	272
Rv3109	60	365	88	162	164	203	46	248	81	210	214	150	51	283	112	146	192	166	32	33	44	35	78	31	357	251	319	62	196	119
Rv3110	34	152	44	80	75	97	30	114	39	80	92	65	32	120	48	58	71	59	29	33	27	26	36	24	134	80	115	52	142	61
Rv3111	41	111	30	67	53	65	29	57	31	66	62	63	27	82	63	53	68	65	14	19	33	9	36	20	87	53	84	43	96	47
Rv3112	27	96	24	40	39	41	28	38	29	40	54	37	20	68	37	42	55	47	18	22	24	17	28	14	79	58	72	16	47	30
Rv3113	31	109	36	70	46	54	33	89	42	82	70	61	36	83	54	61	69	61	34	31	40	13	39	31	110	76	109	49	102	55
Rv3114	45	61	36	54	34	45	26	53	21	57	40	50	42	75	52	48	58	55	55	67	72	37	43	35	69	42	69	59	151	53
Rv3115	2395	4244	1576	5881	4291	6471	1781	4025	1961	7807	5203	5025	2044	2906	2336	5656	3352	3642	539	549	690	587	1240	1093	3345	3554	3434	1931	4743	1206
Rv3116	3303	4982	1987	2994	2692	3289	2919	3579	1764	3521	3222	2797	3002	3479	2437	2668	2661	2541	1881	2027	2430	2387	2816	2725	4897	3393	4618	4119	9497	2442
Rv3117	4347	4318	2454	2748	2332	2569	3629	3365	1957	3271	2787	2099	3668	3218	2539	2653	2370	2000	3902	3634	5132	4655	4501	5503	3376	2805	3292	3736	9171	2321
Rv3118	3280	2922	1921	1615	1812	1906	3136	2361	1898	2461	2336	1634	2958	1991	2273	1752	1607	1348	2681	2133	2693	3126	2824	4089	1784	1978	1766	2553	6100	1595
Rv3119	2625	2797	1229	1861	1621	1945	2229	2343	1227	2181	1952	1723	2360	2276	1790	1818	1727	1556	940	973	1329	1164	1555	1452	2618	2276	2922	2049	5126	1177
Rv3120	2092	2268	1150	1499	1367	1707	1785	1941	1197	1930	1703	1410	1986	1806	1543	1464	1290	1165	1065	872	1186	1051	1313	1264	2219	1941	2135	2282	5238	1343
Rv3121	1447	2528	930	1491	1262	1677	1352	1896	930	1909	1612	1305	1501	2153	1314	1494	1546	1419	635	664	883	665	1047	939	2212	1775	2243	1534	3623	912
Rv3122	5105	1403	1605	957	855	1091	3896	1152	1411	1308	1087	870	4138	1138	1422	1150	845	798	1381	976	1229	1890	1404	1704	888	1181	946	1085	2625	655
Rv3123	2368	1247	597	528	620	826	1472	966	489	759	786	640	1663	698	439	621	438	441	403	310	372	497	443	549	823	1049	703	1768	4642	1123
Rv3124	192	308	171	176	135	223	189	218	118	189	170	150	172	210	139	138	155	144	161	149	224	186	202	200	291	187	251	151	354	133
Rv3125c	281	610	288	391	348	487	235	498	295	491	463	358	236	522	349	385	383	335	188	211	297	207	257	285	509	389	430	405	927	246
Rv3126c	22	63	31	45	29	43	28	50	32	64	48	36	19	56	49	46	42	39	30	25	40	24	35	23	49	42	51	44	77	37
Rv3127	311	1717	846	1115	1764	1614	445	3013	2941	4155	3624	2895	616	2159	4626	4578	2524	4072	846	919	1787	503	799	618	933	983	1634	1214	3023	812
Rv3130c	89	1905	1167	1541	2552	2104	214	4831	5683	8182	6036	5244	438	2742	9051	8832	3982	6740	2626	2852	4873	1974	1968	2073	1060	1093	1937	1227	2952	811
Rv3131	187	1501	1334	1480	2195	1764	298	3969	4856	6840	5219	4001	559	2653	7008	7120	3681	5557	1864	1827	3689	1126	1268	1575	726	1020	1426	1028	2436	620
Rv3132c	2285	2882	1719	1689	1733	2347	1878	2608	1696	2661	2523	2001	2300	2380	2114	2211	1971	2351	2295	2061	2375	1619	1653	2046	2633	2331	2553	3099	7260	1788
Rv3133c	1007	1157	753	665	780	946	822	1240	767	1243	1117	829	832	1021	913	946	837	963	1126	950	1219	769	754	877	987	956	1042	1113	2559	674
Rv3134c	566	1201	618	673	1009	927	539	1742	1119	2180	1755	1183	500	1066	1064	1786	1089	1438	814	642	716	547	576	565	784	863	770	1404	3400	825
Rv3135	500	2898	546	1820	1501	1224	393	2043	473	2009	1710	858	436	1934	612	1616	1438	824	196	192	240	164	517	235	2119	1880	1881	1311	3114	824
Rv3136	2225	9778	1915	4662	5637	4336	1696	8165	2025	6567	6452	3124	1951	6277	2009	5031	4443	2760	667	640	719	579	1826	834	6030	7725	6397	5650	14196	3606
Rv3136A	754	2589	525	1168	1348	1064	558	2099	460	1701	1493	775	683	1895	522	1364	1214	773	225	233	217	234	548	274	1698	1961	1744	1336	3453	811
Rv3137	754	1570	433	777	889	825	613	1302	443	1103	948	571	656	1193	473	907	760	591	308	275	265	241	410	274	970	1180	936	1360	3277	836
Rv3138	1735	1530	1182	1063	882	1250	1502	1297	1069	1306	1155	1009	1760	1319	1459	1080	1075	1023	1545	1514	1923	1581	1384	1486	1415	1107	1314	2045	4809	1169
Rv3139	8787	4643	5958	3881	3067	3731	6735	4051	5208	5444	3939	2865	7513	3668	5761	4417	3032	2690	4093	3249	4550	2615	2845	3718	2982	3415	3104	8836	21444	5296
Rv3140	19016	8654	13110	9993	6091	6902	15820	7162	11484	11809	7162	5579	18257	6533	16530	10013	6190	5589	7293	6530	8584	5281	5768	7064	7202	7021	8078	16687	41738	9966
Rv3141	4653	4938	2871	3416	3171	4517	3590	4295	3015	4492	4390	3646	4451	4207	3461	3730	3369	3273	2636	2313	2749	2260	2497	2714	3891	3995	3676	5391	13261	3387
Rv3142c	1414	2474	1025	1380	1455	1958	1142	2178	1003	1811	1947	1905	1375	2148	1279	1544	1599	1894	1176	1151	1277	1358	1488	1521	1889	1534	2002	1321	3093	787
Rv3143	1184	2534	1590	1463	1574	2156	1074	2064	1676	2020	2132	1770	1162	2010	2147	1463	1571	1527	724	688	820	909	1132	1347	1933	2010	1763	1294	3090	813
Rv3144c	2916	4488	2884	2458	3038	3980	2140	4355	3202	3803	3963	3229	2567	3770	3293	2906	2855	2877	1543	1419	1516	1856	2067	2643	2673	3340	2560	2814	7258	1652
Rv3145	893	3969	1587	2667	2435	2893	770	3056	1870	3283	3120	2240	834	3281	2010	2611	2568	2214	686	631	732	765	1240	1067	2388	2473	2530	1866	4530	1176
Rv3146	1723	7136	2185	4600	4235	5032	1473	5987	2895	5469	5278	4148	1675	5826	3559	4421	4502	4010	860	830	1128	1040	1767	1613	4115	3945	4676	2741	6327	1523
Rv3147	1155	4429	1495	2618	2579	3253	992	3601	1684	3417	3479	2632	1198	3623	1709	2729	2530	2459	928	771	987	827	1289	1132	2755	2742	2787	2465	5988	1408
Rv3148	2661	11710	3443	6482	6896	8845	2419	9723	4099	8719	9029	7110	2744	10068	4237	6810	7229	7178	1950	1751	2128	1785	3167	2826	7615	7173	7557	4965	11804	2968
Rv3149	1547	6027	1863	3028	3774	5021	1334	5528	2520	4829	5240	4131	1626	5164	2184	3589	3667	3767	872	712	782	709	1231	1109	3110	3831	2954	3054	7677	1935
Rv3150	2460	10266	3129	5881	6082	8097	2129	9077	3820	7928	8364	6538	2586	8970	3933	6451	6470	6599	1614	1410	1695	1353	2470	2110	6151	6282	6118	4968	12493	3067
Rv3151	6121	21055	6598	10668	13241	17878	5181	21910	8210	16207	17718	13871	6469	19587	7863	12456	13120	14534	3548	3090	3403	2678	4297	3967	9560	12164	10091	10222	25242	6222
Rv3152	3207	12370	3397	6598	7508	10004	2768	11478	4031	9135	9767	8307	3195	11034	4449	7321	7826	7931	1842	1664	2099	1178	2780	1928	8294	7762	8605	4424	10416	2644
Rv3153	2290	8299	2920	4610	4935	6592	2013	7243	3277	6411	6314	5456	2293	7152	3389	4956	5107	4946	1473	1370	1544	1123	2158	1544	5136	5458	5527	3229	8000	1989
Rv3154	2123	6843	2293	3879	4112	5731	1771	6054	2681	5428	5625	4771	2102	6014	3180	4333	4434	4308	1295	1183	1423	818	1611	1265	4163	4592	4245	2619	6353	1600
Rv3155	394	1767	464	827	926	1241	354	1417	488	1028	1045	946	393	1474	538	878	982	990	234	242	296	218	384	263	1104	964	1095	704	1683	445
Rv3156	5879	20356	6020	10616	12169	16380	5137	17230	7574	15538	16020	13209	5749	16993	7634	12085	12308	11986	2861	2675	2902	2015	3811	2976	10191	11825	10637	7485	18022	4493
Rv3157	4232	14668	4263	7669	8692	11536	3430	13041	4968	10507	11043	9390	4191	12264	5544	8539	8908	8777	2271	2056	2331	1561	3008	2185	8397	8544	8768	6142	14897	3755
Rv3158	4516	10775	3630	5770	6327	8569	3807	9152	4094	7960	8051	6903	4599	8765	4576	6270	6136	6362	2493	2070	2611	1490	2265	1775	6280	6100	5897	4505	11058	2742
Rv3159c	44030	4739	8417	3165	1416	15001	33657	4162	8658	4182	1734	11452	36348	4218	9787	3160	1454	11762	12723	11028	16233	6679	5511	8178	1603	1391	1533	792	1937	570
Rv3160c	60287	4112	15523	2794	843	14782	51591	3948	14110	4186	1141	11557	56315	3657	14512	3278	812	10809	37358	25166	34185	17622	11680	20565	757	861	840	823	1945	493
Rv3161c	169925	10012	44742	8041	1896	33872	149021	9756	41318	10790	2335	29078	164905	9388	52881	8487	1986	26921	118665	89058	122493	69437	44417	69854	1868	1922	2096	1189	3080	833
Rv3162c	798	255	491	174	141	331	724	216	372	247	224	267	846	236	498	177	171	301	645	480	639	396	334	460	170	159	141	191	410	129
Rv3163c	821	648	466	387	424	661	771	550	492	605	605	547	874	615	595	489	460	526	620	499	625	432	395	501	426	473	420	373	1013	287
Rv3164c	690	699	529	456	412	570	674	533	441	607	518	517	718	621	665	477	451	513	933	762	1030	756	650	734	638	543	674	877	1914	509
Rv3165c	190	229	153	128	118	179	161	160	127	161	152	137	179	182	169	133	114	147	334	234	325	242	186	242	169	159	179	193	440	132
Rv3166c	374	446	286	258	260	391	302	289	262	358	328	315	373	305	329	284	270	270	461	358	429	399	352	368	330	343	270	630	1524	433
Rv3167c	111	109	56	49	38	66	71	71	46	72	61	53	95	65	50	60	42	35	100	67	81	67	53	82	64	55	65	148	328	93
Rv3168	629	967	478	620	545	719	530	785	430	721	670	571	590	726	553	598	574	556	573	546	724	495	520	527	836	678	804	769	1806	507
Rv3169	756	1112	669	694	713	845	687	983	612	900	933	738	751	879	744	730	738	656	813	716	882	846	739	916	946	861	908	1071	2606	628
Rv3170	705	920	390	473	585	788	609	821	393	766	792	640	682	872	428	583	528	546	799	581	664	621	492	617	505	558	451	1049	2458	669
Rv3171c	2513	2816	1072	1860	1611	2239	1781	2381	954	2551	2199	1853	2103	2324	930	2128	1594	1573	4121	3196	3115	2257	1987	1857	2569	2656	2478	8305	20203	5013
Rv3172c	383	537	141	288	228	276	339	349	147	307	243	212	340	419	185	216	223	217	257	229	296	212	222	242	428	273	361	611	1456	377
Rv3173c	3201	2309	915	1264	1448	1841	3319	2287	1062	2100	2212	1801	3933	2539	1458	2042	2048	2110	2652	2182	2779	2043	2044	2143	2070	2254	2700	4359	10686	2579
Rv3174	737	41	38	35	21	35	856	39	29	29	39	40	673	39	25	30	39	27	84	67	75	145	105	146	42	31	40	231	536	145
Rv3175	1051	933	326	657	619	750	1052	751	373	867	774	597	1041	606	390	595	478	419	383	289	279	357	324	374	761	715	447	1778	4555	1118
Rv3176c	363	202	134	98	107	154	420	165	137	190	157	105	407	173	127	106	116	134	504	421	527	387	313	390	114	133	131	343	794	222
Rv3177	384	213	174	155	142	223	444	171	173	224	194	172	394	161	226	169	166	160	341	297	396	345	275	308	199	175	239	345	760	275
Rv3178	44	41	38	22	33	38	51	33	29	41	42	26	35	30	32	26	29	22	62	43	54	44	37	29	46	34	41	80	166	58
Rv3179	825	1087	422	452	483	676	650	854	355	601	679	535	674	769	491	460	491	478	672	606	641	521	479	445	922	704	804	826	1991	549
Rv3180c	174	190	115	111	108	155	131	169	84	144	141	99	118	133	97	110	100	93	199	141	186	133	109	166	153	184	125	310	708	226
Rv3181c	140	165	82	87	76	133	98	127	92	109	136	98	119	110	85	85	84	85	191	166	188	133	115	117	167	146	144	368	906	228
Rv3182	215	226	116	124	125	179	176	166	92	120	161	119	180	206	142	120	135	149	237	199	208	199	184	162	241	189	184	444	995	201
Rv3183	95	85	53	38	52	68	53	69	34	50	60	48	66	66	48	37	38	38	83	74	67	46	40	53	72	55	50	132	310	84
Rv3188	179	175	109	99	71	142	176	121	75	128	92	88	170	109	96	95	69	96	453	299	378	321	244	287	241	200	180	635	1311	358
Rv3189	299	343	142	241	173	240	268	286	126	268	230	191	243	354	179	202	188	179	491	422	500	387	310	384	342	317	374	481	1174	305
Rv3190c	1024	2072	586	1253	995	1364	797	1582	532	1529	1169	1092	886	1605	709	1217	1011	1019	1023	1000	1113	883	982	875	1681	1311	1610	1584	3913	997
Rv3190A	864	1784	885	1107	1080	1225	673	1636	772	1425	1266	1050	736	1511	1179	1115	1018	1043	657	729	893	901	959	901	1536	1161	1699	1020	2290	579
Rv3191c	1422	2115	1401	1629	1218	1465	1139	1905	1384	1940	1509	1234	1297	1811	2074	1513	1350	1140	1298	1367	1665	1340	1458	1472	2085	1687	2006	1653	3853	1031
Rv3192	303	314	162	174	196	286	241	259	171	236	291	223	280	332	215	260	242	232	141	117	144	103	119	116	184	208	179	207	493	155
Rv3193c	8316	9419	5133	5830	5917	7989	6496	8181	4967	7752	7275	6769	7536	7419	6555	5937	5922	6060	7446	6571	8604	5376	6215	6753	9814	8420	9607	10927	26020	6633
Rv3194c	953	1710	884	1080	919	1151	780	1293	848	1372	1071	927	956	1023	996	944	855	795	752	659	730	684	759	867	1347	1289	1232	2255	5408	1424
Rv3195	381	440	251	350	279	417	283	376	274	439	364	299	387	398	383	371	359	290	278	253	321	272	283	316	339	335	333	534	1408	368
Rv3196	519	965	527	593	531	673	412	707	553	856	687	557	513	654	626	583	491	484	347	260	312	332	435	428	751	814	714	1028	2482	642
Rv3196A	445	950	505	698	529	595	377	731	554	684	593	478	426	609	670	551	516	476	284	314	452	355	450	495	847	687	833	1109	2558	666
Rv3197	9796	8292	5206	5186	4785	8357	8031	7327	5117	6991	6664	7265	9532	7502	6469	5979	5380	7367	8169	7094	8400	6772	6066	7735	5698	5888	6311	6796	15964	4034
Rv3197A	436	422	249	213	207	350	415	395	192	281	253	252	435	441	236	236	232	281	240	187	241	161	213	200	284	245	267	316	789	201
Rv3198c	1860	2729	870	1353	1590	2369	1496	2438	902	2015	2163	1837	1697	2170	1041	1496	1491	1708	700	606	689	776	812	1036	1536	1648	1395	2614	6250	1566
Rv3198A	456	1234	471	664	560	703	358	866	411	702	678	499	401	892	500	548	566	527	260	259	306	253	328	286	1044	693	840	619	1531	403
Rv3199c	1644	3365	1517	1692	1778	2335	1343	2812	1614	2429	2401	1818	1614	2725	1688	1886	1926	1710	1199	1005	1101	831	1006	1077	2350	2314	1961	2248	5836	1405
Rv3200c	2937	5450	2655	2982	3342	4082	2372	4606	2782	4115	4187	3034	2914	4261	2917	3210	2945	2939	2603	2270	2323	1756	2020	1896	4234	4101	3896	4470	10637	2694
Rv3201c	589	998	304	299	490	563	390	1107	223	472	615	437	474	839	242	357	439	387	775	652	590	715	549	617	577	700	450	1535	4038	1063
Rv3202c	561	1085	257	256	528	526	344	1368	217	400	640	404	453	908	238	334	460	393	857	700	559	801	592	613	459	557	410	1581	3932	944
Rv3203	528	592	330	324	340	465	462	510	332	470	471	371	432	412	331	348	302	352	381	324	356	312	275	304	399	462	357	742	1951	498
Rv3204	582	811	484	537	497	679	466	641	425	670	632	490	541	794	510	565	578	524	709	480	615	434	464	476	757	634	676	924	2239	574
Rv3205c	6563	5611	5699	3873	3661	4665	5661	4762	4911	5275	4905	3864	6356	4402	5644	3998	3448	3195	10190	7924	9695	6158	5123	6602	4746	5429	4873	8548	20718	5382
Rv3206c	17590	5530	7003	3470	3337	4504	16361	4597	5317	4230	4113	3700	16024	4533	6397	3488	3316	3440	27151	22586	27193	18942	12006	14020	5261	4503	5056	6191	14889	3771
Rv3207c	4213	6938	2520	4078	4203	5198	3361	5827	2421	5416	5489	4600	3902	5779	3187	4363	4467	4412	4294	3908	4795	4530	4217	4642	5521	4723	5506	5858	14541	3832
Rv3208	1605	3459	1971	2006	1829	2233	1423	2511	1690	2335	2176	1646	1560	2503	2015	1829	1700	1534	2612	2044	2459	1589	1820	1820	2988	2570	2549	4705	11265	2866
Rv3208A	967	1855	1205	1222	1149	1297	780	1413	1047	1533	1316	1042	829	1126	1306	1059	955	795	1297	1162	1280	1031	1151	1232	2076	1708	1883	2824	6583	1610
Rv3209	1233	2358	427	1159	1195	1618	718	1956	292	1511	1474	1135	903	2023	362	1164	1180	1145	1680	1390	1665	917	992	791	2185	1903	2053	1806	4312	1086
Rv3210c	1634	2343	730	1188	1286	1405	1148	1812	647	1373	1540	1132	1418	1873	815	1144	1281	1091	1550	1432	1697	1293	1292	1231	2227	1700	2012	2147	5144	1376
Rv3211	9463	11328	6415	6528	8012	10098	6951	14195	5707	9062	9897	7771	8243	9813	6164	7185	7226	7439	6616	5720	6708	5106	6111	7081	9013	10429	9603	16849	41148	9922
Rv3212	5842	8295	4106	4136	5988	7940	4614	9960	4137	6263	7403	6045	5914	7526	4490	5132	5439	5927	3512	3163	3270	2385	2720	2784	5244	5824	5048	10062	25715	6035
Rv3213c	3573	8544	4654	5421	5590	6452	3096	6663	4809	7256	6988	5267	3620	6277	5760	5788	5435	4867	4341	3838	4144	2924	3580	3448	7143	7160	7108	10547	25922	6475
Rv3214	868	1475	1053	951	898	1053	742	1036	902	1207	1089	848	895	1088	1186	990	840	804	1326	1210	1328	925	1058	1068	1393	1209	1344	1741	4421	1052
Rv3215	1019	1470	860	1017	889	1130	836	1119	767	1285	1183	920	939	1144	1051	1011	925	869	1025	877	988	931	883	958	1331	1179	1129	1611	3844	1024
Rv3217c	1264	1650	1240	1118	1048	1381	1118	1316	1243	1501	1472	1196	1285	1334	1599	1131	1056	972	1768	1506	1678	1146	1166	1281	1421	1486	1330	2268	5420	1453
Rv3218	472	1273	546	699	579	770	407	913	513	884	762	588	474	872	616	673	554	553	329	333	371	358	454	411	845	724	687	830	2083	504
Rv3219	11697	18525	17827	16200	13791	14731	9687	12854	16192	18903	15373	11294	10356	12219	23426	14103	13378	10027	20378	20356	25196	17894	18120	19385	29919	20985	25543	23357	54302	14233
Rv3220c	4959	9629	4249	6012	6057	7210	4252	8257	4256	7831	8355	6189	4793	8256	5140	6777	6163	5472	3962	3310	3982	2711	3215	3141	7020	6585	6475	7801	19049	4931
Rv3221c	1638	3225	1102	1754	1838	2049	1353	2578	1091	2212	2105	1796	1588	2442	1547	1870	1925	1757	1220	1151	1492	990	1101	995	2535	1922	2607	2864	6528	1742
Rv3221A	4179	2569	2235	1890	1609	1946	3784	2102	2016	2458	2207	1530	4221	2057	2569	1934	1661	1513	3851	3265	4181	2886	2594	3213	2360	2285	2412	3371	7728	2002
Rv3222c	9319	3526	4188	2758	2448	2977	8818	3147	4006	3881	3472	2531	8922	2841	4579	2906	2437	2169	7279	5413	6535	5785	4373	5692	2757	3501	2941	4420	10792	2626
Rv3223c	9320	3751	4484	2862	2342	2653	9130	2937	3702	3202	2820	2030	8754	3003	4592	2617	2297	2017	7157	6069	7181	6921	4765	5263	3698	3027	3439	4801	11170	2749
Rv3224	3578	7586	4388	4108	4304	4688	3049	6181	4419	5926	5327	3764	3299	5514	4673	4469	3982	3361	2513	2107	2701	2449	3049	3344	4947	5806	5537	7197	17565	4201
Rv3225c	2910	3943	2074	2586	2400	3223	2521	3411	2197	3561	3231	2486	2800	3260	2471	2924	2520	2341	1849	1641	1843	1689	1681	1802	2918	2884	2474	3840	9116	2212
Rv3226c	909	892	390	419	483	674	669	769	389	606	637	549	734	596	413	471	433	475	690	481	594	695	655	766	627	655	586	946	2401	582
Rv3227	1187	1730	709	646	949	1320	868	1735	757	1158	1368	1006	974	1275	712	830	874	938	532	422	427	528	473	659	775	977	666	1922	4889	1201
Rv3228	708	988	454	470	614	873	510	1079	479	679	875	702	612	890	482	560	534	613	324	243	241	259	305	396	516	642	455	1152	2911	716
Rv3229c	288	754	127	232	291	315	230	1099	145	300	690	321	300	1473	222	345	729	484	135	148	172	189	242	221	335	322	412	326	870	256
Rv3230c	410	613	197	316	378	390	326	572	204	413	574	357	412	630	251	378	463	384	159	151	125	222	192	213	337	331	300	422	1063	281
Rv3231c	391	759	258	467	436	562	315	569	301	604	523	474	389	567	390	480	395	421	200	153	211	164	231	229	529	564	474	467	1171	290
Rv3232c	1447	3505	1192	2257	1839	2473	1244	2560	1227	2687	2278	1997	1358	2820	1586	2158	1919	2008	858	837	989	942	1258	1151	2882	2145	2615	1531	3580	903
Rv3234c	858	2353	1144	1833	1411	1894	720	1935	1078	2211	1814	1439	912	1763	1236	1700	1382	1298	513	454	507	541	791	707	1605	1606	1562	2098	5061	1333
Rv3235	622	1003	463	634	683	956	558	963	540	889	879	749	601	901	520	776	685	720	253	171	261	251	252	338	431	571	447	694	1640	450
Rv3236c	1223	2161	983	1168	1411	1967	1067	1732	1138	1735	1898	1620	1220	1966	1336	1391	1640	1538	802	717	894	731	825	878	1362	1545	1322	1391	3643	933
Rv3237c	602	772	372	484	515	734	429	704	481	651	652	559	498	618	519	533	458	518	608	511	597	578	516	591	654	619	596	698	1713	447
Rv3238c	932	1013	504	680	584	858	793	826	557	805	776	703	847	822	619	631	582	628	869	756	853	762	647	675	789	658	823	824	1988	500
Rv3239c	2267	2160	1427	1543	1460	2167	1816	1971	1488	2156	1973	1787	2079	1947	1724	1729	1564	1660	1231	1038	1211	1129	1096	1396	1763	1763	1625	1747	4207	1134
Rv3240c	13188	12912	7018	8568	7235	10484	10343	10135	6634	10289	8950	8196	11514	9932	7522	7889	7377	7727	8712	7400	9175	8326	8465	9475	12224	11192	11792	16652	39854	10061
Rv3241c	1687	1480	904	905	898	1424	1479	1455	885	1150	1314	1239	1476	1224	1080	974	929	992	1350	1128	1784	1618	1777	2126	1658	1605	1973	1386	3052	780
Rv3242c	434	387	257	234	202	315	374	338	280	333	311	269	446	325	288	243	232	247	346	286	271	326	245	299	231	279	204	318	786	200
Rv3243c	944	1155	704	699	682	864	837	1012	705	1020	940	742	944	928	833	800	696	665	1150	971	928	865	778	927	882	946	899	1334	3194	782
Rv3244c	3911	6067	2041	3082	3606	4608	2930	5785	2006	4612	4634	3803	3467	5927	2184	3658	3643	3728	3983	3198	3698	2170	2332	2506	3674	4323	3831	4615	11352	2781
Rv3245c	5608	10646	2427	4687	5067	6577	3970	9831	2442	6997	6893	5239	4883	9269	2610	5370	5209	4896	7832	6413	6931	3997	4068	4170	7134	7323	6606	9776	23892	6114
Rv3246c	4061	10083	1434	5240	4966	5711	3118	8750	1427	7150	6185	5249	3524	8273	1788	5868	5067	4672	5366	4484	5342	3008	3604	2618	7647	6979	8342	6329	15003	3917
Rv3247c	1414	1537	811	893	930	1237	1001	1305	730	1193	1313	959	1281	1357	853	962	956	888	625	513	546	514	500	676	1017	1174	829	1424	3690	932
Rv3248c	15199	14560	9918	8642	9002	12277	12102	13557	9260	11969	10975	9850	13410	11612	10937	9166	8576	9135	13739	12356	15831	11567	10957	16287	12255	13035	12890	19455	46981	11800
Rv3249c	2916	4717	4157	2755	2633	5031	2528	4281	3098	3793	3762	4639	2499	3534	3943	2901	2456	3513	16462	14619	17786	9282	8267	12430	3627	3595	3760	5430	12624	3201
Rv3250c	1411	2221	1757	1212	1181	2288	1095	1906	1327	1586	1625	2031	1148	1540	1856	1235	1171	1512	7731	7629	9110	4911	4108	6034	1679	1719	1872	2332	5414	1385
Rv3251c	611	1219	877	603	688	1388	563	1016	729	905	912	1209	530	1013	928	738	733	1034	3549	3558	4068	2187	1930	2763	753	730	819	873	2187	535
Rv3252c	3397	6050	4977	3454	3352	7359	3103	5407	3702	4721	4977	6664	3194	5555	5136	3955	4123	5979	23678	21517	26686	13921	11768	18058	3660	3529	4264	4867	11853	3059
Rv3253c	723	1349	759	943	854	1064	622	1128	717	1168	1095	917	720	1045	945	915	857	824	1142	1089	1252	906	890	1090	1020	965	911	1404	3277	905
Rv3254	1705	2234	1352	1429	1316	1789	1508	1687	1225	1780	1724	1336	1667	1713	1608	1403	1356	1381	1672	1575	1793	1532	1489	1620	1909	1605	1747	2080	5036	1273
Rv3255c	3345	3612	2535	2319	2322	3036	2609	3252	2371	3306	3228	2476	3046	3217	2696	2583	2344	2440	3293	2717	3155	2502	2369	2833	3469	3400	2960	4317	10536	2634
Rv3256c	2845	2639	1885	1642	1800	2538	2207	2699	2205	2746	2535	1978	2544	2391	2020	1910	1831	1862	2425	1845	1875	1650	1469	1752	2015	2523	1750	3515	8658	2186
Rv3257c	5686	7372	3994	4477	4623	6057	4360	6554	3664	6221	5743	4688	5071	6178	3983	4795	4623	4547	5016	4148	4423	3440	3371	3520	5973	6143	5455	8207	20007	5072
Rv3258c	1701	4533	871	2216	2235	2988	1185	3448	705	3242	3019	2278	1335	2788	741	2074	1825	1757	1848	1271	1139	967	1030	1024	2306	3238	2088	5175	12931	3268
Rv3259	2448	3039	578	1805	1750	1823	1674	2468	457	2306	2254	1478	2041	2545	470	1814	1723	1321	2244	1783	1852	2245	1822	1800	2543	2229	1930	2675	6409	1621
Rv3260c	3039	5328	589	2777	2695	3056	2224	3966	468	3357	3207	2295	2587	4153	623	2701	2626	2263	2926	2534	2352	2598	2281	1743	5234	3953	4052	6204	14139	3700
Rv3261	1262	2168	1056	1297	1524	1694	1124	2088	1027	1842	1946	1449	1360	1488	1086	1420	1317	1264	1329	1139	1304	1219	1173	1607	1703	1770	1514	2417	5672	1424
Rv3262	2173	3007	1533	1656	2552	2925	2008	2958	1639	2933	3188	2252	2284	2451	1636	2165	2245	2107	2191	1487	1807	2010	1799	3203	1664	2082	1489	2246	5365	1345
Rv3263	669	1465	427	779	708	1024	512	1075	466	942	925	699	640	1257	514	811	820	813	998	848	947	643	728	687	1236	1114	1112	1188	2896	784
Rv3264c	3374	5522	3651	3382	3575	4345	2900	4894	3538	4682	4832	3581	3550	4439	4411	3694	3550	3330	6010	4815	6004	3222	3397	3912	5020	4985	5312	7091	16699	4568
Rv3265c	1504	2807	1560	1456	1524	1856	1160	2291	1456	2004	1934	1492	1401	1994	1453	1454	1407	1333	2077	1601	1733	1086	1129	1338	1891	2106	1689	3238	8326	2102
Rv3266c	1696	2327	1573	1387	1621	1863	1411	2235	1628	2053	2114	1573	1592	1978	1675	1689	1545	1488	3173	2616	2937	1798	1570	1844	2111	2340	2176	4040	9612	2430
Rv3267	3438	8040	918	2992	3915	5013	2088	7710	766	4586	4926	3774	2670	6762	788	3644	3751	3829	4666	3895	4132	2108	2720	2247	5533	6220	5461	9109	22129	5598
Rv3268	1941	3307	1473	1539	1886	2376	1431	3102	1212	2329	2406	1755	1773	2792	1323	1816	1670	1732	3621	2731	2859	2009	1857	2050	2288	2662	2036	3117	7317	1856
Rv3269	10066	1816	7643	650	1424	1565	10999	1884	4392	980	1997	1435	11051	1460	4633	841	1309	1466	55048	45056	46864	46715	34798	57343	3163	3620	3547	4155	10006	2514
Rv3270	38590	8679	43541	3322	6780	7814	39820	9846	29350	5516	9027	6089	42714	7755	27228	4179	5992	5811	290152	219897	228862	165809	107096	202027	14125	17842	13165	17075	43456	10502
Rv3271c	4826	3564	3728	1637	2316	2991	4123	3457	3117	2733	3039	2300	4862	2812	2897	1997	2102	2059	23213	18195	21342	12913	10633	19437	2329	3250	2216	4173	10239	2542
Rv3272	1826	2489	1602	1456	1613	1976	1579	2220	1492	1947	2152	1621	1970	2178	1767	1603	1631	1673	2129	1821	2672	1239	1431	1956	1752	1838	1941	2552	6426	1615
Rv3273	8828	12207	7729	7567	7799	9400	7413	10438	7729	10172	9976	7832	8644	9779	9315	8164	7879	7370	6057	5418	7080	3610	5127	5810	10015	10224	10433	12500	30569	7710
Rv3274c	3679	6857	3185	4287	4218	5067	2860	6246	3419	5663	5331	4032	3392	5648	4229	4407	4173	3751	1692	1441	1916	1574	2504	2404	5770	5917	5789	7458	18182	4498
Rv3275c	1019	1897	884	1002	1205	1579	805	1869	1036	1547	1604	1198	949	1558	1013	1152	1148	1000	357	343	353	370	494	509	1126	1640	1116	1594	4252	960
Rv3276c	1712	3771	1603	1882	2152	2844	1316	3265	1599	2826	2803	2133	1547	2935	1393	2101	2012	1940	865	828	781	666	999	836	2396	2720	2064	4824	12075	3035
Rv3277	1709	3543	1833	2055	1859	2294	1389	2496	1558	2308	2177	1619	1625	2566	1907	1765	1799	1594	974	987	1144	1051	1408	1266	3137	2704	2586	3894	9285	2338
Rv3278c	1298	2471	1090	1341	1146	1612	994	1722	877	1450	1411	1151	1255	2074	1279	1136	1300	1224	656	644	907	741	975	1034	2167	1685	2049	1194	2910	803
Rv3279c	845	1104	517	599	621	756	619	819	513	737	732	620	789	815	575	570	569	551	251	216	258	295	344	351	688	709	620	1085	2525	683
Rv3280	5844	10367	5152	5813	5921	6951	4517	9228	4794	7708	7167	5294	5345	8003	5375	6306	5695	5023	2463	2288	2991	2979	4028	4900	7460	7603	8004	9042	21531	5620
Rv3281	5298	9986	5184	5649	5565	6762	4213	8230	4672	7244	7362	5776	4890	7840	6253	5942	5743	5265	2466	2569	3475	2458	4137	4088	8898	8113	9798	5724	13178	3491
Rv3282	1685	2939	1387	1772	1873	2259	1497	2494	1569	2522	2455	1830	1684	2732	1800	2034	2062	1746	493	487	585	454	883	770	2193	2530	2176	1900	4744	1186
Rv3283	5696	6938	4517	3978	4082	5693	4629	6043	3958	5326	5380	4866	5271	5794	5347	4481	4353	4581	5722	5064	7145	5099	5411	6256	6391	5984	6788	6834	16206	4089
Rv3284	2891	3701	2172	1816	2170	3047	2331	3337	1981	2624	2874	2454	2696	3110	2430	1941	2220	2314	3023	2378	3089	2159	2415	2726	3015	3042	3047	3145	7775	1862
Rv3285	13127	18134	8588	7823	11151	13691	10720	17291	8778	12442	14442	10727	12789	14055	9274	9437	10550	10467	8226	6870	7845	7698	7887	10483	12575	15354	12647	17749	44670	11022
Rv3286c	1307	1905	909	957	1059	1385	1080	1675	965	1337	1423	1156	1293	1619	1017	1071	1272	1183	910	753	984	673	800	983	1518	1483	1395	1560	3764	960
Rv3287c	604	866	564	485	447	598	526	630	533	639	619	457	561	560	593	471	440	446	673	583	687	604	526	681	669	655	598	1072	2521	631
Rv3288c	745	459	323	225	292	363	626	386	324	335	392	352	654	293	396	237	273	236	1423	1214	1315	1211	837	1031	417	325	376	484	1102	305
Rv3289c	828	252	300	164	172	267	683	222	266	222	282	214	739	240	312	167	200	169	2020	1657	1837	1783	1222	1648	356	341	286	241	592	145
Rv3290c	5092	1612	1757	901	1325	1428	4370	1332	1610	1252	1763	1212	4500	1474	2105	1073	1592	1367	18441	17219	20947	18063	12285	14747	3256	2822	3032	1025	2389	676
Rv3291c	397	668	397	427	381	479	326	474	382	544	480	336	310	373	348	407	317	320	325	308	398	696	693	775	611	506	551	698	1497	436
Rv3292	825	1316	750	726	768	998	660	1213	790	1096	909	735	729	873	767	751	682	661	571	522	611	893	912	1169	1059	1080	1020	1565	3738	1033
Rv3293	1462	2040	1111	1047	1417	1791	1109	2276	1263	1806	1761	1404	1415	1855	1247	1246	1338	1462	701	570	633	883	920	1102	1418	1636	1214	2131	5342	1360
Rv3294c	256	563	176	463	358	443	215	505	212	556	458	344	251	612	327	445	468	389	67	83	109	123	182	157	402	318	395	185	467	142
Rv3295	2021	5887	1546	2766	3416	4494	1905	5108	1877	3954	4535	3799	2277	5195	2125	3245	3662	3636	1127	974	1078	1107	1382	1415	2865	2931	2833	1864	4632	1109
Rv3296	2640	4037	1354	1770	2219	3139	1958	4302	1347	2708	2998	2451	2469	3575	1429	2055	2107	2344	2092	1581	1592	2250	1714	1963	1918	2189	1827	3556	8750	2139
Rv3297	537	691	431	415	427	626	473	669	407	597	620	501	548	624	471	448	439	412	434	383	351	374	330	412	431	427	342	760	2013	463
Rv3298c	786	1719	668	1116	1137	1382	692	1609	796	1596	1467	1140	869	1514	873	1184	1149	1020	234	194	243	285	385	428	926	1001	898	1357	3362	876
Rv3299c	4026	6759	3740	4207	4147	4957	3435	5610	3877	5695	5374	4127	4000	5672	4520	4575	4362	4046	1872	1812	1975	1738	2399	2553	4962	5035	5145	6060	13862	3544
Rv3300c	1111	1374	1054	896	937	1102	937	1165	1163	1294	1247	902	1127	1169	1289	1005	950	846	466	440	432	482	492	558	933	1070	837	1489	3885	1000
Rv3301c	1292	2068	1415	1605	1296	1622	1131	1694	1431	1814	1658	1337	1394	1781	2201	1624	1505	1376	770	811	914	820	951	913	2069	1631	1963	1647	4067	1044
Rv3302c	3348	5090	3421	3511	3068	4021	2740	4138	3531	4544	4212	3186	3256	3788	3783	3439	3159	2957	2428	2195	2219	2361	2570	2763	4445	4478	4028	7541	18722	4643
Rv3303c	1656	2984	1872	1744	1897	2352	1293	2589	1977	2567	2349	1766	1645	2179	1919	1953	1744	1615	1184	1027	1097	965	1070	1195	1962	2255	1993	4270	10853	2516
Rv3304	519	1239	553	707	601	815	396	925	503	876	723	565	436	804	633	630	594	485	409	391	459	368	532	453	1111	868	952	1646	3856	957
Rv3305c	1348	2450	1177	1398	1568	1930	1152	2472	1133	1978	1999	1539	1366	2152	1321	1480	1465	1479	1237	1036	1191	1055	1169	1295	2117	2292	2042	3286	7952	1972
Rv3306c	1737	2847	1400	1493	2003	2420	1536	2967	1568	2559	2713	1969	1719	2369	1591	1868	1807	1757	1251	1007	1104	892	1026	1159	1911	2483	1987	4758	11809	2870
Rv3307	2881	3189	1427	1630	2479	2807	2255	3260	1858	2903	3234	2246	2681	2422	1620	2029	2034	2014	1058	801	909	1364	1282	2038	1448	2015	1264	2577	6510	1589
Rv3308	1332	1997	919	1007	1249	1690	1002	2118	929	1596	1627	1305	1232	1725	1006	1154	1191	1270	337	265	296	324	503	516	1101	1348	1047	1280	3266	823
Rv3309c	460	913	409	475	489	664	381	785	328	711	630	510	457	839	429	544	528	560	282	219	228	192	292	289	721	634	606	821	2010	531
Rv3310	1199	3555	356	1606	1529	1969	664	2775	276	1877	1832	1553	832	2472	330	1510	1306	1430	971	839	962	737	1170	794	3102	2424	3054	2488	6029	1538
Rv3311	1660	2997	898	1768	1606	1979	1163	2320	721	2134	1861	1661	1379	2269	943	1689	1470	1543	885	821	913	869	1208	989	2553	2212	2395	3251	7512	2023
Rv3312c	766	1205	537	690	608	1000	603	1022	564	1005	888	763	705	1138	654	814	775	801	538	461	513	503	543	604	662	734	657	742	1809	472
Rv3312A	530	1829	934	930	934	1298	416	1340	728	1035	1157	935	472	1180	709	738	828	817	642	504	687	888	940	1231	808	882	856	666	1568	378
Rv3313c	753	1792	446	746	790	1043	515	1353	402	966	1091	820	712	1256	467	747	817	773	376	302	343	362	560	483	1275	1198	1140	1338	3326	862
Rv3314c	884	1558	837	926	981	1154	753	1328	867	1285	1207	968	907	1065	814	871	805	853	525	416	391	490	581	632	1297	1305	1069	2502	6092	1555
Rv3315c	232	260	179	193	180	216	171	224	172	213	229	161	177	163	223	177	159	162	104	98	111	213	191	231	216	245	170	567	1338	366
Rv3316	389	962	493	507	540	601	340	696	438	545	576	423	350	575	572	373	421	417	365	388	453	364	375	410	907	679	799	1346	3105	822
Rv3317	451	917	517	490	498	559	336	728	426	573	610	442	372	667	554	467	519	395	397	392	480	342	477	498	902	744	837	1228	2953	756
Rv3318	1647	3158	1818	1473	1793	2046	1272	2657	1595	1918	2169	1612	1620	2246	1817	1550	1693	1484	1101	948	1187	986	1291	1489	2439	2822	2657	4169	10021	2556
Rv3319	936	1642	881	855	924	1093	771	1346	806	1123	1262	914	922	1274	1048	887	1117	923	638	567	793	699	884	926	1630	1634	1583	2415	5820	1466
Rv3320c	522	1517	408	702	635	784	382	1148	363	770	884	695	535	1372	550	727	925	758	358	323	451	306	519	377	1319	949	1280	1222	2719	673
Rv3321c	293	846	235	417	417	461	224	691	187	417	508	413	262	676	268	370	392	376	217	192	235	200	275	191	723	563	797	820	1948	469
Rv3322c	314	434	191	266	261	302	275	337	224	372	368	276	297	343	267	258	234	268	202	161	180	227	205	261	278	292	230	294	753	178
Rv3323c	313	639	277	413	345	435	267	455	242	459	449	366	287	487	331	363	349	386	246	243	281	319	278	278	498	393	419	525	1141	290
Rv3324c	119	238	113	122	158	154	103	176	101	167	138	144	121	181	131	154	129	117	104	99	134	100	116	104	195	162	194	248	478	138
Rv3327	546	897	550	607	551	764	492	775	576	788	755	596	581	802	664	668	586	603	377	346	409	404	418	501	722	660	567	1014	2553	641
Rv3328c	1147	1412	911	854	896	1177	838	1231	961	1314	1305	1010	1057	1151	986	1012	786	865	441	364	353	528	470	718	708	805	629	1139	2969	706
Rv3329	1019	2768	1442	1782	1546	1943	842	2130	1354	2201	2030	1446	998	2009	1461	1736	1504	1365	1119	981	1001	868	1059	1062	2074	2058	1929	3095	7209	1878
Rv3330	870	3193	483	1195	1536	1802	550	3181	385	1919	1907	1359	681	2478	350	1382	1280	1241	657	567	625	281	569	445	1387	1944	1336	2503	6324	1468
Rv3331	741	3050	1099	1304	1582	1855	633	2650	1020	1910	2165	1474	711	2471	1115	1367	1392	1357	466	420	437	479	678	720	1141	1474	1154	1174	2786	772
Rv3332	468	1974	646	664	1104	1318	345	2117	775	1231	1558	988	483	1738	741	897	1018	922	143	118	132	150	203	220	542	786	524	576	1402	400
Rv3333c	176	365	171	169	225	288	148	370	174	277	293	185	179	298	176	192	160	194	72	59	72	55	71	98	76	175	111	227	516	167
Rv3334	1194	433	370	267	312	311	945	358	319	372	339	240	1008	376	382	282	267	239	1133	952	1399	1150	985	1170	459	383	419	535	1386	348
Rv3335c	1263	2064	1391	1342	1403	1569	1133	1792	1506	2023	1883	1466	1267	1953	1971	1647	1708	1345	1305	1139	1461	918	1092	1125	1955	1866	1979	1696	3879	967
Rv3336c	1873	4047	2505	2653	2479	2942	1821	3378	2428	3336	3267	2520	2328	3593	3255	3032	2883	2645	2059	1932	2362	1680	1987	1870	3809	3182	3923	3935	9832	2418
Rv3339c	3286	4669	3086	2938	2672	3172	2868	3629	2793	3464	3298	2836	3192	3823	3655	3098	2928	2761	3503	3488	4020	2852	3207	2874	4862	4006	4830	3304	7971	1944
Rv3340	927	1175	1002	876	811	932	917	983	792	1081	876	709	1064	849	874	853	732	642	811	776	764	711	718	851	971	948	846	3380	8007	2039
Rv3341	1432	1462	1247	990	1107	1353	1254	1524	1236	1564	1332	968	1442	1185	1268	1151	942	961	855	714	804	798	765	1180	871	1090	862	3230	8370	2020
Rv3342	1087	1121	981	743	855	1023	994	1082	1018	1194	1063	753	1199	916	1056	838	802	824	691	615	610	631	619	923	745	918	726	2438	6166	1557
Rv3343c	4033	6217	3965	5438	4282	5113	3362	5388	3628	6436	5375	4139	3883	5491	5168	5467	4645	3704	2796	2638	3470	2264	3108	2676	6488	5232	6373	3924	9247	2760
Rv3344c	261	175	124	73	134	205	135	390	138	159	157	139	208	120	112	112	90	151	53	37	46	49	48	86	53	109	53	164	449	135
Rv3345c	801	355	259	174	277	463	503	783	312	372	326	337	696	322	266	218	219	280	186	121	139	161	129	260	117	227	143	352	898	251
Rv3346c	154	237	135	160	140	167	109	207	141	197	194	148	151	209	174	154	164	142	157	139	180	121	138	187	194	197	190	234	519	147
Rv3347c	6259	8184	4131	4999	4966	6400	5052	7318	3980	6632	6312	5183	6063	7380	5165	5346	5260	5196	6407	5625	6930	4697	4722	4832	6844	6053	6627	5906	14441	4020
Rv3348	413	480	299	345	304	450	376	389	307	507	435	373	419	405	367	383	327	349	257	230	250	242	246	290	320	332	292	492	1198	325
Rv3349c	241	283	164	229	206	311	255	296	209	312	284	275	260	242	171	245	219	212	95	85	76	81	101	132	170	200	156	303	752	210
Rv3350c	4096	5900	3128	3378	3479	3903	3476	5238	2962	4470	4501	3266	4007	4834	3791	3528	3619	3145	3559	3230	3779	2718	2883	3014	4650	4366	4540	4638	11287	3275
Rv3351c	96	155	78	104	78	133	102	129	70	123	141	111	123	160	91	108	129	103	80	68	91	87	95	101	145	113	144	125	259	96
Rv3352c	52	133	13	39	49	52	28	102	9	65	61	39	32	126	15	42	59	55	26	20	21	16	20	13	54	71	54	35	90	45
Rv3353c	30	74	10	32	35	34	27	60	12	32	42	28	35	52	14	28	30	34	28	30	16	15	22	14	62	54	50	76	185	48
Rv3354	299	384	108	139	145	171	237	264	91	164	170	155	267	220	97	124	139	121	268	252	230	383	284	313	254	261	231	351	822	214
Rv3355c	267	371	215	235	203	256	195	329	214	298	293	228	235	306	295	237	226	205	245	227	271	207	195	272	297	308	259	344	775	230
Rv3356c	1401	1905	1604	1256	1245	1549	1187	1512	1527	1839	1581	1210	1273	1373	1705	1426	1092	1060	1461	1087	1302	955	935	1253	1268	1538	1250	2605	6642	1606
Rv3357	68	84	32	47	54	49	51	76	42	72	54	50	58	63	51	55	43	44	49	49	46	61	37	47	93	74	65	132	334	78
Rv3358	95	114	47	76	49	61	65	87	37	78	57	58	82	77	77	48	46	64	59	58	87	84	69	68	119	85	94	101	238	66
Rv3359	359	501	327	347	284	394	349	387	335	475	415	352	388	384	315	374	352	312	404	320	361	382	391	510	371	356	364	510	1159	285
Rv3360	284	523	297	393	303	396	265	447	280	459	406	365	331	442	313	354	376	327	537	509	419	419	352	374	454	410	425	503	1245	317
Rv3361c	443	911	373	705	578	781	342	773	414	912	808	635	441	842	508	770	688	667	168	135	207	168	262	217	623	572	590	485	1152	306
Rv3362c	627	1358	583	1048	864	1240	521	1223	592	1361	1210	1055	704	1251	809	1073	997	1015	214	208	234	239	374	401	918	822	895	804	1892	508
Rv3363c	309	761	356	515	491	683	251	672	380	685	660	585	364	641	388	544	519	483	134	90	115	111	164	180	403	391	333	433	1170	277
Rv3364c	369	798	443	499	494	725	323	783	460	802	719	548	394	726	457	532	486	512	124	104	138	129	166	207	374	430	303	531	1310	294
Rv3365c	3263	6346	3071	3942	4089	5637	2610	6156	3389	5847	5483	4514	3159	5424	3284	4551	4126	4498	1143	953	1110	1247	1622	1891	3216	3757	3031	4758	11410	2913
Rv3366	72	254	87	154	130	147	42	209	77	200	177	121	64	210	86	176	126	131	27	27	34	24	62	34	100	112	101	145	328	103
Rv3367	1249	1535	971	821	991	1302	916	1896	1116	1367	1330	931	1122	1190	1065	985	838	915	882	676	665	716	652	903	882	1108	699	1724	4270	1087
Rv3368c	679	653	331	348	394	542	486	634	340	517	491	396	535	427	317	417	299	339	278	206	254	376	320	511	334	434	366	791	1962	525
Rv3369	503	601	419	344	400	452	439	553	440	569	526	425	454	426	469	449	324	390	270	211	265	275	293	344	361	502	333	756	1785	496
Rv3370c	1148	1110	511	545	668	944	926	1164	584	826	932	794	1077	859	579	614	652	665	1306	966	982	1018	740	981	767	967	684	2383	5971	1378
Rv3371	556	1074	1007	1062	801	958	566	830	1090	1399	1112	761	726	1016	1238	1301	1075	848	726	604	693	1022	872	1114	1072	1009	913	1331	3191	802
Rv3372	742	1625	968	1005	1058	1344	606	1381	933	1420	1395	1000	768	1315	977	1091	1102	1006	517	467	455	415	522	544	1135	1154	898	2492	6399	1543
Rv3373	636	1068	556	666	657	829	475	882	605	965	865	615	556	741	604	684	602	534	271	235	284	279	337	362	792	881	715	2264	5455	1347
Rv3375	571	1011	460	643	644	877	454	883	488	916	962	630	591	883	535	696	719	718	215	181	227	167	282	278	814	900	711	1262	2926	759
Rv3376	2833	6031	3340	4241	3707	4609	2393	4116	2736	4456	4448	3450	2717	4965	3727	3856	4064	3656	2694	2527	2838	2056	2729	2205	6873	4897	5911	6901	16228	4182
Rv3377c	2632	4927	2409	3340	3029	3844	2270	3453	2271	4074	3620	3019	2091	3996	2762	2985	3200	3119	1695	1710	2036	1378	2341	1684	5950	4332	5259	3285	7582	1988
Rv3378c	482	1024	491	550	577	712	489	573	461	742	589	512	343	573	372	458	507	504	470	394	411	348	566	404	1237	963	899	1050	2592	660
Rv3379c	174	283	198	199	170	227	128	247	139	242	210	172	176	200	171	191	161	125	247	193	268	175	174	189	242	220	246	571	1309	451
Rv3382c	762	1720	580	1024	885	1274	622	1368	576	1203	1166	1171	637	1321	787	1026	807	879	455	426	492	408	537	535	859	738	959	680	1624	436
Rv3383c	1038	2794	757	1615	1361	1983	840	2192	804	1852	1781	1800	857	2383	1139	1620	1410	1418	394	425	555	379	578	546	1330	1117	1563	647	1415	416
Rv3384c	549	1057	379	555	592	703	402	859	427	748	861	621	514	1016	384	601	701	621	608	448	453	340	312	366	698	753	589	650	1557	415
Rv3385c	841	1627	772	925	925	1230	643	1156	761	1280	1313	962	757	1224	713	967	850	801	878	659	569	577	486	522	1079	1142	714	1748	4601	1157
Rv3386	171	268	128	138	137	198	137	205	141	193	179	138	150	191	152	161	126	108	209	187	161	97	115	111	194	206	174	271	669	176
Rv3387	119	262	104	143	148	171	85	242	100	214	199	138	91	191	120	139	111	109	111	112	101	66	77	79	180	187	172	234	553	158
Rv3388	429	509	249	270	373	460	260	879	314	487	454	357	335	458	239	333	281	290	113	69	85	90	101	123	138	309	155	332	894	266
Rv3389c	2337	4620	2174	2608	2872	3077	1873	3945	2398	3846	3857	2502	2144	3158	2488	3021	2496	2021	902	719	867	862	1057	1095	2642	3009	2353	5523	14305	3310
Rv3390	825	2221	1062	1379	1233	1476	666	1600	899	1507	1475	1057	879	1548	1204	1182	1148	1103	766	792	982	1138	1261	1580	1672	1272	1451	1716	4000	1051
Rv3391	629	1374	589	710	729	937	571	1110	584	948	1032	794	699	1176	661	719	734	701	646	537	578	615	606	764	785	722	705	1822	4202	1078
Rv3392c	392	947	450	558	527	615	337	733	330	671	601	460	370	796	448	482	621	502	290	284	421	280	417	437	936	677	846	1032	2453	638
Rv3393	281	771	266	425	413	520	245	515	287	460	534	379	312	601	290	406	414	403	193	156	179	130	191	196	432	500	443	872	2184	543
Rv3394c	279	453	163	186	291	348	194	573	187	312	391	241	257	393	191	232	272	260	218	135	176	161	144	207	117	241	171	495	1278	303
Rv3395c	209	462	121	174	296	338	171	503	153	318	371	243	197	399	160	232	257	234	247	179	185	177	176	193	226	265	199	644	1548	432
Rv3395A	396	927	300	523	592	768	385	875	290	730	774	602	442	958	444	583	714	601	251	238	253	275	322	314	579	496	558	359	879	225
Rv3396c	3047	5617	3982	3453	3724	4056	2556	4933	3810	4917	4557	3177	3013	4344	3969	3863	3382	2911	3909	3445	3506	2490	2566	2820	5348	5116	4443	8071	19971	4870
Rv3397c	187	405	257	293	222	253	159	281	221	329	298	218	238	284	321	284	213	229	229	249	254	217	241	273	359	303	357	535	1370	343
Rv3398c	153	382	248	235	203	255	148	323	205	324	301	210	140	306	226	263	252	223	179	190	206	141	186	174	332	294	334	535	1246	332
Rv3399	299	564	299	258	262	348	246	382	237	330	341	254	256	368	254	254	282	209	267	267	260	224	269	298	462	486	421	984	2359	643
Rv3400	1126	2270	1393	1482	1386	1600	940	1764	1255	1704	1706	1209	986	1821	1391	1326	1361	1150	1080	821	1040	724	777	868	1747	1778	1516	3689	9207	2374
Rv3401	3622	5515	2570	2901	3610	4546	3005	5302	2737	4633	4662	3486	3702	4909	2731	3420	3595	3637	1551	1269	1513	1240	1858	2047	3402	4315	3468	7275	17900	4357
Rv3402c	6941	778	549	468	443	2200	5519	672	553	623	607	1579	6772	604	698	509	407	1336	489	382	491	1132	907	1125	408	398	361	1040	2403	610
Rv3403c	4335	1939	922	1112	1034	1763	3445	1512	780	1337	1300	1282	4142	1591	939	1059	1120	1237	727	627	891	762	904	946	1346	1155	1243	1435	3425	931
Rv3404c	1271	2327	981	1267	1246	1429	1020	1698	820	1458	1501	1110	1110	1795	1125	1089	1195	989	1157	1179	1473	1035	1089	1044	2136	1574	1933	2068	4747	1232
Rv3405c	525	884	427	507	497	600	399	711	417	648	675	522	522	584	508	482	456	426	310	342	341	322	353	377	657	618	591	1177	2910	673
Rv3406	562	238	160	101	145	130	532	194	158	151	143	114	487	139	160	132	113	109	628	483	578	316	298	409	214	198	218	319	724	213
Rv3407	6389	16194	2630	4346	8027	8285	4384	13053	2739	5324	9149	8057	5923	10210	3767	5035	6907	6720	5263	4622	4740	4343	5082	3114	13681	10759	13345	12343	29342	7165
Rv3408	2149	4620	1290	1615	2794	3069	1693	4583	1381	2432	3582	2769	2120	3928	1600	2119	2983	2969	2906	2389	3207	1941	2534	2195	4278	4329	5190	4089	9518	2491
Rv3409c	14024	22161	9317	10310	14388	18251	10961	20905	9687	16139	20011	15133	13538	20708	10846	12883	15683	14555	14884	12413	14260	10669	11090	12669	17584	18770	17701	16308	40227	9819
Rv3410c	2039	1836	1179	1048	1107	1655	1521	1673	1160	1528	1570	1291	1812	1624	1062	1182	1140	1214	1649	1273	1538	1214	987	1248	1276	1475	1147	2386	5947	1434
Rv3411c	8321	6703	4444	3907	4106	5732	6285	6137	4218	6014	5662	4588	7094	5228	4498	4666	4179	4054	9275	7382	8384	6274	5504	6966	5505	6386	5439	10646	26734	6485
Rv3412	4764	6233	3865	3893	3549	4826	3776	5120	3162	4736	4791	3912	4421	5137	4062	3719	4014	3837	8592	7694	9786	8697	7183	8828	5636	4654	5273	6254	14707	3664
Rv3413c	3789	7211	1693	2778	3707	4506	2771	6123	1587	4192	4907	3522	3366	5627	1770	3095	3649	3353	4687	3500	4019	2855	3075	3289	5036	5632	4412	6583	17078	4014
Rv3414c	2222	5861	613	2228	2739	2997	1338	4641	522	2935	3573	2324	1730	4208	537	2110	2570	2133	4097	3386	3383	2106	2493	1698	5661	5178	4697	8161	19731	5183
Rv3415c	233	252	124	116	146	158	211	220	93	177	171	128	199	195	111	127	101	106	103	74	77	90	85	112	158	135	99	334	729	227
Rv3416	1517	998	1050	717	547	831	1344	730	871	845	647	614	1532	783	1258	765	584	652	925	881	1064	1681	1298	1877	995	854	913	792	1981	503
Rv3417c	10974	9137	2629	3880	5069	5581	7885	8744	3512	6151	6375	4657	9476	10072	3739	5215	5803	4967	2989	2347	2744	4961	3829	5286	6394	7204	5690	5560	14057	3397
Rv3418c	15289	20438	4684	9004	9278	9326	12068	15972	5880	11349	11842	7955	13471	17691	7413	9754	10841	9059	3586	3272	3585	6453	7896	7049	14608	15892	15600	5829	14610	3555
Rv3419c	1704	2633	1338	1367	1796	2029	1316	2639	1412	2246	2429	1529	1545	2411	1404	1869	1786	1694	1199	968	1105	756	922	980	1721	2323	1707	3012	7639	1912
Rv3420c	1118	1667	1094	1113	1022	1234	907	1479	1097	1412	1355	1010	1100	1289	1157	1101	1169	983	1609	1423	1366	1149	1064	1058	1692	1554	1364	2808	6853	1616
Rv3421c	940	1455	732	637	884	1006	731	1539	720	1038	1125	748	837	1155	775	728	787	703	945	865	898	644	606	721	1124	1283	980	2572	6520	1492
Rv3422c	621	978	439	416	557	730	418	1084	465	712	773	507	497	857	461	512	573	494	655	535	587	407	417	408	766	953	777	1395	3567	875
Rv3423c	1636	2823	1439	1462	1736	1935	1271	2464	1355	2029	2125	1561	1395	2256	1516	1527	1656	1384	1850	1495	1666	1252	1246	1401	2301	2362	2332	3996	9881	2433
Rv3424c	310	724	169	396	356	426	272	500	147	390	413	302	282	611	205	313	428	350	319	316	533	224	293	223	660	416	608	484	1213	299
Rv3425	541	1336	490	715	701	800	461	1000	400	889	842	660	443	933	542	707	689	604	568	622	693	564	614	542	1066	772	972	808	1950	520
Rv3426	573	1538	550	806	782	906	456	1129	468	978	906	790	483	1120	644	805	801	687	587	647	742	559	676	598	1243	903	1131	988	2369	592
Rv3427c	229	650	258	335	286	418	204	502	226	392	379	326	228	519	304	359	305	293	311	294	465	204	276	240	439	415	472	371	818	259
Rv3428c	80	149	44	92	89	88	74	132	53	138	110	80	73	128	86	86	92	81	78	69	90	74	64	80	92	100	99	101	289	124
Rv3429	2073	4364	1763	2081	2458	2775	1669	3191	1475	2592	2732	2209	1696	3246	1869	1976	2383	2243	2442	2655	2911	2374	2470	2174	3863	2864	3606	3031	7036	1647
Rv3430c	1394	3021	832	1493	1626	1947	1041	2327	875	1814	2117	1524	1225	2434	1180	1571	1648	1468	1066	1042	1231	972	1174	1071	1962	1778	2042	1674	3976	1041
Rv3432c	1013	1325	994	947	822	1162	809	1176	945	1208	1085	930	944	981	1170	960	819	822	661	551	696	539	608	742	1075	1056	1014	932	2343	585
Rv3433c	1105	1190	883	554	778	1050	874	1222	866	1000	1055	847	1024	871	860	703	663	756	529	351	417	399	384	528	477	788	448	1065	2628	622
Rv3434c	718	1315	548	778	649	971	638	979	510	913	772	772	782	1119	680	729	775	754	549	513	656	508	533	595	1093	782	1015	918	2170	572
Rv3435c	2057	3108	1471	1911	1734	2381	1578	2505	1336	2351	2160	2029	2029	2199	1749	1850	1638	1749	1400	1167	1544	1212	1440	1481	2771	2475	2462	2879	6894	1746
Rv3436c	4278	4184	2003	2203	2372	3688	3401	3600	1923	3072	2925	2698	4020	3276	1939	2419	2135	2530	2235	1765	1921	2250	2040	2482	3045	2937	2553	5353	12892	3205
Rv3437	859	575	523	402	371	550	749	450	474	485	448	466	848	436	566	403	337	457	857	731	866	963	798	1086	467	446	471	669	1603	394
Rv3438	1034	1650	897	869	951	1243	758	1496	822	1221	1230	885	888	1234	841	957	857	904	663	517	594	538	629	856	869	1008	867	1333	3333	755
Rv3439c	622	1608	496	669	839	1113	519	1688	593	1108	1168	857	663	1356	600	861	899	871	299	202	240	215	295	296	702	828	591	916	2388	595
Rv3440c	318	546	249	329	302	324	269	491	249	449	447	311	284	483	279	369	301	288	214	166	199	139	190	216	333	399	291	607	1570	377
Rv3441c	2325	4756	1897	2337	2723	3455	1851	4562	2068	3620	3530	2664	2169	4008	2063	2726	2544	2679	1333	1014	1045	1126	1170	1349	2067	2869	1885	5481	14403	3494
Rv3442c	1549	4752	2075	2493	2561	3090	1310	3927	1892	3597	3090	2275	1530	3323	1914	2562	2343	2251	662	621	748	618	1023	1012	2529	2975	2517	5093	12491	3109
Rv3443c	1633	4442	1831	2406	2292	2895	1444	3716	1587	3226	2939	2196	1680	3172	1593	2507	2107	2040	729	606	686	572	892	965	2152	2556	2138	6049	15382	3957
Rv3444c	64	151	54	44	86	128	60	105	41	97	91	107	45	110	56	71	61	81	41	38	47	30	36	37	55	72	68	120	271	72
Rv3445c	73	159	32	51	74	118	43	118	43	66	91	91	85	94	53	58	57	86	48	32	48	41	66	57	61	66	63	136	264	80
Rv3446c	75	102	56	44	61	88	51	87	50	81	80	55	76	79	49	55	59	58	33	21	29	28	32	31	55	79	61	148	419	139
Rv3447c	280	339	152	190	192	305	234	250	134	269	257	219	248	222	176	206	229	213	154	137	173	166	151	201	217	202	198	430	999	374
Rv3448	61	147	49	80	56	105	55	97	39	101	85	72	67	95	53	79	65	69	50	52	70	40	51	39	84	94	71	281	701	233
Rv3449	184	287	177	163	170	208	126	238	155	219	209	145	179	219	142	171	143	153	154	113	134	160	154	161	170	196	147	501	1167	312
Rv3450c	405	673	301	378	362	472	321	579	290	503	497	341	374	481	338	384	338	281	206	173	171	238	215	213	379	392	293	514	1395	362
Rv3451	896	1034	545	555	561	723	730	752	491	723	659	535	796	690	653	534	470	458	1193	1014	1197	907	766	876	929	803	758	1625	3905	1067
Rv3452	694	599	404	291	307	445	586	496	301	432	394	346	570	413	356	339	282	322	706	520	529	584	443	538	387	420	342	597	1522	411
Rv3455c	2654	5454	1507	3114	3144	4217	2137	4696	1659	4552	4182	3425	2591	4386	1668	3665	3068	3066	562	445	572	398	859	745	2387	2890	2380	4908	12254	3011
Rv3456c	6218	13534	3975	8315	8186	10734	5508	11329	4240	11653	10235	8550	6181	10069	5315	9417	7923	7935	1670	1529	1777	1570	2715	2360	7251	7322	7473	11727	28186	7352
Rv3457c	7402	16599	4495	9530	9434	12262	6017	14442	4628	12780	11538	9447	6701	13485	5665	10423	9162	9169	2127	1904	2807	2130	4059	3398	9665	9935	10380	12911	30866	7377
Rv3458c	5083	10634	3600	5658	6651	8657	4287	10266	3739	8732	8396	6869	4812	8893	3879	6945	6300	6360	1686	1581	1954	1600	2836	2993	6502	7233	6837	9730	24184	5818
Rv3459c	3883	7403	2590	4231	4783	5886	3308	7371	2492	6307	5982	4792	3541	6530	2657	5027	4484	4393	1347	1064	1451	1199	2079	2217	4673	5678	5038	6667	15987	3891
Rv3460c	3611	7627	2562	4882	4568	6055	3072	7142	2347	6238	5503	4610	3305	7117	2789	5066	4703	4405	1575	1469	2050	1521	2417	2195	5724	5497	6143	5875	13961	3310
Rv3461c	2031	4250	1764	2893	2589	3206	1749	3467	1549	3616	3178	2565	1884	3195	1842	2793	2480	2403	1143	1178	1532	1111	1591	1388	3805	3060	3751	3816	8883	2219
Rv3462c	4314	8936	3656	6483	5582	6840	4049	7552	3166	7595	6343	5511	4260	7500	3977	6082	5489	5265	2674	2640	3280	2647	3541	2965	8557	6445	8461	9170	20860	5720
Rv3463	12073	664	338	311	330	398	10810	520	323	414	376	292	11211	484	327	314	325	299	870	697	845	1895	1463	2065	522	535	503	1159	2784	729
Rv3464	5943	5068	2713	3281	3036	3492	4946	4049	2335	3986	3802	2899	5750	3956	3287	3383	3087	2738	2676	2266	2956	2532	2929	3151	4597	4072	4739	7027	16228	4252
Rv3465	2205	2816	1717	1821	1596	2066	1779	2207	1580	2342	2368	1702	2065	2405	2120	1882	2007	1694	1512	1403	1713	1437	1599	1584	2899	2297	2676	3466	8376	2195
Rv3466	334	451	231	305	262	335	278	396	224	314	363	289	349	379	295	303	285	277	333	293	335	277	253	266	362	314	324	478	1121	312
Rv3467	638	569	306	455	407	517	500	545	342	611	573	444	579	537	437	488	428	369	440	389	480	415	431	487	443	419	410	464	1092	334
Rv3468c	272	391	167	258	198	276	248	332	189	308	298	267	256	333	225	249	224	244	212	187	202	139	146	138	291	246	270	619	1462	362
Rv3469c	161	256	134	177	156	220	133	189	136	221	175	151	162	226	175	154	194	179	73	69	87	70	89	89	184	157	196	187	433	140
Rv3470c	480	562	388	429	357	496	365	457	353	522	467	397	430	449	525	432	361	348	336	297	356	285	301	334	535	481	441	647	1717	441
Rv3471c	37	67	34	50	38	47	28	38	35	52	51	39	31	43	42	43	31	45	33	25	26	24	23	28	44	48	30	135	320	83
Rv3472	135	366	146	236	202	268	100	299	153	307	271	215	124	220	175	214	166	159	111	97	102	122	134	136	309	250	204	523	1344	369
Rv3473c	42	134	55	94	68	71	34	108	65	81	90	78	48	104	54	80	89	72	38	35	31	39	52	48	104	72	73	152	387	106
Rv3477	1987	18626	10382	13599	12512	17019	1503	14770	10301	17461	15360	12791	1855	12714	11115	12671	11100	11220	2658	2742	2923	2010	3671	3791	10703	10482	9537	10914	26109	6645
Rv3478	7215	35621	18107	26750	28855	41028	5473	32595	21415	42125	36909	32262	6639	27038	19985	31562	25277	28154	4864	4344	4776	3688	6112	6993	15211	20519	15350	19186	48278	11750
Rv3479	1852	7912	3657	5584	5243	7528	1563	6758	3908	7724	7065	5742	2105	7228	4251	6268	6079	6311	1797	1670	2005	1273	2033	2120	4931	4766	4770	4535	11385	2774
Rv3480c	2420	4036	3412	2876	2546	3255	2217	3522	3083	3569	3301	2881	2726	3162	3943	2788	2567	2468	3852	3459	3485	2672	2359	2808	3491	3142	3032	6276	16624	3873
Rv3481c	395	749	355	449	379	461	352	581	307	535	481	391	360	540	344	438	396	365	316	250	298	312	376	413	685	591	552	708	1731	486
Rv3482c	1167	1722	862	1051	1066	1188	917	1385	854	1383	1318	982	1139	1266	1086	1054	1045	1014	879	715	984	747	945	1043	1684	1627	1609	2171	4902	1229
Rv3483c	1411	2148	1333	1299	1328	1433	1068	1596	1060	1724	1541	1025	1258	1404	1212	1280	1264	959	1100	859	1064	1104	1077	1319	1692	1708	1498	2570	6544	1632
Rv3484	4544	3820	3369	3072	2485	3111	3438	3098	2600	3660	3509	2598	3857	3090	3478	3109	2750	2341	4807	4256	5312	4549	4464	4794	5701	5155	5444	7685	18445	4657
Rv3485c	1353	3109	727	1771	1641	2447	1088	2634	827	2154	2342	2032	1280	3018	1155	1997	1861	1943	407	386	525	415	600	524	1231	1165	1382	966	2237	590
Rv3486	1589	3788	1575	2477	2232	3263	1276	2855	1374	2864	3031	2511	1489	3405	1753	2405	2459	2601	1034	940	1246	922	1116	1227	2091	1817	1930	1047	2429	655
Rv3487c	6362	15564	7702	10569	9912	13514	5143	11908	7796	13159	12578	10180	5824	11707	9528	10012	9493	9630	3821	3615	4458	3336	4737	5061	9107	8357	8155	4930	11811	2891
Rv3488	236	380	268	235	216	277	196	284	218	279	280	211	239	256	230	207	183	180	215	154	177	179	203	196	314	295	276	593	1340	333
Rv3489	1643	2621	1632	1701	1572	1925	1269	2137	1364	1940	2076	1596	1775	2185	2199	1743	1761	1660	1619	1571	1604	1400	1458	1555	2377	1949	2260	2825	6776	1686
Rv3490	6986	9713	5950	5833	5898	7543	5699	8067	5658	8056	8013	6283	6729	8552	7216	6630	6598	6200	5715	5166	6012	4396	4660	5581	7272	7098	7285	7601	18703	4803
Rv3491	1934	3603	2142	2150	2117	2649	1695	2896	1924	2574	2750	2164	1938	2850	2504	2127	2169	2055	2407	2189	2646	2098	2365	2574	3100	2518	2936	2449	5679	1543
Rv3492c	1123	2297	1143	1710	1460	1803	933	1819	1230	1835	1773	1469	1155	2090	1715	1685	1752	1566	721	809	1050	760	987	989	2113	1655	2062	1009	2430	588
Rv3493c	1021	1928	1238	1485	1365	1668	867	1778	1227	1911	1837	1358	1086	1672	1440	1477	1373	1293	551	468	561	494	643	716	1428	1515	1388	1267	3149	740
Rv3494c	2214	4297	2673	2622	2933	3430	1750	4010	2606	3717	3955	2712	2306	3922	2950	2958	3089	2790	1178	1041	1218	1051	1460	1511	2805	3096	2679	2708	6856	1725
Rv3495c	1658	3370	1925	2192	2099	2513	1486	2717	2016	2944	2842	2074	1771	3218	2555	2411	2558	2318	1379	1261	1509	1187	1408	1648	2867	2565	2504	2661	6454	1658
Rv3496c	2113	3890	2350	2430	2623	3074	1861	3387	2736	3630	3347	2640	2311	3852	3138	2858	3008	2807	1390	1224	1526	1181	1642	1924	3034	3259	2940	3036	7680	1896
Rv3497c	1403	2843	1606	1733	1717	2009	1266	2305	1583	2271	2276	1716	1540	2400	1865	1942	1929	1785	1248	1151	1280	1221	1329	1584	2309	2274	2155	4188	10144	2431
Rv3498c	1508	3017	1655	1716	1737	2002	1277	2503	1638	2226	2338	1712	1616	2485	1991	1851	1915	1731	1283	1146	1366	1167	1287	1697	2569	2468	2461	3563	8431	2191
Rv3499c	1541	3250	1760	1961	1822	2122	1394	2581	1514	2400	2079	1753	1631	2636	1986	1849	1850	1812	1472	1397	1706	1455	1675	1691	3022	2290	2816	3718	9017	2337
Rv3500c	430	1522	429	521	598	710	326	1102	400	651	728	602	387	951	455	494	566	482	362	357	445	305	413	365	1045	882	857	1516	3702	953
Rv3501c	427	984	603	719	641	749	365	799	533	921	763	519	411	652	645	587	563	482	495	466	494	361	453	465	981	824	830	2040	4961	1233
Rv3502c	1255	724	981	475	504	549	1088	622	885	668	627	472	1131	488	951	544	377	399	2546	1793	1979	1563	1019	1465	603	700	547	1719	4123	1036
Rv3503c	449	293	268	212	181	206	379	261	267	275	216	248	406	199	401	243	176	174	699	732	780	542	378	466	256	227	282	622	1590	410
Rv3504	836	311	241	167	162	215	813	229	262	222	215	189	716	234	245	158	159	169	544	441	501	467	345	448	239	236	198	623	1422	397
Rv3505	1610	697	394	296	453	788	1252	660	489	556	613	655	1345	404	422	383	307	343	488	324	357	486	325	458	401	433	285	1195	3007	736
Rv3506	272	301	200	192	165	262	235	289	193	304	250	179	261	248	248	248	186	203	193	134	164	184	157	213	204	191	184	378	813	245
Rv3507	1966	1675	1788	893	1237	1619	1416	2740	1996	1653	1584	1251	1835	1385	1800	1133	1038	1113	1479	1053	1239	1166	917	1617	787	1311	823	1992	5325	1257
Rv3508	5928	4319	4180	2299	3510	5538	3933	9257	5119	4788	4485	4316	5123	4049	4045	3063	2665	3743	1409	1151	1283	1928	1363	2943	1167	2189	1134	2678	7712	1753
Rv3509c	2546	3869	2210	1826	2312	2652	1910	3607	2411	2751	2921	2035	2371	2855	2505	2023	1985	1909	1848	1551	1655	1301	1431	1707	2379	2810	2221	3169	8185	1905
Rv3510c	589	1277	763	684	694	741	548	995	651	855	793	580	621	878	774	620	613	503	1040	923	1017	696	679	719	1206	983	1070	1588	3821	975
Rv3511	578	825	393	428	418	676	378	1377	366	604	542	482	507	683	374	490	360	435	156	148	142	208	173	283	286	387	226	655	1697	425
Rv3512	681	538	207	194	343	481	349	1405	309	464	439	354	535	483	224	309	258	322	83	57	51	96	85	176	128	287	125	342	962	260
Rv3513c	435	170	131	79	83	114	415	137	121	115	119	93	408	115	138	92	91	82	362	307	346	418	279	358	130	121	120	323	678	196
Rv3514	3074	1901	1822	1034	1487	2252	2049	3506	2139	1958	1818	1683	2590	1597	1881	1374	1102	1454	706	596	639	839	657	1162	540	1017	528	1196	3119	752
Rv3515c	1713	562	438	241	257	330	1526	432	364	352	343	286	1504	392	432	255	252	234	1248	1039	1165	1181	830	1206	393	394	390	1134	2656	710
Rv3516	479	324	197	177	158	198	484	235	185	235	224	148	422	187	236	195	170	156	454	357	458	433	343	494	251	272	262	915	2164	562
Rv3517	159	263	62	122	137	180	122	271	72	158	207	142	152	228	84	120	143	135	80	62	95	107	96	138	156	144	133	424	1019	275
Rv3518c	1635	2107	993	1223	1266	1676	1413	1740	1024	1632	1609	1353	1644	1764	1267	1359	1376	1321	1127	976	1161	1225	1125	1403	1513	1440	1389	2396	5446	1414
Rv3519	3676	3837	1993	2131	2293	3217	3260	3025	2030	2847	2954	2694	3595	2932	2491	2304	2288	2497	3254	2917	3657	3402	3254	3638	2801	2735	2963	4049	9555	2389
Rv3520c	4812	4739	2815	3169	3236	4330	4107	4171	3033	4703	4415	3576	4505	3960	3200	3665	3281	3151	2215	1732	2181	1856	2065	2835	3255	3660	3163	6597	16641	4099
Rv3521	890	1148	756	898	729	941	766	970	663	1000	906	695	903	1000	755	822	752	737	824	732	802	681	764	775	996	872	969	1828	4455	1061
Rv3522	575	851	370	492	448	571	449	718	371	632	564	421	536	647	454	502	438	437	394	427	403	431	402	493	601	556	558	1161	2842	696
Rv3523	1377	1499	1194	1223	1109	1472	1297	1313	1262	1794	1603	1400	1393	1525	1607	1449	1345	1316	843	822	835	911	960	1134	1577	1436	1446	1996	4983	1229
Rv3524	1587	4221	1371	3168	2910	2710	1365	2956	1138	3567	3396	2117	1561	2787	1427	2922	2644	1938	1096	1003	1115	718	1315	807	4660	3569	4201	12962	31157	8600
Rv3525c	270	377	91	184	179	220	194	276	89	246	233	191	203	250	116	190	161	172	131	103	115	98	134	142	281	238	254	357	909	240
Rv3526	3742	1478	1111	892	829	1092	3373	1232	1029	1065	1083	865	3181	1156	1356	848	839	765	2658	2553	3155	2934	2541	2951	1405	1284	1533	2225	5442	1366
Rv3527	789	428	325	233	249	283	701	368	287	320	370	254	700	367	403	230	247	233	877	687	865	792	712	871	416	412	385	696	1629	440
Rv3528c	653	1590	792	946	862	1108	554	952	750	1200	957	813	430	875	636	704	672	678	768	739	735	742	994	792	1832	1330	1481	1421	3452	819
Rv3529c	227	317	269	180	176	233	187	273	228	229	216	177	230	247	334	179	188	177	997	838	1027	522	406	476	337	254	311	392	889	283
Rv3530c	177	208	198	150	111	137	177	152	163	168	166	137	174	156	197	134	119	124	604	478	586	315	251	257	210	186	193	303	664	192
Rv3531c	667	1055	797	779	607	907	595	749	795	997	783	667	657	757	972	787	707	665	1269	1111	1093	898	774	853	946	814	777	1720	3978	1065
Rv3532	232	358	199	204	151	235	159	238	182	266	233	192	221	290	197	183	167	154	136	131	158	121	148	166	233	215	200	367	926	274
Rv3533c	737	656	290	335	328	467	581	657	299	512	425	417	615	696	367	438	421	439	504	419	535	296	306	382	430	391	373	497	1337	397
Rv3534c	1142	687	524	332	345	485	952	626	496	514	492	387	1064	511	472	406	380	399	1499	1160	1285	923	626	873	442	475	376	1410	3529	806
Rv3535c	740	480	301	261	293	334	648	458	341	437	344	308	671	433	318	311	310	274	990	813	892	621	430	586	311	351	307	1181	2842	718
Rv3536c	840	723	448	449	408	513	727	586	439	609	518	450	741	639	458	513	436	423	1343	1039	1171	767	559	690	472	499	411	1332	3154	751
Rv3537	921	565	341	237	270	396	813	476	298	305	383	297	765	387	345	280	249	289	1598	1253	1289	995	723	881	487	435	476	1575	3994	1005
Rv3538	355	198	155	90	109	140	296	187	127	138	163	121	297	175	163	105	134	98	686	588	593	430	359	390	214	216	157	722	1672	441
Rv3539	333	502	271	344	297	403	320	373	271	390	393	316	354	426	360	377	324	287	339	284	317	245	240	266	359	332	340	805	1891	498
Rv3540c	543	788	449	457	473	623	451	637	461	627	611	482	551	674	512	533	469	572	662	538	623	452	475	567	561	521	558	859	1962	514
Rv3541c	159	217	119	138	119	159	135	181	107	170	147	151	134	206	163	148	157	158	178	204	220	150	156	178	183	131	184	190	366	106
Rv3542c	369	528	302	330	291	483	319	489	328	453	397	351	366	498	342	388	398	369	520	410	527	359	309	444	395	415	379	500	1294	297
Rv3543c	611	774	470	460	427	612	475	704	469	666	628	545	573	707	550	540	501	524	1037	821	1053	670	584	748	519	548	524	1048	2431	667
Rv3544c	571	690	426	471	427	647	475	647	437	615	534	464	545	562	469	477	410	491	850	753	805	605	482	607	488	495	433	1047	2545	658
Rv3545c	596	804	449	448	432	545	561	636	396	542	502	461	617	572	442	426	397	426	1272	1067	1278	870	684	804	650	515	592	1467	3481	855
Rv3546	540	374	244	170	208	321	413	334	290	307	279	254	486	267	261	216	183	212	657	471	458	532	338	433	291	322	223	821	2083	525
Rv3547	1055	1575	907	958	875	1038	932	1220	737	1169	1110	828	955	1103	981	897	852	830	1063	953	1156	1119	1185	1351	1294	1100	1244	1145	2814	652
Rv3548c	855	963	773	569	595	747	723	806	773	764	753	568	793	852	748	628	703	520	1302	1012	1212	921	892	1165	696	761	672	998	2488	652
Rv3549c	558	629	545	313	411	418	430	496	557	428	491	310	511	550	558	331	412	357	1280	1041	1056	709	609	725	493	580	537	989	2284	574
Rv3550	386	511	473	226	304	312	306	395	513	291	391	237	379	436	512	269	308	232	777	585	653	512	462	569	402	474	453	839	2010	491
Rv3551	357	419	428	193	295	296	294	422	539	288	335	234	346	435	529	247	310	213	905	678	732	519	435	592	392	412	379	744	1721	445
Rv3552	346	478	461	248	290	341	231	484	418	287	354	226	323	435	541	274	315	263	880	646	745	514	450	606	331	374	405	713	1736	434
Rv3553	562	740	623	333	480	484	414	679	642	461	610	396	568	656	618	386	415	422	1052	776	832	666	486	738	398	484	413	957	2415	564
Rv3554	795	2441	646	913	1095	1218	596	1973	587	1220	1320	1029	735	1637	696	974	948	992	873	813	933	753	888	920	1346	1460	1313	3145	7730	1949
Rv3555c	660	1012	395	463	567	721	534	875	421	612	713	584	647	855	474	508	626	511	604	446	428	497	404	536	522	629	535	773	1911	519
Rv3556c	1786	1860	1064	952	1158	1361	1342	1644	1185	1309	1425	1127	1644	1695	1314	1204	1193	1173	1285	997	1181	1244	1076	1683	1136	1314	1167	1770	4553	1094
Rv3557c	713	770	435	418	407	495	536	609	457	487	462	372	629	732	580	367	565	437	720	717	779	772	655	717	714	596	692	785	1982	504
Rv3558	477	966	415	504	469	640	340	753	428	671	612	451	453	721	447	489	472	446	328	270	359	339	422	520	594	587	533	984	2144	659
Rv3559c	298	447	371	249	288	319	279	384	411	373	392	240	281	381	422	282	318	241	335	308	345	321	253	393	361	416	360	603	1435	413
Rv3560c	334	481	439	272	349	319	293	390	481	333	375	211	348	339	457	294	295	217	418	383	352	384	329	390	440	497	417	629	1566	387
Rv3561	468	412	509	278	343	344	420	365	557	343	454	252	475	389	565	289	364	259	752	572	655	548	498	682	416	525	434	925	2184	582
Rv3562	521	510	566	305	338	382	400	480	564	392	452	286	448	417	602	319	348	263	669	542	604	520	446	567	470	539	470	814	2016	506
Rv3563	334	314	386	166	220	225	267	341	363	247	291	178	317	252	358	231	202	182	489	397	438	345	279	419	240	337	240	549	1437	333
Rv3564	256	280	307	142	197	167	251	296	267	201	232	147	258	255	296	158	200	152	464	382	427	310	309	434	259	298	252	447	1178	282
Rv3565	374	438	436	286	331	324	347	370	396	332	369	246	390	399	487	289	303	282	668	554	592	552	467	651	429	433	388	568	1471	393
Rv3566c	658	829	444	449	501	662	585	636	384	580	636	530	693	621	498	478	515	524	644	609	714	703	667	737	625	591	604	1003	2418	634
Rv3566A	448	368	192	224	232	297	400	311	205	271	310	288	470	263	314	230	248	266	400	385	392	543	431	483	258	253	247	367	972	239
Rv3567c	532	547	247	332	291	508	439	429	224	420	377	352	545	489	315	336	333	338	466	395	499	410	369	514	438	403	443	739	1922	490
Rv3568c	1758	1570	880	944	943	1372	1427	1388	773	1276	1250	1131	1616	1400	1188	1004	1033	1024	1377	1181	1521	1396	1269	1581	1282	1203	1288	1928	4639	1204
Rv3569c	1341	1401	744	822	844	1193	1145	1211	679	1108	1095	963	1254	1136	839	913	881	847	878	862	926	991	902	1072	1040	1056	936	2002	4826	1141
Rv3570c	2720	2174	1240	1207	1272	1617	2351	1889	1167	1677	1618	1460	2513	1797	1345	1472	1285	1383	1942	1643	1891	2041	1857	2230	1692	1752	1732	3872	9549	2396
Rv3571	606	648	361	307	348	487	573	509	323	508	442	367	544	447	322	322	387	293	507	370	417	511	483	533	505	426	401	999	2334	611
Rv3572	330	476	303	239	275	382	273	405	241	343	369	344	311	327	302	255	257	284	444	390	554	533	488	634	337	276	314	335	749	215
Rv3573c	1560	413	286	220	221	271	1413	297	278	295	281	239	1287	263	291	211	168	191	363	280	325	444	317	458	290	267	201	693	1720	495
Rv3574	706	638	487	398	396	446	643	485	450	538	465	398	670	528	528	456	378	364	1312	959	1222	863	667	865	673	619	624	1409	3304	822
Rv3575c	518	1568	639	869	854	1081	503	1200	732	1361	1121	832	494	956	681	930	729	678	317	272	278	292	391	361	941	1065	761	1555	3859	951
Rv3576	806	1460	576	922	812	1073	620	1087	528	1010	1071	796	681	1274	670	847	905	812	431	455	483	662	735	671	1381	1000	1233	1354	3249	858
Rv3577	604	1075	352	536	647	818	447	881	452	838	866	682	552	869	472	673	663	621	211	195	224	256	322	314	638	737	691	760	1920	486
Rv3578	980	1847	643	936	1097	1523	725	1601	791	1385	1477	1169	901	1640	760	1099	1190	1158	223	238	262	230	398	363	1028	1263	935	875	2111	608
Rv3579c	2168	3841	1892	2203	2392	3250	1839	3544	1965	3263	3180	2612	2183	3059	2141	2477	2434	2516	990	911	929	869	1169	1119	2632	2945	2307	4309	10739	2634
Rv3580c	2297	3811	1600	2182	2254	3122	1807	3618	1649	3140	2955	2444	2287	3408	1791	2539	2342	2399	1110	1027	1079	882	1177	1164	2444	2649	2314	4728	11809	2827
Rv3581c	3993	5157	2908	3321	3343	4889	3221	4363	2842	4582	5042	4024	3812	4729	3313	3695	3749	3820	2591	2223	2289	2228	2274	2365	3739	3600	3082	6294	16325	4187
Rv3582c	7599	11293	6655	7570	8019	11241	6730	10747	6889	10597	11713	9757	7741	11153	8958	9025	9458	8764	8511	6878	9042	4804	5378	5886	9164	9057	8990	8965	21629	5612
Rv3583c	18003	31067	17980	19735	22879	29277	18035	26170	20487	27650	29262	25891	19614	28448	29190	23523	27331	26545	26558	26677	28529	19168	19504	18427	30785	27115	31371	24173	59427	14704
Rv3584	2561	4600	3677	3401	3045	3543	2157	3605	3003	3918	3834	2687	2606	3202	3607	3106	2852	2538	3163	3085	3541	4104	4315	5390	4232	3715	3807	6221	14594	3801
Rv3585	1338	2581	975	1147	1528	1948	1079	2547	1061	1830	2182	1430	1341	2366	1090	1357	1632	1466	987	762	870	1173	1171	1435	1449	1673	1298	2717	6555	1708
Rv3586	1312	3693	675	1701	1759	2148	950	3078	641	2179	2288	1610	1200	3105	738	1756	1850	1718	1566	1400	1499	937	1198	943	2572	2523	2392	2546	6157	1540
Rv3587c	2398	7544	949	3204	3824	4164	1480	6497	859	4410	4352	3123	1911	4977	832	3210	2919	2917	3818	3086	2987	1373	1874	1481	4284	4967	4199	7544	18097	4757
Rv3588c	1773	1269	881	802	826	1149	1267	1176	886	1160	1014	861	1413	926	961	804	738	821	766	690	772	945	912	1111	1011	1075	1033	1236	3022	720
Rv3589	757	1722	706	848	967	1113	566	1571	716	1255	1289	850	660	1223	690	977	881	793	342	252	317	292	397	489	922	1232	894	1447	3566	920
Rv3590c	836	1347	633	619	851	1073	594	1537	631	1083	1039	786	660	978	601	828	698	692	345	288	261	259	286	336	457	808	496	1126	2934	689
Rv3591c	98	315	80	158	158	197	78	241	55	209	198	146	91	188	68	147	137	119	40	35	40	34	62	44	168	171	152	250	579	171
Rv3592	4850	6014	3450	3636	3527	4170	3881	4617	3330	4855	4704	3533	4555	4305	3996	4114	3518	3260	2976	2739	2902	2802	3322	3373	5139	5273	5116	5965	14371	3415
Rv3593	4964	6384	3697	3842	3605	4691	3888	5167	3338	5154	4974	3720	4537	5267	4037	4117	3952	3683	3251	2713	3259	2584	3278	3557	5169	5446	5404	5812	13803	3566
Rv3594	689	991	521	523	508	708	548	893	544	676	741	538	661	830	622	566	571	522	362	265	304	264	323	364	576	693	534	712	1718	457
Rv3595c	2500	1624	1151	975	1164	1631	1749	2139	1157	1549	1467	1227	2044	1545	1298	1138	989	1126	705	547	612	708	577	879	672	910	640	1601	4151	938
Rv3596c	39533	33910	18658	20604	21810	29913	31180	30305	19547	29014	27078	23507	33984	29690	21523	23539	22299	22797	19774	17412	19952	20313	18491	22201	25692	25935	25737	37507	92073	22645
Rv3597c	2919	7741	2686	3919	4192	4462	2171	5479	2658	5242	4712	3503	2150	4998	2994	3797	3700	3228	2419	2137	2432	1931	2039	2300	3740	5045	3891	4643	12405	2963
Rv3598c	1268	3533	1523	2314	1639	2088	1087	2498	1497	2843	2021	1594	1159	2301	1730	1930	1588	1521	1222	1172	1388	1223	1518	1482	3264	2534	2709	3408	8087	2090
Rv3600c	1500	1920	792	1477	1222	1577	1292	1712	798	1912	1634	1412	1484	1788	1080	1652	1372	1330	1198	1002	1137	1365	1213	1482	1397	1321	1274	2170	5235	1302
Rv3601c	857	961	411	730	633	792	722	915	393	925	750	673	786	927	565	784	663	644	460	464	450	587	485	577	696	674	656	1266	3043	742
Rv3602c	1066	1356	490	840	867	1147	894	1358	541	1350	1182	901	1043	1254	596	1010	892	916	689	554	550	735	555	802	819	916	730	2045	4899	1227
Rv3603c	1699	1949	784	1196	1085	1449	1480	1642	675	1546	1378	1083	1581	1525	789	1278	1032	978	1313	968	1058	1353	1059	1273	1219	1273	1025	2681	6694	1675
Rv3604c	1779	2986	1216	1382	1754	2066	1320	2908	1193	2095	2341	1598	1561	2535	1257	1579	1675	1482	1812	1593	1607	1034	1035	1206	1916	2443	1869	2634	6409	1581
Rv3605c	1125	1283	879	692	840	1164	932	1095	864	1082	1068	875	1043	1121	938	820	867	842	890	781	805	524	589	625	976	1206	960	1068	2753	682
Rv3606c	1618	1769	1088	1063	1161	1659	1139	1697	1112	1635	1534	1274	1398	1554	1182	1264	1130	1242	1331	1096	1182	803	789	860	1452	1669	1298	2067	5023	1226
Rv3607c	1302	1498	869	917	1037	1312	910	1429	875	1178	1291	995	1090	1292	877	974	925	926	996	821	850	573	621	667	1212	1338	1129	1744	4390	1002
Rv3608c	1885	1985	1050	1102	1334	1863	1324	1928	1106	1615	1571	1380	1532	1862	1151	1301	1345	1343	1650	1346	1617	935	1015	1085	1718	1886	1720	2339	5792	1442
Rv3609c	1702	1803	1075	1041	1001	1602	1233	1718	887	1321	1341	1189	1586	1693	1245	1118	1110	1250	1989	1983	2394	1370	1362	1563	1759	1567	1824	2263	5702	1346
Rv3610c	11435	10416	5791	5480	6592	8767	8597	9712	5198	7564	8312	6636	9682	9286	6016	6349	6660	6993	11746	9311	11397	10667	8486	11295	7590	8190	7989	13209	32399	7768
Rv3612c	1065	2134	521	1394	1099	2597	984	1887	611	1713	1606	2079	1223	2185	825	1522	1395	2256	479	449	595	488	546	775	808	685	740	400	1012	253
Rv3613c	1475	3052	865	1869	1502	3588	1369	2348	890	2386	2185	2854	1699	2425	1021	1803	1618	2751	955	918	1133	1105	1210	1522	1311	1116	1087	907	2084	483
Rv3614c	6305	10171	3718	7403	5366	11865	5987	8287	3973	8654	7023	9694	6914	7999	4791	6625	5411	8646	7442	6881	8956	8695	8238	11412	4758	4122	4676	5559	12903	3312
Rv3615c	3539	6258	2121	4116	3366	7391	3452	5301	2380	5441	4245	6173	3609	4340	2615	3773	2935	5204	4226	3862	4915	5294	5004	7177	2525	2283	2567	2922	7103	1738
Rv3616c	11103	20122	6612	13395	11201	25611	10612	16235	7635	18837	14395	20193	10389	13338	7400	11952	9366	16268	11929	9894	11541	13909	11437	17330	7108	6750	6221	8805	21553	5286
Rv3617	367	948	550	506	449	607	330	736	434	663	617	542	404	707	514	511	439	492	946	794	890	783	715	858	618	507	540	1593	3837	917
Rv3618	419	766	446	376	324	487	360	643	409	482	441	380	431	654	474	478	404	344	933	848	1122	974	811	1164	438	480	476	914	2129	537
Rv3619c	2668	4757	2463	4825	3968	5560	2370	4215	2633	6001	4711	4441	2480	3444	3217	4753	3384	3742	1605	1622	1741	1932	2455	2448	3963	3906	4204	2862	6940	1749
Rv3620c	2525	4683	2476	5208	4006	5689	2014	4191	2386	6036	4712	4427	2195	3439	3026	4902	3441	3687	1459	1482	1867	1741	2529	2729	4175	4044	4695	2432	5861	1437
Rv3621c	214	389	142	156	225	215	186	293	154	260	228	173	206	290	163	205	181	176	98	110	113	108	84	135	162	234	194	268	622	187
Rv3622c	56	57	22	29	24	34	42	52	27	37	34	32	43	48	33	26	33	25	34	33	31	34	33	33	29	28	29	59	135	44
Rv3623	659	1713	644	1036	1025	1140	605	1401	628	1402	1240	846	608	1223	724	1057	923	808	670	565	666	733	791	944	1109	1131	1060	1164	2865	706
Rv3624c	1198	2597	1678	1973	1760	2067	1134	2083	1506	2399	2200	1660	1300	1988	1923	1963	1771	1591	1832	1607	2074	1670	1775	2073	2172	2007	2096	2723	6331	1618
Rv3625c	1192	1490	838	735	895	1179	994	1257	792	1072	1085	861	1089	1164	897	834	808	776	1307	1113	1095	735	664	768	996	1216	921	1547	3679	916
Rv3626c	2528	2474	1594	1368	1488	2180	2066	2326	1523	1907	2000	1670	2519	2161	1656	1554	1534	1676	3078	2468	2819	1936	1632	1894	2219	2313	2044	3385	8449	2023
Rv3627c	3756	3799	2351	1826	2350	3298	3033	3539	2433	3004	3063	2501	3382	2926	2261	2254	2016	2251	4435	3192	3336	2565	2131	2504	2697	3237	2465	6195	15125	3708
Rv3628	772	1575	827	857	736	907	647	1103	595	1073	860	700	744	809	749	724	553	598	722	685	734	603	691	669	1385	1118	1135	3450	8053	2012
Rv3629c	1087	1935	827	1332	988	1321	812	1552	738	1408	1239	980	1007	1418	888	1069	1016	945	823	664	828	680	892	865	1702	1460	1534	2232	5271	1395
Rv3630	1297	2323	1381	1307	1335	1576	1120	1886	1342	1828	1726	1271	1324	1624	1324	1343	1291	1115	1181	993	1058	787	886	1109	1360	1758	1323	1994	4950	1211
Rv3631	593	1189	483	652	632	775	483	914	441	875	779	670	509	817	545	647	585	585	458	398	444	400	470	413	958	835	800	854	2063	512
Rv3632	435	888	413	524	519	600	408	727	426	633	619	464	395	643	474	501	455	463	321	265	338	283	366	360	922	706	835	609	1482	374
Rv3633	2861	5051	2720	2569	2825	3580	2264	4053	2305	3163	3466	3029	2702	3488	2885	2431	2448	2456	3775	3065	3568	3650	3343	4866	3636	3482	3423	4813	11845	2951
Rv3634c	1701	3685	1690	2218	2156	2641	1425	2823	1650	2779	2599	2042	1789	2775	1787	2048	2214	1926	1477	1333	1483	1363	1566	1916	3058	2675	2620	3830	9070	2354
Rv3635	441	1147	439	590	658	746	389	976	459	909	811	605	408	869	426	621	623	539	248	217	255	204	290	265	753	852	681	1122	2647	730
Rv3638	62	106	50	78	61	70	50	80	45	92	64	67	66	65	61	71	67	61	55	49	50	47	69	56	94	88	78	266	630	191
Rv3639c	77	123	72	82	78	95	60	103	58	117	94	60	69	87	65	79	85	89	102	79	87	80	69	87	110	99	97	207	563	116
Rv3640c	43	83	39	46	40	59	36	63	31	71	51	42	40	81	37	58	50	59	50	42	68	33	41	40	84	54	51	108	238	85
Rv3641c	623	750	341	529	375	648	483	602	322	594	529	540	666	780	506	540	549	579	520	541	824	473	544	536	602	509	681	443	1060	298
Rv3642c	715	764	502	488	423	668	666	619	380	567	583	578	629	619	503	471	567	592	812	711	947	776	787	896	882	721	726	962	2177	542
Rv3643	16	32	12	29	22	30	14	20	11	29	30	15	12	26	14	29	16	14	13	15	10	5	15	8	26	17	18	64	151	44
Rv3644c	1099	1429	839	794	856	1119	888	1329	818	1146	1101	851	1027	1117	898	880	714	762	789	625	636	691	677	817	868	1013	783	1758	4249	1051
Rv3645	6488	5501	5602	4375	3851	4258	5321	4431	4947	5617	5059	3529	6567	4282	6109	5069	4111	3496	8635	7307	8976	6597	6050	7552	6277	6800	6577	11212	27645	7163
Rv3646c	4203	10968	5338	7198	6138	8002	3736	9230	4998	9721	7886	6079	4520	8525	5841	7420	5825	5872	2877	2528	3024	2603	3574	3807	7156	7248	6785	17756	42656	10600
Rv3647c	1324	3471	1002	1379	2230	2983	1036	3630	1187	2545	2641	2205	1178	2595	975	1815	1687	1890	552	455	394	437	503	677	998	1592	1020	1686	4471	1076
Rv3648c	7344	28535	10169	15819	17241	22283	6810	23692	9973	21392	20987	19062	7010	20134	12140	16846	15542	16088	3687	4230	5028	3847	7603	6049	17530	15206	19462	17767	41482	11766
Rv3649	432	699	271	420	428	668	348	658	329	639	551	512	395	531	364	424	393	408	126	109	91	123	163	194	368	387	286	1129	2923	664
Rv3650	86	85	47	46	45	65	68	52	47	59	74	46	77	54	32	49	48	42	42	38	37	37	35	37	58	48	37	93	260	74
Rv3651	848	1806	872	992	919	1068	771	1289	648	1177	1107	838	931	1313	938	982	901	809	869	764	1080	790	912	896	1568	1301	1724	2350	5537	1465
Rv3652	239	258	190	190	176	201	185	263	197	277	236	159	209	202	187	174	143	188	166	124	124	164	99	176	138	187	118	276	728	162
Rv3653	183	196	168	120	148	212	154	239	161	255	205	161	197	164	165	177	129	148	126	77	81	132	74	167	47	112	46	106	301	88
Rv3654c	191	198	165	151	150	180	134	168	181	213	151	147	154	154	143	136	93	129	130	91	104	111	82	117	72	145	68	223	631	160
Rv3655c	148	186	105	119	116	157	124	153	121	167	152	125	110	136	120	137	91	106	79	51	64	50	66	81	76	95	60	191	474	133
Rv3656c	136	167	96	103	111	144	104	189	118	140	117	141	128	116	128	128	90	92	79	76	73	76	59	68	72	93	74	183	450	138
Rv3657c	127	188	73	80	114	162	95	250	120	168	140	113	115	163	111	112	71	116	54	43	38	44	40	43	59	63	56	114	317	92
Rv3658c	462	777	538	460	498	664	396	687	658	747	628	490	449	497	581	539	420	429	316	282	271	288	276	420	342	524	323	818	2246	570
Rv3659c	150	343	100	183	164	281	125	437	128	266	230	225	157	381	144	237	183	232	78	60	65	69	61	63	95	111	89	213	518	170
Rv3660c	371	708	233	570	383	660	258	733	338	879	586	535	352	884	401	737	466	515	129	113	110	80	127	211	174	229	192	350	1012	282
Rv3661	1139	1222	1010	836	681	945	786	1199	901	1163	866	727	1084	951	1131	911	643	724	1584	1282	1835	1147	1261	1639	1218	1197	1303	1493	3191	923
Rv3662c	2239	3446	3054	1688	2355	3764	1674	3801	3584	3058	3366	2999	2025	3023	2867	2279	2224	2721	1473	1093	1650	1071	1167	2419	943	1555	1174	1167	2960	717
Rv3663c	1149	1562	851	760	1094	1545	844	1563	1022	1408	1469	1117	1069	1462	1006	1096	1081	1151	594	540	575	516	590	732	1153	1291	1020	1575	4009	1011
Rv3664c	269	307	213	235	210	301	216	306	213	329	274	245	230	304	268	267	254	209	142	141	148	139	188	199	372	369	342	421	996	266
Rv3665c	278	443	275	264	266	314	219	341	225	371	352	277	274	371	320	273	304	256	222	216	273	198	233	217	476	392	417	676	1636	410
Rv3666c	793	1398	858	868	803	1027	664	957	731	1057	949	860	871	874	905	828	752	711	845	746	773	761	726	881	1205	1119	1039	2794	6817	1666
Rv3667	1394	2454	1652	1350	1335	1635	1155	1852	1439	1850	1634	1301	1443	1627	1594	1347	1155	1102	2253	1791	2179	1515	1442	1765	2028	2005	1882	4345	10429	2712
Rv3668c	1497	1485	923	846	762	978	1257	1188	838	1053	1026	752	1412	1019	993	777	743	690	1315	1077	1231	1227	1048	1390	1176	1204	1115	1802	4337	1155
Rv3669	987	2185	1199	1286	1162	1219	783	1481	962	1342	1230	902	987	1416	1280	974	915	806	978	910	991	805	956	910	1801	1473	1597	3159	7760	1982
Rv3670	825	1463	899	928	804	1067	689	1185	746	1096	1062	776	789	1161	855	824	831	761	665	521	666	479	604	704	1241	1259	1085	1722	4067	1061
Rv3671c	2432	4478	2132	3052	2955	3897	1842	3925	2369	4032	3670	3061	2373	3787	2439	3304	2796	2953	1024	928	955	811	1140	1138	2860	3075	2697	4396	10846	2661
Rv3672c	1522	2349	1146	1435	1586	2203	1130	2485	1233	2094	1983	1649	1427	2069	1215	1765	1370	1589	543	459	451	465	593	686	1225	1659	1232	2333	5809	1350
Rv3673c	2384	2915	1539	1712	1922	2882	1950	2607	1953	2742	2704	2217	2179	2349	1798	2094	1831	2027	974	784	852	1072	1073	1492	1347	1906	1304	2249	5339	1427
Rv3674c	1519	2289	1254	1588	1272	1772	1206	1850	1161	1794	1623	1296	1409	1748	1301	1491	1256	1268	1173	1121	1307	1296	1261	1515	1819	1563	1570	2827	6756	1784
Rv3675	1093	1962	426	619	696	729	823	1421	313	669	881	554	995	1227	377	494	671	532	3051	2653	2814	1999	1618	1447	2002	1552	1719	2212	5328	1356
Rv3676	3043	5136	2255	3200	2661	3489	2344	3907	1962	3620	3318	2604	2683	3783	2420	2628	2633	2497	3223	2744	3452	2745	3103	3359	5016	4274	4490	5184	12369	3061
Rv3677c	2618	3768	2773	2519	2510	2948	2388	3370	2617	3554	3445	2363	2714	3329	3304	2921	2848	2311	2755	2332	2692	1937	2008	2452	3233	3160	3079	3506	8324	2146
Rv3678c	2814	4214	3070	2612	2905	3165	2392	3527	3428	3804	3857	2598	2692	3238	3912	3046	2825	2321	2403	1881	2138	2006	2025	2438	3040	3635	2951	4044	10172	2654
Rv3678A	786	1637	994	962	965	1127	721	1332	1014	1353	1177	1009	847	1234	1187	1149	1110	1011	663	656	722	615	792	797	1236	1325	1364	1763	4207	1004
Rv3679	6182	10706	6682	8053	6353	7824	5000	7412	5607	9270	7654	5987	5784	7381	7384	7060	6344	5892	8385	7858	9362	7603	7402	8242	10416	8191	9154	10385	24377	6256
Rv3680	8132	16049	9300	11290	9856	12083	7140	11816	8598	14429	11802	9506	7755	11152	9932	10641	9493	8995	11218	9785	11514	9096	9576	10625	15069	12690	13323	12440	29826	7474
Rv3681c	848	1274	958	1034	671	848	744	959	848	1025	809	592	879	987	1235	893	757	640	1528	1550	1751	1180	1110	1260	1286	938	1154	1992	4514	1140
Rv3682	12375	12010	9277	8477	8627	10789	9589	10669	8829	11816	10900	8500	11454	10448	10245	9737	8945	8426	9109	7866	9575	6986	7867	9842	11259	12441	11951	17500	42412	10335
Rv3683	2567	2475	1430	1245	1313	1819	2011	2138	1313	1757	1810	1434	2323	1866	1368	1440	1395	1382	1646	1410	1826	1722	1622	2267	1545	1871	1564	2237	5318	1329
Rv3684	2733	3072	1998	1930	1798	2372	2265	2633	1715	2527	2524	2120	2597	2589	2049	2091	1939	1880	2941	2593	3061	2796	2577	3273	2412	2348	2264	3036	7221	1953
Rv3685c	1501	3383	1544	2266	1981	2792	1257	2831	1525	3091	2948	2297	1476	3016	1797	2357	2273	2077	1433	1156	1255	1154	1356	1412	2319	2192	2053	2197	5234	1299
Rv3686c	1998	5956	2360	4014	3401	4436	1476	4335	2116	4852	4661	3423	1589	4015	2216	3425	2973	2663	1189	940	935	1552	1820	1826	4396	4093	3141	4692	11257	2952
Rv3687c	808	1354	689	775	767	1063	756	976	658	1039	852	862	694	1137	913	802	804	884	512	530	638	665	754	776	1200	833	1097	693	1803	417
Rv3688c	1120	1868	871	1034	1066	1324	930	1529	871	1413	1313	1158	1060	1504	1196	1201	1073	1271	833	785	1023	873	1142	1191	1473	1434	1803	1339	3305	898
Rv3689	2908	4975	1659	2201	2830	4024	2053	4976	1702	3703	3675	2890	2470	4059	1618	2662	2619	2856	1622	1317	1475	1434	1537	2081	2138	2933	2275	3057	7631	1913
Rv3690	581	1225	356	560	620	853	429	994	305	706	809	642	520	1013	350	607	634	698	382	351	411	368	438	523	790	762	817	532	1307	385
Rv3691	952	1868	691	906	982	1384	724	1418	691	1168	1291	1045	891	1292	733	943	895	920	884	693	721	707	773	721	1324	1257	1238	1842	4334	1060
Rv3692	1082	2103	775	1011	1145	1571	788	1887	754	1455	1495	1244	963	1681	818	1083	1126	1206	605	529	599	539	662	675	1173	1343	1169	1542	3917	1028
Rv3693	2431	3281	1292	1575	1930	2881	1889	3070	1442	2333	2595	2278	2187	2725	1379	1822	1890	2005	875	663	687	610	792	772	1576	2087	1538	1806	4773	1089
Rv3694c	5057	4826	2496	3282	2906	4326	3871	4057	2347	4002	3614	3511	4435	3984	2966	3154	2863	3137	3129	2672	3218	2250	2455	2592	4242	3877	3960	5121	12105	3116
Rv3695	1121	1374	578	730	745	1165	903	1104	519	940	971	931	1008	1082	596	747	682	776	502	516	541	454	502	528	1018	935	859	1589	3905	1036
Rv3696c	1253	2143	650	1187	1251	1574	896	1883	667	1698	1614	1312	959	1699	796	1347	1189	1167	524	462	545	484	596	542	1534	1507	1414	1858	4447	1072
Rv3697c	792	1429	387	734	667	934	602	986	398	847	704	735	667	1038	520	638	613	685	741	688	784	684	698	635	1211	937	1098	1255	2896	773
Rv3697A	308	700	167	318	349	447	249	510	186	380	365	351	276	486	227	355	325	360	293	288	341	320	319	313	597	422	549	765	1820	434
Rv3698	348	598	358	311	296	447	253	514	328	422	462	402	361	546	455	369	411	384	540	516	650	427	522	556	414	392	540	358	806	223
Rv3699	1794	1803	1461	920	1073	1388	1377	1520	1189	1302	1471	1177	1548	1287	1547	1148	976	979	2803	2321	2428	1654	1509	1783	1443	1542	1516	2460	6003	1448
Rv3700c	1054	1425	982	719	896	1260	862	1340	1073	1197	1219	930	965	1231	992	886	881	863	977	706	880	566	627	810	918	1130	874	1069	2739	697
Rv3701c	1183	1901	1389	1240	1300	1680	1031	1681	1470	1774	1635	1370	1162	1674	1811	1403	1379	1375	1209	1124	1371	790	978	1208	1491	1501	1528	1572	3756	921
Rv3702c	628	926	715	644	613	809	576	847	739	834	897	694	648	921	896	666	589	613	772	624	695	612	546	741	766	758	696	787	2028	470
Rv3703c	1608	2141	1573	1225	1441	1863	1443	1934	1670	1925	2048	1476	1700	1743	1709	1399	1409	1392	1831	1507	1673	1912	1639	2438	1424	1597	1369	2113	5506	1334
Rv3704c	2026	2730	1973	1532	1751	2349	1765	2415	1987	2363	2407	1818	2001	2230	2144	1766	1742	1649	2167	1898	2068	1888	1714	2427	1851	2019	1716	2876	7416	1691
Rv3705c	757	1117	536	536	663	792	581	987	530	807	894	686	697	866	579	588	656	573	567	476	593	638	582	784	705	652	574	623	1606	382
Rv3705A	889	487	292	215	246	346	625	462	226	313	286	270	781	376	258	237	259	240	254	236	306	236	233	334	226	270	231	241	657	179
Rv3706c	2019	397	177	204	186	290	1363	359	142	265	237	219	1678	349	179	210	164	230	135	128	155	167	204	245	234	198	209	182	443	113
Rv3707c	930	1086	775	651	773	974	784	1139	746	1039	1025	778	918	1021	801	851	767	805	619	514	631	464	477	628	722	932	714	1044	2693	675
Rv3708c	4700	5060	3798	3416	3616	4575	3824	4558	3999	5003	4818	3655	4451	3838	4260	3941	3422	3207	3683	2950	3296	2375	2378	2962	4127	4828	3740	7855	19756	4720
Rv3709c	4601	5958	4435	4364	4153	4956	3940	5084	4294	5836	5390	4025	4552	5248	4888	4850	4282	4082	4240	3669	4058	2659	3154	3290	5203	5573	5341	10167	24468	5984
Rv3710	5499	6152	3830	4048	3908	5565	4546	5647	3826	5647	5530	4278	5586	6368	4721	4929	5041	5022	7257	5967	7827	3958	3958	5301	4814	5049	5258	6300	15192	3773
Rv3711c	1806	4690	649	2219	2495	2973	1209	4132	626	3386	3362	2440	1540	3659	678	2769	2203	2253	2504	2124	2159	1452	1565	1420	2503	3054	2815	3766	9277	2260
Rv3712	460	992	319	435	548	684	386	1079	316	739	611	497	448	729	267	518	436	471	161	120	158	190	266	254	543	634	446	960	2406	625
Rv3713	625	1339	472	714	785	980	601	1251	520	1130	1050	855	684	1098	498	836	743	733	285	206	245	340	380	509	834	958	720	901	2236	544
Rv3714c	477	986	198	462	471	671	318	918	206	610	678	487	412	932	254	519	574	555	212	150	212	262	322	347	558	572	534	643	1454	432
Rv3715c	1795	3905	1264	2146	1995	2531	1439	3193	1182	2694	2432	1731	1603	2841	1345	1955	1799	1685	1163	1013	1107	1353	1412	1559	2948	2592	2406	4077	10308	2486
Rv3716c	1243	3364	1042	1714	1570	1703	1005	2575	952	2025	1705	1313	1108	2265	1017	1551	1349	1164	949	865	977	1109	1225	1239	2480	2097	2171	4584	10943	2670
Rv3717	2097	4245	879	2023	2491	2786	1498	3368	959	2852	3157	2232	1831	3137	1168	1984	2390	1993	1928	1433	1670	1911	1907	2058	3061	3091	2749	3057	7219	1843
Rv3718c	687	1151	519	653	716	767	498	991	461	878	845	667	594	824	590	678	640	550	499	419	464	550	491	637	837	827	846	1100	2728	664
Rv3719	3901	4780	3478	3194	2707	3560	3081	3676	2940	3620	3310	2700	3616	4108	4244	2995	3054	2589	5248	4781	6511	3480	3868	4178	4998	3948	4869	3688	8560	2085
Rv3720	4644	5538	4287	3360	3098	4042	4050	4303	3646	4168	4010	3239	4611	4422	4757	3415	3364	3105	5925	5319	6892	3974	4091	4717	5317	4681	5134	4822	11379	2854
Rv3721c	2776	4054	2127	2255	2505	3053	2247	3646	2046	3063	3147	2320	2604	3262	2129	2401	2240	2187	2517	1962	2157	1891	1958	2349	2803	3129	2576	4939	12129	3089
Rv3722c	3694	7707	3452	5656	4499	5829	2992	6016	3047	6591	5542	4524	3452	6000	3965	5194	4561	4454	2837	2529	3230	2401	2989	2883	6686	5657	6139	12232	29421	7189
Rv3723	2564	5293	3094	3331	3358	3794	2093	4184	2868	4067	4464	2708	2342	3898	3136	3156	3104	2442	3881	3165	3557	2022	2376	2258	4425	4741	4090	7771	18709	4591
Rv3725	2957	5342	2949	3647	3480	4034	2345	4155	3015	4667	4497	3296	2712	3564	3404	3489	2948	2776	1909	1808	1883	2344	2387	2446	4401	3993	3743	5781	13961	3557
Rv3726	1635	4102	2104	2404	2542	3025	1409	3517	2282	3350	3285	2446	1648	3277	2629	2628	2431	2201	951	883	1009	1090	1275	1690	2166	2467	2222	2854	6902	1699
Rv3727	1282	5281	1493	2878	2483	3030	1124	4108	1568	3373	3003	2486	1251	4274	2039	2763	2734	2331	844	935	1080	1075	1659	1340	3867	2736	3746	1319	3253	842
Rv3728	1092	1926	678	1245	842	1141	820	2515	866	2027	1071	903	985	1626	785	1534	727	920	335	255	281	359	402	451	526	722	533	809	2089	593
Rv3729	1823	1765	1058	1057	997	1230	1745	1417	1025	1466	1383	1057	1848	1498	1147	1176	1088	1049	1459	1353	1547	1799	1447	1821	1246	1189	1216	1466	3337	953
Rv3730c	473	1276	548	726	698	854	469	993	547	893	912	693	567	952	624	768	680	701	419	414	468	454	501	496	870	778	731	1051	2504	663
Rv3731	264	445	200	212	230	293	218	341	169	324	339	242	269	327	241	267	229	229	259	225	258	204	244	275	315	316	320	611	1453	427
Rv3732	1591	2026	1439	1484	1253	1778	1399	1678	1343	1812	1668	1364	1627	1653	1594	1386	1284	1297	1626	1415	1788	1536	1470	1803	1745	1494	1691	2219	5075	1283
Rv3733c	928	1620	949	984	963	1252	827	1389	1082	1282	1315	1011	1009	1353	1355	1023	1038	986	882	761	938	882	913	1081	1251	1202	1118	1241	2982	703
Rv3734c	2355	4139	2382	2265	2331	2875	1972	3432	2165	2819	2816	2427	2263	3026	2657	2158	2241	2247	2874	2611	3155	3129	2906	3677	3208	2752	3172	2978	7470	1947
Rv3735	1467	1608	846	952	975	1418	1265	1302	803	1226	1289	1150	1348	1101	1048	996	911	1069	1375	1141	1223	1179	1015	1016	1361	1272	1321	1327	3216	815
Rv3736	1121	1477	916	1017	835	1134	969	1124	791	1166	1002	884	1030	1192	1035	922	865	816	980	844	996	872	823	938	1266	1008	1024	1546	3481	883
Rv3737	1464	2491	1227	1377	1427	1750	1247	2213	1276	2036	1871	1406	1426	2017	1270	1504	1392	1351	1092	890	938	787	986	1006	1791	1969	1658	3243	8065	2054
Rv3738c	640	1611	923	1055	817	1018	580	1214	722	1213	1087	828	622	1142	953	941	839	741	833	677	723	656	744	670	1419	1285	1177	1498	3702	913
Rv3739c	148	318	206	247	180	225	127	261	171	277	215	163	131	257	220	199	191	150	200	178	282	133	170	175	350	283	311	364	880	225
Rv3740c	929	1955	1084	1334	996	1418	769	1578	1034	1646	1379	1267	873	1506	1263	1304	1109	1106	916	817	1005	694	757	991	1229	1001	1050	2201	5112	1271
Rv3741c	300	843	389	560	450	639	285	692	412	696	573	494	312	740	434	543	442	493	379	371	457	283	342	405	500	392	458	1022	2387	615
Rv3742c	474	822	584	538	348	649	351	680	454	596	514	492	408	672	638	465	398	494	1003	901	1080	718	706	801	614	507	567	915	2060	490
Rv3743c	210	338	177	193	161	235	195	260	167	258	216	215	224	315	164	214	206	181	244	218	241	193	158	243	215	215	207	425	1027	342
Rv3744	446	609	397	424	373	440	426	500	358	529	474	349	448	460	412	436	414	364	546	499	573	611	662	694	669	555	624	1195	2742	660
Rv3745c	57	73	29	48	37	47	47	37	28	51	52	40	53	49	53	42	34	29	47	45	45	54	35	60	38	47	54	89	226	62
Rv3746c	84	115	93	85	76	95	59	80	96	100	85	66	69	84	103	68	70	66	62	56	66	57	50	55	116	89	90	97	219	65
Rv3747	565	2127	1502	1555	1093	1224	510	1476	1247	1489	1194	882	571	1363	1665	1257	874	810	952	862	1020	648	910	769	1956	1479	1897	2486	5745	1582
Rv3748	641	1195	911	849	678	869	527	1020	916	1066	947	747	637	975	1168	850	707	587	718	595	729	609	614	784	1040	1016	938	1084	2600	698
Rv3749c	964	1607	912	1082	943	1236	786	1217	845	1273	1176	986	826	1312	979	998	999	905	1578	1442	1876	1992	1951	2201	1332	1045	1283	719	1796	486
Rv3750c	1173	2800	1222	1631	1497	1904	863	2312	1068	1861	1665	1498	1027	2325	1427	1440	1651	1606	1514	1514	2181	1798	1870	1938	2507	1724	2411	1408	3213	778
Rv3752c	484	989	439	461	573	820	383	793	510	788	743	651	370	720	494	454	452	509	188	171	146	217	194	270	348	541	279	476	1193	312
Rv3753c	1107	2051	1134	1186	1224	1665	891	1698	1100	1653	1603	1250	1017	1445	1241	1201	1077	1105	614	527	540	757	630	786	1250	1201	966	1922	4604	1109
Rv3754	789	1317	862	864	786	986	614	1121	758	1112	1022	752	736	1007	922	877	776	728	925	688	788	678	714	771	1206	1186	1031	1457	3630	886
Rv3755c	1579	2510	1263	1588	1482	2039	1301	2067	1182	1875	1791	1671	1506	2188	1548	1614	1547	1743	1521	1475	1515	1291	1407	1304	2231	1779	2183	1972	4738	1246
Rv3756c	1088	1714	704	951	993	1558	942	1668	749	1411	1485	1256	1057	1548	923	1057	1219	1191	677	634	716	437	635	535	1263	1311	1268	1511	3619	935
Rv3757c	924	1339	527	620	894	1259	726	1312	516	1060	1237	1028	828	1329	499	809	889	997	506	419	471	392	470	502	735	840	697	1016	2649	620
Rv3758c	1819	2480	1091	1336	1534	2151	1519	2216	1137	2092	2107	1807	1751	2443	1468	1668	1796	1785	1353	1139	1294	1007	1021	1198	1844	1873	1729	2513	6291	1552
Rv3759c	2107	3233	1493	1688	1908	2443	1757	2685	1340	2351	2541	2187	2052	2757	1813	1995	2027	2044	2088	1961	2270	1583	1668	1557	2718	2470	2816	3445	8141	2042
Rv3760	92	380	89	159	176	210	76	330	91	217	215	226	116	280	110	201	180	193	150	133	154	76	124	104	253	200	264	261	648	184
Rv3761c	561	1613	722	862	785	1007	468	1198	671	1149	958	772	533	1043	706	789	714	664	637	535	548	461	580	512	1161	1122	1015	3043	7203	1768
Rv3762c	1275	2477	980	1115	1490	1930	1024	2189	1007	1750	1890	1517	1188	2004	1004	1314	1428	1337	625	538	736	825	911	1407	1276	1380	1247	2057	5096	1295
Rv3763	1799	6807	3221	3599	3866	4712	1637	5444	3146	4718	5002	3882	1913	4779	3560	3625	3706	3575	1975	1925	1918	3056	2905	4000	4019	4102	3814	6838	16867	4169
Rv3764c	3699	3888	1577	1700	2131	2993	2878	3407	1906	2770	3194	2319	3490	3310	1960	2096	2418	2207	976	898	882	1370	1266	1874	2067	2284	1632	3535	8873	2185
Rv3765c	3618	1099	478	668	539	867	2855	761	444	794	560	671	3016	734	513	563	476	560	554	517	561	609	576	577	804	584	647	1444	3440	855
Rv3766	1413	899	385	522	523	795	1124	670	297	543	626	596	1158	706	366	441	517	567	878	841	927	977	946	1002	778	600	790	1218	2985	793
Rv3767c	1582	2094	617	1067	1094	1772	1171	1549	491	1229	1365	1298	1235	1467	562	927	1011	1051	1338	1237	1391	1262	1234	1409	1218	1075	1161	2579	6198	1621
Rv3768	132	285	120	143	142	160	112	190	91	174	161	125	120	173	118	103	117	121	158	160	147	166	157	160	282	194	189	383	976	254
Rv3769	753	1617	771	793	921	1108	740	1274	760	1123	1204	896	804	997	945	887	741	844	950	771	768	758	793	678	1295	1181	1163	1633	4177	1065
Rv3770c	650	702	413	420	523	643	613	661	403	674	704	559	643	570	485	510	509	503	677	513	638	544	539	670	445	479	446	448	1060	279
Rv3771c	300	429	293	404	312	414	245	370	337	556	412	349	291	339	413	391	305	247	114	95	133	128	165	201	411	447	282	947	2322	654
Rv3772	588	1056	575	649	686	812	497	900	487	868	754	606	571	797	576	640	552	561	591	493	492	465	508	540	858	827	682	1680	3898	993
Rv3773c	612	903	483	529	526	773	563	756	481	741	693	620	690	757	649	601	613	592	526	469	605	515	516	601	693	675	664	617	1517	390
Rv3774	2477	5756	3824	3356	3876	4197	2252	5165	3681	5011	5303	3681	2817	4105	4256	4102	3335	3167	2737	2279	2615	2045	2762	2856	4475	5020	4817	8802	21243	5324
Rv3775	1130	2164	1389	1227	1338	1578	985	1799	1258	1797	1725	1203	1120	1574	1459	1319	1223	1151	1566	1209	1487	1095	1238	1444	1793	1874	1705	2815	6533	1738
Rv3776	867	1599	792	963	1074	1208	706	1499	836	1399	1344	954	820	1282	863	1092	986	927	1052	802	932	710	791	845	1162	1330	1199	2174	5424	1381
Rv3777	2047	2731	1370	1498	1590	2310	1601	2322	1423	2187	2111	1915	1843	2353	1570	1636	1542	1735	1308	1078	1327	1219	1296	1487	1760	1918	1734	2242	5488	1432
Rv3778c	5888	8018	4764	5110	4866	6780	4767	6384	4948	6931	5795	5407	5360	5133	5209	4948	4058	4414	3096	2438	2714	3274	3089	3658	5024	5017	4037	7818	18736	4992
Rv3779	1654	2260	1338	1233	1252	1510	1345	1761	1201	1541	1544	1230	1510	1632	1366	1304	1207	1148	1945	1691	1912	1456	1379	1614	2077	2040	1901	3240	7700	2029
Rv3780	1608	2319	1622	1570	1294	1623	1337	1695	1457	1776	1563	1257	1508	1632	1506	1351	1245	1137	1468	1225	1363	1171	1390	1416	2244	2049	2033	3961	9315	2464
Rv3781	2341	3124	1771	1947	1856	2402	1740	2611	1632	2467	2174	1815	2010	2667	2109	1947	1984	1815	1369	1304	1613	1322	1571	1694	2873	2549	2795	2590	6233	1553
Rv3782	3693	4771	3339	3656	3156	4109	3015	4026	3024	4616	4214	3375	3697	4158	4164	3836	3318	3242	2484	2251	2815	2366	2722	3070	4514	4181	4503	5075	11824	2985
Rv3783	3076	4324	2946	3018	2685	3720	2660	3544	2760	3842	3577	2991	3019	3617	3603	3083	3014	2851	2037	1869	2376	1884	2169	2337	4120	3546	4005	2735	6386	1652
Rv3784	973	1546	777	1076	793	1154	759	1104	708	1174	1020	962	931	1423	1076	976	1033	994	559	579	758	603	690	688	1263	945	1321	774	1895	468
Rv3785	2427	2044	1195	1112	1134	1701	1985	1590	1171	1497	1489	1321	2195	1763	1365	1305	1245	1379	1720	1505	1568	1703	1623	1790	1650	1769	1579	1719	4310	1082
Rv3786c	868	1445	805	795	810	1024	689	1160	833	1129	1091	860	859	1139	876	913	800	781	841	753	932	806	742	805	1206	1153	1102	1620	3951	1002
Rv3787c	209	424	202	202	233	252	176	375	219	336	257	203	177	303	247	204	240	217	163	139	147	138	175	178	285	300	273	455	1009	301
Rv3788	276	733	282	365	307	364	216	516	233	350	403	254	250	453	270	309	286	243	245	208	234	277	327	353	497	450	408	837	1887	488
Rv3789	262	717	243	400	308	379	191	466	189	392	348	224	236	521	252	301	306	252	156	142	180	197	238	232	548	375	450	657	1537	400
Rv3790	1080	2301	841	1327	1132	1356	866	1698	666	1481	1338	997	987	1579	869	1165	1022	927	364	374	428	497	695	666	1676	1539	1498	2471	5946	1528
Rv3791	1269	2715	923	1656	1553	1852	1095	2197	960	1997	2006	1550	1351	2182	1243	1599	1649	1495	397	388	469	561	843	821	2097	2008	2073	2660	6189	1704
Rv3792	1225	2326	866	1035	1406	1702	945	2355	883	1696	1738	1333	1211	1861	920	1260	1221	1268	275	223	279	304	448	494	1198	1573	1052	2047	4862	1314
Rv3793	2866	6198	2090	2821	3790	4553	2170	6371	2236	4342	4675	3572	2868	5375	2369	3345	3802	3838	753	686	760	723	1307	1244	3427	4166	3390	4748	11597	2895
Rv3794	4022	10533	2819	5032	5642	7942	2988	10909	3032	7625	7146	5859	3731	8810	3208	5845	5217	5962	741	711	788	736	1778	1313	5713	6595	5229	9531	23452	5894
Rv3795	3930	9922	3096	5156	5477	7834	3068	8858	3505	7915	7239	6018	3828	8948	3586	6202	5745	6406	902	780	896	762	1828	1236	5980	6534	5456	7351	18346	4498
Rv3796	742	1666	506	900	707	1001	589	1244	412	1051	972	770	671	1352	477	835	805	833	340	330	410	456	606	560	1164	828	1044	735	1924	532
Rv3797	791	816	218	324	356	557	799	749	214	481	537	442	758	677	277	351	413	444	288	278	320	389	346	560	434	374	353	1502	3436	888
Rv3798	1909	4263	2034	3214	2877	3698	1592	3483	2147	4084	3677	3008	1945	3423	2611	3417	2920	2687	833	797	933	810	1275	1111	3317	3145	3010	3928	9514	2329
Rv3799c	13088	22615	10068	13856	13944	18497	10286	21283	10124	18991	18658	15492	12903	20481	11866	15656	15071	15289	10407	9247	10454	7427	9699	9534	20464	20947	19917	20861	50690	12632
Rv3800c	31005	51035	22689	25011	31681	40934	25048	50702	24239	39209	41270	31971	30002	44817	24175	30204	30806	31892	24170	20373	21248	16262	18986	21111	37993	44686	35847	58303	145598	35351
Rv3801c	12331	21384	9122	10012	11345	13830	10160	18068	8393	13846	14068	10464	11540	16396	9331	10671	11086	10141	13416	11951	13332	9574	10158	11598	17762	17718	16009	24095	58833	14648
Rv3802c	5033	4132	2698	2935	2470	3599	3994	3298	2423	3508	2926	2885	4433	3373	2955	2752	2428	2657	4724	3971	4887	4116	3498	4188	3552	3349	3295	4227	10101	2535
Rv3803c	2658	6071	2891	3458	3772	4480	2171	5545	3134	5128	4980	3475	2684	4336	3397	3837	3318	3063	2392	2052	2086	1770	1976	2281	3559	4258	3249	6856	16851	4052
Rv3804c	21938	43935	31856	34645	31318	36863	18536	37198	33490	50149	38671	28273	22419	33396	34226	39056	30247	26565	13428	11820	14885	15680	18867	29193	32070	40124	33250	68786	171175	43266
Rv3805c	5439	9602	3819	5541	6261	8370	4041	8754	4249	8084	8067	6662	5323	8603	4927	6715	6427	6648	2267	2066	2337	1689	2567	2379	5912	6704	5698	6662	16783	3956
Rv3806c	3118	5509	1936	2946	3814	5177	2315	5387	2413	4688	4697	4055	2992	5040	2757	3688	3783	3926	1473	1286	1433	1116	1462	1396	3451	3664	3467	4178	10782	2558
Rv3807c	1710	2847	1148	1314	1847	2671	1236	2872	1373	2280	2511	2041	1576	2458	1164	1857	1711	1916	639	502	514	440	535	562	1189	1783	1093	2206	5682	1342
Rv3808c	4831	9901	4690	5597	5845	7861	3917	8919	4299	7680	7541	6137	4827	7960	5067	6179	5516	6105	3799	3453	3907	2782	3547	3834	7261	7249	6893	11032	27057	6854
Rv3809c	1438	3574	1508	2205	1748	2219	1013	2430	1235	2406	1976	1568	1193	2229	1552	1671	1617	1440	1616	1565	1900	1226	1480	1363	3097	2352	2759	5359	12689	3168
Rv3810	6232	12732	3605	5033	6891	8426	3599	12288	3140	7838	8555	6051	4547	9845	3330	5620	5924	5729	9098	6963	7642	4683	5056	5328	8179	11121	8774	12834	31615	8134
Rv3811	2649	6682	1162	3216	3414	4012	1813	5901	935	4186	4215	3167	2357	6016	1242	3561	3369	3235	2864	2411	2784	1653	2304	1774	5203	5394	5211	6280	14996	3614
Rv3812	1251	1976	721	1024	992	1319	1051	1710	656	1382	1334	1048	1252	1609	907	1096	1120	971	1213	1087	1302	918	946	990	1469	1441	1546	1673	4184	1089
Rv3813c	1624	1439	1131	875	884	1213	1302	1285	1104	1247	1264	992	1630	1294	1074	1091	976	985	1329	1043	1272	829	804	1034	1114	1302	1057	1700	4359	1070
Rv3814c	2292	2092	1557	1209	1290	1762	1932	1967	1427	1824	1691	1425	2076	1685	1599	1354	1317	1238	2867	2431	2841	1679	1723	1973	1839	2182	2011	2932	7037	1719
Rv3815c	2211	2067	1407	1209	1403	1817	1780	2039	1418	1800	1691	1525	1947	1772	1486	1385	1332	1326	1938	1541	1678	1378	1154	1518	1532	1749	1400	2430	6053	1385
Rv3816c	2871	3444	2027	1947	1951	2506	2165	2801	1977	2647	2397	2048	2499	2775	2106	2137	1985	1941	2912	2587	2808	1961	1822	2022	2482	2562	2618	4023	10117	2523
Rv3817	761	747	442	451	437	560	635	614	464	664	590	481	674	555	519	520	436	387	538	376	501	411	378	509	400	446	385	405	1097	283
Rv3818	3042	3842	2280	2260	2015	2562	2538	2688	1740	2583	2293	1968	2750	2585	2274	2047	1927	1908	3600	3220	3785	2996	3024	3220	3809	2825	3282	4696	11320	2927
Rv3819	503	673	322	350	342	425	380	430	269	420	348	318	396	446	367	303	299	303	560	522	730	397	446	466	726	468	588	641	1478	420
Rv3820c	2087	2988	1346	1978	1610	2320	1729	2097	1187	2178	1902	1795	1822	2469	1587	1803	1790	1797	1388	1388	1740	1435	1670	1581	2924	2164	2633	2044	4692	1226
Rv3821	2343	3256	1893	2014	1962	2461	2021	2662	1794	2290	2378	1898	2370	2572	2514	1898	1995	1731	2533	2191	2696	1850	1960	2130	2771	2332	2769	2137	5254	1334
Rv3822	5097	7041	4177	4086	3796	6187	3722	5476	3472	4830	4862	4714	4504	5570	4219	3881	3908	4622	2790	2559	3542	2674	3124	3549	4305	3629	4295	2214	5593	1427
Rv3823c	23033	12646	6898	8604	7070	14207	18574	10613	6739	10774	8895	11710	20012	10853	8192	8085	7417	11309	2815	3008	3848	4410	5437	7284	7598	6421	7015	3466	8295	2225
Rv3824c	8622	4849	3096	3035	2433	4745	7256	3977	3056	3744	2965	3830	7494	4271	3768	2924	2694	4044	1673	1882	2419	3401	3495	4446	3645	2523	3469	2006	4912	1254
Rv3825c	99486	39445	27438	21881	20923	43195	76771	35246	25762	29492	26593	34940	91144	30063	28523	22489	19191	30598	21600	19692	21210	36293	31310	47156	21187	19944	17370	25251	63429	15194
Rv3826	3579	3997	1831	2575	2122	3058	3116	3229	1755	3082	2539	2392	3387	3139	2363	2329	2149	2306	1458	1364	1859	2527	2727	3199	3073	2321	2947	1681	3884	1027
Rv3827c	2870	4295	1482	1999	2538	3253	2459	3678	1654	2636	2962	2717	2676	2988	1850	2187	2190	2180	2084	1605	1672	2660	2370	2739	2833	2752	2413	3958	9763	2292
Rv3828c	614	945	290	589	466	755	453	851	297	631	635	541	535	919	454	586	572	557	557	493	606	619	551	628	845	589	738	842	2014	575
Rv3829c	659	852	313	451	467	705	535	691	291	593	590	563	628	698	330	478	491	560	327	268	307	355	366	431	541	508	481	578	1293	345
Rv3830c	256	170	77	87	90	134	217	119	43	113	117	91	216	117	75	78	87	98	79	80	59	96	85	87	126	91	98	203	441	125
Rv3831	590	656	260	422	309	478	449	518	227	460	444	395	578	499	301	358	326	362	266	215	269	310	332	348	509	412	463	479	1205	324
Rv3832c	235	355	121	168	160	259	147	295	118	215	234	197	203	287	151	167	183	160	127	111	116	154	185	190	238	237	219	243	548	146
Rv3833	1259	454	180	199	210	307	1083	376	169	290	306	272	1139	413	190	213	230	244	632	460	580	863	685	917	308	304	269	347	842	242
Rv3834c	655	825	327	394	428	580	458	622	306	561	484	356	613	448	400	420	359	378	382	254	266	284	305	342	579	621	435	1055	2948	585
Rv3835	1097	1962	985	1122	1087	1343	870	1649	874	1561	1454	1035	986	1492	953	1153	1096	1033	1006	885	1054	736	825	863	1338	1516	1314	2492	5901	1472
Rv3836	661	573	254	315	332	540	528	509	277	408	465	397	629	506	308	357	391	398	349	273	306	266	267	340	363	390	395	380	981	289
Rv3837c	4874	3187	1583	1713	1891	2903	3915	2897	1673	2412	2693	2340	4386	2689	1762	1960	2013	2131	2807	2291	2596	3189	2473	3459	2071	2271	1836	3158	7632	2068
Rv3838c	1904	1820	1154	953	1073	1487	1498	1593	1246	1580	1441	1175	1692	1480	1121	1152	1008	1176	1557	1203	1177	1060	889	1206	1063	1325	1086	2125	5400	1350
Rv3839	7754	443	392	296	257	513	6814	421	382	378	346	399	7424	336	500	293	271	323	691	467	768	590	519	711	339	377	325	465	1143	307
Rv3840	1335	232	121	159	135	208	1168	168	127	204	146	161	1259	146	167	155	123	139	95	91	131	130	135	140	219	199	190	234	597	164
Rv3841	1305	20154	7805	8939	18766	9813	1852	19299	9044	19918	27173	13675	1804	20718	11048	17261	22597	15186	13908	14342	19116	12899	20480	15879	25623	28416	36517	4590	11085	2536
Rv3842c	5378	7084	3928	3910	5459	4546	3878	6762	3828	6049	7626	3713	4715	7133	4229	4790	5845	3845	5759	4622	6485	4144	4687	6027	5530	8124	7680	4991	12147	3125
Rv3843c	7634	5668	3220	2682	3586	5322	5637	5429	3927	4519	4496	4059	6460	4664	3607	3376	3220	3684	4506	3447	3604	3113	2541	3569	2925	3877	3074	5588	13677	3514
Rv3844	413	480	299	345	304	450	376	389	307	507	435	373	419	405	367	383	327	349	257	230	250	242	246	290	320	332	292	492	1198	325
Rv3845	200	284	148	210	211	267	148	258	159	302	258	240	196	273	148	286	196	195	84	72	71	71	75	94	126	137	109	180	498	123
Rv3846	1498	3657	2772	2218	1823	2072	1130	2646	2033	2428	2048	1631	1217	2381	2668	1799	1584	1461	2658	2826	3380	2339	3110	3160	3892	3005	3922	4748	11586	2907
Rv3847	1966	2979	1531	1688	1433	1816	1545	2267	1232	2005	1832	1470	1834	2590	1961	1611	1771	1411	2692	2627	3356	2227	2342	2507	3030	2354	3052	2268	5189	1374
Rv3848	407	547	435	382	355	395	309	389	374	530	436	308	390	529	444	400	356	317	1067	892	1057	367	331	374	345	375	346	309	682	224
Rv3849	2163	5206	2494	2870	2953	4135	1736	3723	2130	3415	3465	3133	1838	3740	2542	2519	2794	2836	1445	1373	1508	1311	1867	1721	3473	3106	3174	2234	5417	1368
Rv3850	1216	2911	1215	1392	1591	2105	1080	2154	1179	2028	1985	1601	1115	1929	1158	1391	1382	1296	547	477	440	461	564	639	1362	1632	1112	2064	5449	1312
Rv3851	300	639	240	272	323	454	217	521	218	442	426	338	215	438	205	291	261	314	88	84	78	77	102	98	226	344	240	562	1466	386
Rv3852	1605	2889	2210	1396	1692	2137	1294	2437	1868	1850	2073	1646	1508	2222	1880	1551	1516	1682	2107	1597	2169	1365	1555	2105	2161	2410	2229	4144	10001	2614
Rv3853	1454	2096	1614	955	1208	1553	1090	1830	1464	1381	1566	1302	1282	1696	1580	962	1134	1191	2599	2157	2682	1723	1565	2257	1586	1622	1648	3769	8785	2362
Rv3854c	5648	4641	3062	1680	1459	2181	5224	3921	2568	2603	1922	2183	5563	4017	3640	2131	1596	2052	16407	15742	20218	18049	12781	15877	2777	2290	3348	5566	13604	3412
Rv3855	1091	671	536	331	263	372	922	564	437	416	368	311	1063	539	505	345	208	295	1341	1211	1301	1514	966	1223	407	407	400	2083	5186	1287
Rv3856c	3282	3348	2488	1975	1999	2654	2688	2921	2300	2732	2642	2135	2853	3010	2580	2173	2027	2042	5821	4463	4844	3763	2789	3511	2808	3098	2732	2976	7448	1847
Rv3857c	996	1450	834	755	703	996	799	1113	681	904	898	748	875	1288	791	813	775	932	1860	1676	1619	1362	1056	1060	1206	1091	1247	1148	2980	755
Rv3858c	5941	8398	4494	6633	5701	7744	4944	7337	5039	9215	7554	6401	5710	7818	5428	7259	6065	5951	3005	2567	2971	2462	3037	3529	5610	6225	5657	7536	18467	4599
Rv3859c	19179	27587	15470	20941	18800	24237	16364	24695	16035	28366	24263	20386	19312	24209	19184	23493	20335	19564	13796	12367	15336	13922	14789	18904	20656	20309	20979	32424	78395	19233
Rv3860	1062	1123	594	677	634	853	973	1035	549	970	832	654	1068	945	691	762	626	678	575	472	571	636	632	843	608	600	657	839	2120	556
Rv3861	1292	468	91	94	155	243	1445	388	90	153	201	161	1141	326	96	93	143	132	129	55	91	123	102	135	141	169	110	279	791	189
Rv3862c	1542	392	60	43	100	176	1695	316	63	73	158	121	1278	315	60	62	110	102	118	61	103	139	120	146	124	129	107	206	572	148
Rv3863	1955	2021	815	802	888	1178	1483	1579	648	1022	972	934	1489	1564	768	765	771	853	1091	983	986	985	903	957	1290	1240	1204	2298	5712	1368
Rv3864	4689	7249	3322	3468	3952	5299	3758	5787	3163	4882	4762	4061	3637	5740	3371	3784	3826	4099	4147	3774	4447	3608	3911	4760	5172	5028	5325	4148	10645	2577
Rv3865	4200	4129	2033	2038	2331	3254	3245	3420	2180	2878	2688	2759	3168	3293	2443	2208	2294	2531	4613	4570	5230	3886	3662	4192	3276	2888	3455	1867	4627	1081
Rv3866	4696	4359	2430	2388	2524	3723	3576	3991	2382	3311	3396	2903	3980	3831	2591	2577	2570	2798	5487	4288	5396	3987	3284	4629	3062	3442	3270	3276	8082	1999
Rv3867	3573	3919	2020	2486	2352	3735	2786	3686	1978	3063	2811	2756	3092	3498	2418	2504	2434	2626	3232	2741	3821	2436	2437	3070	2959	2703	3107	3280	7871	1928
Rv3868	12760	14218	6840	9399	8959	13885	9891	12494	7434	12821	11245	11351	11716	12576	8825	10414	9470	10612	9365	8094	10649	7121	7339	9322	9145	9581	9882	9426	22738	5726
Rv3869	5531	7708	3755	4689	4894	6784	4768	6971	3752	6851	6947	5928	5880	7222	4976	5875	5814	6218	5623	4734	6795	4141	4628	5162	5948	5844	6779	4627	11122	2790
Rv3870	13465	18647	9285	12322	11221	16322	11286	15482	8769	15932	15116	13839	12716	16081	11308	13370	12486	13589	14562	13043	17621	10835	11822	12840	14562	13596	16236	9875	23577	5975
Rv3871	8681	11866	5829	8025	7446	10476	7075	10199	5544	9699	9441	8733	8204	10036	7174	8277	7732	8176	10797	9383	11939	7844	7471	8406	9581	8739	10679	7565	17984	4548
Rv3872	1279	2146	846	1028	1129	1586	1073	1606	833	1403	1444	1187	1027	1677	846	1052	1108	1051	1526	1132	1229	957	980	1048	1484	1499	1292	1614	4025	943
Rv3873	4777	7213	3277	3398	4087	5403	3955	6170	3204	5134	5149	4102	4164	5862	3382	3866	3912	3941	4194	3264	3576	2811	2727	3321	3849	4775	3831	6461	16194	4024
Rv3874	25319	32392	21046	22250	21679	29176	22588	26909	20397	29926	27425	25301	21115	23610	25002	22254	19735	21093	23153	23604	26441	21139	26628	26346	35504	30712	35653	30721	72336	19786
Rv3875	22791	30967	17634	21890	20147	26546	20706	27640	16963	25535	24491	23652	21108	24341	24863	21292	19896	20417	18559	20331	23898	18797	21605	22533	32056	26124	34755	38813	90211	23788
Rv3876	4754	5609	3025	3532	3195	4417	3748	4872	2475	4533	4062	3753	4422	4611	3324	3446	3269	3568	5047	4456	5186	4624	4409	4871	5221	4975	5046	6486	15015	3781
Rv3877	5231	5816	3354	3536	3460	4964	4262	4750	3142	4604	4438	3936	4943	4742	4004	3724	3745	3668	5803	4841	5562	4853	4554	5410	5267	5185	5070	6698	15736	3851
Rv3878	3204	4378	2162	2115	2232	3000	2632	3422	1870	2801	2980	2296	2851	3379	2172	2182	2305	2380	3803	3126	3365	2519	2553	2787	3304	3440	3296	4182	10023	2497
Rv3879c	9243	7311	4216	3592	4227	6699	6682	8878	3871	5118	5459	5584	7975	6750	4165	4211	4116	5404	6708	5850	6369	5085	4416	5199	4446	5015	4614	6587	16667	3916
Rv3880c	3182	3100	1415	1649	1670	2616	2386	2826	1547	2309	2260	2128	2670	2370	1573	1786	1737	1909	1416	1315	1305	1289	1246	1725	1911	2103	1888	2347	5723	1446
Rv3881c	14411	12480	6154	6801	7479	10941	11102	11463	6395	9753	9246	9073	11722	10612	6727	7778	7111	8001	6898	5944	7345	7522	6369	10028	6669	7639	7633	6996	17345	4225
Rv3882c	3042	5165	1714	2631	3095	4082	2249	5279	1764	3889	3838	3204	2687	4509	1817	3059	2928	3113	1103	964	1066	1046	1562	1506	3398	3664	3262	4223	10281	2564
Rv3883c	3654	6204	2208	2742	3614	4574	2799	6159	2361	4333	4607	3381	3422	4997	2312	3219	3314	3229	1576	1360	1528	1575	1844	2214	3099	4010	3218	5154	13069	3246
Rv3884c	2874	4581	2677	3412	2921	3901	2279	3999	2604	4478	3883	3215	2587	4223	3379	3648	3235	3203	1985	1832	2495	1901	2200	2658	3876	3499	3909	2233	5334	1416
Rv3885c	1865	2806	1615	1908	1972	2477	1415	2529	1702	2772	2612	2111	1766	2782	1996	2291	2072	2108	1136	992	1064	920	1118	1194	2304	2309	1931	2017	4765	1287
Rv3886c	1620	1996	1205	1202	1335	1749	1245	2100	1308	1961	1746	1321	1555	1898	1500	1494	1390	1424	1092	832	1115	910	973	1378	1358	1739	1434	1997	4636	1209
Rv3887c	2406	2915	2094	2214	1872	2566	1934	2567	2121	3065	2590	2152	2274	2604	2724	2410	2046	1967	1984	1749	2075	2134	2029	2654	2438	2762	2545	2253	5840	1357
Rv3888c	1800	2253	1586	1800	1331	1750	1484	1770	1433	2150	1596	1475	1525	1735	1712	1726	1324	1401	1680	1620	1936	1906	1911	2101	2304	2047	2284	2010	4965	1206
Rv3889c	1135	1104	670	773	613	844	924	844	714	996	795	639	936	742	710	757	531	548	526	380	462	578	591	859	818	939	767	1752	4131	1017
Rv3890c	2184	1393	787	750	678	901	1818	1062	728	923	834	740	2045	860	933	787	614	631	723	717	798	1224	1243	1455	1218	1108	1213	1329	3337	804
Rv3891c	3293	1593	1197	955	827	1053	2663	1324	918	1181	953	856	2489	997	1089	867	711	729	1147	1210	1345	1886	1991	2406	1468	1250	1579	1665	3978	993
Rv3892c	430	456	136	274	245	281	329	461	150	369	346	198	375	346	156	269	240	220	105	90	112	127	133	160	196	294	171	477	1193	295
Rv3893c	414	493	212	308	298	294	299	428	219	379	345	236	347	325	209	277	255	213	166	131	172	218	236	235	353	424	305	590	1377	361
Rv3894c	3510	5414	2908	3879	3269	4583	3038	4512	3187	5038	4241	3679	3721	4842	3729	4175	3693	3709	2378	2130	2456	2491	2582	3278	4230	3887	3783	5195	12562	3201
Rv3895c	737	929	553	601	626	856	572	996	609	852	705	664	756	828	585	646	611	642	379	290	337	336	330	476	451	569	473	928	2447	613
Rv3896c	850	1186	758	821	723	965	634	1036	658	1078	1048	737	777	962	720	868	691	722	611	487	542	567	551	734	769	901	701	1678	4168	977
Rv3897c	1435	1985	1022	1071	1312	1681	1174	1923	1167	1702	1726	1329	1355	1648	1144	1298	1177	1150	741	547	761	570	568	921	834	1343	942	1537	3980	949
Rv3898c	650	1013	545	608	636	770	527	923	551	883	790	583	644	803	561	707	558	558	436	383	410	380	381	454	641	699	638	778	2029	457
Rv3899c	615	1107	501	572	697	829	449	1161	504	894	825	661	615	938	555	674	626	634	372	350	428	295	336	352	688	725	547	1213	2785	748
Rv3900c	1129	1855	691	975	968	1380	891	1695	721	1301	1272	1049	1098	1458	797	998	1051	1076	655	599	654	798	803	857	1214	1251	1151	1636	4069	1007
Rv3901c	371	553	308	486	346	408	290	460	325	505	412	320	384	441	401	401	361	292	265	218	265	210	246	220	503	427	420	723	1727	440
Rv3902c	209	431	280	281	269	303	201	303	261	341	294	228	161	321	281	253	233	178	337	310	378	294	338	283	549	349	394	202	424	113
Rv3903c	421	877	423	520	583	699	398	754	491	747	653	572	377	707	507	593	542	531	318	300	357	318	351	352	655	635	541	639	1540	396
Rv3904c	171	284	155	164	163	203	137	237	161	216	229	175	176	210	167	180	165	138	92	78	80	70	99	105	158	187	141	265	617	170
Rv3905c	222	285	142	162	141	217	174	243	155	221	210	150	202	184	190	198	154	141	79	88	89	84	88	106	166	150	141	214	523	121
Rv3906c	1512	1350	1014	837	1033	1202	1414	1161	1215	1340	1420	954	1640	1086	1309	1165	1064	958	630	484	555	743	636	1126	726	773	649	885	2076	560
Rv3907c	2602	3050	2162	1940	2131	2499	2338	2602	2356	2897	2816	1990	2766	2431	2499	2200	2233	1937	1775	1497	1624	1690	1622	2060	2498	2573	2331	3996	9492	2504
Rv3908	1758	2927	1252	1665	1741	2273	1361	2698	1256	2479	2152	1631	1554	2321	1195	1786	1549	1557	947	721	806	722	898	838	1820	2154	1718	3355	8364	2048
Rv3909	2534	4908	1913	2701	2893	3764	1935	4290	1826	3891	3756	3004	2494	3947	1916	3099	2721	3047	1231	1019	1196	844	1339	1134	3169	3577	3028	4610	11232	2751
Rv3910	7632	11930	5527	6704	7313	9760	5799	10644	5447	9632	9629	7846	7104	9617	5749	7510	6946	7294	3588	3143	3145	2975	3791	3800	7967	8719	7331	13611	33668	8426
Rv3911	472	860	374	431	445	604	397	774	378	603	598	447	486	662	391	492	490	461	273	230	240	235	267	308	550	616	483	921	2232	538
Rv3912	150	238	200	152	127	182	119	185	189	231	205	115	149	181	199	145	129	144	202	177	216	196	191	212	153	205	147	305	688	156
Rv3913	8100	1691	863	913	866	1262	7451	1412	753	1239	1097	985	8048	1203	900	884	755	801	1136	903	1149	2009	1562	2289	1333	1261	1160	1868	4390	1176
Rv3914	4100	1269	622	713	765	1056	3648	1127	628	1013	934	847	4046	978	884	703	715	823	758	765	1165	1488	1457	1806	1093	898	1225	738	1628	396
Rv3915	3910	5292	3488	3870	3130	3962	3237	3996	3144	4747	3917	3109	3627	3802	3884	3607	3133	2929	3426	3371	4091	3126	3505	3769	5316	4341	4807	6979	16624	4110
Rv3916c	2114	2258	1828	1751	1386	1829	1743	1884	1574	1988	1711	1500	2028	2086	2299	1675	1505	1493	3707	3228	4097	2853	2390	2951	2109	1802	2024	2118	5110	1267
Rv3917c	3111	6128	2504	4187	3602	4879	2639	5493	2538	5386	4549	3964	3012	4612	3124	4402	3439	3652	2648	2476	2852	1591	2345	2012	4236	4232	4979	4583	10755	2914
Rv3918c	2634	5045	1784	3371	2876	4121	2108	4343	1769	4391	3947	3393	2393	4309	2115	3944	2975	3166	1132	1026	1260	771	1308	1074	2989	2956	3272	3589	8205	2116
Rv3919c	2649	4451	1534	3172	2981	4243	2143	4172	1896	4407	3758	3408	2386	4227	2056	3886	2992	3035	632	602	713	564	939	771	2399	2552	2461	2677	6499	1546
Rv3920c	6660	13013	4568	10597	8714	12271	5144	11915	5791	13513	11516	9901	6215	12132	7263	11714	9245	9142	976	1013	1381	837	2671	1852	7594	8337	8581	7675	18058	4701
Rv3921c	9314	22771	7970	16049	13523	18536	7986	18039	8557	20377	17595	15002	8566	18753	10419	16301	13892	13900	1828	1967	2658	1850	4929	3556	15439	13924	15244	13525	32830	8046
Rv3922c	4330	10416	3037	7576	5772	7434	3444	8052	3179	7955	7138	6027	3994	9070	5116	6645	6457	5637	916	1127	1598	1355	2584	2279	7819	5736	7552	6252	15206	3575
Rv3923c	3310	6877	2916	5182	3892	5017	2791	5492	2866	6055	5182	3861	3244	5560	4034	4656	4111	3609	1075	1094	1488	1207	2210	2051	5865	4861	5236	7916	18499	4663
Rv3924c	1338	2785	1377	2306	1491	1974	1134	2140	1283	2347	1877	1395	1373	2232	1767	1909	1654	1468	562	649	740	721	1055	1040	2440	1948	2169	4095	10021	2513
