locus_tag	Sample 1	Sample 2	Sample 3	Sample 4	Sample 5	Sample 6	Sample 7	Sample 8	Sample 9	Sample 10	Sample 11	Sample 12	Sample 13	Sample 14	Sample 15	Sample 16	Sample 17	Sample 18	Sample 19	Sample 20	Sample 21	Sample 22	Sample 23	Sample 24	Sample 25	Sample 26	Sample 27	Sample 28	Sample 29	Sample 30	Sample 31	Sample 32
Rv0001	488	736	709	1169	1415	1463	1736	1784	1232	1733	1387	723	930	934	1208	1223	406	372	523	650	604	742	856	1350	995	438	1093	583	692	676	1930	1560
Rv0002	413	536	454	642	730	682	714	822	439	723	520	282	372	385	457	533	677	434	285	409	215	305	343	479	301	185	257	210	205	261	391	397
Rv0003	255	309	241	351	768	806	823	778	462	775	546	357	603	674	543	683	587	395	243	359	277	300	278	520	297	209	219	234	385	470	409	587
Rv0004	88	137	52	88	319	307	261	299	205	318	194	140	274	259	254	282	128	128	71	115	93	147	112	164	114	101	74	113	172	224	131	207
Rv0005	4128	5782	3800	5644	21407	23380	18005	19014	8088	15513	8656	6177	9454	8801	8288	8459	3562	3337	4703	5017	4896	7026	9390	14673	3333	2384	3746	5034	4645	4842	7315	8314
Rv0006	2722	3525	2323	3576	16942	18225	14569	15435	6546	11756	6811	5056	7779	7193	6715	7267	2703	2814	2863	3269	5237	6862	6073	9549	3131	2532	2448	4030	5565	6051	4913	6940
Rv0007	205	298	232	340	1533	1579	1253	1289	572	1147	587	422	685	560	536	610	182	195	197	230	388	487	392	701	208	188	185	370	382	394	314	494
Rv0008c	5	19	10	19	27	22	28	18	21	33	20	13	16	15	21	22	18	16	6	23	19	22	20	34	31	21	13	12	18	23	28	31
Rv0009	145	195	150	244	313	332	340	361	317	480	320	201	206	240	273	277	168	89	123	107	171	204	152	211	231	147	168	146	179	163	256	229
Rv0010c	52	56	26	53	181	137	127	118	102	169	103	74	116	122	111	125	34	44	20	38	49	68	59	60	74	41	52	46	58	78	83	123
Rv0011c	92	126	84	103	123	107	85	92	78	151	83	56	71	83	70	90	39	37	45	54	28	31	39	68	35	20	29	28	29	32	38	71
Rv0012	401	496	384	576	554	494	410	441	408	720	402	290	473	499	475	504	90	166	116	198	166	210	172	230	197	111	150	176	289	288	306	365
Rv0013	208	298	202	321	299	319	286	268	277	369	283	163	325	249	307	267	111	124	109	155	95	134	103	205	132	78	133	107	148	181	212	249
Rv0014c	422	528	344	519	1730	1775	1481	1590	1100	2126	1221	931	1561	1400	1362	1512	365	336	216	278	343	408	329	499	404	317	242	463	614	645	533	830
Rv0015c	432	508	403	555	2278	2221	1956	1944	1640	2997	1593	1338	2242	1764	1985	1882	408	475	254	378	1087	1392	779	1187	1017	842	493	1090	2370	1945	1174	1539
Rv0016c	340	439	301	434	1334	1330	1123	1260	895	1684	1040	677	1316	1148	1098	1095	370	291	273	357	306	400	289	577	394	293	227	403	641	638	538	777
Rv0017c	250	298	246	310	1404	1337	1043	1186	763	1653	849	612	1088	889	945	981	222	243	230	270	309	326	277	420	318	256	201	355	354	380	384	601
Rv0018c	574	769	507	773	2909	2777	2698	2572	1918	3534	2045	1435	2588	2143	2346	2195	627	522	461	495	949	1127	842	1191	904	699	640	935	1699	1495	1203	1476
Rv0019c	85	126	93	145	450	398	423	387	213	452	252	203	294	258	284	315	88	100	62	98	165	181	124	213	160	153	118	158	195	217	169	231
Rv0020c	2545	3541	2424	3653	5753	5400	4942	4739	3754	6991	4000	2810	4391	3933	3917	4093	1645	1896	1368	1687	1794	2333	2075	2968	1945	1434	1568	1860	2412	2433	2628	3087
Rv0021c	25	55	26	43	69	109	98	109	80	107	76	45	70	60	75	72	61	65	27	65	40	52	34	59	65	38	30	27	59	79	50	70
Rv0022c	10	19	6	21	7	13	13	12	8	15	16	4	15	9	12	8	13	14	6	20	12	10	7	19	14	7	15	10	11	13	17	16
Rv0023	64	95	45	97	314	335	281	290	244	471	243	211	350	257	301	288	80	78	43	82	95	106	74	108	111	87	40	106	181	182	140	173
Rv0024	45	76	25	47	232	228	183	184	135	335	153	110	224	163	149	161	53	62	26	59	71	101	41	82	75	65	42	61	139	126	85	131
Rv0025	96	112	90	94	197	193	160	145	175	354	162	129	179	154	138	143	31	19	34	44	53	57	73	109	67	50	58	66	62	71	123	140
Rv0026	82	151	64	140	317	317	272	275	214	423	257	174	375	297	282	321	139	154	73	145	127	133	113	205	171	100	98	119	206	269	241	332
Rv0027	70	90	105	130	29	42	37	41	34	70	41	22	44	50	47	53	31	55	46	72	13	15	24	37	34	19	24	14	33	29	63	52
Rv0028	30	37	32	32	20	18	15	15	11	29	11	10	25	26	22	25	21	24	17	26	7	8	18	18	11	4	7	12	11	7	29	33
Rv0029	116	155	90	179	299	254	256	250	114	239	156	97	107	129	128	124	134	134	73	145	143	147	128	243	162	76	90	95	111	139	173	166
Rv0030	104	121	108	150	74	62	70	67	46	71	45	57	42	59	32	55	58	69	56	89	32	45	45	56	69	36	51	21	37	43	55	52
Rv0032	83	94	64	90	95	75	113	96	63	93	66	46	93	113	127	129	178	162	46	176	81	62	43	60	79	78	36	33	71	169	119	149
Rv0033	0	3	4	3	2	1	2	6	0	2	2	0	5	4	2	2	4	7	0	3	1	0	0	1	2	1	1	1	2	7	7	3
Rv0034	2	1	3	2	3	4	4	3	4	6	2	5	3	5	7	3	10	9	0	11	6	4	5	1	5	1	3	1	6	12	1	7
Rv0035	31	46	24	27	32	48	39	50	28	49	41	22	50	62	39	74	71	71	26	77	43	27	24	30	47	28	22	14	36	59	46	109
Rv0036c	140	154	129	172	255	229	250	234	156	262	161	117	184	170	213	200	113	111	72	123	101	127	122	157	97	57	54	45	128	133	134	166
Rv0037c	62	68	83	111	294	257	317	276	218	372	231	170	285	280	288	354	126	132	95	145	218	217	185	256	223	164	162	187	308	419	313	406
Rv0038	619	778	506	762	1087	913	793	783	865	1624	895	707	800	734	631	695	382	431	390	541	397	462	503	761	484	376	463	478	525	568	657	820
Rv0039c	83	124	120	177	59	67	87	50	55	80	62	36	47	39	51	43	30	48	29	66	33	21	43	37	28	13	26	33	32	44	44	44
Rv0040c	90	83	116	149	486	383	558	536	190	310	232	147	110	116	123	149	40	30	17	46	102	109	140	230	83	47	110	53	81	72	209	128
Rv0041	463	582	494	735	768	772	827	885	641	974	730	427	676	679	722	902	499	523	376	501	329	338	305	527	499	297	334	326	427	529	572	638
Rv0042c	59	68	56	76	153	144	142	148	60	112	67	48	61	52	65	56	35	39	28	47	41	33	45	56	38	17	21	28	21	47	42	41
Rv0043c	43	58	33	49	75	83	60	83	58	98	68	43	87	89	97	91	32	40	21	49	34	29	34	53	39	25	36	24	47	52	78	72
Rv0044c	57	74	63	79	78	88	76	100	86	133	88	52	125	121	131	123	27	47	42	75	36	26	50	67	58	43	47	38	50	80	100	85
Rv0045c	116	176	143	183	387	388	435	503	192	315	198	140	231	192	255	287	70	105	59	115	169	232	214	288	120	92	121	134	148	161	221	261
Rv0046c	3482	4445	4736	5847	3641	3756	4010	4025	1782	3786	1996	1510	2434	2138	2324	2503	1851	2052	1814	2168	1310	1557	1597	2372	1094	715	953	958	1489	1648	2164	2284
Rv0047c	406	594	497	711	1030	991	1016	1015	437	829	378	299	496	435	549	501	185	236	286	337	336	337	416	605	210	164	193	226	246	245	396	522
Rv0048c	20	27	23	37	49	37	79	46	49	83	51	40	67	70	90	96	38	34	15	35	26	24	25	34	45	30	29	28	61	58	76	87
Rv0049	65	93	66	135	195	205	221	198	148	275	152	128	254	183	235	226	64	60	52	65	78	87	84	118	78	59	87	75	110	128	200	166
Rv0050	544	713	536	866	2573	2521	2437	2611	2157	3538	2252	1606	3618	2997	3407	3563	938	782	780	831	811	936	954	1434	912	700	1040	934	2171	2247	3543	3721
Rv0051	90	89	64	115	676	704	631	591	543	971	585	430	947	765	800	863	207	195	171	220	222	235	264	418	256	218	275	310	542	593	767	968
Rv0052	10	7	5	6	49	38	51	51	49	78	46	42	68	45	65	65	29	25	9	19	29	26	21	36	45	10	22	38	40	53	53	68
Rv0053	39	46	55	96	73	80	105	117	68	93	91	55	75	93	80	123	65	78	46	55	58	62	66	78	75	51	73	78	76	74	95	84
Rv0054	271	296	318	367	520	475	496	523	465	761	494	312	721	687	715	776	203	219	233	249	188	272	213	298	251	163	164	229	387	423	443	493
Rv0055	13	22	23	30	33	41	47	56	20	66	29	23	42	41	45	52	8	18	18	10	14	16	16	29	17	10	13	15	28	27	32	33
Rv0056	173	223	194	293	331	290	359	343	259	444	293	178	403	391	444	444	147	166	147	152	111	121	119	164	167	103	135	149	155	180	240	277
Rv0057	55	69	54	69	239	230	203	232	177	273	194	119	360	340	338	409	173	119	46	80	71	70	77	114	108	50	85	106	208	238	230	215
Rv0058	771	765	614	726	3615	3513	2977	3166	2755	4822	3010	1899	7188	5610	6310	5467	959	674	527	632	770	1014	683	1032	927	802	684	955	3494	3147	2280	2994
Rv0059	20	24	16	20	160	135	144	120	111	164	136	86	285	241	275	294	47	35	11	25	28	35	15	52	32	30	35	46	126	161	101	137
Rv0060	886	997	703	830	1280	1242	978	983	1095	1885	1149	701	2220	1900	2000	1881	479	425	506	582	288	351	317	539	418	272	314	343	813	756	915	1078
Rv0061c	69	89	70	101	208	183	243	223	162	259	161	117	131	142	130	176	44	73	66	69	123	167	126	182	141	88	101	99	140	139	161	155
Rv0062	42	44	42	79	98	98	140	209	75	112	81	52	87	77	105	114	64	68	30	72	52	58	48	60	74	39	53	41	69	87	61	82
Rv0063	21	35	18	36	155	155	168	182	74	107	77	52	133	129	131	137	53	63	19	56	51	61	69	96	62	47	46	34	70	103	141	163
Rv0063a	26	27	17	21	27	19	35	21	22	34	22	17	23	18	21	22	8	10	2	12	3	3	12	13	12	2	12	9	15	7	14	22
Rv0064	1027	1294	920	1104	1795	1679	1431	1390	1096	2253	1136	947	1733	1399	1396	1442	1273	1266	853	952	525	762	816	1205	679	467	674	633	1046	1192	1762	1783
Rv0064A	224	243	200	258	14	14	12	15	49	74	58	35	34	38	31	45	109	159	77	118	15	17	21	26	45	29	54	24	27	36	84	69
Rv0065	155	231	144	182	15	25	17	22	36	56	38	29	25	34	31	31	80	76	54	88	13	22	10	27	41	14	41	27	45	42	98	67
Rv0066c	456	592	425	592	887	882	712	727	720	1388	793	486	972	955	925	1038	532	528	417	551	378	474	353	629	668	472	428	428	612	681	723	782
Rv0067c	22	30	34	18	46	47	43	38	22	62	24	32	49	42	14	52	21	25	11	41	37	38	30	48	34	23	19	31	34	29	21	50
Rv0068	28	24	35	47	81	103	83	77	101	159	99	65	74	78	54	73	46	44	13	55	62	91	63	104	101	80	82	105	80	77	80	99
Rv0069c	29	38	44	38	172	169	214	220	146	184	183	78	131	167	137	187	117	102	72	118	113	141	102	153	165	107	123	71	120	168	232	271
Rv0070c	43	72	47	78	131	141	163	189	75	131	123	52	105	116	86	147	90	66	49	77	71	129	47	102	125	98	95	49	91	132	218	162
Rv0071	16	14	10	14	17	29	26	25	0	1	0	0	2	0	2	2	21	20	4	33	18	9	7	24	0	0	0	0	1	0	2	1
Rv0072	271	315	213	293	1293	1343	1179	1200	0	31	0	0	0	0	0	0	165	179	176	241	324	432	504	665	0	0	0	0	0	0	0	0
Rv0073	354	432	315	424	1711	1730	1531	1677	0	45	1	0	1	0	0	0	361	296	282	338	543	669	648	1050	0	0	0	0	0	0	0	0
Rv0074	323	367	272	408	1945	1995	1778	1780	212	376	214	169	274	338	256	292	318	368	320	382	698	980	748	1256	198	127	132	113	286	262	298	291
Rv0075	121	150	141	162	689	771	627	667	141	240	130	103	180	208	169	242	156	166	149	186	246	297	244	457	124	67	107	70	141	184	187	215
Rv0076c	22	42	32	42	30	27	16	39	25	32	35	12	16	10	13	22	13	13	14	31	17	17	18	9	37	13	29	10	15	20	44	32
Rv0077c	6	14	10	10	80	72	94	75	52	68	40	27	26	28	17	25	28	29	21	32	45	41	64	94	46	27	44	48	35	41	88	56
Rv0078	9	15	6	8	16	10	11	14	12	23	16	9	5	11	16	28	47	36	19	39	17	7	11	16	37	16	10	13	12	26	18	27
Rv0078A	577	794	395	585	684	686	495	493	528	886	501	314	224	322	212	312	244	262	328	351	186	267	268	379	293	174	236	247	247	241	385	454
Rv0078B	2134	2379	1312	1747	871	898	616	682	852	1658	881	724	642	931	481	758	873	580	1316	1190	232	307	488	704	548	298	475	378	395	399	861	806
Rv0079	2840	3703	2624	4033	6637	8830	4727	7041	9082	16053	7973	6264	4423	5606	2898	5190	864	1038	963	1195	1646	2150	2250	2241	4130	2215	2585	2988	2975	2346	2645	3417
Rv0080	4780	5365	4221	6020	5766	7313	4149	6161	9439	16027	8029	6346	3524	5334	2501	4802	2336	2393	1619	1964	2527	2839	2346	2425	5868	2978	3127	3203	3197	2555	3179	3521
Rv0081	53	65	46	87	154	273	144	188	246	459	181	179	84	138	67	138	23	47	26	44	60	84	39	95	164	68	80	93	92	71	96	136
Rv0082	91	120	96	170	461	605	371	524	630	1264	553	488	247	419	205	370	158	153	90	133	422	427	257	361	692	277	295	381	419	475	354	462
Rv0083	147	232	127	300	1186	1331	971	1184	1326	2457	1106	979	556	825	514	816	198	245	120	231	642	689	390	487	891	376	472	552	744	624	586	657
Rv0084	56	69	52	87	423	379	351	378	348	633	285	265	133	224	133	216	75	82	33	60	275	205	160	152	243	90	104	139	207	193	151	151
Rv0085	84	130	76	119	387	363	368	312	374	710	374	272	164	274	167	256	130	91	52	59	271	180	141	150	270	129	135	127	218	198	169	147
Rv0086	165	194	148	180	932	696	774	669	658	1174	570	437	337	360	270	424	143	134	106	126	419	347	292	230	337	183	183	244	350	331	256	278
Rv0087	50	37	23	36	399	334	330	279	269	508	284	151	125	169	100	226	46	33	21	52	106	93	82	84	124	49	76	86	97	142	117	131
Rv0088	173	201	226	292	560	520	493	457	332	650	349	250	381	541	360	559	211	264	186	260	331	376	289	351	364	209	192	204	393	482	571	493
Rv0089	4	11	10	12	31	32	44	57	24	31	27	19	39	46	44	68	35	44	13	34	40	44	36	56	40	22	47	22	72	71	110	105
Rv0090	35	52	36	41	36	23	35	33	24	28	27	19	38	43	38	43	103	62	28	89	34	25	18	60	60	29	25	16	50	80	82	81
Rv0091	4	10	7	8	6	10	15	9	14	10	8	3	8	11	13	13	29	20	11	13	9	4	2	9	11	17	4	2	17	30	19	23
Rv0092	198	230	154	209	311	244	260	236	274	400	230	158	310	350	287	320	265	226	185	294	165	183	164	240	263	157	169	135	333	399	289	368
Rv0093c	99	142	74	117	260	227	164	153	131	186	102	88	157	114	133	138	55	50	53	73	77	81	79	120	56	31	38	38	75	81	80	124
Rv0094c	17.1722	50.4183	5.85303	21.4608	15.5026	9.5313	9.8997	10.1724	20.3777	43.7261	19.0257	9.26329	83.029	64.9096	47.7982	56.2416	67.4177	38.5484	31.9172	45.2982	8.87246	0.00316287	1.08854	17.1466	17.3204	9.06514	4.54231	9	33.908	54.5024	21.9541	47.9074
Rv0095c	25	23	26.0818	35.1683	10	11	11	10	1	8.04182	2.0613	2.01585	6.0921	5.06986	3.03303	2.00712	24.1665	14	14	23.1329	4	2	6	7	5	2	2	0	6.03802	2.02308	4.05236	4.04038
Rv0096	6	20	7	10	4	8	12	7	11	9	7	11	13	7	14	18	39	33	28	48	16	8	7	14	14	16	12	6	6	18	27	28
Rv0097	58	84	42	68	57	84	64	52	55	103	81	45	82	97	75	87	109	78	64	99	38	40	36	70	65	54	52	37	51	66	109	123
Rv0098	25	25	17	22	29	23	29	28	35	56	25	26	30	48	49	63	40	31	20	31	12	15	5	30	21	21	18	11	29	37	46	48
Rv0099	126	176	125	173	297	246	243	247	216	352	218	168	326	285	292	328	267	232	212	288	138	164	121	235	192	160	165	161	246	294	276	373
Rv0100	2	5	2	5	8	3	9	5	8	2	12	4	3	6	5	6	8	3	5	7	2	2	2	3	2	1	3	3	4	3	7	5
Rv0101	280	413	255	294	1232	1358	1052	1081	1076	1708	1044	766	1553	1464	1281	1472	803	684	403	770	567	728	412	794	802	699	444	806	1363	1659	937	1565
Rv0102	735	849	628	792	1087	980	785	804	364	629	305	237	745	614	654	631	333	377	442	520	268	312	234	356	207	143	86	143	363	353	280	439
Rv0103c	219	285	257	326	575	496	587	553	383	755	462	338	427	426	493	513	319	311	196	341	251	306	213	281	345	247	208	236	400	448	357	445
Rv0104	32	60	43	36	146	92	147	100	36	41	50	21	25	36	30	37	71	63	29	78	37	37	33	81	47	26	32	15	23	54	45	65
Rv0105c	0	3	0	1	0	0	1	0	0	0	0	0	0	0	0	0	2	7	0	6	0	0	0	0	6	3	0	0	0	3	2	5
Rv0106	177	327	193	505	182	150	162	170	84	122	94	48	111	93	97	138	126	312	184	379	103	100	157	181	83	50	80	71	109	134	132	189
Rv0107c	196	239	232	369	2576	2448	2649	2649	2449	3818	2735	1862	2162	2233	1965	2536	446	498	335	587	1678	2039	1369	2048	1922	1458	1492	1774	2503	2965	2671	3768
Rv0108c	18	25	25	36	35	39	57	48	39	60	53	39	23	31	31	44	14	19	23	25	26	33	27	41	34	17	56	23	26	46	87	62
Rv0109	95	114	89	143	206	209	249	227	272	543	257	274	252	204	195	260	153	209	84	243	202	185	165	272	252	222	160	198	344	296	303	318
Rv0110	162	161	103	172	224	217	204	185	178	310	184	126	275	217	221	197	109	107	86	136	68	72	44	95	89	67	61	67	129	112	158	143
Rv0111	110	131	74	101	218	226	221	282	664	1206	681	531	1236	997	1053	1183	204	194	116	197	105	100	83	110	230	244	201	272	685	715	583	713
Rv0112	805	836	1357	1444	123	93	137	136	226	315	252	139	275	230	258	216	399	374	204	298	86	104	71	141	287	89	141	75	224	162	315	255
Rv0113	354	385	630	574	46	36	47	41	79	100	87	37	78	78	73	75	206	192	93	136	30	29	30	39	85	30	43	22	92	58	75	48
Rv0114	858	818	1221	1350	65	69	70	83	99	140	143	69	134	99	105	99	664	522	229	341	39	38	32	41	117	56	42	30	109	103	109	91
Rv0115	961	782	1243	1241	91	98	109	94	117	120	133	43	50	56	51	54	605	573	270	404	57	45	32	57	105	45	46	37	36	45	44	66
Rv0115a	2	12	10	6	0	2	3	2	0	3	1	1	0	1	3	0	12	18	2	12	4	4	1	1	12	13	3	1	2	1	0	2
Rv0116c	219	308	184	294	127	111	104	102	79	170	113	82	63	68	75	79	131	167	104	140	80	80	89	127	112	60	98	53	77	77	174	95
Rv0117	29	44	40	47	54	38	41	54	56	56	44	33	41	41	45	46	49	67	20	54	42	32	28	46	63	32	46	27	44	40	53	57
Rv0118c	166	190	105	179	252	232	242	187	74	138	82	47	85	65	53	54	152	134	162	193	150	129	115	150	103	54	60	44	66	106	126	107
Rv0119	9	28	17	35	59	50	59	53	15	33	28	20	26	35	30	38	62	66	27	64	61	38	24	28	35	34	25	9	37	81	39	65
Rv0120c	937	1032	1060	1363	1009	786	901	831	918	1541	1039	655	927	852	989	948	817	873	759	959	580	615	573	768	952	574	851	528	877	954	1805	1654
Rv0121c	23	32	20	41	17	18	27	14	21	33	12	14	24	30	24	26	9	16	22	20	9	6	11	15	14	7	11	12	19	14	24	36
Rv0122	16	20	16	45	7	9	11	15	11	11	14	12	16	14	12	16	21	21	17	20	18	21	18	11	23	12	13	5	23	23	32	20
Rv0123	30	55	48	77	20	14	16	20	21	22	28	14	22	21	35	35	94	123	46	58	32	32	27	37	50	33	28	18	65	59	78	54
Rv0124	20	38	30	54	120	118	99	106	139	280	170	138	66	100	76	120	54	96	47	82	121	150	153	252	161	186	131	131	154	159	229	211
Rv0125	419	582	570	852	1110	921	933	907	870	1143	836	546	693	669	681	768	317	433	346	490	489	576	653	764	556	352	551	458	615	646	716	787
Rv0126	202	250	192	254	537	547	510	501	434	651	485	252	635	594	585	577	240	224	136	192	126	191	180	244	207	131	232	178	354	398	490	535
Rv0127	69	87	84	105	317	286	242	271	237	375	256	160	269	310	313	361	116	129	84	127	119	135	142	201	155	99	143	113	167	208	221	308
Rv0128	111	160	141	214	79	65	90	105	60	70	55	52	79	85	74	111	109	138	75	92	57	61	50	63	94	49	63	50	75	74	109	112
Rv0129c	92	144	105	174	1147	1126	1205	1366	677	1166	799	536	1357	1262	1292	1530	76	111	63	115	392	577	677	1047	365	250	591	321	871	836	2703	1371
Rv0130	9	7	9	8	12	4	9	18	13	13	11	10	10	10	14	21	17	17	6	18	7	13	9	8	13	11	6	7	13	27	17	16
Rv0131c	83	111	111	169	91	83	100	81	73	118	85	57	68	83	66	124	106	100	61	136	64	46	58	89	98	53	79	27	99	131	217	168
Rv0132c	23	41	29	32	41	33	34	37	36	39	39	18	64	52	62	57	54	50	27	51	26	8	30	41	28	22	49	15	66	67	160	111
Rv0133	194	256	195	253	540	439	411	421	431	647	410	277	824	597	791	618	116	166	140	204	179	240	198	234	237	163	140	163	666	466	423	500
Rv0134	284	362	162	294	1096	1003	894	798	702	1157	660	416	828	663	641	644	283	261	185	248	410	516	325	471	387	283	247	314	554	572	490	525
Rv0135c	72	102	60	98	170	168	133	141	157	235	133	110	112	137	87	92	62	44	62	54	76	93	91	138	127	54	64	90	61	91	90	117
Rv0136	122	180	113	206	201	191	135	156	141	237	150	96	116	97	95	90	85	98	93	117	120	135	154	206	159	95	110	72	92	132	168	186
Rv0137c	118	148	92	146	124	94	103	104	70	160	85	67	81	88	71	124	60	53	71	105	39	51	59	86	75	28	66	51	53	53	96	87
Rv0138	42	50	31	44	92	75	69	69	88	135	71	36	134	109	138	102	53	42	36	39	36	32	42	63	47	47	30	35	58	72	81	82
Rv0139	176	308	172	261	428	462	384	401	421	739	439	300	659	512	575	564	161	192	155	213	214	277	191	300	277	205	206	210	421	422	377	453
Rv0140	151	223	150	230	74	65	69	68	77	175	93	62	136	131	116	134	181	117	428	267	349	229	310	273	1436	242	473	437	1422	506	1274	1113
Rv0141c	232	271	150	173	215	186	141	179	187	314	223	114	239	187	210	206	148	74	90	76	87	84	102	116	126	80	125	67	119	121	242	179
Rv0142	35	53	40	68	101	89	123	79	39	55	44	18	43	35	50	41	63	103	60	116	144	164	138	178	76	44	57	55	103	91	131	170
Rv0143c	230	271	178	295	674	606	623	584	518	794	519	347	593	496	598	561	160	193	134	203	318	373	250	372	330	260	231	262	539	523	380	381
Rv0144	3432	3574	2974	3815	1276	1442	1158	1288	1667	2261	1671	926	1310	985	1099	991	751	705	2053	2067	388	538	712	1272	892	322	1071	502	710	555	1927	1229
Rv0145	1912	2392	2413	3419	2558	2609	2416	2556	2884	3762	2839	1753	1063	848	1118	967	987	1024	1491	1868	1841	1824	2397	2687	3943	1236	3475	2229	1267	915	2556	1864
Rv0146	912	1235	1116	1814	1725	1951	1399	1787	2480	3200	2208	1417	873	647	916	763	531	650	908	874	1535	1183	1828	1455	3473	963	3498	1917	1023	763	2329	1564
Rv0147	1359	1692	1396	2014	2642	2477	2185	2266	2754	3831	2465	1594	1904	1496	1838	1736	880	1037	1087	1190	1556	1242	1676	1612	3166	994	3392	1737	1694	1224	2744	1929
Rv0148	342	414	482	671	703	651	646	650	694	1020	675	433	538	474	524	553	243	327	469	521	357	346	562	650	731	294	991	448	414	401	1182	724
Rv0149	430	503	399	566	902	806	776	758	868	1270	848	556	663	645	667	714	321	400	571	670	411	444	584	796	644	325	993	539	485	481	1458	1051
Rv0150c	1	1	0	0	1	0	3	2	0	2	0	0	0	0	0	1	2	0	0	3	0	0	0	1	4	1	1	0	1	2	0	2
Rv0151c	117	137	77	144	157	193	107	176	144	369	147	125	119	166	134	158	93	75	51	74	55	63	67	135	58	53	57	63	42	78	125	166
Rv0152c	28	32	18	24	28	30	40	37	28	28	31	13	45	37	38	44	68	58	9	58	32	24	15	33	40	24	16	16	26	54	48	68
Rv0153c	86	107	83	109	203	189	177	170	154	255	166	107	200	147	214	218	82	87	80	111	71	89	60	97	107	61	86	55	132	121	206	170
Rv0154c	224	299	189	259	395	384	343	337	300	480	290	223	439	334	410	407	155	175	156	190	143	167	149	224	187	130	129	112	323	272	355	340
Rv0155	128	142	137	180	388	369	360	361	295	487	315	226	331	235	328	301	112	138	74	132	106	95	96	105	130	87	64	87	128	148	73	99
Rv0156	27	46	52	66	105	78	102	101	82	114	82	48	76	66	86	100	28	20	18	31	20	26	18	35	34	22	24	26	35	55	22	23
Rv0157	409	419	426	498	1222	1031	1103	1074	868	1649	889	748	927	802	874	958	391	460	262	439	525	670	299	430	492	514	230	493	763	849	336	508
Rv0157A	0	1	0	1	1	1	0	0	2	3	0	1	0	1	0	0	0	1	2	0	3	0	0	0	0	0	3	0	0	0	1	1
Rv0158	225	252	229	311	262	295	223	248	226	371	201	134	250	213	206	230	146	130	181	181	112	100	140	224	202	89	150	105	129	134	169	202
Rv0159c	7	17	13	14	29	48	47	70	38	59	42	30	7	23	28	36	36	31	7	39	19	28	24	41	44	22	33	28	16	59	57	53
Rv0160c	18	26	15	15	31	36	43	42	38	86	28	35	23	25	17	41	58	51	15	67	37	30	39	54	34	27	37	28	17	42	78	91
Rv0161	23	33	34	26	48	38	48	56	29	63	50	24	72	56	68	67	78	75	29	112	53	38	25	37	59	43	21	17	63	97	55	86
Rv0162c	30	36	24	28	59	67	51	62	44	72	48	40	56	35	42	57	32	53	16	49	55	47	42	42	69	40	34	25	56	63	29	57
Rv0163	51	53	24	45	55	55	41	38	34	82	42	39	64	57	61	69	25	32	19	36	16	14	11	26	31	8	16	8	19	34	36	30
Rv0164	543	729	563	738	413	412	395	449	449	652	497	315	474	452	490	529	377	324	367	372	191	269	297	397	384	234	358	268	358	366	590	495
Rv0165c	113	138	100	123	433	320	401	322	61	104	61	34	55	36	46	56	51	56	64	110	58	118	113	191	34	23	28	24	26	40	70	94
Rv0166	1127	1191	992	1201	5190	4242	5210	4420	1137	1998	1272	857	1087	974	1010	1152	441	424	444	600	905	1169	1439	2353	422	388	570	394	390	537	837	1128
Rv0167	392	439	371	454	1680	1459	1718	1437	626	1238	731	567	774	778	743	990	137	179	182	249	462	569	479	825	327	238	319	322	398	551	642	711
Rv0168	164	173	120	195	1288	1159	1174	1063	484	891	480	411	584	631	577	765	90	83	100	119	258	405	273	448	184	146	247	220	247	348	462	502
Rv0169	424	570	501	683	2908	2854	2647	2698	1379	2402	1380	1151	1693	1873	1349	2103	370	299	528	614	710	977	807	1425	599	529	850	502	869	1222	1770	1659
Rv0170	463	580	379	576	2200	2382	1943	2021	1152	2082	1264	912	1568	1962	1223	1981	377	286	577	625	400	667	502	1120	476	444	622	479	705	1041	1410	1665
Rv0171	300	390	227	404	1731	1806	1466	1674	844	1627	898	749	1307	1801	1085	1691	369	277	428	508	624	882	559	1116	511	525	518	505	955	1481	1330	1675
Rv0172	548	703	456	822	3136	3663	2684	3157	1955	3493	2064	1587	2668	3887	2100	3609	670	594	1061	1013	854	1293	1026	2356	822	892	1037	992	1320	2158	2308	3632
Rv0173	333	399	219	433	1979	2476	1705	2010	1342	2468	1393	1147	1787	2683	1361	2511	379	351	595	618	595	975	655	1524	528	620	570	793	994	1692	1205	2425
Rv0174	704	1334	685	1323	4109	4848	3455	3897	2683	5272	2853	2418	3838	5130	2883	4755	597	661	961	1085	1299	2110	1365	2830	1183	1408	1110	1721	2250	3641	2477	4484
Rv0175	482	775	471	778	2725	2987	2417	2616	1813	3391	1928	1571	2249	2741	2015	2854	355	610	562	520	1338	1976	1030	1943	1228	1163	816	1363	2382	3007	1806	2273
Rv0176	161	309	141	238	2416	2715	2069	2279	1687	3153	1699	1288	2297	2384	1654	2351	367	283	267	300	616	858	603	1044	636	551	463	843	1338	1750	1106	1850
Rv0177	390	540	342	434	1399	1686	1235	1506	1220	2221	1372	964	1559	1932	1332	1704	1088	571	590	449	396	584	418	807	597	455	442	534	972	1220	962	1354
Rv0178	164	236	175	267	861	934	784	813	645	1241	758	520	742	924	603	951	225	300	197	250	243	336	257	452	299	229	234	360	394	505	480	744
Rv0179c	414	427	489	625	1171	1094	1268	1132	569	1029	640	396	707	727	735	780	199	237	165	289	254	260	458	684	228	158	450	223	339	406	1132	794
Rv0180c	130	177	121	204	422	438	386	364	310	560	352	238	677	566	656	587	201	160	122	200	147	141	121	175	165	110	124	133	331	311	359	401
Rv0181c	127	132	75	103	523	479	328	350	367	607	337	212	738	526	601	474	109	70	98	97	85	110	118	145	85	67	89	126	334	246	243	294
Rv0182c	361	357	213	318	969	894	628	681	718	1381	792	529	1377	1097	1224	1060	190	195	228	247	229	283	273	309	215	170	180	248	634	578	564	690
Rv0183	96	97	65	115	247	276	259	253	224	384	200	115	294	244	253	287	50	75	34	59	78	86	71	93	91	52	43	60	135	157	117	138
Rv0184	100	120	117	148	460	414	386	376	372	603	403	232	705	476	630	550	64	61	68	98	125	154	123	150	92	97	86	133	416	367	266	306
Rv0185	66	80	72	79	242	206	253	232	229	369	256	200	476	354	492	422	50	58	41	65	76	121	80	111	138	108	64	108	367	301	225	218
Rv0186	426	480	367	529	1957	1764	1647	1733	1345	2657	1403	1146	2663	2227	2555	2650	457	446	316	441	940	1112	582	843	867	836	425	899	2764	2767	1377	1894
Rv0186A	169	31	230	53	164	19	186	20	276	22	276	8	450	22	508	16	210	58	78	59	282	43	102	41	603	34	180	17	923	42	343	19
Rv0187	283	204	244	221	404	256	375	214	408	365	453	151	831	312	682	281	124	115	84	133	140	133	108	123	144	76	98	91	391	183	238	202
Rv0188	397	473	398	554	314	198	231	169	209	274	257	122	357	178	312	213	413	616	471	640	404	454	1022	1344	480	203	950	175	568	376	1472	580
Rv0189c	745	856	651	911	1443	1363	1130	1118	1113	2090	1176	812	1114	1005	940	1001	409	478	462	596	453	580	537	710	607	424	370	557	702	784	697	997
Rv0190	616	290	517	327	548	236	417	197	465	309	546	137	576	176	464	150	249	182	160	213	136	106	143	162	127	68	86	72	204	101	152	134
Rv0191	124	104	104	102	604	409	452	312	497	449	491	197	679	257	591	289	134	166	72	156	227	193	180	194	164	113	84	139	385	248	215	268
Rv0192	289	411	269	381	570	511	471	453	366	624	403	281	619	499	523	518	229	250	194	257	179	197	171	265	216	128	141	192	299	298	353	413
Rv0193c	120	114	125	121	47	41	47	37	50	62	54	27	48	41	46	40	108	98	30	124	40	23	19	34	69	32	31	9	41	81	55	76
Rv0194	36	65	30	42	84	78	106	77	53	77	62	37	87	75	67	103	172	145	47	199	113	66	49	75	133	73	55	36	82	190	114	185
Rv0195	167	309	116	214	242	241	193	171	120	346	147	143	127	162	101	173	121	115	144	143	190	119	132	157	204	68	81	52	143	78	140	115
Rv0196	18	17	9	4	42	50	38	39	17	59	33	18	21	27	21	18	28	20	11	33	38	24	29	27	30	14	14	22	22	32	25	21
Rv0197	66	84	70	54	218	169	173	185	101	184	102	75	133	124	122	127	161	156	70	157	167	131	124	135	143	117	66	106	158	174	141	195
Rv0198c	632	844	618	826	767	771	756	858	637	1008	669	418	641	607	686	703	665	480	501	612	426	457	397	567	539	327	417	402	463	519	746	728
Rv0199	51	64	54	64	102	91	102	96	88	151	93	68	163	133	159	127	35	40	34	55	43	36	28	29	41	29	18	26	60	73	28	57
Rv0200	123	136	89	124	209	174	192	171	181	272	149	134	274	280	235	265	135	111	80	145	117	119	50	103	130	91	52	78	215	238	132	197
Rv0201c	139	160	145	191	264	218	278	249	206	354	256	135	222	213	249	262	56	86	79	110	159	196	169	256	219	108	146	142	191	220	266	366
Rv0202c	844	1052	881	1204	1445	1192	1400	1165	1101	1748	1054	829	1486	1059	1434	1349	513	715	477	755	651	691	773	917	732	526	666	574	1095	1086	1274	1620
Rv0203	40	76	87	96	82	75	90	98	74	108	77	49	68	65	81	98	46	82	18	58	51	76	48	48	42	41	46	42	63	77	64	70
Rv0204c	109	157	110	145	768	712	732	659	461	802	474	339	404	385	419	446	121	145	105	196	294	319	317	389	283	219	207	239	381	413	330	376
Rv0205	170	231	152	203	415	390	429	341	321	520	365	232	340	296	339	345	148	139	107	174	119	133	154	214	178	121	113	130	178	180	242	262
Rv0206c	3179	3676	3034	4146	9149	7426	8313	7135	4910	8017	5055	3632	5421	4064	4729	4789	1616	1966	2335	2728	2384	2524	4463	5258	2373	1514	3147	2777	3072	2808	4378	5670
Rv0207c	1695	1987	1553	2211	2027	1459	1647	1385	965	1554	1018	639	756	721	736	794	540	648	900	1226	743	617	1626	1724	829	363	1451	569	633	533	2085	1799
Rv0208c	585	766	700	1101	1257	990	1040	953	618	844	630	320	427	431	443	446	143	193	369	484	359	345	1356	1707	615	194	1243	341	481	335	1584	1381
Rv0209	50	50	39	86	133	102	143	120	83	128	66	55	48	55	78	81	46	68	26	60	85	78	90	105	73	39	64	57	57	90	81	91
Rv0210	101	140	105	178	231	149	237	196	166	239	148	114	138	139	149	136	193	192	84	193	154	114	108	135	151	104	81	96	139	180	164	173
Rv0211	3732	5344	3190	5329	6474	5998	4995	5109	4999	9676	5105	3670	4576	5303	4157	5022	2926	2984	5902	3951	3205	2995	6558	6944	4845	2524	6964	5020	3450	2821	10136	6221
Rv0212c	45	70	47	64	126	95	98	114	89	155	95	65	105	117	108	110	83	92	47	101	140	129	98	137	143	62	90	51	167	158	211	193
Rv0213c	42	63	50	70	81	77	84	83	68	100	70	39	73	73	94	95	66	69	33	84	43	43	32	57	56	32	48	29	50	73	89	94
Rv0214	93	91	83	120	99	104	101	107	90	126	85	55	130	109	120	122	118	92	58	135	63	54	61	83	90	43	37	47	91	129	91	139
Rv0216	103	147	103	147	165	149	155	172	145	240	151	97	172	139	148	148	117	92	84	101	82	87	74	112	115	83	85	67	144	164	167	191
Rv0217c	24	34	25	24	72	75	63	65	70	94	72	44	116	84	92	98	46	45	30	54	41	54	40	51	55	34	31	31	77	97	70	102
Rv0218	35	25	40	34	49	65	69	55	55	127	58	40	82	57	64	77	65	66	37	76	43	40	29	51	68	45	30	37	71	104	101	97
Rv0219	3	4	4	6	15	12	16	13	10	18	8	9	14	13	19	12	17	16	4	15	11	7	2	10	12	11	8	4	17	18	11	25
Rv0220	1427	1746	1269	1861	2871	2743	2295	2242	2177	4210	2230	1586	3180	2627	2564	2614	479	658	844	983	800	982	740	1252	883	796	695	846	1601	1597	1525	1993
Rv0221	369	455	254	385	980	1053	775	916	726	1591	742	656	1340	1155	1204	1175	223	220	291	379	228	299	210	462	288	246	254	374	561	640	697	927
Rv0222	281	317	195	325	978	945	693	754	640	1340	629	564	1118	857	1024	1025	164	199	190	216	305	434	263	432	294	287	266	449	552	579	586	839
Rv0223c	81	112	91	140	118	140	125	116	104	170	128	84	92	102	83	120	158	159	97	166	113	125	98	134	174	93	110	92	104	142	170	169
Rv0224c	4	12	12	11	43	35	37	42	31	42	33	27	25	21	28	28	17	21	9	29	27	21	13	20	22	16	19	27	24	24	23	40
Rv0225	118	130	114	119	516	443	470	445	367	594	369	235	434	351	483	470	139	151	89	168	196	202	151	171	227	153	133	140	277	330	251	324
Rv0226c	18	34	17	27	188	176	227	188	151	252	190	118	206	202	180	242	119	103	38	94	135	167	78	111	160	157	63	114	217	364	116	276
Rv0227c	106	168	177	260	342	349	456	568	336	523	413	247	334	375	320	493	265	222	182	222	138	206	142	236	258	180	194	151	233	337	284	303
Rv0228	55	54	47	68	151	140	168	158	127	166	112	91	129	130	130	155	90	108	32	84	95	75	52	64	106	80	49	62	112	157	82	132
Rv0229c	185	196	82	133	450	405	371	323	385	595	387	226	245	202	215	239	70	63	89	86	150	174	250	429	224	134	222	230	141	179	269	399
Rv0230c	48	73	71	75	73	84	69	94	82	103	88	43	83	86	77	94	101	73	86	89	104	97	116	138	144	84	96	68	123	166	230	170
Rv0231	105	148	190	273	169	159	181	207	155	211	165	77	116	120	132	164	134	112	64	149	85	109	89	133	153	94	137	70	89	145	171	160
Rv0232	79	123	64	124	435	460	345	407	256	445	260	178	143	164	115	177	55	67	82	120	314	458	302	599	433	203	348	259	227	273	413	399
Rv0233	95	136	66	153	610	702	410	542	442	684	354	286	224	268	192	266	101	126	104	161	578	832	526	992	873	412	678	453	585	506	969	739
Rv0234c	99	136	116	157	332	285	288	275	216	347	220	166	364	299	388	372	98	123	86	120	137	149	98	154	119	97	67	111	297	331	232	287
Rv0235c	32	45	21	31	112	116	90	92	81	168	65	67	156	89	118	109	42	58	16	62	72	64	28	59	92	48	29	40	79	112	48	91
Rv0236c	105	137	90	163	1412	1241	1265	1212	924	1615	990	775	1682	1080	1551	1249	208	222	83	236	851	1046	487	745	643	615	311	654	1761	1446	796	992
Rv0236A	2	2	9	6	13	14	10	12	12	8	6	11	9	14	8	14	1	5	2	5	2	5	4	4	9	0	3	2	6	5	4	10
Rv0237	205	209	215	307	433	373	386	382	359	613	356	246	551	458	524	541	165	249	172	250	178	175	151	215	216	170	135	174	360	410	243	337
Rv0238	429	542	340	476	687	603	539	522	481	1012	590	371	642	613	485	579	227	257	281	394	219	226	253	445	204	186	207	303	291	341	424	716
Rv0239	74	93	66	108	58	61	57	47	33	85	51	37	44	45	40	39	46	33	44	51	32	45	51	77	42	25	33	39	25	37	63	55
Rv0240	88	76	83	84	153	113	147	108	91	127	105	59	104	75	94	90	51	41	31	37	70	67	66	83	62	48	53	72	50	56	72	113
Rv0241c	255	287	243	353	1408	1150	1087	1000	516	722	547	319	518	421	539	495	99	94	63	113	335	423	273	427	220	161	124	152	296	260	257	255
Rv0242c	744	844	640	989	5714	4744	4529	3927	1980	3345	2098	1330	2352	1639	2202	1864	295	411	196	331	1859	1929	1095	1667	906	672	408	703	1592	1268	844	1057
Rv0243	1813	2008	1584	2101	7410	6369	5989	5587	2956	4705	2895	1873	3257	2323	3001	2432	672	939	472	722	2430	2731	1514	2144	1354	1058	603	1035	2227	1918	1378	1377
Rv0244c	6303	6804	9452	11379	5893	6317	5527	6044	10704	12586	10496	5408	2815	3197	2992	3476	3602	2738	3641	3093	5365	4218	7429	6583	5617	3071	6761	4520	2293	2147	4466	3655
Rv0245	76	87	66	89	132	91	80	65	112	190	116	77	63	60	58	68	58	60	51	58	109	78	84	92	117	60	65	98	60	80	73	66
Rv0246	89	139	76	87	196	121	155	146	141	229	177	82	149	105	149	138	111	75	58	101	96	80	80	132	126	55	77	66	84	84	147	157
Rv0247c	429	410	429	571	493	449	420	420	332	538	398	204	396	362	395	456	670	429	666	698	153	196	248	348	277	191	217	243	247	271	357	437
Rv0248c	1148	1376	1112	1597	1920	1721	1721	1772	1256	1921	1455	823	1828	1594	1720	1901	1534	1226	1660	1843	596	815	878	1207	820	511	712	772	1066	1110	1335	1834
Rv0249c	364	530	389	600	588	549	552	617	366	665	461	252	627	566	649	636	351	303	667	658	181	237	425	474	338	151	407	337	354	258	891	755
Rv0250c	231	301	234	327	282	238	248	208	209	257	192	81	161	99	168	126	90	122	433	474	77	100	314	323	151	45	271	160	158	114	562	413
Rv0251c	209	425	320	614	82	70	117	59	114	105	99	52	78	86	78	89	425	694	837	1185	225	222	1007	900	444	121	900	770	418	302	1552	1397
Rv0252	26980	35561	23676	36943	1663	573	1260	399	973	1421	716	508	329	197	259	189	12735	15256	10124	15653	564	188	381	206	1826	269	1217	131	334	263	331	253
Rv0253	794	858	718	1155	38	8	32	6	9	18	12	6	15	1	5	7	242	490	264	495	24	3	14	3	22	6	17	4	4	5	5	5
Rv0254c	10	16	10	15	20	19	32	20	19	31	23	8	8	9	16	39	22	30	9	28	14	22	15	18	25	17	12	16	17	22	30	22
Rv0255c	89	124	102	215	177	188	222	223	175	302	207	140	155	203	147	237	216	297	126	221	152	156	96	147	195	169	75	107	206	337	122	228
Rv0256c	62	120	120	205	82	86	129	145	73	110	71	42	80	77	75	103	67	103	31	93	44	43	41	39	72	46	32	30	47	68	56	62
Rv0257	160	219	133	186	98	80	98	75	75	140	79	72	91	87	69	79	73	63	98	105	70	76	81	112	118	49	70	49	100	100	132	132
Rv0258c	23	34	32	42	46	51	40	28	34	39	34	12	36	41	35	50	24	20	10	25	21	24	14	20	20	9	12	16	17	23	28	22
Rv0259c	173	281	151	319	56	20	43	26	11	23	18	10	12	13	12	14	110	107	60	104	41	22	24	34	40	13	23	16	17	23	16	27
Rv0260c	251	381	248	404	57	41	49	29	7	10	10	2	3	4	2	6	96	115	43	102	33	23	20	22	45	23	33	4	11	46	16	42
Rv0261c	353	561	459	770	20	17	20	16	18	21	18	9	26	24	29	36	185	225	115	184	21	19	17	31	34	18	29	26	32	59	140	175
Rv0262c	63	77	50	113	147	100	125	106	139	213	126	92	158	137	144	150	33	34	65	84	53	58	142	181	93	53	288	155	148	131	989	911
Rv0263c	125	238	181	279	424	352	357	357	406	620	424	226	422	393	443	444	108	186	268	384	240	257	443	756	397	242	1289	517	668	532	4064	3349
Rv0264c	41	76	54	102	197	148	132	151	203	250	194	126	202	152	223	182	33	60	74	104	76	82	183	234	173	88	472	191	287	269	1518	1154
Rv0265c	78	89	56	66	358	287	264	249	263	420	256	192	357	317	322	356	78	79	40	76	136	131	69	116	153	125	80	94	240	266	186	225
Rv0266c	97	132	103	168	436	391	429	448	300	526	322	219	364	369	364	423	231	248	119	261	329	376	267	396	338	205	249	238	473	527	441	500
Rv0267	128	214	278	522	13	14	34	6	5	19	5	8	7	6	12	7	166	145	45	110	39	12	11	17	53	16	7	8	19	53	23	46
Rv0268c	191	345	237	434	555	491	595	614	283	428	390	213	179	275	242	350	191	200	270	342	346	522	406	688	563	185	452	201	283	240	636	379
Rv0269c	51	80	48	62	182	178	142	156	149	229	137	91	152	96	144	129	94	77	40	119	81	101	73	83	104	65	76	67	117	149	111	138
Rv0270	1861	2070	1532	2262	4609	3915	3698	3238	3397	5850	3453	2516	2866	2465	2450	2576	936	1337	1117	1564	2253	2669	2090	3091	2510	1925	1767	1963	2474	2527	2534	3073
Rv0271c	296	374	311	396	1096	978	874	878	792	1641	789	642	1045	935	977	1064	390	443	377	456	596	807	470	765	649	576	435	519	908	975	926	1070
Rv0272c	282	345	264	344	383	354	329	326	280	515	332	248	345	334	326	361	289	262	304	288	174	230	194	315	204	141	212	157	228	243	516	464
Rv0273c	122	130	127	142	123	121	120	109	103	184	118	92	133	102	130	122	141	117	106	104	42	61	46	94	83	32	65	59	80	89	149	153
Rv0274	122	146	120	155	171	94	112	97	78	181	100	76	105	143	83	127	96	104	78	90	111	115	57	113	136	65	44	59	98	111	97	143
Rv0275c	96	138	114	162	113	109	98	100	115	191	96	87	87	111	96	109	131	169	93	108	115	117	126	153	113	53	78	98	99	123	140	145
Rv0276	489	611	332	531	621	503	475	398	721	1400	769	640	961	818	775	822	329	461	415	449	530	675	657	824	956	489	729	510	873	826	1609	1175
Rv0277c	28	52	32	50	67	89	69	107	64	81	84	40	88	104	82	117	47	38	36	54	52	66	88	185	75	27	95	58	95	97	318	272
Rv0278c	52	59	89.5299	98	189	195.365	196.359	161	271.915	493.929	262	243.926	260	239	230	254.937	85	113.454	69	154	255.331	220	232	287	255	259.886	245	284	418.951	385.926	447.922	402
Rv0279c	35	70	69.4701	97	321	297.635	306.641	295	22.085	33.0711	13	17.0741	20	10	15	15.0633	93	119.546	95	149	450.669	482	439	554	25	29.1135	13	21	19.0494	27.0742	33.0779	18
Rv0280	5919	10037	5542	10341	4961	5744	4333	5200	3673	5029	4103	2013	3258	3803	3122	3762	3618	5088	5456	9809	3142	4116	6756	11696	2090	1449	3258	3737	2627	3162	5746	9064
Rv0281	766	1317	848	1496	1399	1783	1348	1634	1008	1405	1045	624	1393	1380	1230	1358	561	931	760	1290	841	977	1164	1937	597	391	675	834	1090	1058	1473	1879
Rv0282	5645	7409	5965	9528	10301	10344	9255	9480	4995	8145	5218	3498	8014	6316	7009	6784	4276	6487	4274	5919	3939	4877	4771	6415	2038	1593	1928	3107	6236	5557	4707	6103
Rv0283	3056	3952	3405	5325	7510	6641	6472	6062	3131	5312	3123	2321	5261	4149	4651	4309	2112	4076	1910	3514	3950	4330	3269	4195	1515	1340	1158	2335	5383	4526	2834	4202
Rv0284	6577	8676	6170	10235	12034	11628	9928	10195	5110	9096	5470	3918	9021	7593	7085	7200	5457	8123	4523	7378	4610	5455	4045	6031	2184	1834	1473	3103	5966	5657	3605	5508
Rv0285	824	1393	951	1736	1396	1179	1082	1036	555	1128	645	481	1006	789	758	824	634	1577	611	1264	813	1045	645	891	467	506	239	508	911	1055	452	719
Rv0286	5110	8441	5022	8926	6809	6210	5568	5424	2950	6020	2941	2669	5207	3985	4014	3971	4024	6721	2927	5215	2383	3139	2120	3545	1502	1474	849	1876	3164	3237	1795	2836
Rv0287	597	950	751	1222	379	334	387	358	156	325	136	145	192	187	194	198	561	1224	334	847	298	380	192	367	155	168	85	157	187	235	130	169
Rv0288	5404	8565	6328	9465	1674	1496	1416	1442	859	1708	942	723	1359	1308	1149	1220	8226	11309	4129	7351	1693	2310	1346	2153	1203	1162	582	902	1960	2103	976	1368
Rv0289	2301	3481	2587	4571	3246	2668	2805	2384	1295	2646	1208	1210	2433	1780	2002	1896	1794	3980	1345	2932	2328	2755	1566	2326	1040	1042	614	1290	3274	3349	2126	2478
Rv0290	3004	4247	3229	5595	8125	6192	6694	5496	2960	6057	2741	2761	5025	3305	4216	3618	1648	4213	1465	3220	5459	6201	3455	4604	2027	2353	1034	2980	5779	4896	2540	3371
Rv0291	1379	1938	1331	2517	4092	3308	3502	2972	1417	2953	1328	1367	2456	1853	2182	1965	1015	2116	824	1497	3348	3563	1963	2711	1134	1245	533	1425	3120	2799	1372	1943
Rv0292	763	1029	678	1305	1625	1428	1321	1260	637	1327	647	601	1016	871	874	954	390	920	415	725	983	1050	602	915	376	374	187	573	862	918	439	776
Rv0293c	392	561	244	417	710	757	547	553	568	1143	575	429	622	573	624	527	199	239	161	185	172	216	278	329	229	140	213	184	232	237	520	494
Rv0294	13	20	24	18	25	20	29	19	28	34	31	26	15	16	13	17	41	33	8	45	32	7	16	28	25	13	14	12	14	31	14	43
Rv0295c	200	189	208	234	327	255	300	277	245	359	266	192	270	245	275	294	125	134	122	163	142	173	158	174	226	120	131	137	190	214	188	250
Rv0296c	117	133	162	227	225	203	270	274	171	277	201	108	96	147	155	178	101	67	53	96	90	121	130	216	152	74	129	90	122	120	225	208
Rv0297	481	569	796	942	1601	1121	1427	1044	1270	1762	1160	879	939	839	764	859	565	783	681	807	1581	1327	1406	1358	1394	1042	1129	1034	1453	1373	1727	1568
Rv0298	914	1385	905	1269	673	670	574	622	1244	2047	1383	902	1076	1025	971	973	682	609	550	767	334	457	552	772	909	567	847	663	635	588	1006	974
Rv0299	100	140	78	161	251	184	191	163	242	387	230	155	181	142	152	160	21	32	25	44	65	101	127	131	117	70	108	119	57	69	126	163
Rv0300	84	143	74	139	201	150	136	129	132	216	125	105	105	100	83	92	38	69	55	63	60	71	87	155	86	50	93	67	50	56	100	116
Rv0301	167	276	120	170	270	270	205	223	260	397	265	175	252	215	238	225	113	91	103	112	87	99	141	204	157	63	138	132	127	119	265	274
Rv0302	55	87	37	84	315	324	283	345	318	483	289	218	218	200	209	218	70	68	49	77	205	291	260	437	388	167	329	201	288	278	503	406
Rv0303	39	61	31	63	296	345	244	266	279	408	254	196	210	187	173	224	75	65	50	78	197	190	206	235	301	126	269	140	219	207	374	297
Rv0304c	332	533	290	445	409	424	373	357	713	1087	796	419	872	912	691	990	652	428	831	1055	187	179	180	428	633	420	785	347	613	779	1706	1751
Rv0305c	218	373	236	389	360	362	350	273	319	441	367	207	319	325	300	307	265	214	177	303	197	228	217	378	353	172	287	171	275	324	547	518
Rv0306	15	25	11	28	15	16	21	10	17	26	10	14	14	11	22	27	15	23	6	32	15	6	14	8	17	16	4	1	10	34	13	27
Rv0307c	179	259	167	228	102	87	77	85	96	113	104	52	102	81	81	89	62	78	97	98	30	31	86	99	54	23	70	25	60	48	159	136
Rv0308	195	208	164	206	217	219	177	210	192	312	211	126	396	340	403	370	120	129	104	130	72	80	66	83	88	80	60	86	209	192	196	179
Rv0309	296	467	330	522	413	404	484	485	310	440	337	205	428	374	420	424	138	141	103	185	119	152	248	369	160	102	199	96	223	256	604	386
Rv0310c	11	15	6	7	8	16	11	11	6	22	10	7	18	15	18	20	21	29	10	23	6	1	4	8	14	9	1	2	8	12	15	16
Rv0311	225	235	145	207	181	129	110	107	137	274	135	91	124	186	112	146	77	89	61	112	63	49	55	85	77	53	59	40	88	90	118	132
Rv0312	64	74	81	108	480	312	503	458	203	270	228	149	122	119	124	140	104	100	37	124	73	90	112	121	103	78	103	59	61	110	190	154
Rv0313	592	818	531	821	765	553	658	554	532	791	541	344	527	535	450	601	354	397	468	513	318	412	540	727	413	236	430	341	470	475	965	845
Rv0314c	155	213	157	244	400	373	314	302	376	524	347	231	259	210	227	214	49	97	93	109	150	145	205	221	179	96	191	109	135	126	204	195
Rv0315	198	321	278	392	538	472	612	654	709	803	634	333	372	330	348	429	224	267	127	165	247	271	195	245	319	243	230	214	277	336	329	351
Rv0316	15	34	30	35	83	70	103	89	104	138	107	65	58	66	48	71	50	50	21	31	50	55	42	54	74	45	36	41	48	80	43	75
Rv0317c	520	548	296	411	754	707	550	581	673	1002	716	423	902	765	738	692	219	211	229	234	225	260	208	328	289	183	176	218	431	447	371	440
Rv0318c	23	18	29	32	44	26	38	44	24	39	29	20	20	23	32	39	40	49	13	45	37	26	22	40	47	16	17	13	22	40	25	44
Rv0319	21	31	17	19	60	46	52	36	32	66	34	28	62	38	66	38	18	16	19	27	24	21	19	15	20	13	13	16	22	36	26	35
Rv0320	9	16	8	6	145	142	135	161	110	200	140	96	98	65	79	95	35	30	19	38	57	80	44	53	66	35	31	34	62	63	41	44
Rv0321	28	47	44	55	73	56	78	79	50	87	69	46	53	45	36	45	40	31	36	49	38	63	31	51	51	37	25	27	39	48	66	52
Rv0322	22	23	24	30	50	25	42	42	53	90	84	42	34	34	47	36	57	68	15	75	44	40	24	54	72	37	44	21	39	78	63	69
Rv0323c	21	29	23	36	53	46	41	40	34	58	31	27	32	37	36	40	24	32	20	32	25	26	22	38	45	15	20	15	30	43	40	41
Rv0324	39	59	39	64	118	107	85	84	77	178	81	74	102	78	82	87	93	61	41	76	88	96	69	73	129	61	47	77	138	119	79	112
Rv0325	3	2	2	7	15	10	11	8	6	13	12	7	1	6	8	6	5	5	5	6	2	6	8	1	3	1	1	4	7	6	10	7
Rv0326	9	10	5	9	15	19	11	23	42	53	29	28	43	37	38	40	17	14	5	22	13	19	9	17	48	29	17	28	45	48	41	37
Rv0327c	16	23	10	16	23	30	27	26	15	24	10	10	22	22	13	18	39	50	11	54	37	19	30	28	47	20	9	11	30	53	34	43
Rv0328	133	139	97	123	509	378	328	327	363	545	304	252	193	149	175	172	68	81	61	65	158	219	212	330	221	125	139	190	119	188	166	210
Rv0329c	1	14	2	2	10	10	5	9	4	15	9	6	3	11	9	3	18	14	6	16	16	6	15	9	20	6	13	9	3	16	15	14
Rv0330c	11	9	5	11	34	48	35	36	23	57	25	15	18	19	25	35	14	32	10	32	38	27	47	43	65	25	42	36	31	46	44	47
Rv0331	25	47	34	53	72	76	74	72	46	84	51	21	55	43	40	47	46	71	32	77	113	79	83	83	204	45	39	38	215	146	99	99
Rv0332	47	63	58	78	121	118	151	173	100	153	99	70	123	107	117	128	73	84	79	84	96	94	102	122	132	49	82	68	167	175	186	173
Rv0333	25	26	29	30	58	42	46	34	42	68	29	29	41	40	48	48	16	32	24	34	20	19	24	25	25	18	14	17	23	34	42	40
Rv0334	187	178	145	179	219	207	167	206	179	248	175	122	205	175	223	243	147	143	130	174	95	114	99	144	138	84	90	80	162	176	238	218
Rv0335c	0	5	3	3	5	3	1	0	3	6	2	5	3	7	4	7	9	5	0	13	7	5	5	6	8	10	4	6	11	15	9	8
Rv0336	855.56	1012.33	833	1323.55	3613.77	3430.82	2837.58	2854.81	2592.82	5201.3	2756.93	2274.26	3907.48	2937.54	3229.96	2827.5	779.652	1001.11	509.693	1094.43	1087.26	1259.08	1007.62	1557.43	991.318	876.5	591.496	1156.36	2687.47	2185.16	1709.94	2458.18
Rv0337c	176	206	134	241	624	659	601	673	430	703	432	310	551	565	526	638	285	213	161	211	216	309	247	410	292	235	238	243	380	489	467	512
Rv0338c	1353	1668	1326	1932	2832	2809	2566	2656	2284	4191	2403	1810	3136	2987	2937	3526	1278	1168	995	1157	1141	1423	1035	1590	1410	1131	831	1243	2135	2343	1839	2412
Rv0339c	48	62	33	51	340	309	331	339	189	506	211	219	325	229	276	290	92	100	45	113	162	208	123	235	121	131	77	190	250	316	170	228
Rv0340	105	184	89	162	153	165	142	133	143	258	132	106	119	139	107	110	33	62	39	54	65	77	84	135	62	40	77	59	82	58	87	110
Rv0341	31994	45623	46677	76470	27947	22400	26144	22637	29567	58731	30711	28390	22083	19006	19782	22669	21330	35869	9994	24567	19228	21440	17157	29009	18583	17513	16935	17036	27350	27384	16869	23467
Rv0342	6420	7971	8823	12960	5239	4217	5059	4511	5762	10850	6298	5157	6610	5937	6013	7200	3031	4949	2116	4111	3084	3663	3300	5444	2813	2725	3692	3141	6108	6840	4717	7455
Rv0343	750	925	877	1277	1684	1285	1377	1145	1534	3058	1563	1390	1803	1385	1560	1738	394	668	333	680	781	811	730	938	530	616	582	718	1477	1531	1059	1570
Rv0344c	6	2	2	1	6	10	14	22	7	6	6	6	17	21	14	15	22	10	4	11	9	4	2	5	4	6	2	3	10	15	18	21
Rv0345	122	176	137	173	115	92	97	81	89	154	86	50	113	108	85	115	93	95	67	101	54	84	86	77	80	42	73	40	91	83	140	163
Rv0346c	1042	1296	1398	1763	1343	1222	1292	1138	976	1508	1060	627	904	660	813	776	395	494	479	782	368	512	541	791	686	364	596	412	470	529	641	779
Rv0347	54	84	70	87	64	63	86	62	59	90	80	33	57	59	53	67	87	83	53	85	101	67	69	75	214	46	82	68	125	83	117	113
Rv0348	22	41	18	39	26	25	32	30	28	40	24	24	35	43	33	36	47	53	34	60	53	29	36	37	82	25	40	34	42	52	45	65
Rv0349	21	19	14	42	25	28	22	24	33	48	35	23	36	31	41	31	34	25	26	24	23	20	8	35	49	27	20	22	36	48	56	42
Rv0350	3137	5847	3535	6958	8191	6398	6666	5524	5479	8031	5668	3428	6412	8371	5429	8489	17028	11522	22288	19211	21426	20964	29008	30482	60324	12097	25342	25729	55818	28493	43042	48528
Rv0351	1112	1926	1122	2337	2937	2368	2385	2153	2393	3337	2530	1511	2626	3939	2252	3818	6436	5081	10379	9715	5413	5344	9662	11125	17120	3811	8462	7887	16948	10050	14985	17643
Rv0352	597	841	618	1040	2089	1764	1736	1542	1680	2378	1532	1060	1885	2340	1609	2436	1632	1689	3191	3003	1988	1883	3457	3729	3451	1178	2446	3016	4418	3187	4611	6153
Rv0353	97	167	112	175	371	300	298	252	252	428	262	164	291	321	216	367	152	192	401	379	221	207	390	460	347	165	319	419	383	306	505	608
Rv0354c	7	7	4	10	13	16	15	11	11	25	12	6	13	9	7	8	18	9	6	15	7	15	11	17	10	3	10	9	2	12	22	26
Rv0355c	1327	1569	1163	1460	1839	1863	1486	1480	1513	2868	1533	1131	1990	1795	1567	1741	1134	839	851	1343	558	738	613	1266	865	596	751	641	942	1104	1672	1669
Rv0356c	10	31	14	21	24	42	53	37	21	60	39	19	31	41	28	37	29	42	13	42	33	37	12	26	41	32	20	12	27	58	31	28
Rv0357c	68	62	52	80	196	129	190	192	128	225	132	102	113	128	130	149	97	81	56	133	107	89	60	111	118	98	68	83	85	134	108	141
Rv0358	9	10	6	12	19	22	22	24	18	42	28	23	27	28	22	27	17	31	13	22	34	25	12	26	47	40	11	26	47	49	27	37
Rv0359	8	5	6	18	23	25	31	29	24	39	32	9	17	13	28	23	44	33	7	39	25	18	9	15	45	13	12	16	25	33	27	31
Rv0360c	21	32	20	29	46	31	51	28	33	51	33	27	30	23	29	39	9	15	13	19	15	11	9	11	21	14	11	6	14	24	22	23
Rv0361	390	584	385	602	501	572	413	478	536	947	557	420	485	392	400	402	218	190	267	205	244	257	288	401	402	165	370	321	289	274	496	432
Rv0362	42	64	60	87	115	124	105	95	91	148	114	77	187	151	155	156	124	88	30	101	69	43	37	56	101	61	57	68	97	141	119	145
Rv0363c	994	1163	915	1163	1319	1210	1017	1080	1232	2310	1294	883	1636	1287	1264	1293	428	501	511	590	440	465	359	488	553	416	355	461	688	637	616	751
Rv0364	206	273	153	240	348	323	296	339	344	464	355	206	406	334	433	373	156	114	157	162	88	86	115	129	157	100	132	94	170	171	305	253
Rv0365c	90	134	79	99	282	218	201	166	194	267	202	112	189	166	161	174	89	95	43	118	142	134	86	134	108	94	53	88	131	152	136	164
Rv0366c	27	46	21	38	126	129	88	77	81	131	88	61	100	75	81	75	21	26	19	28	38	30	41	44	38	22	34	41	55	58	66	79
Rv0367c	127	174	117	158	149	127	143	123	140	214	156	106	116	115	94	115	95	80	86	114	72	69	102	98	97	64	67	63	87	87	113	102
Rv0368c	7	12	10	7	19	13	15	12	13	18	13	8	19	13	13	17	21	36	8	38	30	12	14	13	21	21	11	12	16	38	18	31
Rv0369c	31	42	24	30	37	31	32	26	20	53	30	20	42	30	23	29	29	13	12	27	13	20	17	24	24	13	13	12	21	19	28	30
Rv0370c	15	12	17	22	14	7	13	12	20	18	16	6	18	12	20	28	43	29	28	44	17	7	6	13	27	15	19	12	19	33	32	48
Rv0371c	6	7	2	3	6	6	11	4	5	8	5	1	5	9	7	4	14	28	4	37	6	7	0	6	13	10	2	3	5	17	12	17
Rv0372c	9	5	8	10	10	7	9	8	4	12	20	7	10	20	13	21	24	29	10	36	14	15	10	17	27	19	12	5	19	39	28	48
Rv0373c	74	135	86	104	112	95	115	91	78	111	95	32	103	130	97	142	175	149	100	229	96	88	76	99	138	109	103	67	136	231	252	261
Rv0374c	6	2	3	11	11	8	8	6	9	16	5	2	13	9	5	17	23	22	5	13	9	1	3	10	12	10	2	4	16	31	22	21
Rv0375c	7	11	8	14	16	15	14	11	14	7	16	7	15	5	18	19	28	46	4	33	24	14	11	19	16	14	11	6	17	44	29	40
Rv0376c	25	50	16	30	25	28	32	22	40	33	34	16	38	29	33	32	72	77	25	93	42	20	27	38	46	28	27	17	34	68	83	88
Rv0377	122	169	95	127	176	160	131	119	139	247	146	94	155	141	133	116	82	90	67	117	65	66	66	90	116	71	59	47	115	137	125	176
Rv0378	3	1	0	1	1	0	2	0	2	0	0	0	1	0	1	0	6	3	1	12	2	0	2	0	1	4	2	2	0	3	1	5
Rv0379	53	74	58	70	21	25	33	33	40	53	46	30	48	51	49	66	46	32	44	43	13	16	21	23	27	21	53	10	31	26	55	44
Rv0380c	13	16	9	17	72	55	55	57	28	46	30	19	30	29	32	28	18	33	14	34	35	28	35	52	17	21	13	21	20	35	20	46
Rv0381c	14	25	15	28	147	150	137	103	97	118	90	60	86	60	82	78	33	37	20	45	55	71	34	62	55	29	39	59	67	66	62	101
Rv0382c	164	223	130	211	728	688	581	582	455	755	455	324	433	368	389	418	95	147	180	193	254	286	292	378	262	167	259	300	340	325	411	509
Rv0383c	1529	1793	1075	1639	3148	2786	2423	2342	2082	3614	2120	1470	1797	1721	1669	1849	799	840	1130	1151	1241	1446	1519	1991	1792	972	1384	1404	1994	1676	2393	2237
Rv0384c	469	697	561	1162	867	675	875	708	542	995	664	429	581	601	580	717	917	1047	2927	2517	3174	2313	4435	3482	8955	1500	3920	4111	8181	3238	7476	7316
Rv0385	29	34	20	24	65	56	60	48	53	64	45	32	52	54	51	50	54	58	31	58	46	44	40	55	78	25	41	34	42	71	73	89
Rv0386	163	226	181	288	783	576	792	738	553	883	597	390	578	611	587	730	327	337	184	390	418	394	363	512	447	332	350	282	601	685	705	645
Rv0389	153	196	101	171	228	165	175	148	158	282	153	109	146	104	127	132	147	174	68	144	143	91	98	99	134	94	81	70	122	150	123	122
Rv0390	151	138	118	180	255	244	237	256	346	408	315	188	249	245	296	308	116	132	109	105	90	106	129	147	170	96	161	121	182	169	261	229
Rv0391	298	370	267	367	572	546	558	537	667	957	682	442	547	535	604	634	344	386	236	320	232	270	238	305	403	271	368	289	437	532	641	588
Rv0392c	131	208	128	220	304	273	272	290	249	357	250	163	280	284	242	316	142	148	74	147	130	160	112	162	181	114	133	96	204	267	284	260
Rv0393	11	14	3	7	2	3	4	2	1	3	3	3	3	3	5	2	48	41	7	36	26	3	2	11	22	8	2	2	9	43	12	28
Rv0394c	26	40	16	29	54	48	55	62	40	71	53	28	62	54	68	68	34	30	15	31	23	32	16	26	20	26	23	13	45	56	48	44
Rv0395	2	6	0	5	3	1	4	1	1	2	1	3	0	2	1	5	15	16	0	9	5	4	4	4	8	4	2	2	4	4	5	8
Rv0396	7	8	7	8	2	3	3	2	0	7	2	0	1	2	3	4	26	24	8	24	15	5	2	6	12	8	2	2	4	21	7	14
Rv0397	1	1	2	1	0	0	2	0	1	1	0	0	1	1	1	0	5	1	2	4	2	0	1	1	1	0	0	0	2	4	0	2
Rv0397A	59	65	73	77	38	36	24	34	50	52	32	19	32	45	25	34	56	57	45	63	24	31	15	45	45	18	29	13	36	31	40	63
Rv0398c	42	25	16	34	65	54	48	49	40	70	34	32	54	50	42	67	31	42	21	52	34	38	37	41	30	26	26	39	45	80	58	64
Rv0399c	74	85	67	90	203	163	155	135	116	241	121	113	180	150	133	186	79	67	57	99	59	86	80	105	77	55	69	64	130	154	162	179
Rv0400c	223	252	149	237	411	342	310	248	274	515	267	224	309	300	266	313	145	197	101	166	173	179	133	210	201	170	135	154	334	325	321	356
Rv0401	27	39	23	33	40	40	48	48	44	48	40	33	47	48	39	43	23	37	25	45	23	32	27	41	45	25	30	17	35	33	32	34
Rv0402c	95	125	70	109	230	248	251	261	209	310	210	126	231	185	241	256	148	117	68	161	88	75	50	109	135	82	91	62	85	140	128	164
Rv0403c	18	6	8	8	19	5	13	14	16	21	23	18	9	8	15	13	8	7	10	9	7	5	4	7	7	7	5	7	4	10	5	12
Rv0404	166	217	170	274	320	364	369	443	205	338	244	145	361	313	394	494	323	220	138	254	161	152	125	274	197	128	118	91	154	267	291	340
Rv0405	769	1056	719	1060	2349	2790	2136	2509	1189	2145	1288	942	2228	2079	1764	2261	1732	1275	844	1388	1160	1567	849	1867	1468	699	496	677	1500	1627	1190	1717
Rv0406c	58	67	43	57	47	41	49	39	58	93	47	35	41	44	44	46	47	62	37	58	36	25	26	34	38	26	38	22	33	51	63	70
Rv0407	118	149	97	149	316	317	267	298	196	280	216	139	303	252	281	283	117	116	122	118	93	136	85	143	114	91	114	83	227	220	275	229
Rv0408	123	144	102	111	619	680	538	606	400	662	402	249	654	591	658	652	222	154	173	249	235	305	197	324	237	198	241	230	606	651	648	750
Rv0409	106	171	114	161	591	599	522	530	422	739	440	305	664	647	554	641	251	198	250	298	209	291	189	331	259	232	228	266	535	647	561	830
Rv0410c	616	656	587	799	1864	1616	1529	1331	1419	2534	1362	966	1226	1261	1104	1346	898	1034	522	663	529	662	491	756	610	426	360	435	981	1001	670	832
Rv0411c	290	347	275	339	735	654	627	556	547	936	523	350	517	512	494	502	432	467	170	275	215	249	174	255	170	131	135	115	339	356	283	299
Rv0412c	710	935	481	673	1475	1299	970	886	971	1939	940	700	1037	1113	828	865	659	634	316	399	312	381	272	343	333	235	165	205	569	520	342	460
Rv0413	91	137	78	130	319	284	319	245	295	463	294	191	267	242	252	270	86	124	94	111	175	248	178	241	200	150	131	168	274	303	200	221
Rv0414c	5	5	8	10	15	22	27	26	22	34	16	16	25	24	20	23	14	9	3	12	9	9	11	14	14	15	4	8	17	17	17	20
Rv0415	131	136	137	138	174	166	172	156	119	215	116	90	109	109	137	143	104	141	94	171	120	135	129	148	131	79	93	98	135	152	172	201
Rv0416	9	8	11	15	12	10	10	7	3	7	5	5	3	6	7	11	10	9	8	14	5	3	2	6	2	4	5	3	10	2	6	4
Rv0417	60	77	55	78	51	42	47	52	33	67	43	34	39	45	45	33	54	53	57	68	35	41	46	52	41	27	48	29	38	49	84	68
Rv0418	387	437	385	470	790	708	696	724	487	852	588	344	945	796	952	971	318	276	288	317	188	219	134	184	244	182	137	144	520	573	368	443
Rv0419	592	790	496	787	776	614	706	626	546	996	617	423	634	617	598	671	318	377	278	418	357	432	359	504	399	260	323	306	609	523	684	704
Rv0420c	10	12	11	12	37	20	30	33	25	42	34	30	48	50	39	59	34	36	24	20	41	37	16	34	49	23	24	24	59	70	55	54
Rv0421c	26	35	25	45	118	101	117	95	73	165	114	103	154	111	122	137	28	55	39	50	72	95	62	72	73	48	63	74	156	173	124	170
Rv0422c	90	118	90	158	300	231	282	250	228	365	256	161	375	303	299	346	73	96	98	136	151	185	139	187	173	107	128	155	285	286	312	412
Rv0423c	1134	1234	1180	1561	1712	1638	1485	1501	1253	2137	1344	889	2130	1825	1846	1965	669	577	809	855	567	680	766	1083	632	511	641	738	1253	1288	1454	2047
Rv0424c	47	35	40	53	72	77	85	79	78	113	52	50	134	121	125	142	36	23	54	76	33	49	38	80	52	38	52	63	102	133	153	194
Rv0425c	780	1003	777	1162	2920	2654	2535	2397	2248	3876	2342	1759	4784	3916	4427	4502	766	1138	1086	1356	1382	1753	1233	1793	1439	1227	1335	1679	5177	5023	4479	5975
Rv0426c	791	1002	910	1237	543	472	420	456	434	749	455	319	893	730	774	834	443	531	625	778	251	298	324	391	371	253	431	298	664	592	1148	918
Rv0427c	68	84	71	83	119	106	99	103	127	227	106	72	274	219	253	247	47	66	45	75	46	30	26	34	89	44	34	36	144	153	91	118
Rv0428c	17	13	7	23	43	39	48	51	32	88	45	39	85	87	96	111	27	23	10	35	37	27	17	11	30	19	23	16	79	80	45	61
Rv0429c	26	37	36	39	38	47	65	51	55	66	50	36	103	73	123	94	34	36	24	43	29	27	15	19	34	26	24	20	59	49	43	47
Rv0430	12	17	17	20	35	35	51	65	31	50	41	21	65	81	72	86	20	13	7	23	15	20	10	21	14	8	13	4	31	48	73	44
Rv0431	105	131	130	123	191	201	193	205	160	274	152	118	253	265	296	325	53	51	49	59	66	56	52	97	86	54	57	64	111	103	145	130
Rv0432	228	311	235	356	415	404	336	386	410	624	393	281	612	462	531	567	160	148	127	177	150	191	152	209	215	135	159	168	324	342	297	362
Rv0433	308	425	210	372	464	488	394	473	429	680	510	324	774	604	731	696	258	221	154	233	119	176	142	225	244	173	191	216	355	387	465	499
Rv0434	68	80	59	98	215	215	188	185	193	315	202	112	284	219	247	260	76	84	71	109	84	103	85	128	105	74	90	110	177	193	167	263
Rv0435c	120	171	102	190	1126	970	959	914	764	1203	760	565	886	767	827	913	248	272	149	285	602	656	455	623	445	374	357	523	954	1040	669	985
Rv0436c	58	72	59	96	353	288	344	291	201	293	186	116	202	147	213	195	69	72	53	74	111	112	116	159	113	71	75	102	152	135	178	210
Rv0437c	28	61	48	70	227	183	200	214	140	192	157	106	124	132	151	130	53	63	44	44	112	131	108	114	100	69	81	84	155	139	131	166
Rv0438c	39	53	42	48	102	91	107	104	77	134	86	59	92	88	107	127	58	62	35	69	67	57	58	64	71	54	53	58	88	102	86	89
Rv0439c	31	57	51	78	127	127	126	112	107	167	92	65	141	109	145	122	43	34	45	49	61	72	54	87	67	57	33	42	92	84	69	77
Rv0440	531	1492	674	2168	1213	1850	1059	1643	3007	3611	3343	1795	5576	8697	4759	8879	14558	14131	7978	7092	10355	13469	13473	14751	18873	8330	9198	9761	16344	18700	12151	14821
Rv0441c	29	34	27	35	82	46	78	62	56	93	53	44	80	44	88	61	19	19	25	25	20	28	37	52	34	20	44	32	40	37	81	69
Rv0442c	272	398	194	318	1131	1646	957	1243	1240	2657	1380	1122	715	822	552	775	219	175	143	246	444	667	867	1780	409	337	630	857	385	477	1171	1769
Rv0443	404	421	317	376	578	488	448	422	480	852	480	343	545	493	434	429	198	167	198	224	180	226	223	288	212	128	144	179	280	325	318	337
Rv0444c	96	120	94	100	279	222	268	242	183	292	223	144	245	249	289	291	109	123	100	102	89	81	71	90	135	95	107	102	175	175	188	156
Rv0445c	65	95	54	111	249	226	264	207	186	272	173	101	316	199	306	251	75	74	55	67	66	71	70	78	149	62	90	84	132	123	194	140
Rv0446c	104	95	100	100	263	193	223	185	210	390	229	170	396	268	358	317	139	101	143	131	126	104	99	117	236	169	219	179	317	215	339	219
Rv0447c	222	196	225	220	421	288	395	315	345	634	402	297	722	562	574	508	339	218	313	276	157	124	164	197	441	257	397	292	731	388	707	408
Rv0448c	31	30	31	20	74	35	48	37	37	103	59	43	112	76	108	76	62	41	51	38	31	36	28	20	98	51	56	71	158	91	154	92
Rv0449c	191	153	199	153	382	216	342	213	356	630	371	288	586	410	590	499	194	198	202	170	172	149	170	195	552	295	404	375	1033	508	824	534
Rv0450c	859	1073	842	1105	2248	1988	2139	1929	4677	9217	5548	3818	7961	5918	7537	7076	1049	794	709	986	782	723	1024	1324	2144	1491	1723	2011	2443	2509	2821	3953
Rv0451c	115	142	114	174	223	193	196	185	445	866	599	357	786	522	725	669	111	74	72	104	98	81	114	169	258	126	206	217	232	202	349	389
Rv0452	37	33	41	62	102	76	117	91	693	1070	703	532	643	575	771	711	76	91	72	99	147	99	172	143	715	321	567	429	636	457	762	556
Rv0453	212	284	200	352	49	56	54	59	161	241	193	108	199	186	205	228	224	234	186	299	61	39	68	44	156	85	144	103	130	158	217	220
Rv0455c	470	563	297	441	696	653	576	578	756	1292	878	492	722	694	626	684	344	213	304	240	238	286	286	485	486	229	338	320	445	372	697	639
Rv0456c	35	35	21	29	33	30	37	26	38	51	47	19	43	38	45	32	39	46	18	71	39	18	14	28	57	28	28	18	48	48	53	55
Rv0456A	7	5	8	6	7	11	18	3	11	22	13	2	12	7	17	11	1	6	8	7	6	5	6	9	18	6	8	4	18	10	7	20
Rv0456B	12	12	9	20	2	2	5	4	7	14	6	5	10	8	4	8	7	0	7	5	1	2	4	6	9	8	2	0	9	4	10	5
Rv0457c	87	130	116	132	108	95	111	120	94	166	85	64	124	116	98	121	123	127	99	168	68	61	37	83	114	62	52	49	89	113	130	122
Rv0458	419	444	419	561	742	633	588	492	457	740	428	356	433	437	402	406	288	399	317	564	378	526	423	646	471	310	433	278	476	586	817	685
Rv0459	168	170	135	199	275	237	212	188	159	272	148	110	111	140	123	137	76	108	123	230	143	209	197	350	161	87	185	113	137	160	324	275
Rv0460	10	24	17	30	16	17	22	23	7	30	23	14	20	17	19	29	30	19	20	33	17	12	8	28	16	11	21	8	13	14	60	33
Rv0461	38	44	34	49	72	73	71	70	65	89	62	36	81	70	68	84	31	46	22	46	32	25	18	39	52	29	58	26	38	60	94	56
Rv0462	731	825	652	770	1248	1173	1223	1370	1122	1826	1154	780	1127	1156	1374	1520	747	574	539	466	391	552	412	514	639	441	395	451	881	822	784	844
Rv0463	25	32	32	43	57	42	52	78	58	101	66	32	64	73	83	94	51	36	40	57	38	35	24	35	50	26	28	34	55	65	55	56
Rv0464c	114	163	123	152	235	232	208	272	176	308	173	130	200	162	225	196	94	66	107	97	71	98	106	112	75	57	57	57	58	86	104	97
Rv0465c	43	58	39	59	60	61	67	75	25	46	22	16	33	22	36	40	74	55	85	78	99	67	123	115	30	17	23	22	17	33	46	42
Rv0466	334	481	513	664	530	517	535	654	449	722	490	339	330	309	406	479	424	428	269	298	219	251	218	273	297	222	221	247	213	239	222	263
Rv0467	439	784	1021	1732	1141	2236	1191	2536	514	860	478	335	617	591	682	749	501	471	2003	989	5314	3496	11812	10129	1901	1047	3082	4431	992	691	3758	2201
Rv0468	102	180	198	383	326	432	323	531	181	279	180	130	230	229	295	320	109	102	271	208	668	426	1439	1108	344	198	465	760	230	180	724	581
Rv0469	749	1050	798	1274	965	1208	1104	1463	976	1572	1065	705	1037	1025	1094	1152	762	545	756	670	845	699	1599	1700	954	545	1085	1052	688	660	1639	1286
Rv0470c	454	575	445	618	919	942	782	846	962	1607	1000	591	899	792	798	857	229	250	290	285	259	325	436	557	510	338	515	400	411	420	729	687
Rv0470A	35	38	28	46	57	49	34	31	39	62	29	18	34	26	19	23	27	26	23	29	17	21	16	48	14	9	20	24	18	25	37	46
Rv0471c	68	102	66	111	163	186	149	149	106	196	137	74	107	122	112	140	48	47	60	77	75	79	100	171	80	43	82	78	61	86	148	185
Rv0472c	297	388	243	393	662	674	497	601	480	898	544	366	460	439	383	428	198	179	184	240	185	242	293	454	257	186	226	231	221	246	364	391
Rv0473	625	741	491	705	1687	1520	1428	1291	1162	2043	1171	839	1221	1077	1076	1096	409	440	477	603	554	622	891	1117	674	441	735	670	690	731	1154	1211
Rv0474	185	205	226	281	397	423	391	446	327	680	377	305	276	283	288	338	213	79	182	163	234	353	298	576	340	176	388	434	299	270	554	794
Rv0475	677	922	1087	1466	1270	1092	1257	1087	1625	3074	1842	1503	1204	1127	1216	1308	1243	1740	759	1085	2057	2189	1548	1970	3228	2894	1786	2623	2164	2605	1816	2184
Rv0476	174	233	101	219	167	161	109	128	133	235	156	119	104	162	104	150	69	95	55	73	68	58	82	147	125	76	86	60	100	118	196	159
Rv0477	46	59	21	70	172	151	139	116	121	196	94	88	144	133	131	140	23	47	17	31	71	94	60	101	81	43	63	75	153	149	161	185
Rv0478	175	299	102	184	784	628	599	485	571	885	547	347	683	588	606	586	141	192	101	155	254	366	325	425	360	250	298	327	538	537	840	911
Rv0479c	792	889	1021	1167	326	396	418	446	493	764	593	314	395	388	440	510	431	412	566	587	170	165	231	313	353	184	441	226	312	248	691	490
Rv0480c	50	58	78	97	146	162	162	146	95	169	130	68	118	101	126	120	47	76	32	62	90	83	74	120	75	42	64	63	92	77	116	117
Rv0481c	24	24	20	37	88	82	83	87	48	83	59	27	51	47	73	68	26	25	17	31	31	43	32	59	37	31	39	25	54	59	70	72
Rv0482	25	37	34	42	75	72	84	94	49	84	66	37	53	48	82	92	81	78	21	84	49	41	23	41	69	51	37	35	63	91	53	91
Rv0483	1240	1566	1243	1769	1861	1947	1752	1898	1630	2598	1552	1057	1247	1092	1274	1332	1316	1186	911	753	925	1022	1065	1191	1125	731	904	1000	937	841	1219	989
Rv0484c	79	75	76	105	154	147	134	113	104	191	126	62	143	103	132	136	48	50	29	61	72	49	71	81	91	47	56	60	75	93	109	101
Rv0485	776	1189	749	1160	1517	1446	1246	1234	1608	2478	1556	1001	2017	1565	1670	1537	603	685	425	541	819	895	740	979	1385	838	963	1136	1808	1432	1635	1507
Rv0486	1540	1729	1118	1528	4886	4027	3711	3329	3690	6659	3797	2817	5070	3911	4351	3878	952	1221	862	988	2682	2838	1995	2561	2781	2018	1565	2396	5639	4850	3888	4359
Rv0487	423	428	263	329	880	754	611	604	747	1229	727	538	791	698	645	716	357	242	235	271	258	292	297	404	420	289	295	378	460	465	646	704
Rv0488	4	17	3	11	28	24	30	25	18	35	26	13	40	37	29	31	44	59	6	41	29	26	17	28	42	26	18	19	34	42	44	56
Rv0489	444	588	357	518	875	832	698	715	717	1175	681	454	543	474	544	481	165	232	148	263	240	288	301	403	294	177	237	250	275	280	314	409
Rv0490	1281	1703	932	1401	4217	4001	3515	3495	3391	5642	3669	2424	3310	2915	2928	2992	1158	1161	968	975	1560	1864	1478	2208	2008	1244	1235	1525	2340	2270	2167	2592
Rv0491	314	390	321	502	992	850	826	723	876	1520	935	675	820	740	696	718	345	423	312	403	371	536	322	547	695	536	481	514	610	704	742	802
Rv0492c	23	38	20	37	101	111	101	103	68	152	98	69	110	127	86	137	81	83	50	87	108	97	79	110	104	74	60	62	156	221	150	205
Rv0492A	7	6	4	3	4	8	15	6	3	7	7	6	10	5	5	14	4	7	7	6	6	12	5	9	17	13	6	8	5	17	11	13
Rv0493c	26	41	41	47	81	44	59	70	58	83	67	34	59	68	77	80	52	60	36	64	70	64	62	74	110	34	48	30	124	129	83	113
Rv0494	6	5	5	8	4	1	5	8	9	13	12	7	3	5	5	4	30	21	4	23	14	13	9	12	30	10	4	7	14	23	16	16
Rv0495c	136	205	121	243	485	371	336	372	356	600	363	249	461	386	388	426	115	109	121	154	162	180	155	203	224	161	135	144	333	305	307	355
Rv0496	212	333	238	347	603	593	647	627	470	745	543	328	481	552	509	656	220	271	216	256	344	417	343	487	409	259	274	290	488	487	439	531
Rv0497	63	105	68	126	335	242	319	289	233	350	223	157	254	225	227	276	87	120	56	115	140	189	103	153	177	120	105	121	249	285	183	242
Rv0498	20	18	9	20	124	130	128	152	90	147	98	66	122	120	134	154	64	55	38	45	74	94	38	72	60	58	49	56	142	186	117	142
Rv0499	13	27	15	26	95	121	89	92	65	120	69	59	92	95	95	138	57	50	36	47	71	53	39	59	57	39	33	43	90	134	95	118
Rv0500	347	385	319	387	723	724	645	675	534	817	640	340	657	549	571	563	228	258	217	281	224	241	228	332	319	166	213	198	247	322	287	360
Rv0500A	34	34	41	66	77	76	95	87	55	77	52	33	55	39	36	76	21	39	22	30	37	47	62	71	38	24	57	37	34	32	82	75
Rv0501	1493	2133	1409	2044	1607	1394	1561	1365	1031	1638	1176	734	830	820	938	979	1028	953	1104	1100	896	1575	987	1592	2351	968	1620	837	741	714	1166	1064
Rv0502	3048	3945	3196	4831	2798	2403	2699	2300	1807	2985	2124	1237	1340	1152	1234	1326	1328	1563	2022	2235	1376	1646	1848	2469	2306	998	1883	1374	1024	1033	1952	2008
Rv0503c	803	1116	663	949	1092	1103	1098	1136	1084	1584	1248	693	970	770	994	1015	380	367	457	449	340	396	515	668	694	368	644	366	499	473	973	724
Rv0504c	87	107	108	127	167	161	155	176	115	217	152	110	105	106	135	165	81	62	85	104	65	65	75	90	119	61	79	58	85	85	163	150
Rv0505c	294	383	342	438	447	401	397	415	398	720	397	336	471	380	394	396	411	438	379	450	266	349	241	320	398	308	222	231	397	420	348	368
Rv0506	37	36	38	51	78	58	93	70	53	109	76	34	82	79	88	111	31	21	30	39	24	40	34	71	42	27	41	34	50	46	91	64
Rv0507	254	373	289	352	1139	1237	1054	1060	899	1646	933	655	1127	926	1026	1090	478	373	273	437	382	470	362	661	525	362	440	401	479	542	899	951
Rv0508	34	35	36	36	130	111	99	120	73	171	112	102	132	112	115	113	39	45	30	45	48	49	30	91	71	48	44	42	101	85	135	130
Rv0509	2406	3069	2313	3453	7678	6619	6505	5825	4691	8340	4588	3566	6000	4170	5489	4795	1494	1722	1655	1784	2646	3173	2386	2999	2294	1914	1674	2160	4394	3551	3221	3516
Rv0510	1611	2289	1336	2241	7862	7222	6205	5717	4284	8490	4087	3696	5799	4242	4813	4331	1064	1220	909	1121	2185	2596	1725	2562	1808	1674	1127	2194	3142	2775	2249	2740
Rv0511	1112	1486	889	1445	9504	8562	7621	6884	5134	10136	4899	4274	6516	4566	5591	4716	1024	1357	703	957	3836	4453	2375	3509	2614	2409	1304	2920	5760	4620	2865	3408
Rv0512	691	847	591	885	8160	7199	6473	5922	4079	7578	4156	3251	6038	3598	5228	3990	616	798	525	544	2618	3112	1746	2368	1753	1508	1062	2098	4710	3435	2345	2838
Rv0513	212	276	184	334	2443	2171	2063	1828	1243	2382	1314	1115	1757	1266	1511	1306	278	306	158	241	1029	1275	565	898	801	746	392	838	1765	1363	866	1036
Rv0514	9	16	10	20	267	239	217	209	162	276	136	102	196	129	191	121	11	13	7	10	80	68	38	77	72	43	38	72	127	93	62	76
Rv0515	903.442	1147.67	833	1237.44	3794.23	3684.15	2927.41	3219.25	2911.13	5415.7	3260.04	2088.78	4156.52	2890.45	3542.08	2827.5	915.348	1044.89	552.306	908.564	991.74	1533.94	960.377	2041.53	1037.68	876.5	622.505	1296.64	3012.59	2319.83	1752.06	2547.82
Rv0516c	156	244	222	417	573	357	635	448	429	535	470	254	235	204	333	283	99	178	393	403	262	330	659	915	739	302	1308	639	419	359	1523	1511
Rv0517	123	136	123	173	212	164	252	224	175	282	219	138	194	149	217	222	134	124	67	148	117	93	134	194	172	101	174	152	165	191	251	336
Rv0518	8	25	10	25	50	34	64	49	15	30	18	16	27	27	32	29	23	40	9	26	28	19	34	37	34	10	20	12	21	33	33	43
Rv0519c	22	24	12	16	272	306	224	297	229	389	198	132	266	247	238	232	76	61	12	59	128	131	85	132	131	92	90	110	209	200	178	180
Rv0522	258	375	196	338	443	397	360	318	339	662	376	288	380	299	314	300	169	200	148	267	167	138	239	341	271	149	237	215	162	176	397	412
Rv0523c	8	10	9	9	8	11	5	13	8	11	17	3	11	11	15	16	7	6	4	9	7	7	5	8	6	1	8	3	9	8	21	9
Rv0524	554	576	436	628	1596	1497	1237	1236	1041	1965	993	866	1195	1033	1040	1043	310	389	321	401	538	592	368	558	398	409	216	499	907	874	429	611
Rv0525	211	172	115	224	548	512	400	409	302	613	306	254	383	331	372	369	74	105	81	130	197	232	121	203	124	119	69	170	330	275	167	208
Rv0526	243	261	170	256	1049	953	921	824	488	1158	567	471	835	664	787	698	197	181	145	183	313	494	242	334	243	249	117	298	848	731	364	564
Rv0527	538	648	465	608	2317	2062	1953	1823	1254	2351	1250	1065	1798	1514	1560	1478	366	523	451	476	1022	1234	522	763	620	660	292	766	1983	1696	827	1088
Rv0528	249	302	194	298	1281	1289	1119	1101	677	1420	713	582	1021	859	908	909	190	222	189	292	550	636	302	523	327	365	167	416	1105	983	482	673
Rv0529	168	216	160	238	684	669	679	618	404	796	433	353	574	441	474	539	123	168	152	178	237	265	167	247	185	140	89	210	375	407	199	320
Rv0530	231	263	255	435	522	531	566	530	360	699	399	303	496	422	439	494	209	304	182	230	239	301	223	301	214	197	173	198	465	420	325	396
Rv0530A	44	57	39	48	34	34	27	34	24	43	28	15	32	22	25	26	18	16	19	31	12	13	22	20	10	11	24	17	11	11	33	34
Rv0531	26	31	28	30	117	83	90	76	73	104	73	47	63	63	63	54	4	20	14	36	18	37	31	29	36	20	33	23	54	42	34	51
Rv0532	336	348	402	419	1441	1114	1265	986	936	1464	976	703	1205	914	990	887	455	405	384	471	703	684	583	694	591	511	459	531	1305	1035	894	856
Rv0533c	70	79	69	105	165	152	204	217	125	185	136	76	184	172	196	207	64	101	33	73	91	87	64	93	110	74	55	65	203	202	142	153
Rv0534c	98	125	127	194	133	121	173	160	121	171	118	68	117	116	122	151	128	119	54	131	103	87	81	108	104	67	79	72	96	148	124	156
Rv0535	23	34	25	35	69	64	55	41	35	71	49	29	56	60	57	58	22	38	15	35	46	37	21	39	43	26	27	25	42	50	44	55
Rv0536	56	82	53	79	93	77	93	81	79	127	90	59	83	57	83	97	55	59	24	82	51	51	61	67	82	45	41	65	75	99	77	95
Rv0537c	123	169	146	216	775	585	736	654	540	818	540	370	454	400	463	500	131	166	147	195	304	313	259	340	264	214	195	260	348	403	272	391
Rv0538	168	240	203	276	644	513	478	481	384	654	349	294	414	379	396	404	158	212	122	206	331	390	330	392	273	219	211	254	472	426	338	381
Rv0539	15	16	22	23	95	86	91	65	67	99	38	43	73	52	65	65	13	25	9	25	78	94	55	70	61	66	29	64	87	90	43	81
Rv0540	19	14	12	21	77	68	64	71	64	81	57	34	60	65	59	64	22	33	17	32	35	29	22	40	53	27	26	26	57	80	46	83
Rv0541c	110	107	81	124	876	772	700	671	584	911	625	427	851	648	699	644	225	209	101	187	513	568	272	450	449	346	231	388	913	848	484	635
Rv0542c	69	109	84	127	677	644	605	576	494	716	538	298	666	579	671	548	102	134	99	140	289	357	233	331	275	189	200	286	565	587	425	562
Rv0543c	92	97	112	136	273	259	286	235	210	328	212	151	248	221	241	213	68	54	98	77	103	150	140	158	123	66	101	115	242	225	183	235
Rv0544c	3	6	1	4	19	14	14	17	17	22	12	8	21	17	16	11	1	1	4	12	3	7	0	4	3	9	3	2	7	11	9	10
Rv0545c	1101	1219	1283	1747	5051	4382	4584	4335	3684	6224	3708	2666	5328	4124	5081	4732	735	977	885	1109	1789	2219	1546	2098	1788	1419	1189	1932	4313	3771	2627	3218
Rv0546c	15	28	14	30	78	81	71	72	68	107	59	40	115	85	130	125	15	14	12	25	25	31	19	27	20	21	17	26	72	61	57	49
Rv0547c	38	57	44	50	130	123	122	137	95	174	113	87	137	135	145	149	78	71	21	59	70	75	52	65	92	66	45	54	102	140	98	102
Rv0548c	148	174	120	167	220	220	195	197	175	267	170	116	236	195	207	213	113	118	106	152	111	90	92	133	103	70	78	75	138	141	137	185
Rv0549c	24	20	8	16	41	23	36	21	15	30	22	17	23	18	18	20	18	30	19	42	15	21	39	47	22	11	20	19	21	21	31	27
Rv0550c	10	16	17	28	32	17	24	16	23	25	12	5	10	10	13	19	8	18	13	35	8	14	31	24	10	7	15	18	13	11	22	15
Rv0551c	130	129	94	98	241	285	259	244	209	401	197	161	324	316	277	332	176	162	138	215	184	174	169	179	212	135	111	167	251	252	226	345
Rv0552	71	95	57	102	217	197	210	196	194	274	189	114	236	217	238	239	116	107	87	156	99	86	103	138	108	92	106	96	167	219	199	292
Rv0553	31	28	19	27	66	63	68	61	47	79	55	32	63	50	55	65	60	58	29	85	50	58	40	57	63	35	39	46	87	112	66	95
Rv0554	30	56	44	56	109	93	117	157	101	143	108	61	120	111	142	147	61	55	46	47	56	58	48	81	73	51	44	50	113	116	98	124
Rv0555	175	219	168	243	1138	1030	965	910	733	1337	745	553	1030	830	937	911	190	172	141	205	453	501	376	508	331	315	251	413	830	812	594	831
Rv0556	171	191	153	165	402	391	336	358	314	567	360	239	461	413	415	450	176	117	131	151	132	167	147	209	150	143	111	174	303	373	266	392
Rv0557	238	251	198	294	591	609	611	467	312	496	317	261	401	331	353	380	136	199	199	280	384	478	308	519	234	208	99	229	487	497	254	358
Rv0558	257	268	179	276	498	468	326	378	418	710	370	255	469	420	425	403	105	135	123	181	147	172	150	222	178	163	138	169	231	246	280	334
Rv0559c	859	882	664	946	680	628	562	575	679	1377	839	515	852	827	667	764	245	229	489	501	239	252	394	519	373	257	282	416	310	336	535	670
Rv0560c	71	85	112	146	222	130	197	146	103	217	114	77	98	79	77	94	72	166	194	615	310	180	429	543	122	121	122	396	70	80	103	256
Rv0561c	119	155	90	151	253	243	252	217	226	351	246	146	297	274	297	257	143	130	85	153	104	106	114	136	135	81	83	91	196	230	173	219
Rv0562	564	681	517	717	1197	1181	1243	1180	1136	1743	1166	737	1271	1069	1291	1321	426	413	414	484	532	564	544	605	598	438	463	538	843	868	856	979
Rv0563	482	664	499	677	648	528	483	509	361	618	349	224	762	612	708	590	333	391	333	455	327	240	639	586	611	141	499	430	615	396	908	965
Rv0564c	148	165	141	174	127	112	112	114	299	388	311	181	311	261	256	260	90	130	85	137	71	79	59	89	197	144	141	127	190	213	356	323
Rv0565c	51	67	52	65	70	100	82	95	73	133	111	50	105	107	125	122	87	95	29	94	61	22	27	38	58	37	30	21	65	85	90	86
Rv0566c	69	78	99	110	64	62	55	76	59	139	102	47	64	94	80	98	38	41	50	98	33	32	18	39	55	35	26	16	38	41	55	68
Rv0567	98	103	121	143	238	229	306	366	191	311	268	123	184	235	268	318	234	183	111	154	145	158	85	169	199	117	99	92	145	203	183	192
Rv0568	358	452	367	521	897	782	829	784	706	1109	696	501	597	513	576	538	217	306	271	369	449	475	437	564	498	361	379	369	488	500	495	569
Rv0569	2504	2580	3471	3950	2053	2435	1776	2452	12133	25988	11656	8537	4442	7213	2618	5409	1062	1136	782	985	721	1326	752	1145	6537	4213	2969	2474	2724	3288	3076	4027
Rv0570	911	1067	1273	1549	2591	2991	2544	3243	11734	23496	10123	7661	3448	6133	2431	5136	711	839	479	683	1104	1584	746	1448	6639	3855	3706	3619	3509	3824	3953	5841
Rv0571c	222	234	286	391	255	237	283	363	952	1711	844	487	788	1228	599	852	233	254	144	206	188	230	126	215	473	271	326	194	572	567	529	576
Rv0572c	26	50	89	90	50	79	86	155	97	211	110	62	24	59	20	58	44	58	38	35	45	69	20	52	110	69	72	32	93	88	84	57
Rv0573c	25	31	35	42	107	89	94	117	112	190	103	70	52	57	48	56	55	59	23	56	85	83	28	67	136	60	48	41	63	92	62	87
Rv0574c	101	139	120	157	303	281	346	377	495	787	469	276	141	208	117	216	130	158	88	122	203	252	123	179	433	167	230	135	263	266	209	263
Rv0575c	889	1125	656	939	1389	1061	1102	839	511	1192	477	545	483	729	379	618	199	276	289	403	403	444	497	471	473	204	232	162	475	408	474	469
Rv0576	61	103	97	110	559	460	547	451	310	446	307	240	394	326	373	390	108	98	83	117	328	348	337	462	266	192	224	215	445	440	530	526
Rv0577	135	119	131	203	522	509	602	570	366	574	426	319	494	489	427	523	201	244	193	215	636	739	516	715	539	372	360	357	751	822	872	855
Rv0578c	1422	1746	1890	2164	8124	5956	7054	5563	2034	2995	1905	1473	4185	3155	3624	3170	1862	2259	1716	2278	7129	6360	5127	5912	2116	1630	1290	1491	6322	4772	3670	4669
Rv0579	305	371	202	320	468	331	332	334	235	362	212	157	301	288	231	249	78	112	117	145	200	213	191	302	170	85	111	79	175	194	319	273
Rv0580c	225	256	241	325	163	105	120	106	98	179	92	94	99	125	115	91	56	77	74	120	52	67	81	105	58	39	70	46	49	61	157	118
Rv0581	25	23	20	20	23	18	19	17	22	38	28	19	19	22	17	17	23	29	25	29	22	18	17	24	16	15	13	9	22	24	22	26
Rv0582	24	34	13	19	19	32	17	31	31	37	28	28	43	33	32	35	10	23	14	20	14	13	20	17	25	6	14	14	24	33	18	37
Rv0583c	16	36	43	54	42	44	57	60	38	42	31	25	28	52	41	55	30	39	14	33	18	20	25	36	29	15	22	17	30	41	49	41
Rv0584	92	126	85	101	168	216	188	191	147	244	150	116	206	204	142	210	154	154	66	155	99	88	123	181	123	71	99	87	140	210	224	299
Rv0585c	74	109	79	123	109	121	111	126	78	128	94	61	62	78	71	79	139	134	65	158	52	47	58	95	93	58	48	32	45	107	82	120
Rv0586	558	789	441	759	657	598	562	521	538	775	583	323	745	554	742	675	218	272	326	397	523	436	840	819	866	235	541	608	784	545	795	1175
Rv0587	165	232	115	220	407	316	349	259	277	379	259	154	401	326	378	281	94	103	138	167	186	186	250	261	252	88	129	190	378	303	262	427
Rv0588	325	382	268	433	764	668	592	557	569	813	515	306	837	588	774	621	287	275	293	332	271	220	394	444	436	159	320	374	593	412	601	837
Rv0589	346	455	258	474	714	647	608	555	579	828	603	338	1057	793	972	810	408	377	431	493	259	237	378	489	459	200	366	305	766	623	796	1004
Rv0591	34	35	20	44	62	70	56	54	97	140	115	53	544	477	431	461	98	89	31	75	33	23	17	43	69	58	40	32	345	379	354	527
Rv0592	25	30	26	22	42	38	46	40	79	108	82	40	335	287	284	314	69	74	22	89	35	13	15	24	47	48	33	47	203	273	252	349
Rv0593	21	23	27	24	61	54	45	32	86	145	82	60	412	357	352	355	53	51	13	61	26	21	20	18	41	21	30	28	179	214	242	335
Rv0594	57	78	61	81	96	96	89	86	110	211	102	71	446	418	348	401	61	73	35	81	50	46	35	78	111	62	52	47	256	321	290	403
Rv0595c	42	42	31	43	31	25	28	18	24	36	23	12	17	20	22	30	20	18	9	30	30	15	34	50	27	17	25	14	27	17	19	30
Rv0596c	12	24	14	21	8	6	7	4	13	9	5	4	14	8	7	7	9	6	3	8	15	14	15	8	9	5	8	6	9	5	10	8
Rv0597c	135	159	136	185	999	760	908	824	509	1003	532	431	674	453	662	543	101	134	44	100	589	666	416	596	458	313	196	444	731	512	478	527
Rv0598c	76	82	50	74	160	146	145	159	85	204	107	76	132	116	99	112	28	31	15	49	58	82	66	97	62	35	36	42	45	48	78	83
Rv0599c	100	104	81	106	136	141	106	114	93	179	107	81	103	90	84	86	20	17	34	45	38	55	55	95	58	25	33	34	28	31	56	59
Rv0600c	3	1	0	0	1	1	2	0	1	2	0	0	0	0	1	3	9	13	0	3	0	0	1	0	2	5	0	0	2	12	0	2
Rv0601c	2	1	0	2	2	2	1	1	0	0	0	2	0	2	1	4	3	4	0	4	0	0	0	0	2	2	0	0	0	5	1	3
Rv0602c	4	12	1	6	5	6	4	3	2	6	4	3	2	3	9	5	9	13	2	9	12	2	2	3	9	3	3	4	8	11	2	7
Rv0603	1	1	1	1	0	1	2	0	0	0	1	0	1	0	1	0	1	2	1	5	2	0	0	0	0	2	0	1	0	0	1	3
Rv0604	30	55	30	57	72	56	69	82	61	99	38	32	80	92	94	89	39	48	29	44	36	43	28	33	42	35	22	21	56	62	51	67
Rv0605	1791	1693	1203	1282	2104	1798	1546	1430	1696	3185	1773	1177	3445	2585	2802	2532	436	451	827	865	284	381	501	675	358	276	361	621	1270	999	1089	1301
Rv0607	32	37	26	31	114	107	94	89	88	162	80	64	201	148	199	177	27	29	28	35	53	60	38	67	42	27	26	43	147	134	116	134
Rv0608	124	146	141	218	164	134	149	142	135	235	116	102	173	194	160	232	57	81	67	111	111	126	123	123	148	72	121	88	181	187	206	194
Rv0609	145	228	129	196	250	220	198	199	217	378	235	181	305	322	253	305	71	98	93	159	135	138	169	207	195	126	150	135	219	210	284	337
Rv0609A	90	129	68	96	90	87	91	87	76	137	94	55	113	126	99	123	61	72	71	86	56	53	65	94	84	40	75	81	114	109	134	198
Rv0610c	81	113	82	154	201	199	204	203	182	271	187	134	215	181	158	181	65	97	67	144	143	142	134	203	146	93	138	138	147	204	216	320
Rv0611c	18	15	15	30	21	16	7	13	11	15	15	10	14	9	10	14	12	11	5	18	7	8	13	11	12	6	8	7	13	10	12	18
Rv0612	33	43	28	32	82	79	74	60	60	80	63	22	38	53	35	93	36	53	19	60	99	131	106	144	147	50	87	61	101	117	110	172
Rv0613c	143	195	192	235	746	673	760	775	631	1049	619	447	761	827	829	933	325	338	258	321	434	466	248	356	425	437	203	327	848	1107	475	693
Rv0614	3	10	2	8	0	5	5	12	0	12	4	4	4	4	6	9	18	18	6	27	10	5	2	13	16	9	5	4	9	18	10	14
Rv0615	22	38	39	61	91	73	75	65	62	95	68	48	45	71	47	68	24	41	34	37	58	78	51	68	65	47	31	36	69	57	70	74
Rv0616A	129	176	108	160	159	142	142	131	107	195	116	82	89	86	85	85	65	53	57	92	66	57	86	85	61	39	32	62	51	57	63	114
Rv0617	76	103	49	96	236	181	166	140	105	197	127	90	122	99	88	116	34	48	26	49	80	92	96	121	59	46	40	88	64	54	59	131
Rv0620	9	13	2	2	9	5	3	7	6	5	7	0	2	6	9	3	41	38	4	40	10	5	4	7	11	15	2	4	8	40	7	27
Rv0621	37	40	33	50	129	79	105	62	84	135	83	69	104	79	97	86	36	43	42	60	68	49	43	67	78	35	52	60	69	85	88	85
Rv0622	47	53	25	57	65	47	58	43	39	65	49	33	52	51	45	59	98	86	40	112	41	37	37	61	90	46	70	29	56	63	114	81
Rv0623	72	86	92	107	127	98	112	71	86	165	85	74	80	74	63	68	41	111	31	82	125	108	122	131	120	80	53	94	96	69	75	92
Rv0624	116	156	81	146	191	150	140	121	183	255	162	116	162	149	124	137	62	55	68	100	148	117	149	234	164	79	111	143	92	107	126	208
Rv0625c	16	35	23	40	49	43	27	42	31	59	33	24	28	26	21	34	28	29	12	28	19	16	21	18	22	14	10	22	17	32	18	39
Rv0626	53	75	77	89	81	73	70	58	60	110	61	35	91	68	74	84	29	50	32	67	44	42	42	52	46	25	32	48	58	47	56	75
Rv0627	23	23	27	40	71	65	48	53	66	95	68	48	78	73	62	71	13	29	18	31	24	39	37	46	34	29	27	39	69	46	59	52
Rv0628c	220	285	195	293	505	392	402	327	328	626	337	291	397	364	327	356	251	369	214	275	400	417	350	376	477	275	279	273	552	543	597	561
Rv0629c	35	49	36	45	232	286	189	193	166	284	174	136	286	268	221	273	120	121	51	153	170	222	82	188	192	152	84	132	360	497	198	333
Rv0630c	48	42	31	35	279	306	233	272	214	363	208	168	351	386	279	380	145	165	77	182	196	263	101	200	186	160	91	152	454	552	223	441
Rv0631c	27	39	31	26	125	107	129	107	68	118	82	61	115	114	124	133	114	98	26	115	90	82	40	57	109	74	37	49	157	232	91	177
Rv0632c	596	702	452	627	653	697	527	598	615	963	696	403	1168	1058	974	1089	341	278	405	437	221	252	185	291	311	205	201	209	533	575	524	545
Rv0633c	107	163	111	131	293	268	288	299	234	366	228	153	407	328	449	477	159	152	102	134	139	144	120	162	190	119	108	98	273	245	276	274
Rv0634c	141	176	96	170	261	259	209	238	210	402	225	143	273	276	251	274	119	135	81	112	97	112	109	152	135	92	81	98	175	160	204	199
Rv0634A	396	517	340	389	192	224	193	220	201	383	278	138	280	282	296	315	325	211	289	247	96	105	122	164	144	88	143	89	112	153	217	224
Rvnt07	1	0	1	0	0	0	0	0	0	1	1	1	0	0	0	0	0	2	0	2	0	1	0	0	0	0	1	0	0	0	0	0
Rv0634B	4	1	3	5	6	5	8	11	5	3	5	2	3	6	6	14	3	3	1	1	0	2	5	6	4	2	3	1	4	3	9	8
Rv0635	274	383	382	494	566	649	745	1034	546	816	617	351	632	709	799	941	706	525	377	340	269	326	315	475	396	243	278	268	401	379	552	523
Rv0636	163	247	246	368	409	443	533	648	394	541	454	230	410	451	523	686	424	326	254	245	170	204	176	294	217	164	196	169	262	273	331	344
Rv0637	152	216	230	306	325	411	473	593	333	502	401	230	395	446	424	603	453	371	255	272	137	186	160	249	247	143	185	175	252	289	348	336
Rv0638	958	1120	943	1315	2321	2157	2117	2054	1546	2552	1823	1074	1557	1662	1513	1950	702	727	931	861	1076	1549	1631	2312	1430	801	1169	1441	1091	1164	1818	2205
Rv0639	1457	1703	1408	1802	3875	3703	3519	3517	2573	4033	2702	1753	2570	2561	2418	2817	1239	1327	1356	1331	1597	1988	2297	3036	2277	1113	1627	2227	1667	1746	2370	3181
Rv0640	1020	1208	906	1207	1594	1656	1589	1700	1124	1811	1276	869	1185	1365	1234	1469	1059	986	1088	963	818	963	1125	1579	1238	684	835	993	882	899	1377	1470
Rv0641	1612	2044	1621	2251	4082	3987	4231	4295	3129	5111	3414	2322	3812	3615	3647	4276	2066	2044	1462	1671	1997	2359	2333	3115	2665	1595	1583	2192	2933	3213	2846	3361
Rv0642c	630	854	960	1293	922	952	994	1183	967	1636	1090	656	798	682	801	908	351	386	442	551	268	365	391	591	628	329	563	435	462	436	674	677
Rv0643c	462	591	515	737	493	500	607	681	448	725	542	300	307	283	349	399	246	288	388	424	185	265	286	458	365	200	376	256	157	187	347	312
Rv0644c	122	196	188	323	260	228	290	343	206	275	202	125	138	141	221	201	105	155	95	128	120	130	103	147	168	77	107	78	89	107	108	106
Rv0645c	286	343	255	437	314	279	297	358	263	402	249	171	230	254	296	302	247	257	143	211	152	175	140	163	245	133	129	143	175	187	184	215
Rv0646c	277	367	300	437	639	609	597	563	453	799	457	355	519	393	497	444	126	195	113	161	284	265	207	236	217	180	146	261	331	304	249	300
Rv0647c	749	1079	714	1088	1512	1299	1241	1261	1271	1881	1130	857	1320	935	1181	1052	497	592	307	409	509	534	483	555	534	400	393	480	633	611	551	600
Rv0648	45	71	40	55	82	56	69	65	812	1470	854	710	268	239	233	221	145	135	51	158	110	72	49	75	816	696	412	629	372	436	226	296
Rv0649	1	2	1	3	2	2	2	0	13	31	9	12	6	8	6	3	7	3	0	7	3	1	3	2	12	9	8	17	10	14	6	13
Rv0650	9	12	5	6	16	10	19	13	96	201	113	94	47	46	28	52	65	51	8	72	37	9	10	12	101	99	50	100	63	94	48	71
Rv0651	28	32	32	43	276	212	322	341	193	331	216	161	134	100	169	151	50	66	19	40	103	85	80	82	86	71	58	94	92	93	83	63
Rv0652	14	23	22	28	123	124	155	175	100	195	115	98	65	67	91	79	23	35	18	17	59	61	51	70	56	45	31	74	55	54	34	47
Rv0653c	14	22	12	25	36	23	25	21	25	40	34	18	24	21	30	22	21	20	17	21	68	30	60	45	132	28	42	30	73	43	86	59
Rv0654	65	140	71	138	188	178	170	171	125	258	126	119	154	156	144	177	158	206	340	274	3108	1061	1929	626	5443	377	1789	1233	2131	575	1473	965
Rv0655	4269	4548	3659	4712	10418	8804	8401	7980	7919	13202	8634	4941	7000	5590	5829	5580	1152	1572	2978	4089	3016	3417	4445	7070	4546	2355	3216	2774	3156	3325	4436	6408
Rv0656c	9	13	10	13	50	45	40	36	24	49	35	14	69	46	33	70	14	33	12	28	25	38	14	38	26	21	29	22	48	40	32	68
Rv0657c	2	1	1	2	1	1	3	2	1	3	0	0	3	2	1	5	4	0	1	0	1	0	2	2	0	1	1	2	1	1	0	0
Rv0658c	76	94	39	72	387	365	357	282	275	438	267	180	327	318	295	273	77	84	55	79	127	150	98	192	151	93	79	157	245	268	216	314
Rv0659c	302	343	229	348	459	454	359	363	343	681	370	280	394	434	315	436	180	168	111	157	201	226	183	272	219	157	141	163	368	368	282	338
Rv0660c	692	761	687	942	1014	882	828	734	685	1236	691	577	792	766	600	744	297	386	281	428	528	599	547	691	522	356	315	401	504	537	439	590
Rv0661c	1	1	1	1	3	1	3	3	1	5	2	0	7	8	3	8	6	8	1	4	6	6	1	1	2	6	2	3	7	7	3	10
Rv0662c	8	7	6	7	5	4	6	5	6	12	10	10	16	13	8	9	1	4	2	8	3	3	3	0	3	1	4	2	10	7	10	7
Rv0663	484	589	507	769	751	756	790	829	629	1022	718	462	783	790	768	896	591	586	380	532	565	558	476	723	698	423	423	408	668	744	661	959
Rv0664	11	11	13	19	19	18	16	17	11	22	8	6	21	12	11	20	19	23	7	10	11	13	5	8	16	16	6	10	12	25	9	15
Rv0665	2	12	5	15	19	19	23	14	17	17	10	17	31	28	20	30	9	11	6	17	6	5	9	18	12	8	8	3	14	13	22	19
Rv0666	1	5	1	2	2	0	3	2	0	6	5	0	6	2	2	2	15	11	3	3	2	0	1	3	11	1	1	1	4	5	9	6
Rv0667	17417	19170	19157	24263	45802	43471	45340	45620	33825	48762	38698	22933	26394	27300	24975	31156	16462	17174	17675	16888	36593	40969	50024	55784	59404	21118	41142	35815	42661	35941	52762	48856
Rv0668	11643	12962	10261	14403	43366	40850	36692	38149	31543	49292	35739	23220	33416	30588	27512	30763	10954	10429	8435	8926	19029	19449	19635	21390	21303	13278	15108	20887	31441	30827	23256	27214
Rv0669c	66	79	66	88	126	134	187	207	104	154	133	91	149	140	178	230	92	106	53	108	79	57	51	58	110	80	37	42	84	162	133	152
Rv0670	559	636	491	675	646	570	510	507	543	1001	523	411	596	610	487	526	232	352	242	341	180	259	223	343	306	183	182	185	404	454	435	458
Rv0671	339	401	224	352	502	479	364	386	408	693	440	257	575	477	538	505	185	199	182	203	205	240	217	317	291	161	211	170	547	523	677	642
Rv0672	209	225	245	290	760	732	693	656	691	888	622	391	1226	1026	1097	1162	206	275	278	360	523	640	850	1099	523	369	978	620	1423	1365	2238	1898
Rv0673	61	79	83	98	276	236	223	181	231	346	266	161	473	423	453	434	102	101	103	148	225	239	241	353	217	156	295	216	706	700	727	739
Rv0674	25	33	16	35	171	142	134	123	98	177	110	64	186	177	164	207	48	50	43	69	101	117	123	182	121	99	152	118	197	247	235	312
Rv0675	58	63	49	82	237	227	176	189	197	317	217	151	285	289	240	303	104	103	104	162	200	262	224	358	236	166	269	238	341	419	378	488
Rv0676c	7741	10491	5385	8665	34996	19644	25919	15826	5124	11479	4840	4076	17705	10529	14365	9848	7785	9847	7064	9215	12177	12464	12886	16085	7607	4526	4414	10248	12373	9298	9605	14844
Rv0677c	771	1083	523	879	2660	1456	2076	1319	402	1011	422	377	1329	912	1088	892	495	686	538	915	1130	1226	1202	1642	680	404	353	923	966	781	695	1231
Rv0678	4643	5704	3330	5483	10468	5952	7671	4570	2053	4556	1947	1922	4233	2770	3164	2556	2742	4249	2892	4831	4404	5076	6041	6847	3192	1883	1840	3852	3753	3057	3517	5244
Rv0679c	57	87	72	78	131	137	120	130	113	162	134	47	123	112	115	114	37	30	34	59	39	43	66	75	65	27	81	54	62	56	167	149
Rv0680c	108	121	90	135	139	133	119	117	106	169	159	58	128	138	118	127	45	52	69	82	68	74	84	109	99	50	77	64	94	77	164	155
Rv0681	119	117	159	166	414	304	385	327	219	391	238	148	263	221	269	309	151	173	104	158	236	266	251	318	172	116	175	186	237	222	280	286
Rv0682	344	489	485	803	1061	987	1150	1234	727	1064	956	433	683	963	733	1129	948	730	622	560	682	990	801	1277	860	454	812	647	818	881	1567	1245
Rv0683	97	147	138	249	582	543	662	742	371	513	470	203	345	394	426	577	242	230	214	234	343	455	474	559	367	197	379	359	325	362	617	597
Rv0684	1370	1721	1732	2558	7462	7167	8341	8660	5771	7585	6766	3441	5880	6860	5671	8519	4234	4013	3388	3153	3602	4667	5198	6256	4814	2589	4269	4222	5359	5606	7647	8334
Rv0685	1004	1301	1234	1784	4968	4795	5120	5317	3676	5645	4105	2673	4382	5466	4201	6178	2486	2508	2166	2507	2453	3102	2800	3521	2506	1933	2071	2804	3513	4413	3898	4916
Rv0686	406	459	331	455	755	727	684	615	578	977	570	433	847	840	758	935	300	329	334	368	266	430	436	616	361	236	346	351	633	767	826	1036
Rv0687	196	310	252	407	414	439	433	453	329	606	386	284	764	708	647	782	490	368	341	392	485	493	399	517	706	259	363	422	857	770	978	857
Rv0688	300	390	359	495	595	592	582	581	504	817	596	340	864	789	816	943	731	526	457	526	376	415	341	443	626	316	334	306	939	933	827	889
Rv0689c	0	1	0	0	0	0	0	0	0	2	0	0	0	0	0	0	2	0	0	1	1	0	0	0	0	0	2	1	1	1	1	2
Rv0690c	148	182	131	199	446	485	376	342	481	791	463	304	510	408	434	412	131	163	210	224	204	170	192	246	294	140	285	273	286	302	409	503
Rv0691c	72	92	68	83	141	91	94	83	84	159	101	56	79	70	69	63	44	55	97	79	44	42	74	87	94	38	77	72	54	57	128	92
Rv0691A	8	5	5	9	6	5	1	1	3	12	4	2	0	3	2	2	2	3	12	14	4	1	3	5	8	2	8	5	5	2	2	4
Rv0692	479	692	433	750	794	926	586	609	1315	2104	1147	751	300	351	224	351	300	433	1287	1634	626	476	1478	1176	1685	446	1803	790	436	279	1116	792
Rv0693	1001	1514	797	1342	3175	3528	2167	2236	4669	6495	3364	2567	1126	1260	796	1127	804	1074	4165	4417	1926	1407	3857	2933	4369	1153	4813	2345	1218	817	3339	2093
Rv0694	1333	2050	1041	2071	3921	4023	3041	2589	5049	8067	3510	2890	1509	1790	1170	1511	1455	1655	6404	6360	2093	1425	3575	2579	4565	1272	4483	2470	1550	1262	3687	2668
Rv0695	260	472	277	504	1335	1008	1155	836	1473	2159	1060	816	534	476	426	457	369	429	862	799	835	665	605	552	1019	369	893	727	593	698	692	708
Rv0696	254	492	220	477	1982	1364	1657	1215	2011	3170	1605	1158	721	700	533	608	313	361	708	599	670	583	490	555	1045	427	927	996	507	594	707	708
Rv0697	76	93	54	106	481	336	394	257	467	657	344	233	181	133	137	126	123	129	78	150	152	135	91	133	185	122	121	191	101	168	122	164
Rv0698	57	92	63	75	132	103	90	112	84	141	103	56	116	93	102	110	56	48	14	64	41	53	50	92	58	39	41	65	80	96	86	116
Rv0699	2	2	1	4	6	7	8	2	2	9	3	5	6	5	14	11	23	18	2	10	8	2	2	6	11	4	9	6	5	13	11	9
Rv0700	152	213	266	292	446	385	550	562	425	613	568	295	378	492	454	614	342	255	425	400	251	359	435	474	394	229	361	372	442	464	632	732
Rv0701	869	1024	1183	1514	4340	4017	5080	5133	3809	5489	4594	2616	3130	3503	3340	4315	1827	1862	2300	2231	2292	2769	3555	3797	2845	1674	2600	3232	2647	3279	3064	5008
Rv0702	669	776	816	1064	3051	2902	3665	3790	2891	4050	3540	1841	3014	3487	2850	3934	1313	1601	1892	1710	1751	1926	2735	3089	2085	1312	1809	2549	2307	3073	2926	4720
Rv0703	222	250	267	278	714	668	823	855	678	907	814	391	700	784	713	886	420	332	543	429	355	376	622	633	473	271	421	578	480	632	623	956
Rv0704	1540	1768	1644	2152	4889	4758	5257	5801	4402	6419	5378	3136	4634	5435	4193	6019	2891	2891	3093	2601	2599	2709	3675	4069	3150	2204	2405	3738	3272	4381	3730	6145
Rv0705	189	264	193	281	487	510	580	616	504	782	603	355	589	741	560	729	434	330	358	299	244	255	337	363	311	252	232	417	396	544	465	693
Rv0706	229	308	231	380	1267	1430	1246	1404	1147	1720	1345	872	1296	1502	1094	1572	327	448	325	378	493	539	594	709	521	471	390	787	702	1019	666	1136
Rv0707	940	1189	884	1400	3366	3415	3172	3503	3044	4731	3542	2279	3510	4148	2866	4254	1493	1452	1277	1137	1383	1419	1481	1733	1455	1331	1079	2266	2026	2913	1919	3026
Rv0708	212	288	203	305	850	834	724	807	713	1257	867	588	898	1068	681	1062	292	312	250	269	271	289	312	360	320	286	203	519	419	621	399	639
Rv0709	107	122	127	194	283	213	266	300	271	409	299	200	281	332	254	379	123	138	116	141	118	96	92	115	138	103	81	189	122	188	103	210
Rv0710	528	673	516	807	958	904	849	936	875	1458	1030	787	1183	1404	974	1288	749	732	509	499	437	449	378	425	525	491	276	661	729	891	471	796
Rv0711	1550	2064	1297	1851	1716	2128	1276	1609	1965	3322	1998	1368	1427	1380	1101	1328	1230	936	1177	1210	1104	1532	2234	3055	2347	1076	3390	1306	1071	1150	2220	2112
Rv0712	240	305	158	278	538	525	405	353	418	743	422	286	655	521	472	408	179	189	151	219	219	219	252	261	387	180	372	226	461	436	439	406
Rv0713	39	60	43	84	84	130	129	121	116	137	110	85	248	240	281	327	71	80	49	86	46	49	28	64	97	39	76	44	169	169	304	238
Rv0714	282	348	385	522	825	774	962	1056	613	979	721	398	711	769	890	1001	820	526	508	473	577	767	723	960	891	485	722	752	833	930	1145	1146
Rv0715	127	134	164	215	473	470	507	608	361	544	372	225	428	422	453	507	232	209	236	198	262	338	358	456	419	213	315	318	347	434	550	613
Rv0716	185	222	284	368	808	825	980	1040	654	935	718	406	617	717	721	921	249	364	309	341	430	498	573	702	574	326	525	580	531	615	846	928
Rv0717	20	23	24	24	42	35	48	55	31	55	36	21	30	35	31	55	26	28	24	29	20	19	45	46	44	22	28	37	32	35	57	56
Rv0718	68	66	66	92	198	222	231	261	124	224	191	90	190	198	177	235	71	119	61	99	68	69	114	122	128	82	88	111	95	125	150	217
Rv0719	522	556	428	557	1248	1170	1257	1361	1080	1695	1222	743	1347	1317	1217	1553	674	592	625	525	529	551	625	814	727	530	559	755	1007	1096	959	1323
Rv0720	61	97	69	120	334	297	302	356	268	415	283	177	303	331	279	416	116	153	98	109	146	125	139	181	193	146	112	199	206	254	184	309
Rv0721	837	1083	875	1140	2735	2566	2479	2628	2368	3474	2636	1740	2958	2776	2473	3085	1423	1471	1024	1010	1352	1480	1100	1397	1575	1304	1019	1795	2414	2791	1664	2383
Rv0722	72	72	64	75	175	154	164	163	132	169	131	105	152	166	169	207	66	104	77	67	67	76	59	89	76	78	41	87	121	191	76	138
Rv0723	370	457	350	571	1496	1443	1340	1335	1235	2127	1412	953	1839	1541	1560	1695	474	588	370	420	721	935	572	719	736	726	475	936	1604	1681	842	1384
Rv0724	2938	3430	1941	2930	6255	5504	4504	4120	4605	8517	4595	3255	5333	4144	4212	3911	1369	1848	1718	2214	2144	2439	2442	3069	2177	1751	1723	2454	3221	3092	3218	4086
Rv0725c	303	428	205	311	86	86	83	68	142	189	146	75	126	120	128	151	218	220	138	162	55	49	62	86	121	53	67	79	137	126	189	207
Rv0726c	2904	3364	2825	3632	448	356	421	339	555	850	610	332	532	476	489	513	911	1001	725	983	229	209	262	310	473	253	349	274	423	351	619	469
Rv0727c	5	10	4	6	8	8	13	8	7	23	11	4	6	6	8	13	7	7	2	14	9	5	8	8	11	5	12	3	2	14	14	18
Rv0728c	14	15	8	13	30	28	45	36	29	65	40	22	22	27	28	16	28	43	9	33	35	20	19	25	46	29	30	25	31	47	36	36
Rv0729	24	31	34	52	54	42	84	63	48	80	54	50	65	67	69	94	105	91	35	100	69	51	47	48	62	48	44	47	92	146	99	155
Rv0730	1528	1893	1387	2001	837	764	774	639	769	1201	795	538	613	533	520	551	648	757	495	671	331	437	407	661	597	338	459	311	460	446	749	609
Rv0731c	15	19	21	29	29	13	20	19	13	24	28	14	9	16	11	30	30	34	10	44	31	28	8	24	34	21	17	7	23	31	24	55
Rv0732	193	288	296	400	822	776	1100	1174	700	997	746	464	760	690	852	984	474	391	200	264	314	360	232	284	507	281	241	222	476	479	389	400
Rv0733	158	164	202	297	603	551	653	717	490	731	532	303	458	482	544	635	334	290	193	261	267	297	201	265	342	247	158	252	485	548	308	387
Rv0734	66	103	83	138	516	469	539	583	522	721	535	312	353	452	381	569	252	256	172	250	289	338	217	279	376	293	191	273	384	522	269	355
Rv0735	249	242	320	351	254	229	281	234	148	209	155	102	237	225	245	299	106	121	91	114	95	102	66	91	97	66	73	44	112	104	144	147
Rv0736	245	285	335	449	288	251	272	259	158	184	165	90	229	238	291	282	134	139	67	117	127	109	91	96	97	39	60	50	132	150	99	142
Rv0737	24	32	30	20	52	35	48	47	55	47	41	28	71	59	58	59	26	32	9	36	28	31	23	41	56	25	29	17	38	54	57	60
Rv0738	26	38	23	31	14	11	6	16	37	46	40	22	42	41	28	26	18	23	12	27	20	6	9	11	21	19	18	28	17	32	53	46
Rv0739	11	23	22	23	10	7	9	8	18	29	29	10	45	43	40	51	23	26	12	25	17	5	8	18	27	8	17	11	32	35	82	95
Rv0740	106.419	107.235	111.353	103.56	119.449	122.768	119.877	103.276	86.7618	155.643	91.1178	55.6518	148.711	133.324	120.765	137.364	57.1515	56.534	84.2859	96.1545	36.6059	37.793	49.017	71.2452	69.7949	40	74.1477	30.7011	80.6715	85.0212	141.317	149.814
Rv0742	5	9	8	11	18	17	20	19	7	17	22	9	20	19	19	22	6	14	7	23	15	23	10	11	24	13	10	11	26	25	19	29
Rv0743c	110	130	69	104	67	81	69	58	68	107	73	33	78	70	75	59	44	29	31	36	41	36	36	59	44	24	31	31	43	48	57	79
Rv0744c	633	718	518	669	345	306	264	272	302	452	341	178	375	308	328	338	172	256	262	308	164	205	191	309	259	131	208	136	270	241	333	386
Rv0745	1	4	0	0	0	1	1	1	1	3	2	1	2	4	2	3	14	13	0	14	2	0	1	4	18	7	3	1	1	12	2	7
Rv0746	131	173	184	271	385	344	384	372	261	488	279	236	292	303	264	327	241	322	202	329	432	469	336	375	378	354	237	283	565	571	397	470
Rv0747	4210	4944	4748	6262	2608	1878	2176	1770	1817	2731	1644	1193	1366	1202	1182	1155	3544	5440	2622	4013	2497	2250	2619	2518	2353	1512	1742	1624	2559	1984	2795	2371
Rv0748	5	6	5	15	3	11	8	7	13	12	13	0	18	7	8	10	6	6	1	13	8	9	5	6	12	4	6	2	10	5	11	11
Rv0749	7	7	4	7	9	12	5	5	10	15	10	4	13	8	12	10	7	7	3	9	8	7	6	7	6	3	10	10	7	5	12	11
Rv0750	623.58	875.765	655.647	1171.44	97.5511	64.2317	70.1231	78.7239	97.2382	197.357	101.882	115.348	76.2886	114.676	71.2348	126.636	226.849	337.466	450.714	569.846	67.3941	71.207	66.983	126.755	90.2051	56	85.8523	67.2989	97.3285	77.9788	147.683	133.186
Rv0751c	65	73	71	80	221	241	185	200	110	251	109	97	573	644	566	781	40	60	59	64	141	131	150	204	83	148	66	280	579	731	826	874
Rv0752c	109	105	109	123	401	401	337	348	198	568	178	252	1628	1707	1659	2202	100	124	147	125	255	300	505	485	231	483	194	1042	1698	1835	2560	2314
Rv0753c	209	240	201	225	681	739	523	567	366	1340	337	550	2232	1957	2354	2535	166	191	157	231	582	612	921	852	534	1100	359	1961	2401	2345	3001	2349
Rv0754	155	168	171	184	145	132	134	123	114	250	100	118	437	386	412	434	249	265	134	263	146	191	175	173	184	209	93	240	639	615	591	618
Rv0755c	1407	1768	1142	1404	1719	1966	1519	1723	1416	2688	1570	1095	1618	1714	1440	1762	1392	941	1397	1494	849	1120	1160	2315	1295	693	1176	910	1049	1129	2082	2139
Rvnt09	1	3	0	0	1	0	0	0	2	0	0	0	1	1	0	0	1	2	0	0	1	2	0	2	2	1	1	0	2	4	0	0
Rv0756c	100	101	76	124	157	132	150	136	137	212	148	84	145	122	120	134	57	84	69	85	178	121	133	189	180	74	94	110	133	110	182	177
Rv0757	728	1009	809	1291	1362	1395	1217	1289	1044	1755	1135	714	1342	1035	1182	1162	522	657	846	854	753	991	1078	1386	1110	573	880	745	1025	994	1512	1332
Rv0758	208	308	222	418	661	657	588	632	523	780	522	340	656	472	610	601	225	320	296	384	312	382	335	524	427	238	370	306	484	476	587	731
Rv0759c	18	30	25	19	21	25	18	29	25	32	28	14	25	25	34	39	25	15	25	27	24	21	15	23	26	9	24	14	28	30	44	29
Rv0760c	30	36	22	33	47	49	41	49	48	72	52	24	40	63	51	67	45	41	61	64	32	33	44	59	39	47	46	43	41	66	86	86
Rv0761c	135	179	174	264	304	291	347	368	293	424	355	207	317	415	347	563	303	260	287	306	211	273	260	274	338	252	252	243	338	445	489	572
Rv0762c	82	121	100	123	92	72	75	77	71	137	94	57	114	108	90	132	205	157	214	211	109	76	196	218	277	59	132	134	214	150	308	370
Rv0763c	5	11	4	7	10	13	6	4	11	14	7	7	8	7	11	6	22	13	18	7	15	10	21	13	30	3	10	17	35	14	24	48
Rv0764c	43	79	43	86	107	85	77	70	101	151	90	52	106	91	64	114	159	161	180	182	208	82	434	277	643	67	267	291	520	190	465	588
Rv0765c	31	43	31	63	75	53	80	45	62	97	70	32	48	47	56	66	129	107	112	123	204	96	373	236	649	85	226	265	418	182	388	527
Rv0766c	85	116	77	128	90	85	118	82	66	91	78	62	71	76	93	95	96	109	146	159	516	224	850	517	1277	144	506	757	830	273	651	990
Rv0767c	14	26	15	31	19	15	26	22	19	21	14	8	8	18	14	16	17	31	28	35	279	153	423	214	494	72	224	285	252	120	239	365
Rv0768	83	137	106	184	102	82	84	81	49	86	62	48	72	54	62	77	140	155	233	232	679	315	1090	613	1581	198	672	699	1002	410	754	1022
Rv0769	71	121	89	161	77	69	74	77	70	93	85	40	73	81	77	88	120	127	228	204	169	77	374	213	501	65	218	236	367	144	392	403
Rv0770	40	58	36	46	50	53	54	45	37	62	48	27	54	59	46	67	81	89	134	114	81	43	153	140	215	40	100	95	197	87	185	200
Rv0771	9	13	10	19	8	12	6	10	12	15	8	11	18	16	17	18	30	29	41	37	18	9	49	22	44	12	27	24	35	18	52	41
Rv0772	61	81	63	102	99	92	120	150	97	146	104	73	105	121	105	150	133	123	82	158	95	104	86	160	142	90	76	87	112	159	139	197
Rv0773c	126	175	126	147	343	296	306	332	307	543	350	208	340	310	404	391	150	187	91	179	108	106	83	126	171	122	113	122	241	268	185	246
Rv0774c	89	105	87	133	172	168	176	163	195	256	204	148	187	146	202	177	114	160	93	126	123	110	88	100	177	118	68	102	130	156	94	134
Rv0775	101	151	99	133	268	273	211	266	306	652	345	276	226	219	203	255	168	169	131	113	266	293	269	414	454	263	268	302	289	319	358	414
Rv0776c	36	53	32	57	44	26	33	28	26	36	25	17	44	36	42	31	46	45	29	67	22	18	38	39	27	17	24	21	25	39	69	73
Rv0777	870	1088	597	980	1256	1214	1063	1010	1039	1729	1111	699	972	876	1008	981	665	633	517	680	416	469	548	625	671	420	560	478	619	663	982	994
Rv0778	189	233	159	253	438	369	331	363	327	484	330	213	357	315	352	412	178	190	183	211	123	124	119	152	177	128	135	135	223	274	289	339
Rv0779c	3	11	0	4	2	4	4	2	4	4	3	2	6	5	3	7	9	9	1	11	9	1	1	2	9	8	2	1	6	6	3	10
Rv0780	52	71	71	85	59	76	73	85	67	105	60	36	100	92	109	99	56	59	60	66	30	24	27	39	55	21	22	27	39	52	48	74
Rv0783c	174	194	196	231	312	258	309	268	234	435	263	175	325	296	338	393	206	220	200	262	162	149	97	149	219	161	93	119	235	279	179	315
Rv0784	43	39	31	68	97	86	85	94	173	323	192	125	57	98	61	87	52	71	34	67	44	56	43	66	129	93	53	83	66	85	69	116
Rv0785	161	188	164	211	177	174	162	198	179	282	206	123	237	215	270	288	247	249	148	292	102	120	70	98	149	111	87	87	158	239	186	201
Rv0786c	125	173	109	169	153	125	125	99	66	116	73	37	69	56	72	58	57	75	73	87	53	52	46	81	54	26	55	23	42	60	117	98
Rv0787	18	25	13	11	12	15	22	19	12	17	11	7	15	12	22	32	68	51	16	71	25	9	10	13	32	15	5	8	16	56	17	41
Rv0787A	142	162	185	202	117	109	106	100	77	163	98	88	117	108	112	150	172	109	182	189	29	44	54	75	75	47	52	62	77	72	90	113
Rv0788	341	399	323	463	378	410	362	422	298	554	330	193	375	390	376	453	448	398	461	471	207	245	192	279	304	178	216	206	310	343	420	484
Rv0789c	96	114	88	73	23	24	18	18	20	33	23	16	20	22	13	16	40	26	32	38	41	33	54	47	144	23	63	60	110	31	150	85
Rv0790c	61	57	56	66	80	98	85	83	36	96	43	40	44	41	42	55	52	43	88	90	256	180	324	239	765	110	337	410	368	144	410	376
Rv0791c	59	71	53	76	120	132	84	124	50	127	51	52	77	56	52	65	73	80	89	103	545	392	576	455	1207	208	540	680	675	259	632	687
Rv0792c	41	52	50	70	151	138	108	103	59	130	64	44	65	46	54	77	58	66	70	80	868	570	885	692	2027	359	853	948	928	397	781	877
Rv0793	0	0	0	0	1	1	1	1	1	0	0	1	0	0	0	1	0	0	0	0	13	4	11	8	27	2	9	12	12	10	16	12
Rv0794c	115	152	108	151	142	140	141	122	102	187	114	83	176	152	167	168	112	147	117	163	95	104	77	118	123	63	64	77	175	163	225	208
Rv0797	13.9662	18.0649	17.3636	14.7632	27.0423	42.8088	32.4229	44.999	7.27553	17.561	11.6593	23.2795	0.0182411	2.98487	0.0235231	5.42E-05	45.2006	23.7993	6.66969	36.8258	15.9116	26.6049	9.74055	29.2046	10.3209	5.48258	3.83766	13.5775	6.07E-08	2.73351	2.51E-12	1.52E-13
Rv0798c	79	79	85	79	170	178	187	195	140	235	165	110	206	189	196	254	99	119	76	90	55	84	49	77	90	62	48	44	94	119	115	119
Rv0799c	67	80	44	77	174	190	204	199	134	243	174	99	206	184	232	247	117	85	60	67	60	67	30	47	79	65	47	54	109	109	114	110
Rv0800	106	120	62	128	176	182	175	181	175	292	214	133	281	272	303	280	142	132	57	132	68	78	37	69	101	91	51	62	184	194	144	201
Rv0801	28	25	25	34	19	15	22	15	28	30	17	10	10	18	17	25	18	12	20	23	17	10	8	12	21	4	15	17	16	19	35	24
Rv0802c	61	56	42	58	46	45	52	57	41	69	44	22	62	55	48	56	46	56	41	60	37	22	42	45	61	25	43	32	33	60	62	72
Rv0803	183	217	200	301	906	820	881	936	690	1163	720	540	989	869	1049	1071	299	334	196	323	494	540	321	427	463	436	262	398	1041	1134	727	872
Rv0804	40	36	39	55	152	127	147	140	118	185	107	73	132	133	117	149	61	75	33	82	97	87	77	98	67	71	63	85	171	166	119	156
Rv0805	5411	8988	4325	7872	4151	4025	3262	3231	4110	7180	4199	2554	2506	2321	2300	2517	1533	1831	2117	1799	3055	2947	4447	5495	5960	1873	4529	3657	2191	1807	4701	4194
Rv0806c	871	966	899	1045	117	104	140	109	137	214	142	84	141	142	117	124	441	430	330	435	76	53	58	103	113	80	74	64	93	125	138	160
Rv0807	77	106	46	100	53	49	27	34	38	68	34	37	43	31	25	31	23	29	18	30	14	17	13	25	26	12	17	13	23	17	33	26
Rv0808	2006	2899	1545	2767	3288	3007	2443	2423	2576	5110	2470	2125	2878	2351	2443	2308	915	1341	973	1265	1232	1459	1204	1849	1263	1034	957	1286	1801	1563	1664	2146
Rv0809	268	453	177	345	731	727	603	603	632	1030	612	382	624	500	570	532	195	227	162	221	213	226	213	293	286	186	267	245	263	292	406	376
Rv0810c	122	122	131	158	99	57	89	77	60	86	57	61	58	76	54	80	57	109	54	87	56	65	65	117	58	34	58	60	50	44	58	69
Rv0811c	565	673	437	558	1171	916	912	821	939	1573	902	613	1000	874	840	848	370	505	351	513	509	482	485	587	630	363	382	442	858	849	732	782
Rv0812	145	209	122	184	365	311	292	285	315	538	332	201	357	228	305	268	98	117	74	111	147	114	116	181	175	92	114	133	193	164	178	264
Rv0813c	89	117	84	123	291	236	290	266	237	381	264	161	246	254	275	323	109	135	78	100	174	172	165	248	235	133	188	161	264	227	430	349
Rv0814c	4.10755	2.14909	10.9258	1.9917	47.708	41.5489	14.0199	53	26.634	53.5	46	27.8142	37.0653	27.9837	91.691	29.1212	0.193331	27	15.5	1.43864	19.1669	11.2795	19.6945	29.4533	47	25.0333	37	4.46487	6.69592	28.4358	39.4854	102.411
Rv0815c	290	417.151	496.659	550.345	395.741	360.775	525.621	646.292	426.354	486.148	425.138	247.104	519.608	401.14	631.338	569.229	341.07	273.609	156.205	261.612	252.383	380.714	263.598	524.778	338.975	188.863	375.906	215.881	479.546	353.989	949.517	482.92
Rv0816c	10	16	11	16	19	10	13	12	11	19	13	9	15	12	10	12	18	13	12	26	23	17	11	16	41	17	15	24	62	31	37	53
Rv0817c	35	45	47	37	67	64	68	76	40	89	44	31	53	48	62	68	48	35	30	65	43	27	29	31	33	24	22	28	31	48	40	43
Rv0818	1090	1373	1031	1558	2086	1980	1787	1603	1287	2618	1407	1129	1400	1224	1154	1280	392	614	468	676	710	965	824	1187	704	502	517	751	893	813	890	1114
Rv0819	257	345	191	287	1088	982	853	844	684	1200	672	495	764	575	696	600	163	205	106	200	369	420	293	392	318	276	243	347	479	445	406	458
Rv0820	166	209	99	162	552	502	412	402	403	751	437	305	433	348	356	351	150	144	89	134	116	153	122	200	187	129	156	150	196	267	256	304
Rv0821c	5028	4613	3173	3415	1529	1618	1203	1208	1490	2075	1451	909	1425	1049	1110	991	1087	1090	1613	2631	389	579	661	1092	663	305	724	448	759	489	1406	1065
Rv0822c	651	936	617	1078	5808	5603	4630	4436	3146	5826	3070	2394	3288	2225	2705	2111	516	455	452	442	922	999	1211	1666	1010	606	912	1083	948	742	955	1214
Rv0823c	790	1300	611	1157	8616	8747	6651	7169	4560	8601	4481	3234	4961	3489	4045	3436	670	761	777	687	1989	2412	2732	3690	1959	1498	1818	2306	2022	1784	2264	3158
Rv0824c	6004	8593	6071	9485	27293	27342	21377	22119	16833	31402	17690	12599	17283	14534	13760	13189	5263	5042	5565	6553	9574	13544	12906	18710	9864	7827	8804	8885	9525	10590	10694	12774
RVnc0002	0	1	1	1	1	3	1	0	2	1	0	1	1	1	2	2	0	2	1	2	0	1	0	0	3	2	2	1	0	1	0	0
Rv0825c	13	19	25	17	55	40	54	60	38	58	50	23	32	29	43	46	15	12	9	11	31	25	23	37	35	15	32	14	25	28	62	57
Rv0826	1328	1569	1293	1752	180	73	151	77	1985	3394	2083	1299	2360	2012	1815	1968	866	742	776	756	114	64	144	85	1437	848	1046	1157	1453	1269	1671	1820
Rv0827c	574	704	406	485	1522	1232	960	718	840	1839	713	670	1143	989	758	649	90	110	120	107	290	349	407	500	430	136	186	165	254	163	237	287
Rv0828c	5	6	5	6	12	8	14	12	18	21	16	12	16	15	16	13	10	10	9	12	9	5	4	17	22	4	12	4	6	19	12	15
Rv0830	312	360	259	355	312	229	252	172	449	683	394	259	401	304	300	241	221	168	254	245	157	106	213	212	270	163	171	271	250	180	288	278
Rv0831c	681	938	706	1060	1187	1287	999	1197	1098	2049	1180	807	1017	852	961	914	351	340	516	581	312	470	493	776	406	320	429	412	409	368	760	766
Rvnt12	0	2	2	3	0	1	1	1	0	0	0	0	0	0	0	1	0	1	0	0	0	0	2	1	0	1	0	0	0	1	1	2
Rv0832	29	36	27	54	235	168	187	186	120	233	130	114	224	148	198	182	33	34	24	24	132	141	100	129	93	87	66	89	207	179	110	181
Rv0833	100	111	142	179	883	756	823	679	718	1153	680	573	1102	663	883	660	195	227	143	247	859	816	610	686	849	658	424	588	1664	983	855	867
Rv0834c	224	344	355	506	1000	718	889	718	689	1117	620	555	581	469	470	530	540	778	537	667	1696	1636	1499	1697	1285	1019	1077	992	1328	1275	1900	1424
Rv0835	65	114	92	101	228	265	183	219	216	421	228	163	140	126	156	155	39	41	44	81	60	91	151	234	55	55	141	117	60	65	169	205
Rv0836c	5	13	2	9	9	6	6	6	7	7	3	1	10	3	3	4	19	24	1	21	35	13	20	18	29	7	17	19	14	19	16	19
Rv0837c	21	47	20	46	35	33	30	23	22	37	29	19	19	21	15	20	50	53	26	71	149	123	183	196	209	64	94	148	93	58	83	131
Rv0838	154	215	100	194	163	116	123	105	129	161	122	68	107	90	74	116	81	94	55	91	54	43	43	52	50	46	54	35	52	75	64	100
Rv0839	99	94	82	83	547	391	429	309	509	363	489	168	312	175	226	186	85	79	50	71	148	161	163	194	174	64	102	82	109	129	103	138
Rv0840c	69	101	62	83	109	97	99	96	80	113	98	49	73	86	53	89	168	163	73	105	895	444	408	885	380	154	170	357	243	237	195	642
Rv0841	1	1	0	0	0	0	2	0	0	0	0	0	0	0	2	0	3	5	0	3	3	1	0	1	1	0	0	0	1	2	1	0
Rv0842	66	72	58	77	130	122	125	104	88	156	89	55	148	138	113	133	149	151	52	158	108	90	86	163	107	65	61	61	106	164	120	174
Rv0843	25	45	28	30	72	66	78	34	63	97	55	33	112	77	95	95	40	47	21	74	48	34	21	57	60	34	24	29	56	67	58	101
Rv0844c	252	359	201	321	460	455	426	352	388	582	324	247	464	389	418	403	142	150	114	185	219	272	202	269	220	121	145	145	283	265	206	269
Rv0845	97	106	83	98	214	172	223	206	210	302	218	152	271	227	276	318	107	109	66	143	89	94	110	149	166	83	110	100	137	196	232	301
Rv0846c	453	121	595	133	476	81	528	101	719	146	866	34	1320	86	1329	70	186	164	96	151	114	54	90	63	210	41	98	18	425	87	330	84
Rv0847	219	35	314	83	448	91	472	71	727	116	752	56	1176	52	1144	55	82	73	41	61	181	76	90	59	309	28	105	20	731	60	281	32
Rv0848	481	150	739	197	848	213	1102	181	1371	313	1623	102	2437	207	2727	222	269	211	110	202	343	170	176	158	766	82	243	61	1811	230	790	130
Rv0849	357	63	409	47	570	107	677	88	984	233	996	86	1707	160	1861	181	160	111	72	99	189	65	72	73	418	63	137	33	787	169	382	117
Rv0851c	56	80	72	94	73	47	56	52	47	96	71	36	40	52	38	49	81	87	33	89	52	30	22	43	62	31	35	23	28	63	55	53
Rv0852	13	15	15	24	31	36	27	37	27	35	28	10	41	16	25	28	20	33	16	32	15	11	17	22	17	17	11	9	26	28	26	36
Rv0853c	68	93	81	133	91	90	122	141	91	146	91	74	90	92	90	138	130	145	81	180	70	91	96	90	107	87	71	70	130	162	251	171
Rv0854	146	205	142	181	186	172	166	198	171	298	192	127	192	196	176	193	109	89	102	121	64	91	89	116	159	96	105	75	122	144	205	173
Rv0855	64	83	38	83	105	78	95	88	68	123	86	62	92	83	84	102	87	93	39	95	79	68	49	84	93	67	46	55	130	128	105	96
Rv0856	256	370	213	342	264	300	196	255	259	524	296	209	234	264	231	289	126	136	174	196	106	121	174	346	172	109	204	154	138	202	430	394
Rv0857	283	448	198	303	512	458	373	419	454	754	466	298	568	636	449	576	186	209	227	262	198	258	305	431	339	211	305	200	306	331	632	620
Rv0858c	29	46	30	53	84	61	68	67	48	95	69	41	61	36	68	69	33	51	26	66	39	30	28	35	39	36	25	24	40	57	25	41
Rv0859	1503	1668	1563	1942	3544	3709	2949	3274	3114	5570	3129	2346	2787	3017	2163	2881	1065	1118	1469	1400	2037	2343	2094	2706	2614	2028	1885	1930	2256	2102	2492	2759
Rv0860	4102	4256	4204	5105	7644	7352	6378	6493	6239	11364	5941	4929	5708	5665	4878	5995	4061	3942	4535	4390	4981	5445	4579	6045	6786	5471	4402	4348	5780	5472	6201	6515
Rv0861c	377	467	289	501	996	875	825	793	753	1296	777	587	1330	973	1242	1137	313	322	280	348	367	384	313	435	378	283	294	343	1026	876	794	886
Rv0862c	76	110	77	103	400	370	290	325	259	477	254	188	368	300	359	320	106	102	72	160	136	141	110	126	136	111	86	93	269	280	164	249
Rv0863	189	247	148	200	209	167	156	127	191	339	200	137	224	185	204	188	90	87	68	99	59	64	73	87	93	31	61	65	85	128	116	98
Rv0864	546	877	345	580	866	835	747	722	807	1624	940	694	1177	1154	1008	1150	772	544	335	465	390	594	362	708	653	465	423	452	1311	1352	1214	1310
Rv0865	34	51	29	50	224	199	190	159	186	321	170	128	269	145	214	210	46	52	10	35	88	112	43	103	76	47	55	80	179	203	156	158
Rv0866	53	79	38	90	328	283	242	228	271	499	250	211	391	287	303	331	101	77	33	55	129	173	96	153	163	115	85	118	319	319	229	259
Rv0867c	46	83	118	171	371	435	420	596	411	552	388	282	448	323	539	463	103	97	61	87	200	251	229	235	338	145	299	353	379	299	404	293
Rv0868c	52	97	35	68	89	78	72	64	72	116	64	38	50	47	39	50	28	28	32	30	27	28	43	53	31	30	36	30	20	26	37	67
Rv0869c	680	1008	624	1054	1382	1243	1089	1058	838	1500	873	642	710	603	584	528	416	563	354	559	506	611	683	997	441	334	390	545	487	413	529	706
Rv0870c	1004	1277	980	1290	801	764	663	645	570	1053	694	433	493	425	450	437	311	399	526	681	316	330	533	945	364	214	320	392	290	300	524	636
Rv0871	243	300	235	404	358	326	349	342	253	399	248	180	246	220	221	245	86	135	179	206	156	198	206	295	192	120	146	166	150	167	197	236
Rv0872c	2847	3745	3159	4222	7784	6897	6023	6247	8742	18382	8449	8262	4639	4585	3971	4482	3256	4810	3261	4158	8038	8699	7392	10470	10386	9493	7677	8862	8637	8027	9684	8941
Rv0873	1291	1633	1229	1874	2417	2341	2137	2154	1989	3617	2051	1583	1852	1703	1826	1875	952	1057	1041	1411	1092	1423	1349	2083	1587	1212	1581	1249	1306	1323	2146	2142
Rv0874c	61	82	52	73	116	103	92	79	63	114	67	57	94	86	76	86	90	118	51	94	107	115	73	127	108	50	59	48	94	124	132	154
Rv0875c	36	35	19	44	136	136	128	144	107	184	102	57	139	122	103	124	56	50	32	44	54	105	42	100	62	58	42	54	113	129	107	146
Rv0876c	573	690	345	607	1438	1375	1046	1079	917	1706	904	681	1413	1187	1107	1130	344	402	241	383	467	595	472	789	473	326	288	359	850	811	893	976
Rv0877	930	1219	1092	1476	1540	1299	1306	1195	1181	1936	1163	891	1057	971	968	1027	530	905	669	922	1086	1191	1105	1384	1416	790	959	873	1443	1267	1553	1464
Rv0878c	69	106	68	116	116	124	135	124	124	251	154	111	153	144	152	162	183	160	79	206	92	92	87	153	125	86	86	84	106	158	143	226
Rv0879c	2	7	6	5	6	11	10	13	7	15	14	5	16	4	6	12	8	6	4	9	9	8	7	8	9	7	2	2	8	7	8	6
Rv0880	30	34	34	32	38	33	41	36	23	42	33	23	32	31	28	33	20	24	15	21	24	19	31	45	25	13	15	18	23	39	68	45
Rv0881	15	31	24	32	47	34	47	55	31	57	36	29	55	54	37	71	47	55	22	66	39	30	30	46	58	22	37	31	54	91	82	86
Rv0882	7	14	1	4	6	3	5	3	1	4	3	2	3	2	9	8	10	16	3	15	5	2	1	1	10	7	1	2	2	13	5	10
Rv0883c	44	56	52	59	417	448	353	411	260	519	245	174	264	225	228	231	34	34	31	44	102	152	119	186	110	87	90	113	134	142	181	148
Rv0884c	1262	1584	1006	1649	533	506	388	390	472	853	505	316	560	498	483	516	572	813	393	595	220	275	232	343	291	221	247	231	270	294	411	369
Rv0885	1066	1178	1732	1874	1391	1184	1438	1222	469	635	486	283	573	433	706	521	342	395	572	642	1161	890	2531	2303	554	200	895	343	452	408	1298	1009
Rv0886	221	228	326	460	436	320	454	419	173	223	166	76	230	155	308	221	156	181	228	315	293	265	453	431	177	92	283	126	212	205	564	511
Rv0887c	3	9	3	5	5	7	4	5	9	8	8	2	13	10	22	16	14	12	6	24	4	8	6	14	12	10	12	12	14	25	30	21
Rv0888	152	128	382	354	194	166	232	210	67	72	75	23	55	66	82	89	88	83	66	137	83	66	155	190	61	34	111	20	35	80	204	155
Rv0889c	760	782	549	803	1074	968	764	738	800	1394	747	606	927	916	725	889	318	387	290	372	437	539	266	370	544	402	217	333	675	718	369	459
Rv0890c	196	213	140	181	331	356	273	310	318	588	372	234	515	403	458	470	212	251	79	212	108	135	87	142	208	181	97	134	272	341	212	307
Rv0891c	133	195	92	149	92	129	93	86	112	177	131	64	161	103	162	120	95	69	51	71	35	38	26	74	77	43	53	41	46	83	78	110
Rv0892	143	159	190	233	72	114	107	163	108	185	107	89	110	140	150	218	175	165	46	148	40	39	28	48	84	50	35	32	65	140	82	108
Rv0893c	44	54	32	61	63	71	60	60	48	111	48	47	87	69	83	82	78	43	25	71	34	21	18	31	41	36	24	26	37	75	54	55
Rv0894	28	27	27	13	57	30	39	29	37	41	24	17	58	54	61	47	89	78	20	86	42	13	20	42	57	25	25	10	30	80	51	63
Rv0895	20	29	15	13	53	51	41	42	42	54	43	25	49	54	48	49	72	61	26	67	40	23	14	42	54	32	19	18	57	90	40	66
Rv0896	2698	2970	2139	2778	2669	2792	1938	2227	1880	3935	1776	1369	3365	3068	2458	2793	858	775	1098	1091	577	654	424	652	600	589	404	551	899	835	896	1078
Rv0897c	199	220	104	192	505	451	370	338	225	413	221	191	366	264	278	271	161	165	115	174	167	180	145	218	116	84	68	111	204	213	176	237
Rv0898c	371	425	321	431	167	183	153	152	110	178	121	87	143	156	119	142	275	270	225	291	106	133	141	202	95	50	72	63	96	114	139	201
Rv0899	80	89	71	92	134	133	128	128	87	149	124	64	111	92	106	91	61	74	41	88	52	56	93	86	85	68	55	46	77	75	102	116
Rv0900	7	3	1	3	2	1	2	0	3	4	3	2	3	1	3	4	1	0	1	1	5	3	0	0	3	1	2	1	1	1	2	4
Rv0901	64	86	79	96	166	141	155	110	95	201	161	91	107	111	108	141	74	86	55	112	87	129	96	154	108	67	94	80	113	125	121	177
Rv0902c	127	177	124	201	525	546	394	465	333	631	327	295	513	462	470	462	127	158	86	167	172	228	183	277	204	121	163	182	352	418	409	432
Rv0903c	569	616	458	564	900	822	667	719	648	1205	672	469	810	769	655	691	307	330	287	344	303	349	331	452	388	269	269	268	516	483	608	579
Rv0904c	8	25	21	22	42	38	67	49	49	52	51	36	41	50	50	50	80	80	11	75	63	39	23	49	69	35	37	19	58	96	51	72
Rv0905	461	568	394	590	565	558	449	506	499	816	515	351	574	562	553	509	281	260	250	259	235	238	184	264	242	179	126	242	372	357	299	346
Rv0906	221	262	175	305	434	446	406	380	369	627	343	278	447	444	432	427	182	227	121	181	211	217	162	236	227	175	109	202	373	357	252	334
Rv0907	242	339	222	366	577	580	498	506	479	744	454	303	586	502	604	581	369	354	187	350	166	172	165	222	226	171	147	215	309	354	287	387
Rv0908	337	409	256	421	1085	1009	886	994	940	1521	975	649	1276	1201	1113	1214	776	580	411	581	353	459	274	523	419	357	309	454	756	885	633	966
Rv0909	29	50	30	35	8	17	20	17	14	28	12	16	18	18	10	16	17	21	23	18	11	13	2	12	10	10	11	13	8	14	14	20
Rv0910	451	532	297	453	277	264	249	245	246	461	310	204	236	203	214	241	279	192	191	182	151	179	110	179	164	114	123	132	165	167	175	210
Rv0911	118	165	103	172	206	219	199	174	153	290	190	113	160	153	170	185	96	96	99	142	70	80	65	130	113	78	73	94	104	128	136	129
Rv0912	19	15	12	15	44	40	31	25	29	44	34	20	49	39	40	41	24	24	11	21	19	9	11	16	13	13	3	12	17	26	23	23
Rv0913c	323	412	158	223	953	851	666	602	656	1276	655	465	857	844	800	802	220	192	283	371	277	324	342	653	401	249	363	339	442	467	756	923
Rv0914c	438	557	293	438	833	716	607	531	601	1168	624	429	698	683	596	604	194	237	145	242	284	320	353	489	388	256	296	284	373	397	407	568
Rv0915c	76	78	47	70	132	141	100	105	115	310	146	103	124	121	118	141	109	102	44	115	74	107	75	130	115	102	72	76	136	176	168	208
Rv0916c	4	4	3	1	6	6	6	7	7	8	6	10	7	13	3	12	5	7	1	7	6	2	4	4	5	0	2	2	9	10	5	18
Rv0917	634	772	608	804	381	359	392	368	312	513	299	212	424	394	435	462	313	356	232	413	181	186	160	238	231	127	176	168	223	305	366	430
Rv0918	42	53	36	50	27	25	17	19	31	49	33	22	31	24	26	31	25	20	11	32	28	16	26	34	32	18	30	21	36	22	46	43
Rv0919	21	34	13	22	15	15	15	15	14	27	21	5	11	15	11	11	47	40	11	30	22	14	14	24	29	12	18	9	21	32	34	37
Rv0920c	74	92	74	94	131	144	163	157	145	179	128	77	149	154	148	202	129	96	47	126	99	67	75	130	139	64	102	75	136	151	173	203
Rv0921	535	523	411	539	858	782	743	862	683	1228	806	417	1623	1318	1457	1321	337	275	471	446	332	332	440	492	457	239	298	411	924	775	717	812
Rv0922	1668	2049	1383	1944	2511	2284	2221	2202	1934	3443	2092	1449	4580	3465	3946	3578	1046	1093	1115	1161	877	1035	807	1209	983	657	616	969	3150	2509	2006	2387
Rv0923c	14	21	21	31	47	50	70	49	45	61	43	29	55	42	59	78	54	38	14	33	21	18	14	20	27	35	18	12	30	60	47	60
Rv0924c	28	38	29	35	50	76	50	64	47	58	45	31	52	58	59	73	66	49	28	78	36	30	13	35	45	34	17	25	50	79	58	86
Rv0925c	62	92	114	157	135	149	136	154	85	150	86	80	124	126	124	137	83	79	53	83	48	55	44	66	61	37	38	37	67	89	121	112
Rv0926c	116	134	122	207	197	176	156	155	106	188	123	70	146	137	143	151	66	100	93	113	70	69	65	105	69	56	55	47	89	115	119	128
Rv0927c	28	45	27	22	54	32	43	39	22	44	30	11	43	21	38	40	20	23	10	30	19	13	12	17	14	13	8	7	14	30	21	30
Rv0928	200	278	181	271	226	277	191	247	258	418	277	207	334	291	312	359	206	168	141	247	83	102	62	125	181	129	125	102	191	251	215	241
Rv0929	74	81	60	107	133	175	125	142	171	286	179	125	219	204	213	257	152	101	63	141	50	68	39	78	110	86	67	72	133	167	166	187
Rv0930	70	94	71	84	154	159	162	154	146	279	190	106	208	207	186	255	103	100	87	122	73	88	66	137	127	82	81	69	123	175	211	209
Rv0931c	2518	3217	1935	2941	8893	8718	7148	7228	6305	12528	6613	5318	8838	7388	7241	7292	2256	2375	2030	2376	3236	4338	2443	4242	3655	2973	2006	3441	6751	6079	4444	5974
Rv0932c	4189	5032	3191	4314	7575	7752	6102	6167	6167	11911	6520	4303	8152	6850	6615	6576	2240	1861	2356	2242	2028	2710	2088	3506	2975	1963	1840	2513	4210	3965	4003	4718
Rv0933	157	185	148	158	443	464	407	470	378	649	415	282	613	382	657	563	80	85	68	99	129	112	102	183	147	102	117	148	236	198	252	258
Rv0934	334	452	329	595	1059	1065	1015	1081	1451	2663	1669	1175	1577	1129	1580	1360	320	272	237	311	273	459	247	411	859	595	634	715	832	851	776	795
Rv0935	175	237	146	252	1171	1286	1142	1114	1624	3134	1819	1503	1912	1408	1681	1635	289	301	184	350	711	1033	393	719	1174	1064	634	1269	2059	1891	1046	1249
Rv0936	74	66	64	77	475	537	441	427	662	1303	734	609	831	580	666	687	204	162	89	140	172	269	98	221	344	341	177	324	718	684	366	533
Rv0937c	590	722	350	484	357	391	301	271	300	567	315	227	432	376	282	338	234	208	232	290	102	113	140	205	192	105	136	114	143	179	278	281
Rv0938	1307	1379	737	1076	4038	3499	2849	2488	2521	5184	2552	2125	4617	3459	3667	3191	523	685	591	776	828	1010	856	1392	912	743	682	1050	2249	1986	2047	3035
Rv0939	539	651	494	638	2043	1780	1561	1474	1236	2532	1267	1120	2170	1804	1788	1722	503	607	543	745	729	810	655	1144	777	594	465	698	1395	1360	1250	1898
Rv0940c	62	78	58	80	127	114	122	136	79	143	81	55	116	151	127	163	109	97	101	84	118	108	73	134	107	82	68	65	155	173	188	239
Rv0941c	81	82	57	63	178	173	145	115	69	137	93	44	142	147	129	157	47	52	42	57	57	108	64	106	66	39	36	45	148	155	165	188
Rv0942	1	3	1	2	0	0	1	0	1	0	1	0	0	1	0	0	2	3	4	4	0	0	1	1	1	0	0	1	0	2	0	2
Rv0943c	14	9	4	3	10	2	7	6	4	9	6	1	3	6	6	9	22	28	7	33	10	4	2	10	19	10	4	0	6	25	8	19
Rv0944	28	20	21	33	22	9	25	22	15	24	22	14	30	28	28	26	18	18	21	35	7	5	9	19	14	7	9	5	12	29	11	35
Rv0945	90	111	68	122	157	122	143	141	131	209	149	76	225	177	217	219	108	80	94	111	77	73	58	69	84	82	52	60	172	178	146	169
Rv0946c	254	293	225	306	379	354	282	299	279	558	313	259	534	450	384	425	219	228	170	244	199	206	139	216	293	191	173	186	371	382	346	376
Rv0948c	5	12	5	10	10	12	11	14	11	8	14	10	18	23	17	31	7	4	5	11	9	7	7	12	10	3	5	6	11	11	22	18
Rv0949	215	273	160	206	596	561	478	511	509	793	441	284	674	594	654	704	276	277	131	245	186	203	151	260	287	198	160	160	362	462	409	447
Rv0950c	37	59	47	79	115	115	150	165	108	244	147	103	138	134	159	168	96	106	33	78	120	104	72	73	153	98	47	65	113	155	87	101
Rv0951	198	293	323	449	676	657	737	835	698	1078	762	498	806	806	964	1039	473	436	216	303	360	473	328	403	560	417	275	409	790	826	525	572
Rv0952	128	140	204	278	392	332	419	467	389	565	369	276	533	508	494	665	290	245	131	165	133	202	128	183	269	211	161	195	414	425	300	338
Rv0953c	34	60	41	69	53	40	67	58	54	82	65	35	72	54	65	71	48	57	44	58	57	36	46	32	97	35	48	42	88	64	98	94
Rv0954	830	1055	1103	1441	1436	1299	1352	1478	1230	2007	1280	836	1645	1475	1649	1723	868	1006	696	932	752	881	670	814	918	647	623	636	1511	1523	1155	1255
Rv0955	109	145	110	196	384	336	336	406	314	548	361	243	433	351	429	507	155	203	98	199	169	174	165	173	184	146	126	199	323	343	290	366
Rv0956	32	43	34	52	70	67	70	94	61	97	65	28	64	56	92	75	50	32	32	27	35	38	31	33	41	25	32	23	63	50	66	60
Rv0957	106	135	101	176	314	299	278	333	214	349	241	144	299	249	255	331	127	120	90	132	121	177	104	154	155	106	110	104	213	267	214	262
Rv0958	312	377	290	440	524	451	495	465	386	625	408	307	472	447	460	510	499	475	295	413	302	323	279	339	345	244	254	233	557	622	581	602
Rv0959	202	243	189	295	620	487	521	539	455	668	483	351	572	566	492	596	217	300	284	336	261	290	292	387	315	222	332	290	555	640	771	762
Rv0959A	6	15	8	18	17	11	19	19	12	25	6	6	12	12	11	22	14	14	8	26	8	11	17	41	9	8	19	31	6	8	13	48
Rv0960	19	43	26	39	75	77	55	63	56	101	52	40	59	64	34	57	39	47	36	91	29	43	73	197	28	47	51	96	27	35	62	142
Rv0961	208	274	148	191	292	226	219	232	205	356	276	157	285	193	231	203	57	70	91	87	86	103	85	182	127	76	115	153	131	106	161	221
Rv0962c	5	4	5	3	3	5	6	2	0	4	4	3	4	5	3	9	22	13	5	17	7	1	1	5	14	6	1	3	7	14	1	14
Rv0963c	20	25	13	17	24	22	16	13	16	11	27	10	39	31	34	29	76	51	14	70	21	17	13	34	50	30	16	4	32	68	49	50
Rv0964c	11	15	10	8	25	21	25	16	27	26	26	14	34	27	48	37	17	15	10	21	18	12	13	22	20	12	19	9	32	34	31	29
Rv0965c	60	97	101	161	149	123	123	106	111	121	100	56	130	70	120	95	55	81	50	93	72	63	51	77	83	55	66	43	58	77	80	90
Rv0966c	174	228	149	196	465	372	412	410	338	494	412	215	307	261	319	310	126	119	104	124	158	193	190	228	239	96	197	123	229	214	277	219
Rv0967	3249	2465	3027	2710	1629	807	1336	784	1576	805	1652	396	3587	498	3460	515	1307	1509	857	1399	572	434	510	564	825	166	371	167	2639	334	1636	333
Rv0968	1487	1283	1487	1510	1005	550	861	537	798	621	869	317	1884	376	1825	373	757	1060	455	867	630	458	416	455	745	173	292	186	2185	413	986	294
Rv0969	8258	7345	7950	8866	7974	4136	6756	3745	6175	4357	6123	1888	15171	2870	15044	3006	5116	7088	3237	5081	5452	4120	3181	3082	4592	1364	1803	1495	18478	4012	7913	2493
Rv0970	430	399	441	516	694	418	641	361	662	434	623	185	1350	284	1374	344	178	292	145	256	300	238	182	216	356	106	177	105	1088	307	624	253
Rv0971c	20	9	14	11	47	35	40	38	68	118	72	61	51	75	61	91	52	54	16	59	60	73	26	72	174	227	126	176	163	196	157	209
Rv0972c	35	26	50	31	97	130	79	113	203	395	240	172	227	268	167	307	163	130	83	124	131	218	85	190	688	729	445	476	570	661	608	736
Rv0973c	35	52	34	48	197	183	168	161	361	581	351	257	366	428	315	464	198	178	94	128	237	293	148	264	767	1002	481	571	805	969	740	995
Rv0974c	11	19	16	14	91	81	94	89	201	254	160	118	146	191	167	211	121	118	53	78	128	156	76	133	392	448	285	232	344	478	342	486
Rv0975c	22	8	13	17	68	104	59	66	172	241	165	106	142	155	143	194	121	70	39	72	89	142	68	126	360	373	214	208	297	370	288	384
Rv0976c	22	26	16	13	104	111	132	91	168	297	178	147	173	166	168	195	67	80	28	73	160	191	97	147	346	308	184	197	292	389	251	327
Rv0977	81	104	119	145	440	381	454	431	358	569	391	292	261	254	274	307	192	200	162	226	414	475	355	514	471	365	307	351	507	455	451	472
Rv0978c	2.19723	3.27836	1.07903	1.07062	3.27867	1.08067	2.2673	0	1.0942	1.02504	0	1.09697	3.34131	4.61121	2.18509	0	10.0952	8.74391	1.61E-40	15.0294	5.44157	6.3501	3.73E-39	5.8381	6.59277	4.44728	2.47065	3.26223	4.76352	6.92567	4.80987	3.48474
Rv0979c	0	1	1	0	0	1	3	0	0	3	1	0	1	2	0	0	4	3	4	5	0	0	1	1	2	1	0	2	1	0	0	0
Rv0979A	1	4	2	3	5	3	2	6	2	7	4	1	4	4	2	4	1	2	1	3	1	4	2	1	1	5	0	2	0	3	1	2
Rv0980c	5.11601	8.37142	10.2367	6.11857	19.8119	14.4274	25.1746	25.7389	18.4827	17.2246	13.596	10.156	29.0669	14.2454	24.8647	24.1176	21.4808	22.7365	7.38307	32.241	44.1777	20.5992	25.5	25.7668	33.1497	24.3404	16.747	11.2648	49.4437	46.6796	38.4747	38.7355
Rv0981	992	1081	757	1070	2179	2056	1750	1580	1296	1942	1316	799	622	622	564	763	294	372	803	750	538	551	1451	1872	648	335	1225	559	474	493	1905	2025
Rv0982	3112	3848	2374	2996	7185	6367	5265	4531	4513	6772	4458	2823	3026	2753	2502	2700	1842	1985	2632	2380	2234	2352	4023	4236	2469	1382	3424	2132	2476	2690	5604	6595
Rv0983	2056	2315	2279	3179	4981	4256	3969	3536	2437	3917	2481	1670	2596	2197	2419	2294	1350	1859	1379	1604	1996	2303	2711	3105	2198	1041	1916	2007	2399	2242	3180	4142
Rv0984	1357	1711	1462	2066	1784	1447	1438	1222	1065	1650	1087	744	951	860	898	892	1185	1308	868	1244	1062	1210	1225	1386	1077	692	847	858	1120	1122	1285	1717
Rv0985c	60	79	71	101	65	54	56	66	40	79	47	38	62	80	69	87	80	60	73	62	27	64	46	59	80	46	53	23	74	94	102	86
Rv0986	120	166	156	209	102	134	104	131	116	226	137	85	88	116	110	123	150	100	69	92	65	86	80	124	103	56	102	85	76	89	156	150
Rv0987	305	396	315	543	347	412	386	445	397	690	426	348	351	369	372	423	496	437	345	466	175	214	200	322	319	192	263	241	215	302	413	401
Rv0988	200	241	187	284	270	302	293	274	265	464	320	172	260	330	231	359	485	381	330	483	132	133	124	244	253	133	158	147	149	218	297	326
Rv0989c	18	25	19	22	39	29	49	36	21	29	33	10	24	20	24	45	50	33	32	60	62	65	68	90	116	38	61	63	121	77	139	153
Rv0990c	16	37	17	29	27	12	22	25	22	27	25	11	16	22	33	20	48	62	39	59	160	144	161	168	325	91	136	185	267	165	235	261
Rv0991c	39	77	59	107	47	41	55	62	53	68	55	36	35	34	48	49	82	99	117	117	475	490	480	526	1619	340	562	735	930	482	587	601
Rv0992c	124	199	101	170	178	135	146	106	101	185	125	73	134	104	103	106	87	84	54	106	60	60	60	72	73	41	47	60	76	114	88	119
Rv0993	376	398	362	422	1391	1159	1224	1057	821	1450	972	613	982	723	957	786	173	216	168	289	426	543	405	519	491	338	350	340	679	672	581	613
Rv0994	393	454	392	515	1551	1446	1483	1231	945	1734	1064	825	1485	1173	1343	1298	533	445	248	438	1003	1203	781	1062	914	780	505	668	1963	1968	1512	1636
Rv0995	89	92	71	116	578	505	525	506	337	505	384	216	428	364	364	391	98	91	71	133	210	278	195	362	177	140	153	179	362	352	350	437
Rv0996	51	71	56	74	1652	1582	1527	1598	912	1677	888	727	1153	1125	1178	1337	86	109	65	134	693	1120	762	1286	533	431	448	466	1006	1074	1240	1242
Rvnt15	1	0	1	0	0	1	0	0	0	0	0	0	0	0	0	2	0	1	1	2	1	1	1	0	0	2	1	1	0	0	0	1
Rv0997a	99	128	103	109	96	108	98	74	65	91	86	57	75	83	69	96	77	81	96	90	53	61	81	101	48	34	57	35	64	46	137	92
Rv0997	101	136	99	125	134	155	118	146	90	147	114	72	162	149	171	163	74	97	114	143	98	76	127	200	94	68	103	83	189	167	383	311
Rv0998	139	147	120	160	338	326	295	255	229	449	233	186	452	331	408	329	155	158	122	186	189	169	171	247	145	120	144	154	347	268	338	383
Rv0999	90	94	71	134	242	211	240	200	172	298	184	135	225	195	218	225	73	97	69	83	101	115	99	129	116	85	63	79	175	184	153	211
Rv1000c	89	93	62	81	333	352	316	331	321	475	301	181	321	309	342	333	74	79	53	77	115	154	125	215	143	104	83	157	214	238	182	275
Rv1001	338	416	287	411	366	334	329	297	269	472	283	192	280	306	333	316	145	212	188	242	118	138	127	165	175	141	80	100	244	233	177	216
Rv1002c	60	64	45	70	197	186	237	205	177	224	204	103	182	168	189	216	156	138	46	111	101	111	66	77	151	100	67	71	128	199	143	156
Rv1003	48	62	56	61	124	96	135	106	97	141	102	72	131	74	117	115	97	109	51	87	79	85	72	84	99	80	41	48	133	160	92	108
Rv1004c	177	256	192	326	1207	1511	1019	1260	1076	2793	1110	1419	768	720	649	661	254	375	185	367	1379	2104	1109	1734	1320	1705	663	1720	1255	1459	799	1157
Rv1005c	497	700	503	787	617	503	499	481	423	715	475	305	453	367	422	347	307	427	246	374	315	297	290	360	293	198	211	240	385	367	396	484
Rv1006	1049	1305	1146	1640	2656	2292	2678	2342	1621	2267	1744	996	1555	1254	1548	1620	601	845	915	1006	712	778	856	1009	877	538	678	680	777	716	704	980
Rv1007c	169	197	106	172	439	344	323	366	318	526	330	248	324	279	275	294	111	149	65	134	143	156	122	165	189	159	94	142	241	230	145	213
Rv1008	13	14	15	20	65	46	57	54	32	46	42	20	48	31	34	45	40	33	7	55	24	22	25	31	26	13	7	17	26	55	14	37
Rv1009	250	352	338	497	824	762	867	860	790	1107	780	572	1058	874	1095	1087	266	326	175	289	631	752	635	758	865	442	627	604	1138	1045	939	931
Rv1010	48	88	68	88	305	310	274	325	268	392	285	174	405	326	369	400	100	107	39	75	156	201	172	174	225	146	168	185	308	337	240	311
Rv1011	85	106	79	133	196	172	207	196	194	249	211	113	201	198	227	239	110	128	61	112	120	132	99	158	174	99	87	106	233	241	192	229
Rv1012	7	5	5	4	11	7	8	10	11	11	12	4	5	5	11	10	3	8	0	7	13	8	6	6	8	2	2	1	5	9	11	8
Rv1013	91	134	164	313	360	320	442	455	313	485	337	205	223	270	263	313	403	448	119	204	268	275	235	359	232	146	143	144	223	288	287	302
Rv1014c	11	10	15	21	26	28	41	44	20	18	23	13	25	14	21	17	25	26	4	35	16	17	15	18	28	21	9	15	14	34	17	39
Rv1015c	89	128	150	186	215	212	296	339	201	258	228	123	199	201	206	265	132	128	63	109	127	168	143	174	184	118	140	129	165	183	205	232
Rv1016c	75	100	68	108	116	82	106	111	106	181	115	59	127	125	165	158	73	73	37	73	49	57	32	64	98	47	54	52	84	82	118	109
Rv1017c	515	766	671	917	599	559	601	677	617	954	654	389	644	574	647	690	235	286	384	394	235	238	242	337	325	221	279	253	312	391	441	465
Rv1018c	301	436	396	539	537	497	613	624	404	759	465	304	561	443	588	539	200	232	146	222	207	267	210	274	271	207	197	243	382	366	388	384
Rv1019	207	287	180	239	299	279	251	195	230	430	217	194	208	223	195	213	173	190	140	184	166	230	199	299	230	128	150	152	209	179	274	290
Rv1020	339	413	247	381	1698	1331	1357	1127	1273	2300	1322	994	1830	1241	1563	1311	469	503	213	486	746	664	456	621	725	568	380	570	1466	1380	895	1128
Rv1021	89	126	102	142	333	294	332	281	305	493	296	206	340	296	364	345	116	122	75	136	107	102	102	141	151	88	78	115	194	203	201	267
Rv1022	158	219	125	189	374	366	336	357	300	508	304	187	376	306	351	374	211	187	119	212	143	166	108	195	190	133	88	122	237	290	218	286
Rv1023	304	381	447	589	701	695	705	718	501	761	497	351	618	522	672	610	251	295	251	320	264	340	227	349	281	223	189	245	527	516	366	483
Rv1024	60	77	74	105	203	177	203	196	125	185	139	95	171	139	171	172	56	59	38	77	74	115	52	105	60	45	38	57	145	140	108	146
Rv1025	30	52	31	49	135	120	113	102	72	108	71	64	100	91	72	98	44	39	45	38	65	60	45	72	46	34	24	46	86	83	52	92
Rv1026	19	31	19	26	130	99	124	116	87	149	77	56	104	95	79	89	51	54	28	54	50	55	35	61	51	40	24	43	73	120	49	91
Rv1027c	53	51	41	60	47	42	59	35	28	62	38	31	30	31	30	40	48	46	30	67	17	23	23	41	28	23	34	15	35	44	75	57
Rv1028c	341	389	243	348	453	326	310	272	234	437	244	187	282	244	200	242	282	314	128	267	198	180	158	221	219	146	138	116	218	274	277	310
Rv1029	26	30	22	29	54	71	60	108	38	48	33	22	46	55	63	68	118	68	28	79	55	25	22	42	59	41	27	11	53	90	62	76
Rv1030	38	57	28	54	148	154	137	158	92	137	115	56	137	131	131	182	172	170	69	174	92	97	55	82	115	72	55	43	155	228	127	184
Rv1031	30	25	25	30	34	31	42	36	46	36	35	24	31	31	26	43	26	33	16	36	23	26	24	23	21	12	20	17	19	45	47	28
Rv1032c	56	101	30	84	99	101	95	75	139	220	138	84	152	123	152	186	58	72	35	75	57	80	56	133	83	67	71	81	95	126	179	228
Rv1033c	154	301	130	277	71	124	94	99	181	246	194	116	190	177	183	198	280	180	174	164	96	184	117	337	269	187	179	166	241	316	286	317
Rv1037c	589.958	517.367	806.614	958.194	27.2491	22.7667	29.824	25.7146	10.5868	14.6031	11.6479	5.53753	10.6849	11.7022	12.7786	15.8118	545.661	699.929	233.315	605.576	27.1908	4.37421	20.1207	19.6987	31.7481	23.5588	11.5682	4.54711	13.7778	11.6398	14.5718	14.4111
Rv1038c	73.6245	64.9571	28.3017	60.9407	85.6381	76.3572	89.2806	78.2562	123.365	173.52	103.183	76.7663	33.1114	79.6992	54.6459	67.687	42.843	42.0479	49.1384	65.4546	40.0208	46.7523	108.124	79.0723	113.571	44.0069	118.117	37.7186	46.824	55.2312	124.003	133.865
Rv1039c	6	12	8	17	94	52	75	55	15	17	10	8	10	10	8	19	30	21	6	35	67	58	46	57	122	27	41	20	23	30	23	39
Rv1040c	11	20	14	28	143	79	97	61	17	31	12	16	23	19	14	13	30	33	9	38	79	133	79	98	249	86	95	43	29	46	35	37
Rv1041c	316.496	461.62	254.838	430.073	420.819	399.235	334.197	327.119	140.65	312.339	196.723	119.049	217.46	290.504	194.457	297.696	274.847	362.431	271.289	363.725	272.167	377.467	354.209	518.176	322.073	135.732	184.804	124.379	278.358	288.649	361.62	357.077
Rv1042c	303.027	326.222	180.886	272.345	176.087	186.741	182.432	167.613	143.719	230.052	146.561	102.88	130.639	116.185	125.198	174.705	51.5821	37.7437	148.652	165.748	106.583	133.865	192.102	166.531	120.992	69.6339	95.5515	52.4958	65.4585	80.9754	199.19	115.598
Rv1043c	26	45	28	32	255	250	190	199	221	365	228	150	713	522	566	472	75	60	33	73	82	96	147	220	111	75	129	112	340	377	441	468
Rv1044	104	117	92	128	134	86	98	82	81	121	71	51	53	39	51	48	35	43	41	54	40	42	54	65	44	30	49	32	25	40	48	53
Rv1045	64	71	56	65	96	97	96	70	39	68	37	26	20	43	22	44	44	46	34	44	29	30	59	47	42	18	22	15	22	31	50	38
Rv1047	3.2	0.0571896	4.17956	2.41869	3.63637	3.80002	5.67544	1.35584	12.9997	15.5554	17.7111	7.31009	17.329	20.8287	6.84139	13.3329	11.669	18.0352	4.16667	10.4466	11.6079	3.17956	7.50282	15.7258	32.8205	10.9015	11.6665	14.5454	21.8954	26.8594	25.4502	20.5904
Rv1048c	76	108	57	108	46	46	48	43	63	90	89	53	64	57	66	61	78	64	65	94	185	78	321	200	1009	139	406	404	316	143	389	251
Rv1049	21	42	34	31	55	46	60	34	36	65	35	24	29	35	31	27	54	31	14	37	31	37	34	46	44	20	35	18	42	42	63	50
Rv1050	15	14	9	9	10	8	12	11	7	12	6	9	15	15	19	25	48	41	10	32	18	8	4	4	21	12	5	5	16	30	22	43
Rv1051c	9	10	2	5	3	2	5	3	4	0	0	0	6	2	7	3	34	32	3	38	17	3	5	8	20	8	4	1	3	22	6	15
Rv1052	77	86	51	57	29	33	25	17	38	59	34	18	54	25	32	33	31	23	32	34	20	19	21	26	32	18	16	16	17	26	29	34
Rv1056	22	43	31	64	61	63	57	61	53	82	59	40	59	68	50	77	48	35	36	53	41	58	41	64	48	38	47	36	68	74	92	107
Rv1057	3505	5272	2749	4848	3490	4408	3142	3631	4247	7247	4269	3145	2242	2461	1838	2483	2401	2618	3183	2648	2140	2784	5027	7627	4279	2530	6349	4992	2281	2510	7670	7751
Rv1058	287	454	222	376	351	380	276	258	369	639	352	284	320	282	240	292	237	244	170	239	199	194	259	323	467	260	518	587	247	347	605	644
Rv1059	220	271	199	245	258	290	217	210	257	395	262	168	286	289	286	291	195	163	139	170	125	125	133	156	214	136	249	180	212	202	360	298
Rv1060	44	65	64	91	99	88	106	113	89	140	83	38	80	77	93	113	64	66	53	89	51	69	44	93	94	45	67	48	69	85	110	121
Rv1061	66	78	65	102	125	116	105	142	106	173	132	63	146	157	170	182	70	63	53	90	66	68	65	104	92	67	73	68	116	143	157	198
Rv1062	17	21	28	18	71	44	57	46	45	64	47	29	60	63	79	82	49	28	21	58	40	35	30	37	30	21	24	37	35	64	51	75
Rv1063c	185	200	122	199	394	340	306	277	279	536	272	209	264	280	211	237	92	149	99	114	140	154	139	200	148	101	93	111	199	207	162	171
Rv1064c	15	16	13	18	19	21	24	26	23	32	31	13	16	16	18	22	13	19	14	25	19	17	20	25	26	17	19	14	10	11	23	21
Rv1065	298	378	261	440	307	274	275	251	574	650	641	331	311	282	328	331	149	334	216	359	222	235	212	294	462	255	462	345	402	385	514	467
Rv1066	90	123	90	161	82	65	80	64	167	204	166	97	90	92	85	79	101	165	94	163	128	119	70	125	232	135	162	145	201	172	185	200
Rv1067c	52.5264	60.5241	81.0376	108.223	151.244	132.361	147.405	117.88	96.9678	157.708	84.6632	84.3343	173.407	119.891	155.973	128.404	67.2653	91.9168	38.6799	91.7574	183.396	195.357	105.149	152.856	122.197	120.162	59.2515	107.703	285.119	259.118	156.34	156.212
Rv1068c	9.47357	16.4759	13.9624	8.77745	71.7557	76.6395	72.5946	83.1202	64.0321	132.292	61.3368	63.6657	82.593	96.1095	78.027	96.5961	26.7347	37.0832	13.3201	35.2425	72.6037	79.6432	50.851	56.1436	61.8029	74.8376	32.7485	43.2968	133.881	167.882	62.6602	114.787
Rv1069c	97	82	62	82	332	313	340	324	339	535	320	248	411	339	406	448	180	151	91	157	131	150	83	147	187	149	110	139	275	341	212	244
Rv1070c	63	102	108	146	214	197	190	196	148	262	144	116	221	219	239	238	80	96	35	97	90	88	68	100	103	71	61	79	209	198	128	150
Rv1071c	77	87	73	137	176	181	167	203	142	226	133	95	171	154	212	185	68	88	33	83	98	94	72	90	98	76	54	83	119	116	94	103
Rv1072	14460	16505	14425	18948	12131	10949	10427	10091	10015	17419	10090	7124	13684	10654	12229	11928	5118	6313	7899	9355	6456	6697	12627	14915	17664	4959	13126	11641	12731	9619	21568	20072
Rv1073	1136	1453	1299	2059	1345	1379	1433	1471	1245	1793	1396	843	1828	1875	2056	2356	853	1019	1467	1845	1015	1254	2718	3356	2735	695	3069	2744	2494	1845	7209	6835
Rv1074c	1185	1546	1211	1753	1893	1803	1707	1709	1581	3058	1723	1256	1622	1504	1559	1576	722	862	734	827	671	879	639	1014	897	652	599	644	1082	956	976	990
Rv1075c	13	19	6	17	92	79	101	97	103	199	101	56	79	77	67	86	32	29	8	34	47	49	64	84	70	42	46	28	45	65	124	109
Rv1076	70	82	65	65	1941	1475	1554	1287	785	1706	858	811	487	727	437	718	91	88	39	100	654	687	909	1827	602	367	633	578	414	521	1262	1177
Rv1077	1006	1212	755	1095	2415	1984	1794	1667	1471	2737	1460	1186	1242	1338	1007	1280	595	640	406	621	917	1077	836	1377	995	752	693	825	941	1066	1156	1216
Rv1078	66	97	127	217	257	280	359	434	269	316	260	149	248	297	294	409	113	121	86	107	118	167	113	158	195	147	140	128	268	333	275	277
Rv1079	26	46	28	63	183	207	235	281	195	276	223	142	203	341	219	396	140	122	39	102	95	134	73	146	149	122	115	106	174	265	225	265
Rv1080c	1488	2247	1746	2671	2677	2417	2440	2288	1757	2401	1766	1188	2705	2639	2501	2700	798	978	1056	1326	1188	1373	2130	2568	1307	654	1460	1465	2046	1774	3305	3741
Rv1081c	21	32	18	34	43	26	49	31	32	45	47	14	46	31	44	37	16	21	19	31	29	33	22	29	31	18	24	16	22	25	33	34
Rv1082	445	540	441	632	428	381	369	344	303	583	336	247	418	397	369	454	360	416	295	405	205	267	232	337	298	167	241	195	348	326	457	466
Rv1083	80	130	73	100	71	40	62	56	62	77	60	32	60	56	53	60	54	75	76	111	32	36	35	55	49	29	36	36	60	42	78	74
Rv1084	140	169	98	183	299	255	249	212	195	403	221	171	332	250	307	287	166	221	83	249	218	243	157	235	230	175	130	168	414	435	299	456
Rv1085c	25	47	27	47	175	105	142	113	96	159	121	62	115	78	93	88	39	47	17	49	51	51	33	42	60	36	27	39	63	74	57	76
Rv1086	469	462	246	375	671	492	495	443	459	792	517	307	412	353	336	310	321	293	259	286	306	355	333	408	318	199	249	259	331	359	528	483
Rv1087	260	362	338	440	1164	881	987	870	460	768	414	352	397	357	364	351	394	518	334	557	1191	1185	1081	1420	585	481	467	468	737	694	692	635
Rv1088	2	9	6	5	11	11	14	10	3	18	7	6	10	6	6	7	19	11	7	17	19	8	14	17	9	15	4	9	11	20	9	10
Rv1088a	0	1	0	1	0	0	1	1	0	3	1	0	0	1	1	1	0	2	0	1	2	0	0	0	0	0	0	0	0	1	1	2
Rv1091	424	549	666	838	2308	1839	2223	1817	1714	2402	1521	1216	1521	1257	1302	1303	631	856	592	849	2150	1910	1717	1937	1742	1462	1131	1242	2651	2168	1813	1650
Rv1092c	159	200	78	139	368	373	238	291	291	588	304	203	467	429	375	349	89	66	74	86	69	67	49	92	84	70	35	52	123	130	102	161
Rv1093	421	520	442	628	1300	1260	1264	1236	953	1593	940	663	1149	996	1098	1052	364	382	382	416	448	513	509	628	443	332	337	437	794	812	794	825
Rv1094	5650	6767	5412	8414	21452	19986	17830	18094	13230	23615	14208	10151	12265	10329	10974	10880	3221	3184	3976	5815	4783	6314	7276	10379	3875	3678	3736	5625	4564	4825	5275	8020
Rv1095	1848	2330	1529	2298	15336	14626	13334	12646	7455	13101	7186	5874	8470	6589	7707	7482	1163	1607	1249	1480	5375	6622	4597	6639	3513	2999	2268	4631	6695	5970	4985	6651
Rv1096	99	138	115	172	353	386	407	390	179	293	213	111	229	242	227	281	161	132	128	126	245	278	287	429	170	94	122	163	210	204	330	312
Rv1097c	76	90	81	130	170	193	188	231	151	222	164	98	216	187	203	206	89	78	68	124	65	76	53	76	67	68	58	74	136	175	101	122
Rv1098c	451	562	553	694	949	834	967	981	637	1024	700	396	1033	855	1057	1062	352	324	299	395	296	308	215	315	316	247	172	277	661	667	447	482
Rv1099c	314	447	378	513	572	561	570	552	483	756	507	307	740	561	667	644	241	253	268	300	194	223	182	209	281	179	128	190	405	369	299	315
Rv1100	455	624	320	490	769	599	518	485	575	986	559	475	493	513	421	488	262	267	206	308	250	334	294	421	416	261	211	218	345	400	402	441
Rv1101c	109	177	95	202	610	564	540	484	167	259	129	106	134	129	146	161	161	174	125	169	223	257	229	365	116	57	82	68	94	120	124	124
Rv1102c	59	83	27	65	102	87	80	74	25	40	23	12	33	20	22	16	31	38	34	37	29	34	61	63	17	15	14	19	15	20	27	25
Rv1103c	146	194	132	244	202	189	182	178	70	94	51	33	50	37	36	44	76	89	125	101	90	120	150	194	57	23	45	23	26	33	49	53
Rv1106c	118	155	131	170	355	352	305	313	284	479	340	197	362	321	347	349	224	185	101	153	216	215	191	305	279	184	163	185	274	365	308	363
Rv1107c	112	124	77	104	229	213	216	185	205	383	200	189	229	200	191	195	100	75	50	83	89	88	83	140	120	81	101	118	119	172	164	246
Rv1108c	205	289	126	216	1259	1146	962	969	941	1733	900	718	1180	875	1091	950	142	174	94	155	392	502	315	501	339	317	295	480	750	679	573	778
Rv1109c	2344	2726	2309	3100	2370	2565	1961	2178	2331	4151	2510	1696	2609	2316	2096	2115	1675	1946	1449	1859	870	1147	1055	1804	1288	921	962	932	1273	1378	1708	1949
Rv1110	1705	2044	1245	1895	2734	2353	2055	1916	2130	3463	2052	1408	2115	1613	1769	1767	637	789	818	979	891	1007	1296	1686	1124	650	1082	1018	1309	1239	2048	2218
Rv1111c	115	130	155	133	398	458	408	508	277	505	308	211	355	255	342	355	140	131	78	95	97	153	128	174	155	105	117	125	165	177	216	172
Rv1112	34	41	23	28	57	61	67	77	57	66	59	34	63	48	66	60	78	74	19	98	26	23	26	36	62	38	30	32	44	80	78	79
Rv1113	5	3	3	5	4	2	2	0	2	4	2	0	3	4	1	2	19	15	3	15	1	2	0	2	8	5	4	2	8	9	4	5
Rv1114	78	82	57	89	69	60	42	51	49	92	49	35	51	56	56	62	68	71	47	93	46	25	35	48	47	29	44	28	51	64	78	53
Rv1115	36	65	65	60	56	61	54	76	56	78	50	43	59	43	48	49	77	71	31	72	37	32	29	47	59	34	23	20	41	74	80	65
Rv1116	0	0	1	0	1	1	0	1	0	0	0	0	1	0	0	1	3	2	0	3	1	0	0	0	0	1	1	0	0	0	0	4
Rv1117	189	251	164	234	265	253	211	211	311	469	341	191	290	212	290	252	65	78	112	117	70	83	141	150	168	79	159	111	120	95	255	217
Rv1118c	25	29	30	26	26	19	20	32	19	37	29	16	22	24	23	34	29	34	18	39	18	13	18	30	24	14	21	7	25	38	36	43
Rv1120c	37	31	18	30	12	13	9	7	11	23	11	11	16	18	14	20	27	36	14	50	18	6	7	14	12	8	7	4	12	32	12	21
Rv1121	290	356	240	257	822	668	613	631	531	950	581	402	871	667	853	807	208	222	230	265	272	302	210	344	292	203	184	244	510	508	445	520
Rv1122	229	215	216	291	477	436	431	418	356	683	382	286	566	423	473	554	275	221	192	299	183	199	162	254	253	158	134	215	388	394	338	463
Rv1123c	68	89	72	99	132	122	156	124	129	181	109	103	130	116	117	131	113	114	121	134	74	80	66	83	93	76	71	72	122	116	91	141
Rv1124	45	54	53	67	119	86	76	71	64	132	75	59	130	84	113	105	71	73	44	84	56	61	22	46	70	50	30	49	89	119	54	75
Rv1125	34	32	23	34	65	57	69	65	59	85	54	36	89	87	91	90	63	66	25	74	40	35	16	34	64	48	28	33	75	111	62	91
Rv1126c	135	163	104	146	166	161	159	133	122	217	153	83	182	168	148	167	93	93	118	118	57	64	68	100	65	63	55	62	121	122	150	162
Rv1127c	457	595	402	563	699	691	548	563	492	840	480	368	784	650	635	682	318	385	392	476	259	279	235	368	246	196	214	247	419	459	487	576
Rv1128c	215	266	166	251	198	279	165	254	184	339	196	120	514	426	464	415	142	126	172	206	50	82	81	110	127	117	51	165	274	279	238	228
Rv1129c	393	833	298	803	352	776	320	704	465	1045	418	408	986	632	757	625	160	173	518	292	148	187	418	349	179	223	217	863	232	172	448	331
Rv1130	1417	3640	1514	4535	1399	3573	1723	4651	1882	4035	1815	1514	3077	2031	3136	2269	617	1054	1543	1152	1059	1664	3358	2463	1494	1470	2261	3061	1619	1018	4585	1404
Rv1131	1014	2483	1235	3719	1041	2621	1298	3427	1317	3013	1349	1132	2175	1567	2385	1937	332	515	1408	1013	1044	1463	2856	1964	1335	1616	2083	2507	1266	837	5214	1338
Rv1132	284	419	291	515	412	934	443	986	461	1042	503	430	809	546	815	746	315	271	483	476	448	741	762	821	753	908	717	957	698	609	2143	849
Rv1133c	1193	1446	2256	3093	6503	5970	6627	6799	4517	9570	4789	4568	4113	3770	3874	4684	1460	2253	1461	1944	5190	6751	3410	4868	3819	4795	1940	4662	4717	5498	2609	4340
Rv1134	0	2	1	0	1	1	2	0	2	2	1	0	3	1	1	3	1	3	1	3	1	0	0	3	1	1	0	0	2	1	1	4
Rv1135c	58	95	63	83	130	169	120	149	64	192	80	77	59	88	82	90	122	135	45	137	86	112	77	165	79	58	50	63	65	79	99	143
Rv1138a	1	2	1	2	2	2	4	2	3	0	5	0	2	4	1	2	15	8	1	15	3	1	1	1	6	7	0	0	5	12	3	15
Rv1138c	151	168	142	176	144	116	137	127	108	176	104	62	165	133	183	175	80	78	46	103	56	52	31	58	74	48	39	45	102	105	95	131
Rv1139c	229	265	200	256	117	106	102	111	75	129	73	57	155	123	142	128	75	89	62	123	54	63	48	66	75	27	37	34	81	78	93	102
Rv1140	61	83	44	60	130	112	115	108	100	167	96	67	132	125	159	155	75	67	50	77	47	62	34	42	58	45	32	41	91	93	77	75
Rv1141c	68	89	77	103	116	92	99	90	109	143	102	59	75	69	62	81	60	76	45	76	81	74	57	91	89	56	73	47	59	82	80	79
Rv1142c	225	231	187	255	540	526	360	364	363	590	343	256	468	384	347	331	74	85	101	149	153	171	180	250	118	109	110	157	139	150	184	281
Rv1143	109	124	142	157	221	196	214	226	159	276	152	113	160	181	160	184	148	118	103	156	122	115	99	147	142	78	67	80	106	148	85	157
Rv1144	46	52	42	74	75	54	72	81	47	66	56	40	46	44	42	52	47	84	33	51	63	64	43	55	51	30	25	27	35	51	23	30
Rv1145	115	146	119	147	88	94	108	68	79	109	76	45	65	60	80	101	75	81	44	88	46	33	39	58	63	41	57	34	50	56	67	103
Rv1146	105	170	129	151	217	151	221	159	199	338	239	156	278	218	246	252	162	170	118	215	154	143	108	160	266	146	173	154	252	263	282	323
Rv1147	9	23	11	17	22	23	34	19	33	60	35	24	37	45	45	40	44	30	25	45	22	20	17	22	43	30	40	30	42	63	57	94
Rv1148c	678.009	711.262	591.911	827.717	360.389	332.947	304.213	281.692	242.99	481.519	240.604	159.262	752.99	678.434	662.067	618.586	689.182	769.22	517.623	695.773	128.638	155.745	191.78	215.146	190.372	83.6249	119.418	124.652	493.04	403.358	454.783	514.694
Rv1149	288.48	484.165	280.273	448.581	317.092	224.022	245.369	206.268	190.631	285.609	163.715	134.072	169.9	247.309	119.345	148.601	93.5704	109.825	169.059	142.528	68.2487	113.669	167.689	213.295	166.934	69.6339	155.645	95.1249	145.184	106.377	199.19	238.326
Rv1151c	198	222	162	206	138	118	145	133	189	320	211	111	226	186	183	214	105	111	123	191	94	113	127	131	140	72	135	103	162	159	259	266
Rv1152	118	144	118	164	201	181	165	156	136	251	138	139	212	198	177	214	113	118	112	118	95	100	115	171	130	77	68	86	154	148	186	236
Rv1153c	58	62	26	35	85	86	82	70	52	105	53	25	80	76	80	83	33	37	21	54	38	32	33	43	52	24	30	23	35	56	70	91
Rv1154c	152	167	103	150	191	162	152	129	138	241	133	92	176	185	136	155	53	65	43	69	42	56	62	86	96	37	60	34	81	67	145	134
Rv1155	280	333	225	319	319	284	259	266	193	362	180	131	216	177	157	182	92	105	140	166	91	142	156	218	102	88	97	122	116	97	152	210
Rv1155a	108	128	91	86	51	50	48	39	56	102	53	46	70	69	55	57	37	37	50	51	42	41	42	57	41	33	40	39	44	52	55	75
Rv1156	2090	2471	1678	2202	3787	3439	3034	3058	2826	5296	3046	2320	3275	3222	2791	3358	1059	1123	1155	1211	1547	1961	1541	2449	2159	1473	1309	1692	2756	2604	2793	3194
Rv1157c	5	7	5	5	176	169	187	180	108	168	104	62	125	105	104	128	23	18	1	22	55	75	75	143	42	40	60	47	60	91	164	119
RVnc0012	0	0	0	0	1	2	0	0	0	1	0	1	0	1	0	0	2	0	0	0	0	1	0	1	0	0	0	0	1	1	0	1
Rv1158c	0	2	2	6	62	59	78	75	44	72	42	18	44	45	44	36	10	9	1	10	19	26	31	43	15	16	26	24	22	39	50	48
Rv1159	189	243	160	212	477	489	374	376	323	495	299	216	285	216	270	245	82	107	72	145	134	158	183	272	159	100	139	128	112	136	225	254
Rv1159A	521	491	433	484	279	242	186	192	203	465	233	203	232	231	185	184	169	164	227	220	80	114	210	265	155	83	191	84	81	110	264	252
Rv1160	50	63	55	61	87	67	95	77	57	92	59	42	55	37	55	39	31	35	27	51	25	40	48	66	50	26	50	42	27	29	47	43
Rv1161	33780	39862	32546	43770	34304	27968	29047	24009	18698	32665	19059	14667	15468	12422	13187	12681	29157	27624	16935	21454	19113	20867	19774	25328	24770	11926	18256	13210	15938	13657	16228	16850
Rv1162	8547	8985	6737	9303	7382	5822	6198	5283	4790	8508	4834	3545	3954	3324	3291	3424	4077	4556	3022	3947	3160	3238	3205	4505	4055	2208	2987	2839	3332	2910	3233	3769
Rv1163	592	690	490	646	893	671	706	604	535	916	549	405	442	378	410	353	245	331	236	305	299	327	295	466	296	182	275	285	309	311	309	422
Rv1164	966	1026	705	1008	1291	1097	1120	919	928	1548	940	621	708	527	632	602	196	276	306	352	341	392	383	623	398	242	418	393	396	326	459	628
Rv1165	693	999	514	898	2115	1771	1811	1409	1443	2533	1508	1134	1484	1178	1238	1318	608	626	396	494	786	910	656	1193	826	595	696	906	1272	1169	1103	1507
Rv1166	211	320	184	316	1037	891	902	834	789	1371	799	542	790	676	618	753	272	298	130	219	448	552	384	604	542	351	347	401	688	682	582	847
Rv1167c	190	252	183	252	363	397	324	336	394	512	402	242	353	371	323	318	91	95	160	171	388	304	444	502	1278	249	515	492	530	379	598	675
Rv1168c	102	179	114	273	219	248	202	286	376	580	363	214	190	216	204	227	138	120	315	333	2636	2540	2378	2645	9418	1664	3337	3627	2823	1959	2147	3354
Rv1169c	28	68	43	96	37	64	44	60	56	105	80	30	42	47	35	27	77	25	131	123	813	977	728	1013	2884	559	1035	1192	877	655	620	973
Rv1170	47	62	66	96	117	101	145	106	111	173	144	86	63	75	83	93	44	72	27	76	130	89	133	115	177	60	143	97	103	73	156	131
Rv1171	33	56	38	57	147	115	127	105	131	150	124	90	64	63	61	79	14	26	31	46	53	75	61	112	140	51	95	81	56	52	99	101
Rv1172c	172	207	161	243	648	652	787	814	517	764	539	359	432	430	543	617	226	162	194	193	369	420	464	573	683	283	461	394	498	461	743	695
Rv1173	1032	1238	721	1023	3682	3177	2882	2671	2401	4284	2414	1739	2720	2417	2483	2594	653	735	607	750	1078	1274	901	1238	1143	873	602	911	1585	1676	1238	1643
Rv1174c	615	860	844	1242	1029	944	943	932	744	1203	754	489	580	551	620	617	292	437	420	589	348	447	638	738	449	247	441	374	384	348	767	712
Rv1175c	242	357	344	477	616	573	641	611	447	621	439	312	548	446	574	526	236	285	224	358	264	290	330	325	328	204	250	288	382	358	379	487
Rv1176c	24	38	30	36	72	60	64	64	53	51	54	35	46	41	65	47	25	30	22	31	44	29	44	53	47	24	34	39	41	39	65	65
Rv1177	670	892	756	1059	1470	1394	1240	1212	840	1732	966	726	985	863	906	856	447	448	485	546	402	546	524	754	467	366	310	469	700	616	597	641
Rv1178	549	884	561	948	4927	4638	4117	3886	2450	4740	2431	2105	3134	2016	2783	2309	556	652	424	572	1892	2444	1461	2018	1352	1167	783	1450	2682	2209	1581	1810
Rv1179c	341	445	296	456	188	108	180	95	213	227	211	90	190	95	186	112	228	261	178	281	96	53	70	47	190	59	82	39	235	157	202	129
Rv1180	3365	3831	4063	5409	217	97	202	79	411	403	382	150	313	141	322	140	1327	1791	1319	2086	78	47	45	49	359	89	145	53	347	131	228	109
Rv1181	12749	12224	13380	16089	692	366	686	379	1159	1223	1231	475	839	432	896	514	7028	8090	6769	10003	367	255	217	265	1983	803	415	290	1664	810	605	527
Rv1182	1973	1956	1805	2065	70	30	74	37	151	144	171	62	81	60	110	85	1311	1421	1974	2663	52	40	21	43	496	153	66	51	422	158	112	116
Rv1183	3388	4124	2692	3988	321	206	271	236	613	551	662	241	329	318	329	336	3125	3247	4542	5524	157	120	114	191	1231	349	160	183	1334	777	340	498
Rv1184c	1566	2214	1394	1904	79	68	64	64	350	394	294	132	311	138	209	115	495	441	676	807	29	13	15	31	193	49	160	26	198	81	257	102
Rv1185c	4363	5338	4042	5337	646	572	568	486	896	1276	927	432	1122	585	900	566	2463	1843	2246	2808	195	203	291	370	598	253	353	252	789	441	754	567
Rv1186c	25	35	22	28	212	185	153	158	52	97	47	36	51	53	47	54	71	75	32	80	133	90	136	202	71	45	46	49	59	91	90	75
Rv1187	1905	2369	949	1534	788	555	584	506	1104	2117	951	791	446	583	270	513	681	756	392	649	253	264	313	461	824	367	767	479	479	483	1371	781
Rv1188	226	251	114	158	194	146	138	89	269	490	217	207	75	99	63	106	101	122	110	167	62	60	75	125	222	98	271	125	118	115	566	303
Rv1189	70	83	52	79	62	70	57	67	1	0	0	0	64	71	60	74	45	51	40	67	35	22	43	65	0	0	0	0	68	73	280	203
Rv1190	29	41	41	38	29	30	41	28	0	0	0	0	45	47	26	47	32	48	27	52	25	19	24	23	0	0	0	0	50	53	111	135
Rv1191	15	35	32	54	45	37	42	45	0	1	0	0	37	36	34	53	23	32	13	49	34	28	35	26	0	0	0	0	43	70	66	83
Rv1192	638	922	610	1051	1526	1589	1390	1460	114	168	100	73	385	343	369	405	382	432	263	320	1320	1316	1643	1400	106	43	96	58	354	379	394	395
Rv1193	115	144	103	203	441	407	425	415	71	94	90	41	271	293	324	319	184	184	92	201	321	269	271	284	76	47	58	35	243	299	297	359
Rv1194c	732	1249	752	1448	636	611	675	660	498	544	504	255	297	262	286	329	634	613	466	511	496	382	630	480	273	152	303	210	225	217	422	289
Rv1195	1581	2458	2818	4325	525	392	568	354	928	813	853	323	257	119	202	152	358	813	337	1033	98	141	96	100	201	116	175	126	80	61	63	50
Rv1196	29011.9	40155.7	43494.3	65247.9	10688.7	7115.5	9599.35	6288.02	16303.1	15633.6	14810.5	6244.77	3029.64	1777.08	2543.17	2042.65	18493.6	24524.6	7969.75	25189.1	3719.27	3665.46	2446.88	2715.47	6943.91	3710.64	4197.17	3616.68	1641.86	1323.17	978.655	938.393
Rv1197	19226.6	21222.4	23373.3	29097.6	1749.85	1184.9	1715.32	1240.78	3708.3	3795.01	3720.88	1573.88	953.827	700.895	880.218	840.271	15310	18590.1	7840.33	17115.2	856.608	809.014	552.511	697.392	2365.49	1069.68	1115.97	888.858	523.215	528.155	528.08	439.152
Rv1198	792.681	976.675	1031.17	1235.97	1408.13	976.918	1325.42	903.861	2707.94	2871.61	2645.19	1199.69	760.885	505.181	735.399	591.646	1026.89	1015.16	370.375	846.013	1335.12	1133.76	841.946	668.35	3171.28	1440.03	1231.63	1037.56	582.71	672.661	334.939	357.062
Rv1199c	3.2	5.95401	6.23066	10.872	14.5454	13.3	18.1212	3.27613	0.000394787	1.66694	2.9243	0.0348637	0.00656498	0.0144167	0.756258	10.0006	24.4965	17.0768	8.75	4.52287	19.5882	26.2307	27.7458	35.5484	9.86347	1.23571	7.53E-05	8.18197	3.65692	18.2501	20.8247	41.6321
Rv1200	153	264	93	150	796	709	561	549	438	596	449	260	587	465	441	475	154	199	93	153	194	228	233	304	266	107	171	222	261	247	432	522
Rv1201c	163	184	140	206	324	303	383	389	242	391	241	147	247	236	281	323	191	213	125	155	157	163	105	133	171	126	78	92	196	214	176	169
Rv1202	103	120	117	171	198	173	190	207	148	252	181	107	236	207	234	271	97	121	79	111	107	131	115	152	138	94	86	102	199	209	229	278
Rv1203c	5	10	13	7	21	20	20	14	14	16	15	9	19	23	21	28	20	28	12	37	44	35	17	40	52	16	17	14	46	49	29	51
Rv1204c	28	35	29	48	90	86	95	95	69	129	81	64	110	117	115	151	66	91	30	83	92	62	52	73	81	52	60	59	125	183	97	166
Rv1205	702	880	704	928	479	485	428	542	702	1239	791	517	805	682	734	708	331	347	380	383	178	189	230	344	369	234	316	260	430	387	558	557
Rv1206	230	276	278	384	414	431	434	463	440	833	532	363	550	463	518	556	186	224	153	252	164	193	164	258	269	200	249	230	329	361	482	559
Rv1207	301	367	294	402	529	548	516	480	460	641	430	311	543	476	485	587	218	223	188	245	166	238	202	329	264	164	166	210	359	414	390	411
Rv1208	118	125	104	162	373	336	353	358	271	394	260	170	334	261	314	346	109	108	102	151	136	124	124	168	162	107	127	132	218	233	245	315
Rv1209	191	193	160	267	398	378	323	302	320	520	304	217	416	369	366	333	78	128	128	156	137	125	150	199	130	99	149	151	207	197	268	299
Rv1210	115	138	97	122	281	237	234	241	215	386	227	153	308	250	308	263	104	90	94	142	84	117	118	147	116	87	82	117	155	199	214	264
Rv1211	128	162	145	202	79	81	60	54	57	114	68	55	62	65	36	59	140	115	85	137	46	66	58	89	53	42	28	54	44	42	48	38
Rv1212c	66	74	49	75	65	39	49	43	49	73	48	31	65	65	66	68	68	79	52	86	54	37	35	56	66	45	41	27	53	76	56	77
Rv1213	707	739	357	584	699	514	454	465	603	1112	606	396	788	828	581	675	290	281	256	334	175	205	192	300	340	238	226	197	438	452	471	618
Rv1214c	2	5	5	8	13	18	9	5	19	43	27	18	16	16	13	27	8	4	2	3	12	8	8	11	18	9	5	7	14	23	15	30
Rv1215c	189	211	165	277	576	434	580	457	267	451	324	197	365	283	429	318	232	279	170	258	289	271	230	302	315	182	129	163	351	336	288	365
Rv1216c	296	372	264	353	1134	544	1073	484	241	289	247	127	799	282	889	343	161	239	152	193	649	263	422	329	555	105	155	128	667	244	379	317
Rv1217c	709	897	525	827	4084	1775	3583	1611	727	951	757	341	3212	970	3085	1075	464	682	299	480	2555	1392	1491	1048	1777	553	449	525	3217	1286	1344	1021
Rv1218c	697	825	396	572	2873	1270	2240	924	573	577	462	189	2486	754	2156	758	341	382	262	265	1866	1462	1464	1049	1924	485	403	729	2193	990	1060	846
Rv1219c	802	1071	460	608	2363	1037	1890	843	462	487	379	173	1913	615	1681	572	295	281	417	400	2533	2211	2144	1732	3003	932	745	1445	2050	1041	1137	1118
Rv1220c	24	41	25	30	575	581	456	476	302	619	331	259	560	468	463	381	49	44	24	46	189	223	180	251	160	93	90	168	298	252	215	280
Rv1221	3352	3995	3052	3859	2516	3595	2204	2637	2011	3071	2115	1360	1640	1814	1474	1642	2817	1926	4817	3787	5870	5663	7426	10403	19730	3973	7902	8877	8929	4487	9328	9443
Rv1222	200	231	170	238	663	580	560	414	372	686	379	274	468	383	366	336	91	139	155	180	367	297	428	604	830	195	392	487	521	367	628	718
Rv1223	1691	2211	1808	2552	7211	6055	5981	5214	4709	8157	4906	3538	5658	4512	5060	4665	1556	1477	1778	1841	3136	2963	3781	4553	6399	2040	3559	3582	5382	3907	5674	6313
Rv1224	166	204	160	249	847	704	761	620	566	1067	650	492	810	639	699	681	163	166	181	173	310	333	335	557	629	257	389	481	854	682	752	854
Rv1225c	12	28	17	21	87	64	47	45	60	73	50	23	58	39	45	38	40	35	14	27	42	35	26	30	54	28	20	19	47	68	40	51
Rv1226c	101	119	56	79	366	255	271	245	189	336	155	161	338	292	284	309	181	145	64	158	250	267	115	203	209	161	79	128	442	473	235	279
Rv1227c	34	35	21	22	101	71	102	88	72	110	67	52	126	96	84	90	31	49	22	37	84	92	51	69	69	51	19	41	147	140	66	101
Rv1228	10	31	14	30	23	17	21	15	14	28	23	13	20	13	12	14	22	29	17	33	12	13	16	28	17	11	19	10	11	22	24	28
Rv1228a	0	1	1	0	1	0	0	2	0	0	0	0	0	2	0	0	1	1	0	5	1	0	1	1	0	1	0	0	2	1	2	3
Rv1229c	570	646	497	615	1041	924	972	843	824	1371	815	537	1088	927	993	1059	316	406	460	479	363	455	356	437	373	335	348	355	782	837	770	855
Rv1230c	125	132	95	185	272	288	316	306	172	281	174	146	228	179	180	196	65	67	77	115	125	134	185	235	120	70	172	81	147	159	363	274
Rv1231c	47	66	51	78	80	78	77	82	65	116	51	51	95	98	91	94	35	45	42	64	26	24	29	34	35	19	24	24	53	62	46	55
Rv1232c	161	214	126	176	465	356	363	328	395	583	341	228	530	423	521	506	125	158	90	154	134	180	111	172	190	107	90	131	421	390	242	327
Rv1233c	75	93	69	120	334	327	262	263	256	426	258	156	369	281	317	290	61	69	62	100	93	125	72	86	106	90	49	92	199	200	114	142
Rv1234	209	237	166	267	296	236	261	251	205	397	224	178	185	195	191	238	114	123	81	122	128	149	118	138	145	83	97	105	137	143	151	157
Rv1235	187	257	112	192	472	425	438	363	308	524	336	236	286	276	275	362	169	164	104	146	185	199	156	239	227	143	147	152	248	290	332	319
Rv1236	61	85	94	120	322	262	288	288	211	383	238	164	174	196	211	206	107	99	81	101	86	118	96	138	127	93	100	103	139	174	182	235
Rv1237	24	20	23	33	101	110	94	113	98	180	111	54	76	88	77	118	41	44	34	52	37	46	34	55	53	28	47	45	53	68	63	124
Rv1238	269	401	330	482	240	231	242	255	280	382	301	166	200	269	226	278	275	251	173	304	129	121	129	224	214	139	178	116	168	226	322	280
Rv1239c	133	166	201	234	128	85	144	141	35	42	45	31	26	39	42	61	131	120	97	120	80	83	83	104	53	36	25	23	35	66	86	47
Rv1240	173	193	204	271	408	419	456	445	370	620	391	273	479	488	509	557	175	160	98	135	170	198	114	154	175	133	108	125	296	356	214	212
Rv1241	61	65	62	90	89	66	81	101	77	95	73	42	74	71	77	95	42	49	27	26	43	38	38	46	32	38	38	26	44	50	32	50
Rv1242	15	19	6	16	20	30	23	33	22	26	28	10	35	27	41	49	21	24	12	12	10	20	13	17	25	8	9	8	26	38	24	25
Rv1243c	47	57	65	59	218	168	195	165	153	162	120	101	348	215	309	264	122	140	85	148	207	168	106	157	144	95	89	100	567	452	337	268
Rv1244	11	15	27	21	117	93	95	89	69	122	84	30	84	64	91	105	31	38	11	27	40	50	36	31	49	36	12	37	71	63	62	75
Rv1245c	155	230	193	254	463	395	403	384	318	487	297	215	602	475	647	533	153	159	130	198	196	209	145	218	173	143	127	157	426	396	335	416
Rv1246c	15	21	7	14	15	7	8	13	12	23	10	7	12	17	11	14	10	20	9	11	10	8	8	16	12	9	10	8	13	15	29	32
Rv1247c	31	33	27	34	28	12	12	15	15	29	20	7	21	17	22	12	10	19	16	21	18	14	16	17	11	8	20	13	10	13	24	28
Rv1248c	1159	1515	1482	2123	2967	2822	3018	3120	2279	3484	2440	1579	2199	2493	2262	2982	1305	1523	1371	1785	1527	1965	1873	2751	1950	1311	2007	1571	1910	2141	3728	3625
Rv1249c	65	109	119	173	186	179	182	180	116	232	134	96	137	115	120	160	59	103	81	109	105	111	118	181	124	76	90	109	114	119	139	199
Rv1250	99	154	162	217	176	195	182	173	161	249	152	91	103	155	118	143	162	151	115	197	129	99	99	143	121	98	100	78	99	168	155	161
Rv1251c	24	39	25	26	161	215	209	290	93	123	106	64	98	145	103	155	130	144	30	163	126	153	103	170	128	81	70	55	133	229	152	205
Rv1252c	7	8	2	5	45	69	67	75	18	33	16	17	28	30	25	34	23	28	5	23	45	33	15	43	33	8	22	8	30	43	29	52
Rv1253	272	373	235	339	350	319	274	291	286	508	261	166	298	292	272	298	158	180	183	264	125	101	152	200	194	124	181	116	172	206	278	304
Rv1254	84	122	79	136	233	194	189	188	167	246	161	114	222	166	177	238	88	97	71	147	69	74	81	114	87	76	89	74	128	169	225	231
Rv1255c	6	14	8	27	37	33	33	31	21	30	30	19	55	49	51	44	25	34	18	13	26	25	39	30	44	10	24	34	57	59	61	62
Rv1256c	17	29	15	24	68	69	56	60	35	59	52	26	85	68	74	91	47	49	21	44	75	41	91	58	129	38	65	46	135	122	118	143
Rv1257c	282	388	218	402	752	811	635	798	536	894	547	416	737	717	676	773	261	319	211	314	296	494	307	489	344	292	294	283	664	724	606	677
Rv1258c	29	35	21	34	44	177	60	196	22	81	17	28	130	144	139	158	81	49	18	80	43	89	51	89	45	48	38	28	86	155	76	112
Rv1259	20	20	13	18	16	27	22	25	15	37	19	16	29	17	24	26	53	30	20	47	24	27	19	13	35	33	12	16	48	58	38	53
Rv1260	445	436	321	391	439	443	368	390	438	762	507	261	655	526	658	579	254	207	199	238	97	134	100	148	184	136	110	122	267	262	208	311
Rv1261c	134	179	101	144	123	136	108	95	121	180	122	78	142	124	103	127	57	61	48	86	42	49	52	80	62	42	61	46	50	72	125	119
Rv1262c	143	165	122	179	125	108	95	132	132	176	127	71	148	110	128	134	45	74	77	89	36	36	65	95	60	55	63	59	58	54	104	124
Rv1263	27	28	26	33	47	59	60	78	45	70	44	28	74	62	71	61	50	70	16	62	51	36	21	34	63	40	21	25	76	88	55	66
Rv1264	1031	1155	978	1363	2117	2008	2006	1894	1585	2705	1646	1240	2176	1955	2019	2047	665	700	813	921	939	1313	837	1148	1043	803	659	964	1757	1841	1194	1679
RVnc0013	1312	1719	1512	1799	268	241	258	229	275	475	240	315	72	87	84	103	3886	2861	1372	2593	654	768	481	915	925	762	310	469	256	246	101	160
Rv1265	920	1050	1180	1549	1053	768	1410	883	540	1022	613	734	778	691	707	809	387	523	781	1058	649	696	1003	1074	696	331	721	515	604	648	1316	1250
Rv1266c	246	310	282	372	291	301	278	277	212	370	241	149	237	228	229	232	162	213	179	237	143	145	147	217	220	134	140	113	155	166	216	208
Rv1267c	9	21	16	20	29	18	27	21	16	24	18	12	24	31	29	39	46	30	16	42	28	27	13	18	31	20	18	6	30	42	28	41
Rv1268c	10	15	9	8	14	12	15	17	19	29	19	14	17	28	20	45	19	13	7	21	15	8	4	21	48	33	48	21	31	42	122	85
Rv1269c	4	9	11	11	14	15	9	18	13	13	16	10	19	25	19	29	12	19	6	31	14	15	14	19	35	27	19	16	21	31	43	25
Rv1270c	83	123	120	171	128	156	168	170	138	192	200	93	164	136	182	224	81	83	54	123	64	70	61	115	128	73	106	61	105	131	188	123
Rv1271c	2	18	9	9	18	27	26	20	14	36	23	12	17	11	28	23	5	11	5	9	7	6	8	11	13	8	13	6	5	14	12	24
Rv1272c	174	197	132	208	731	691	574	631	462	818	472	366	686	611	638	602	156	162	109	199	254	258	211	357	264	160	178	240	348	372	321	488
Rv1273c	116	118	90	117	503	493	430	462	311	487	339	225	452	354	396	374	109	101	60	139	106	113	117	221	118	76	102	103	185	250	191	282
Rv1274	127	160	153	234	340	312	346	355	256	436	265	181	318	280	312	340	203	165	162	173	138	196	168	225	197	138	186	164	283	300	375	327
Rv1275	89	129	111	181	274	218	278	267	189	354	207	160	211	226	226	265	82	114	125	132	179	190	167	206	164	150	146	142	197	229	283	293
Rv1276c	2	2	2	4	3	3	2	3	2	6	3	1	7	6	3	4	5	3	2	10	6	2	2	5	10	6	4	2	1	13	5	3
Rv1277	269	277	259	305	721	597	659	603	484	831	549	341	1176	896	1264	1082	309	263	262	273	264	299	191	261	243	155	122	167	1128	894	767	625
Rv1278	235	219	217	310	966	747	915	890	581	1066	614	474	1456	1208	1525	1432	256	299	219	313	456	461	284	340	348	264	246	322	1595	1360	1024	1048
Rv1279	106	104	133	144	403	345	382	392	297	499	305	195	641	605	612	692	113	121	131	169	127	157	124	191	126	97	134	117	464	466	541	565
Rv1280c	338	366	239	371	417	464	340	440	368	573	412	250	642	648	591	712	355	281	361	461	171	200	175	293	239	186	217	212	372	470	496	694
Rv1281c	54	82	58	75	176	188	173	191	162	279	150	117	345	293	298	374	168	143	94	192	87	92	63	133	114	106	73	74	249	301	207	330
Rv1282c	21	41	24	43	124	125	96	110	86	151	80	61	203	157	182	189	52	53	41	70	34	48	27	63	59	46	25	46	143	147	118	130
Rv1283c	88	143	79	117	271	296	254	285	227	384	210	177	535	378	468	469	139	94	88	143	120	118	99	142	145	124	80	117	372	382	292	391
Rv1284	41	75	51	85	31	49	37	71	49	64	67	35	68	95	69	84	45	56	29	48	40	48	44	83	67	35	97	25	65	61	175	103
Rv1285	4040	4934	3031	4782	1172	1288	919	1051	581	1299	524	502	660	596	563	603	1419	2022	1637	2827	1722	1694	2296	3620	3627	910	1630	1818	2302	1263	2436	2930
Rv1286	3434	4181	1806	2876	838	1014	583	676	540	1259	555	539	748	503	475	515	1180	1296	1257	1777	908	773	1129	1710	1744	493	874	1074	1493	813	1728	2264
Rv1287	164	190	69	164	88	99	71	70	94	178	80	72	102	77	84	86	60	68	68	106	56	62	65	81	106	44	67	72	112	101	152	200
Rv1288	115	162	80	115	137	167	115	142	114	243	119	84	119	114	139	140	121	125	82	175	96	65	93	119	177	79	92	109	168	157	199	264
Rv1289	125	132	78	103	244	225	208	174	168	330	188	136	204	196	178	193	87	92	49	81	71	94	68	97	97	79	62	88	97	116	96	129
Rv1290c	67	71	49	80	102	110	95	100	83	160	94	59	162	168	138	171	73	72	50	102	45	38	43	77	65	47	40	48	114	159	111	158
Rv1290A	13	12	8	9	4	8	7	2	1	3	5	1	11	11	11	11	29	28	9	38	11	2	2	8	14	8	5	4	14	15	16	30
Rv1291c	0	1	3	1	1	1	2	1	2	0	4	0	1	1	0	3	2	5	1	4	4	2	6	2	6	3	1	2	4	2	5	4
Rv1292	91	149	103	139	292	321	295	357	203	331	232	142	265	245	260	301	225	183	118	156	124	119	109	164	135	98	93	117	163	186	198	192
Rv1293	223	289	273	400	764	786	783	829	555	913	627	421	739	673	644	817	462	448	342	394	283	397	287	426	328	260	237	309	542	616	469	637
Rv1294	235	273	252	348	1105	974	954	1010	644	1199	765	525	948	917	851	1029	572	533	476	556	513	650	468	612	460	346	333	449	880	971	653	938
Rv1295	211	215	193	288	1143	1053	961	987	782	1387	841	555	1050	1024	957	1075	478	436	456	518	498	610	404	699	432	358	298	460	977	1064	637	912
Rv1296	70	99	57	103	394	372	374	359	304	485	301	204	366	297	329	393	190	194	223	247	288	294	241	309	674	206	229	329	533	448	358	485
Rv1297	3661	4220	4976	5974	31396	29226	33276	31624	19762	30461	24073	14059	15897	13737	15802	16542	3665	4230	6523	6323	12787	13644	19475	19493	18500	7550	15873	13818	13834	11740	18303	19091
Rv1298	1213	1340	1147	1330	2719	2407	2704	2598	1818	2869	2286	1258	1779	1459	1735	1672	649	591	921	771	976	938	1417	1697	1893	714	1213	1330	1412	1157	1690	2037
Rv1299	810	939	708	1067	4173	3742	3878	3603	2239	3952	2631	1796	3508	2734	3121	3109	744	734	775	894	1668	1706	1967	2379	2135	1007	1377	1972	3185	2445	2804	3330
Rv1300	480	550	402	656	1991	1869	1778	1727	1180	2181	1310	927	1843	1331	1572	1497	348	399	410	476	693	786	709	912	696	464	462	703	1201	978	1030	1343
Rv1301	320	400	248	382	1440	1296	1176	1131	914	1584	950	695	1303	918	1155	1022	271	303	265	336	581	697	511	703	537	407	388	620	1237	974	831	963
Rv1302	276	250	198	245	380	343	319	315	272	447	264	150	433	286	348	325	143	155	122	151	110	135	121	150	137	85	149	115	250	232	319	267
Rv1303	438	574	377	484	618	540	552	536	459	726	435	290	463	465	489	548	304	294	202	302	259	390	225	335	357	237	167	231	340	347	333	392
Rv1304	208	249	194	223	360	298	344	387	218	370	240	156	232	220	283	273	177	159	113	160	168	251	113	228	184	159	98	133	165	201	168	199
Rv1305	42	43	46	58	60	59	77	78	60	95	55	25	50	67	66	83	22	33	31	34	25	55	31	54	46	53	27	36	36	60	43	70
Rv1306	396	459	388	513	547	558	541	570	442	770	493	320	499	561	402	625	317	371	236	297	294	428	219	368	405	303	215	260	380	468	365	399
Rv1307	701	799	656	975	1505	1495	1497	1553	1235	2076	1368	891	1263	1530	1267	1772	883	887	543	720	736	1042	520	1027	886	707	509	678	1038	1311	865	1232
Rv1308	570	691	716	960	1267	1251	1222	1411	1176	1813	1196	800	1063	1463	949	1562	933	877	566	816	616	879	527	927	833	727	537	708	827	1276	825	1324
Rv1309	508	550	514	648	781	888	766	799	776	1212	842	504	801	1220	693	1170	808	649	572	760	323	508	319	688	525	475	345	497	591	935	586	927
Rv1310	1330	1349	1325	1698	2368	2604	2262	2495	2512	3978	2655	1745	2562	3465	2010	3526	1747	1669	1591	1619	1031	1589	918	1801	1217	1426	827	1565	1870	3122	1450	2871
Rv1311	343	373	283	389	349	416	308	367	405	676	470	308	342	573	301	578	497	430	350	431	239	348	197	372	329	335	165	314	285	543	285	511
Rv1312	155	151	152	187	284	306	242	303	263	413	294	210	278	371	221	395	191	193	156	203	215	352	125	305	241	224	130	272	325	539	186	405
Rv1313c	142.609	173.868	100.333	186.715	346.5	305.875	244.645	262.762	243.786	313	261.018	137.5	160.345	190.5	133.01	198.257	109.5	143.116	96.5	138	229.675	196.734	245.5	362.545	188.319	98.8621	205.77	133.478	171.509	142.951	266	310.536
Rv1314c	216	274	213	289	254	296	206	262	222	358	249	185	258	217	244	268	89	67	126	164	96	120	144	216	154	70	119	112	151	110	250	245
Rv1315	274	401	268	390	987	798	881	837	902	1335	894	590	671	634	658	752	249	279	221	272	512	669	774	873	829	411	727	642	624	543	978	889
RVnc0021	7	11	11	14	32	19	30	19	19	24	21	14	7	6	4	10	16	7	8	19	31	29	48	52	28	19	24	15	19	11	29	23
Rvnr01	33701	46337	55411	69314	42472	47025	46955	39485	51183	93106	38837	58026	42832	29993	47602	48367	34426	34121	18440	62919	91429	167285	121048	123525	109059	88585	73966	135466	118993	193054	59104	102133
Rvnr02	47699	62130	80678	97795	64340	71249	71509	60681	75759	134165	55753	85619	59147	40337	68443	68228	43566	49861	26371	84361	137198	250553	178514	187400	149923	123367	100778	201126	153278	239865	75986	134896
Rvnr03	11	5	3	20	7	5	7	3	5	15	7	6	5	3	4	8	12	11	1	9	15	22	13	15	22	16	10	17	15	25	20	17
Rv1316c	149	190	147	219	156	161	129	141	108	221	120	62	200	154	229	183	106	119	111	138	69	84	62	87	70	61	31	51	94	93	114	106
Rv1317c	377	407	251	385	690	582	491	498	422	788	408	295	898	713	789	714	200	245	219	276	194	208	168	246	138	122	104	146	470	369	345	372
Rv1318c	146	184	126	153	140	135	147	123	130	197	127	88	179	138	177	166	113	131	45	135	70	51	49	80	106	63	56	43	109	136	119	121
Rv1319c	103	135	96	135	252	227	237	249	254	403	264	217	380	319	327	326	139	124	60	152	91	84	64	91	145	122	75	89	202	237	186	230
Rv1320c	215	290	250	321	871	821	814	866	625	1002	711	423	822	710	862	772	202	137	94	173	187	233	245	341	401	216	243	265	374	385	479	601
Rv1321	360	434	381	508	430	366	519	433	417	612	470	290	319	305	396	451	226	233	280	333	184	225	213	268	359	156	264	215	226	243	365	375
Rv1322	24	30	18	38	38	25	21	29	29	50	42	20	26	16	29	21	15	18	18	22	14	14	17	33	30	16	15	27	28	25	29	35
Rv1322A	5107	5828	4401	6282	6206	5874	4880	4710	5347	9366	5420	4062	4882	4619	3699	4266	1754	1983	2592	3217	1835	2391	2247	3414	2313	2007	1733	2643	2193	2550	2592	3712
Rv1323	4740	5836	4263	6097	6025	5387	4876	4637	3955	7773	4270	3138	5079	4353	4529	4481	2771	2934	2988	3304	2176	2552	2832	3555	2551	1691	2213	2343	3547	3304	3806	3995
Rv1324	2190	2441	1670	2232	4540	4458	3799	3898	3879	6738	4101	2760	4508	3805	4197	4112	1177	1308	1490	1336	1608	1855	1445	1887	1821	1409	1265	1979	2679	2534	2150	2811
Rv1325c	171	191	237	271	367	296	356	288	338	522	332	251	424	336	356	321	236	298	203	336	416	364	255	315	402	341	220	257	765	670	387	414
Rv1326c	378	444	332	410	634	608	554	522	623	1166	615	468	906	853	881	923	572	453	328	480	227	271	213	310	400	271	231	279	662	704	538	680
Rv1327c	813	811	735	888	978	952	822	776	1008	1952	1037	720	1661	1413	1530	1543	870	633	721	728	356	529	415	630	633	438	476	537	909	954	1062	1246
Rv1328	304	323	304	411	658	660	716	771	653	1138	755	527	876	861	804	998	528	488	309	465	437	500	285	405	560	486	304	401	973	1138	575	799
Rv1329c	65	83	55	97	164	160	160	152	141	228	133	85	199	169	195	195	110	116	57	124	105	85	65	88	93	71	54	69	190	251	189	233
Rv1330c	74	95	68	64	139	127	112	96	92	149	108	57	145	121	133	143	73	98	38	87	58	69	40	78	81	39	26	43	117	129	102	133
Rv1331	1340	1488	1062	1394	841	782	603	642	847	1436	817	576	1065	1002	689	893	462	387	880	889	235	242	526	703	396	213	440	367	391	313	830	891
Rv1332	547	735	504	726	678	556	456	491	478	932	454	369	649	637	578	553	235	277	317	473	236	325	315	483	333	179	296	282	306	372	562	656
Rv1333	190	228	136	225	996	869	724	680	716	1109	622	513	1012	685	860	703	167	281	130	229	343	379	301	378	397	242	253	332	659	597	552	705
Rv1334	94	115	89	111	278	249	198	227	218	353	212	136	374	319	339	312	189	143	124	119	84	90	108	152	232	75	117	109	331	244	327	362
Rv1335	31	28	25	24	89	75	74	62	65	95	70	38	80	55	101	85	19	25	30	30	38	47	34	38	55	33	22	32	78	56	69	101
Rv1336	175	221	157	248	798	714	652	648	645	1052	610	424	921	777	856	809	285	269	199	283	312	303	273	365	378	233	228	325	746	694	671	880
Rv1337	290	291	258	323	966	856	827	681	671	1159	733	487	985	779	848	869	359	295	265	332	260	347	291	474	403	278	304	373	716	620	805	938
Rv1338	48	77	55	77	377	387	346	334	299	487	341	204	455	352	434	384	95	85	57	89	131	129	123	191	147	92	106	173	252	250	312	446
Rv1339	463	626	234	477	777	759	679	641	913	1341	911	593	836	701	784	784	281	268	201	184	303	277	315	319	516	269	394	386	488	475	697	730
Rv1340	197	230	159	302	732	688	687	720	706	1100	743	459	676	574	645	719	199	199	147	172	266	317	266	344	401	222	302	291	470	421	532	645
Rv1341	44	50	38	47	155	159	184	142	177	224	131	107	164	123	132	177	48	54	31	52	68	65	63	66	58	54	68	72	78	99	122	160
Rv1342c	38	46	32	57	45	42	43	34	29	41	39	20	28	19	23	29	14	21	17	23	20	23	28	30	27	13	25	28	21	12	50	32
Rv1343c	48	48	51	68	55	69	58	56	60	80	61	30	42	47	55	59	25	28	33	45	32	39	49	62	53	23	45	39	26	41	78	71
Rv1344	23	39	28	32	40	24	43	32	29	42	24	18	29	39	25	22	22	21	10	21	29	13	24	23	26	21	20	14	33	22	28	25
Rv1345	111	147	104	124	637	484	615	481	478	778	464	315	512	392	482	399	150	173	104	156	348	327	234	260	299	240	158	282	489	526	310	428
Rv1346	272	319	211	299	521	389	478	443	359	603	437	261	384	354	418	398	259	236	181	247	276	275	199	253	303	200	178	229	364	381	310	392
Rv1347c	18	27	21	22	26	29	29	30	30	25	22	22	11	12	19	16	43	37	9	37	18	6	13	20	27	19	21	13	13	23	8	36
Rv1348	81	87	76	118	414	341	419	384	239	360	262	163	277	271	324	362	222	216	83	175	319	326	211	306	247	141	164	166	333	389	313	398
Rv1349	28	35	12	23	117	91	115	112	90	110	95	52	73	56	52	104	88	83	16	76	119	84	44	62	76	59	30	43	70	126	57	95
Rv1350	264	310	171	259	208	178	138	131	133	242	137	96	165	141	140	145	104	127	93	129	68	46	53	83	109	56	48	54	64	82	76	117
Rv1351	42	60	39	53	32	45	40	35	24	44	30	22	42	39	36	35	23	26	22	23	17	16	12	24	21	18	19	9	23	15	29	18
Rv1352	365	433	387	484	162	147	180	168	145	226	167	100	79	119	113	130	247	217	226	302	103	111	105	162	147	64	130	62	99	110	179	152
Rv1353c	10	19	14	9	15	27	16	23	22	27	14	8	26	23	23	26	26	39	13	37	21	10	7	9	16	12	6	11	21	36	22	34
Rv1354c	57	77	44	66	62	60	38	54	42	78	51	22	63	56	69	58	69	69	26	79	37	18	13	27	49	27	19	13	36	67	58	67
Rv1355c	73	97	63	69	98	93	85	87	84	118	82	60	117	92	100	101	156	148	59	139	61	30	36	59	81	58	44	41	51	131	88	133
Rv1356c	38	51	38	41	25	36	26	27	17	29	20	9	26	32	15	23	106	97	36	100	38	31	23	41	57	26	24	17	39	75	55	57
Rv1357c	7	8	3	0	2	1	5	0	3	3	1	0	3	2	3	1	35	17	4	32	11	2	2	5	10	7	0	1	7	28	8	14
Rv1358	232	233	271	262	129	115	130	81	235	296	271	134	179	151	186	168	315	299	106	323	133	65	59	92	239	125	125	69	110	258	192	239
Rv1359	15	25	10	12	17	12	17	8	11	14	9	9	15	7	17	21	49	43	5	62	19	12	11	8	25	19	8	8	9	33	31	39
Rv1360	701	831	414	626	1081	1131	893	948	749	1395	782	535	995	825	839	904	498	373	508	467	287	354	303	603	352	240	320	381	384	452	584	772
Rv1361c	2686.89	3808.98	3568.08	5171.72	1188.33	1127.42	988.43	893.559	1211.58	1460.48	1246.72	567.465	1584.21	1068.22	1414.53	1218.52	1703.05	2160.77	1865.06	2377.93	452.403	470.054	369.952	437.256	799.502	411.154	511.342	410.8	992.996	943.607	823.767	913.809
Rv1362c	85	104	111	124	99	89	81	96	61	114	86	54	84	75	79	85	84	53	87	94	40	40	48	75	47	29	64	35	47	62	136	128
Rv1363c	246	270	234	330	166	186	200	211	152	236	177	118	184	168	182	213	238	191	198	232	62	110	98	177	138	66	159	75	143	143	347	237
RVnc0015	123	139	143	181	47	33	37	39	30	62	38	25	38	37	41	41	193	143	131	209	15	39	19	61	51	28	41	25	44	43	129	87
Rv1364c	534	689	578	697	464	410	449	425	343	683	408	302	494	466	494	550	404	463	354	425	207	215	230	341	287	167	244	206	364	401	596	624
Rv1365c	13	17	21	22	34	28	35	31	36	29	24	20	20	29	30	35	8	15	7	16	17	14	25	37	26	11	25	12	24	22	42	33
Rv1366	155	190	159	197	118	116	141	145	124	196	133	84	160	217	176	219	110	135	159	150	58	61	61	81	109	70	68	67	92	107	120	109
Rv1366A	96	104	110	108	56	50	48	62	42	72	45	36	55	51	45	83	40	60	75	88	26	44	34	53	57	29	29	23	61	34	47	47
Rv1367c	65	90	57	105	82	100	105	88	113	163	97	75	82	107	108	114	109	99	81	119	60	70	64	70	95	49	82	63	106	133	179	162
Rv1368	626	793	655	845	541	520	641	605	590	950	741	464	676	662	657	786	482	511	445	649	282	444	356	526	555	402	448	318	578	731	765	817
Rv1371	156	190	139	175	11	11	16	10	56	102	95	45	70	65	78	73	143	152	120	196	31	16	11	23	81	46	75	44	52	82	145	132
Rv1372	625	830	473	764	243	220	184	201	206	460	214	175	239	370	199	387	297	291	225	343	96	130	75	155	235	83	67	65	233	218	153	221
Rv1373	135	141	102	145	85	80	101	85	49	105	79	47	69	102	58	134	132	146	73	123	88	89	51	86	99	45	43	24	115	131	92	119
Rv1374c	11	14	5	12	32	32	27	21	10	30	16	12	29	23	15	27	20	12	7	16	11	12	16	15	10	6	6	8	10	18	21	25
RVnc0035	1	1	1	2	3	3	10	7	1	2	2	1	0	1	1	2	2	1	1	4	8	2	4	5	4	3	1	0	3	1	1	0
Rv1375	221	323	322	568	2846	1598	3692	2966	1030	1755	1465	778	383	493	640	1025	1840	2684	6041	8376	3216	2992	1816	1187	3713	1973	1215	540	2514	1372	1929	955
Rv1376	93	116	86	123	1213	743	1336	1086	519	806	667	331	277	322	401	547	787	641	1419	1489	891	835	419	350	1263	469	398	196	1094	620	858	429
Rv1377c	131	173	136	166	243	242	219	256	208	367	237	159	311	225	272	258	87	123	76	134	102	114	129	211	137	75	88	181	191	200	194	327
Rv1378c	624	806	729	1201	1429	1382	1169	1271	1428	2621	1637	1200	1404	1117	1284	1215	586	1043	477	1025	784	954	674	1165	1022	854	423	1040	1640	1390	853	1611
Rv1379	14	14	17	28	86	97	108	131	87	107	98	78	56	85	88	127	53	56	26	44	49	49	49	72	80	52	46	43	81	103	50	84
Rv1380	15	17	10	24	75	85	78	76	85	105	86	53	62	94	73	106	47	58	18	49	45	51	19	45	62	62	14	42	63	130	47	79
Rv1381	28	47	28	52	130	137	125	138	124	170	118	96	101	155	107	176	85	72	22	72	96	108	49	86	113	78	46	69	144	260	88	159
Rv1382	14	15	19	16	28	35	35	43	46	47	50	23	30	55	28	51	39	31	8	27	25	22	13	28	18	30	16	17	35	95	29	55
Rv1383	26	29	29	54	95	89	102	110	112	173	96	59	80	165	88	182	101	81	38	93	64	82	36	68	70	52	33	48	111	236	76	165
Rv1384	120	153	93	131	391	495	373	509	623	828	614	371	476	1037	370	959	417	435	268	397	286	446	173	346	429	352	225	288	556	1375	376	896
Rv1385	20	30	14	18	52	79	45	53	92	107	102	46	59	131	54	139	59	64	28	78	49	64	26	64	64	46	31	59	66	220	45	140
Rv1386	96	108	78	111	352	287	348	378	279	416	303	158	293	310	315	359	55	79	81	112	107	87	239	142	85	54	91	79	140	141	294	234
Rv1387	870	1063	682	1009	4144	4233	3787	4009	3151	4761	3211	1986	3602	3313	3699	4028	727	808	1123	1010	1631	1528	2542	1919	949	732	1017	1149	2372	2269	3329	2644
Rv1388	271	406	474	663	685	604	777	774	531	812	646	397	750	791	852	1060	527	606	408	441	505	513	417	399	539	403	301	386	824	875	786	721
Rv1389	41	59	64	116	180	200	238	299	191	247	213	118	227	295	245	438	119	160	72	105	166	201	105	194	252	185	126	138	285	372	253	318
Rv1390	1613	1777	1147	1562	1789	1585	1413	1484	1109	2587	1387	1103	1348	1530	1260	1397	797	776	1020	810	735	1077	1055	1415	1160	660	853	941	1060	1073	1436	1441
Rv1391	471	659	478	704	2077	1899	1658	1636	1281	2468	1377	1017	1469	1237	1393	1337	493	549	403	461	823	968	824	1010	870	653	657	962	943	1030	1003	1378
Rv1392	11671	15102	12438	18500	8765	7626	7210	6253	5475	9573	5635	3993	4321	3638	3708	3833	4905	6791	4725	7799	3074	3498	3861	4485	4100	2197	3744	3167	3206	2716	4331	4548
Rv1393c	207	241	150	232	342	304	237	299	208	397	218	164	172	202	158	208	156	189	107	154	347	250	227	277	369	162	235	103	358	242	411	392
Rv1394c	517	593	327	482	835	926	578	728	525	921	566	411	424	488	327	467	283	315	246	331	815	746	582	919	910	394	633	308	743	559	1144	1042
Rv1395	18	37	23	31	53	40	37	36	59	75	41	35	60	45	45	52	39	32	40	42	58	34	43	43	78	20	38	35	79	59	91	67
Rv1396c	973	1299	1256	1699	6001	5300	5112	4624	3431	5082	3279	2499	3883	2730	3145	2705	1472	1740	960	1423	7127	6857	6005	8939	5002	2965	3026	4680	6121	5034	4648	7343
Rv1397c	2401	3343	1757	2867	4233	4212	3701	3561	2854	4992	3221	2089	2039	2453	1861	2592	1595	1793	1632	2518	4346	4637	4790	10380	4342	2274	3102	4194	2076	2545	4293	6708
Rv1398c	2505	3323	2622	4028	3308	2989	2908	2765	2720	4634	2925	2149	1853	2015	1630	2010	857	1243	1777	3009	2710	3094	4294	7901	3207	1854	2870	3027	1513	1719	3703	4877
Rv1399c	50	59	45	49	145	134	127	129	113	196	109	93	127	113	128	145	40	51	21	48	69	66	46	65	69	62	50	62	113	125	102	97
Rv1400c	76	72	68	92	197	209	219	217	165	318	182	119	236	186	242	190	53	59	50	53	169	168	89	143	145	123	59	126	200	168	100	162
Rv1401	243	282	203	307	441	396	417	359	287	454	249	212	336	237	320	315	94	133	89	154	155	157	191	217	163	95	130	131	239	230	206	300
Rv1402	109	133	86	155	537	513	503	375	301	564	360	252	537	368	449	349	94	184	70	164	367	411	271	335	258	219	162	298	634	548	355	521
Rv1403c	278	360	305	467	392	324	296	270	186	499	199	180	140	214	135	192	301	317	268	353	463	386	363	529	445	171	202	199	315	230	481	320
Rv1404	677	912	842	1284	1375	1385	1226	1184	977	1803	950	691	904	755	724	770	362	477	356	603	647	889	943	1686	710	553	591	711	548	584	642	800
Rv1405c	10578	14885	6742	11092	16014	13295	11328	10209	7884	19256	7633	8132	6160	7261	4512	6332	4267	5138	7977	6877	11243	9088	14097	10133	12244	3274	6986	4279	7708	3719	13446	7291
Rv1406	78	115	96	100	212	215	208	193	167	332	162	117	279	231	285	212	92	113	66	87	125	133	119	125	90	70	71	88	340	250	170	206
Rv1407	61	94	61	91	288	254	237	205	213	317	228	142	340	261	338	288	90	121	58	133	172	162	148	144	153	79	92	150	354	290	238	259
Rv1408	282	313	161	273	682	635	541	567	555	1016	556	405	739	582	599	594	153	164	151	165	181	194	164	209	182	142	105	183	363	374	226	315
Rv1409	295	366	211	354	862	790	739	701	624	1170	668	530	791	645	692	661	186	235	170	243	352	404	237	309	355	265	144	264	606	570	347	396
Rv1410c	1564	1850	1454	2066	6233	5561	5066	4841	4323	7889	4093	3332	4253	3271	3766	3579	881	1264	1055	1394	2226	2674	2088	2732	2088	1815	1462	2242	3198	2828	2243	2686
Rv1411c	656	825	522	805	1404	1490	1139	1278	1189	2244	1269	834	1290	1067	1122	1056	318	362	330	369	385	508	543	730	515	377	461	420	598	588	689	607
Rv1412	71	73	63	111	122	88	111	85	74	137	79	52	126	114	126	139	56	89	61	86	81	81	73	105	96	62	55	62	94	100	138	104
Rv1413	25	26	22	33	31	19	41	32	24	44	24	26	18	22	33	40	19	31	19	39	39	23	38	34	27	16	23	26	32	57	38	49
Rv1414	5	6	7	3	5	4	8	11	4	11	7	12	8	13	12	15	8	12	9	17	11	6	8	9	5	5	11	5	9	11	13	24
Rv1415	2260	2824	1757	2307	3296	3058	2462	2339	2017	4005	2055	1640	2480	2058	2081	1970	849	817	1169	1227	759	825	986	1453	856	599	741	867	1049	917	1207	1652
Rv1416	542	676	431	620	1003	875	750	722	614	1232	698	522	665	594	640	587	224	269	308	383	261	340	317	440	281	249	248	296	381	362	516	580
Rv1417	266	400	196	280	679	577	529	523	393	884	470	354	494	430	395	384	204	187	203	276	164	201	200	366	208	146	229	242	277	275	377	445
Rv1418	223	269	184	276	344	355	309	300	297	406	245	172	358	288	364	351	153	157	162	183	125	137	137	204	141	96	122	107	186	184	255	290
Rv1419	4930	7199	3447	5617	920	852	751	711	843	1418	818	529	693	724	537	679	1239	1191	1052	1157	370	444	492	692	682	310	497	412	422	378	719	561
Rv1420	581	733	460	637	968	933	879	851	716	1254	803	541	1061	951	993	1091	605	608	400	507	513	553	450	622	634	388	341	404	893	979	797	909
Rv1421	216	296	224	292	538	431	457	483	366	664	418	269	537	507	486	568	264	273	246	261	238	255	201	276	273	191	138	193	505	508	401	513
Rv1422	280	304	258	343	697	601	624	603	537	936	519	424	805	710	667	731	283	331	311	375	412	468	305	404	408	337	208	327	961	990	595	733
Rv1423	320	391	343	470	807	662	656	667	653	1100	679	457	849	814	783	924	359	386	423	532	394	465	335	459	468	323	287	346	858	940	608	846
Rv1424c	94	130	48	91	104	112	73	89	88	166	73	69	134	120	96	112	72	40	46	61	66	49	34	64	82	44	32	42	61	88	76	98
Rv1425	812	1002	559	804	1039	1014	780	737	753	1189	694	494	936	857	879	778	247	290	372	371	255	293	329	545	322	227	280	233	373	408	685	761
Rv1426c	80	86	62	87	220	210	171	174	208	294	192	92	224	261	208	310	91	100	89	144	101	116	56	113	126	90	77	110	182	260	133	259
Rv1427c	110	140	77	146	270	275	251	237	244	376	228	149	299	293	277	379	132	132	93	163	102	94	80	136	120	102	91	113	198	256	155	303
Rv1428c	129	158	130	158	172	171	129	131	160	265	182	87	153	154	158	173	72	71	52	90	51	57	52	79	93	59	62	62	87	93	94	139
Rv1429	12655	16713	13725	19904	119	100	143	146	99	486	119	74	121	149	139	176	14708	13606	13364	13227	163	176	85	168	274	106	105	105	214	289	199	279
Rv1430	103	146	99	132	30	30	53	43	54	53	45	38	37	28	39	53	215	238	171	243	56	29	27	40	114	56	39	28	36	54	53	58
Rv1431	145	180	154	190	167	145	189	143	117	193	126	79	138	87	117	127	153	191	118	184	102	80	59	96	133	89	76	64	97	130	155	134
Rv1432	32	28	15	32	25	34	35	42	23	45	37	27	26	27	22	32	53	48	14	46	40	30	20	33	43	36	17	11	28	58	45	49
Rv1433	25	45	28	40	43	58	43	64	44	81	59	31	56	78	78	99	38	38	39	73	30	29	35	59	47	41	49	30	59	82	186	128
Rv1434	0	0	0	0	1	0	1	2	0	0	2	0	0	1	0	0	2	0	0	0	0	1	1	0	1	0	0	0	0	0	2	0
Rv1435c	22	19	24	35	317	262	245	257	152	257	151	155	169	156	141	157	21	19	22	38	115	130	203	266	100	90	99	104	138	168	197	232
Rv1436	675	675	662	929	1389	1486	1265	1429	1117	1860	1220	755	1710	1473	1716	1692	580	442	638	573	371	501	335	521	470	400	296	441	860	900	636	811
Rv1437	438	549	431	628	1949	1909	1783	1686	1350	2403	1391	1027	2003	1754	1890	1907	357	356	440	480	415	565	335	552	491	473	315	505	947	1021	692	1036
Rv1438	248	279	213	308	741	705	692	742	539	997	576	394	766	701	741	788	252	224	210	295	216	319	170	297	247	238	174	292	415	573	353	513
Rv1439c	152	202	176	265	97	87	128	100	79	89	63	47	37	38	44	56	43	61	78	116	72	68	127	169	112	31	104	57	41	55	87	99
Rv1440	377	432	395	477	261	260	233	240	328	364	290	171	283	198	241	253	85	102	217	177	98	75	145	151	156	85	139	90	136	113	220	174
Rv1441c	118	163	157	231	401	381	349	420	352	624	364	328	437	341	398	334	130	195	134	202	397	424	413	482	320	318	331	382	535	503	598	657
Rv1442	978	1140	799	1170	1382	1258	1078	1020	1046	1629	1040	685	1028	756	806	810	437	580	636	857	498	528	679	914	594	385	611	550	653	600	995	1163
Rv1443c	188	254	139	203	154	160	135	127	130	244	152	85	131	106	117	148	65	95	117	133	94	98	103	118	103	75	84	106	75	90	145	179
Rv1444c	106	145	121	173	98	80	79	76	85	159	111	54	68	86	79	110	55	52	61	84	33	35	56	82	70	41	59	41	47	57	101	82
Rv1445c	49	47	33	34	186	139	125	145	157	246	183	120	153	214	159	214	102	77	69	106	61	97	83	107	93	91	67	92	132	206	149	228
Rv1446c	75	88	73	98	377	373	324	310	378	638	393	286	480	481	383	517	140	141	133	149	128	164	131	205	193	179	156	216	290	457	358	476
Rv1447c	283	315	254	368	1143	966	931	959	884	1389	1039	658	1046	1117	924	1195	459	439	375	426	408	500	393	636	474	413	434	497	725	1081	936	1231
Rv1448c	325	366	348	490	872	703	764	656	615	1020	706	484	705	699	629	825	335	422	289	428	388	469	347	498	524	429	401	418	569	746	567	714
Rv1449c	758	951	775	1267	2132	1847	1893	1893	1479	2666	1657	1107	1749	1603	1767	1869	607	713	512	703	843	968	697	988	927	753	664	791	1578	1609	1373	1558
Rv1450c	55.2883	55.29	55.6225	85.3357	171.093	139.055	184.335	123.372	104.419	147.47	88.1967	77.3076	168.084	138.905	156.704	138.972	98.9246	151.616	78.0505	187.117	212.003	146.284	132.712	170.559	132.398	141.164	100.098	89.0495	389.645	275.727	213.494	219.493
Rv1451	791	958	601	801	1290	1112	1064	933	611	1220	599	467	766	734	667	779	506	509	560	466	406	493	423	583	476	291	297	354	549	560	493	614
Rv1452c	44.7117	52.71	30.3776	62.6643	271.908	147.945	205.665	193.628	214.581	277.53	214.803	147.692	329.916	220.095	268.296	280.028	111.075	98.3836	52.9495	150.882	213.997	188.716	133.288	172.441	214.602	158.836	106.902	132.95	428.355	402.273	233.506	260.507
Rv1453	10	11	7	5	14	19	18	33	43	79	52	37	44	48	36	60	36	15	9	34	20	16	13	17	40	29	27	18	40	47	64	74
Rv1454c	154	170	153	192	265	267	281	245	193	346	183	155	222	171	196	186	137	185	145	192	243	210	175	223	225	150	120	134	232	243	213	238
Rv1455	39	45	38	42	79	77	81	67	61	91	78	42	73	83	76	87	53	62	24	61	74	49	34	76	93	39	40	54	72	90	85	122
Rv1456c	17	17	20	31	59	46	51	55	39	52	36	30	40	39	55	68	51	38	23	60	30	34	20	41	40	34	25	28	55	77	34	72
Rv1457c	36	40	24	34	216	176	197	168	145	235	171	118	180	188	185	174	57	50	28	52	70	83	61	77	67	62	55	69	121	132	98	130
Rv1458c	72	99	69	103	429	384	344	284	284	489	304	205	399	281	389	346	92	106	72	84	128	139	111	157	150	95	113	116	254	220	196	220
Rv1459c	217	260	201	312	756	712	635	585	664	1024	639	456	653	498	601	550	166	162	113	191	296	312	282	399	336	227	240	293	377	351	337	457
Rv1460	502	625	438	622	1215	1099	977	932	1424	1794	1419	759	1102	839	958	816	396	364	259	280	568	584	646	790	1214	377	569	510	862	580	735	670
Rv1461	12475	13934	11408	13613	14055	12604	11876	11278	18443	24364	17717	10023	13154	11337	12040	12030	8781	6259	4332	4287	7578	7533	6831	8468	17521	6172	7660	6510	11409	8670	10080	8704
Rv1462	1254	1236	1277	1599	3625	2781	3025	2422	3831	5039	3414	2148	2523	2533	2345	2798	1173	1160	651	862	1930	1693	1503	1568	3059	1321	1500	1534	2438	2304	1854	1893
Rv1463	262	298	346	463	808	693	694	683	799	1085	737	493	594	628	521	641	328	394	211	227	392	414	298	423	587	249	311	300	437	454	404	393
Rv1464	646	549	660	796	2030	1536	1611	1345	1980	2674	1696	1171	1420	1505	1273	1621	648	684	514	561	906	855	684	786	1154	626	629	783	1078	1373	837	1214
Rv1465	306	335	311	378	788	691	720	617	932	1261	984	576	706	762	601	861	314	349	229	286	334	345	298	394	587	276	282	405	536	676	445	668
Rv1466	78	99	100	129	220	161	193	171	274	322	238	163	183	225	142	219	85	120	68	84	163	158	114	123	209	136	87	161	196	248	136	225
Rv1467c	117	145	149	202	97	87	121	120	77	151	106	70	100	108	115	129	146	151	126	198	84	77	64	137	117	70	97	71	105	138	333	190
Rv1468c	192	274	253	421	228	166	192	187	214	310	183	169	200	211	158	215	274	405	226	324	198	173	244	276	229	173	184	177	315	278	364	351
Rv1469	88	134	133	201	277	240	285	249	7	20	8	8	5	10	10	12	127	159	56	153	66	62	80	111	38	25	16	10	25	51	26	43
Rv1470	40	69	42	90	27	26	29	33	26	33	23	14	26	40	25	34	39	21	35	32	20	15	18	17	33	10	27	20	30	24	42	30
Rv1471	37	41	36	75	19	24	20	20	18	32	26	9	45	37	45	46	35	22	72	54	173	111	143	123	470	64	163	141	541	213	364	337
Rv1472	168	223	185	290	236	227	298	293	241	372	251	141	328	341	369	455	215	215	211	239	203	226	255	328	650	156	255	288	936	591	806	844
Rv1473	151	195	184	267	386	388	387	479	306	482	333	232	414	468	426	567	212	272	195	242	296	331	275	378	551	220	273	310	716	702	613	738
Rv1473A	2	0	1	2	0	1	2	4	4	2	4	2	3	2	2	5	3	2	1	1	1	5	2	2	3	3	3	6	2	1	6	8
Rv1474c	131	125	63	98	214	204	153	200	141	263	150	110	150	150	118	173	105	94	95	90	95	99	101	152	111	76	85	142	91	130	133	160
Rv1475c	2595	3122	2326	3339	3795	3915	3015	3345	2269	4400	2424	1773	2588	2504	2090	2369	2120	1864	2513	2728	1558	1911	2054	3006	1698	1285	1220	2005	1366	1529	1707	2731
Rv1476	35	54	60	78	47	44	43	69	41	73	47	31	61	47	72	67	48	43	43	54	15	24	24	39	31	21	27	26	37	38	58	55
Rv1477	46	61	51	66	3329	2868	3013	2517	1274	1863	1204	801	970	895	944	968	84	93	45	108	416	552	622	929	312	279	402	425	500	602	824	818
Rv1478	22	27	19	35	1267	1178	1151	1032	541	894	548	408	375	380	371	433	50	37	17	48	337	423	354	567	243	211	210	242	290	313	361	447
Rv1479	1408	2047	1655	2736	4638	4388	4035	3973	2897	4935	3108	2111	3260	3010	3028	3113	1022	1072	1241	1347	1221	1696	1731	2473	1534	981	1742	1421	2157	2263	3083	2876
Rv1480	247	347	260	408	2129	1667	1649	1492	1240	2032	1219	914	1474	1219	1360	1382	234	329	266	303	896	1015	786	1024	900	666	757	851	1406	1374	1259	1556
Rv1481	173	226	156	308	1503	1375	1346	1300	1012	1668	1097	711	1087	1089	1060	1154	238	291	249	281	439	572	594	780	472	392	519	565	909	984	982	1371
Rv1482c	11	8	11	8	11	9	10	6	6	13	9	8	24	14	26	20	34	28	4	20	14	4	6	7	10	12	10	2	10	21	17	22
Rv1483	330	428	338	501	675	680	691	753	600	980	615	455	495	459	520	543	500	332	275	263	238	299	247	290	298	279	193	273	359	359	309	335
Rv1484	309	329	395	485	576	529	639	653	494	851	488	372	464	396	453	459	296	368	241	285	287	288	190	242	291	241	158	237	387	360	235	302
Rv1485	94	130	89	121	157	154	184	176	148	230	154	120	128	132	165	162	204	142	90	122	72	80	67	97	100	80	63	84	114	158	84	125
Rv1486c	872	1145	606	937	722	642	499	535	682	1128	653	453	764	669	633	586	253	356	291	334	278	321	247	295	328	281	221	244	510	464	441	450
Rv1487	902	1186	800	1237	882	893	705	721	682	1230	662	498	779	724	662	640	357	465	506	670	235	272	373	611	346	211	416	324	433	436	810	776
Rv1488	2213	2885	1918	2952	2398	2186	1866	1766	1576	3069	1616	1292	1826	1534	1610	1553	1264	1717	1179	1677	1003	1265	1113	1595	1143	926	1066	952	1478	1470	2154	2028
Rv1489	647	659	556	710	373	359	258	250	285	442	260	171	305	204	256	237	247	269	362	468	106	161	191	264	145	99	173	124	181	152	369	281
Rv1489A	95	109	81	92	62	43	43	48	39	84	64	30	52	30	37	48	28	32	53	49	18	27	30	36	26	17	37	30	20	22	51	72
Rv1490	39	37	44	54	72	76	80	63	46	83	61	38	101	68	88	98	122	84	40	82	39	48	30	51	78	45	34	26	72	98	114	82
Rv1491c	579	763	446	632	522	462	462	437	785	1378	818	585	548	544	496	568	597	405	363	367	246	319	258	423	669	398	557	407	360	429	659	623
Rv1492	174	235	138	202	1073	931	750	682	603	1289	600	538	701	565	500	511	198	252	156	211	481	515	411	514	433	362	240	493	548	491	377	601
Rv1493	308	348	216	304	1369	1240	1087	1001	854	1859	884	744	919	866	822	868	429	441	332	385	530	585	463	713	623	435	453	583	647	735	586	880
Rv1494	21	25	24	33	54	56	71	62	38	74	55	30	44	47	50	48	32	24	24	24	22	24	29	26	34	20	25	20	28	39	49	38
Rv1495	8	8	5	11	30	17	23	21	22	35	18	9	17	16	20	14	17	13	5	14	16	13	13	19	8	11	6	10	22	17	12	20
Rv1496	109	141	100	147	394	305	348	343	351	552	329	251	420	390	352	368	233	186	122	191	202	195	177	221	246	160	165	190	369	419	350	376
Rv1497	2685	2806	2995	3551	6713	5449	5880	4842	3393	6062	3391	2707	2287	2514	2091	2761	1103	1335	1227	1860	2415	2602	6112	8100	1968	1105	3195	2358	1823	1878	5226	5890
Rv1498c	104	144	106	142	77	77	79	79	46	74	51	24	49	50	53	68	68	57	61	88	49	67	44	89	63	31	39	23	48	54	75	72
Rv1498A	0	1	1	2	3	0	2	1	0	2	2	0	1	0	4	1	1	0	0	0	1	1	3	2	2	0	0	0	3	3	1	3
Rv1499	5	9	3	7	8	6	6	8	7	6	5	1	6	7	6	6	9	9	4	10	4	3	6	3	8	4	1	0	0	4	4	10
Rv1500	138	215	185	219	226	276	209	347	196	342	186	151	146	150	151	205	164	109	90	139	135	145	130	221	137	86	130	78	73	114	208	139
Rv1501	165	205	117	187	241	234	235	292	140	294	185	125	142	172	160	190	211	112	119	153	104	105	116	216	119	64	128	74	66	90	292	157
Rv1502	313	377	235	309	736	739	621	661	683	1441	822	569	740	760	631	713	578	372	427	449	291	385	378	895	390	315	378	448	330	515	758	983
Rv1505c	25	45	19	38	90	97	89	100	40	51	45	17	63	73	81	62	74	62	29	51	36	65	27	68	38	34	21	21	42	72	49	71
Rv1506c	77	112	51	91	59	72	67	72	32	78	47	50	63	68	53	70	90	61	57	52	22	32	28	56	27	18	28	19	21	39	48	68
Rv1507c	138	206	170	220	238	254	226	295	182	320	244	124	196	238	295	329	189	131	121	155	100	145	87	171	159	92	101	81	121	145	180	207
Rv1507A	18	25	4	16	25	20	15	28	7	18	11	9	8	24	12	29	29	18	5	16	36	20	14	39	45	22	9	13	21	32	15	39
Rv1508c	364	464	499	634	835	871	837	933	297	552	364	263	934	767	928	1031	305	352	307	387	267	322	199	327	230	158	159	130	346	384	388	406
Rv1508A	25	33	20	43	31	35	40	31	67	142	83	55	96	67	72	77	26	19	18	18	15	23	13	30	40	20	37	39	25	32	43	40
Rv1509	145	227	136	166	306	259	275	284	562	1046	609	407	639	541	588	587	174	150	131	151	109	148	120	228	354	193	219	222	293	304	371	381
Rv1510	28	38	36	31	162	155	123	129	219	343	210	175	258	215	214	227	57	62	28	81	77	96	62	103	166	102	94	122	189	216	146	216
Rv1511	254	319	261	332	642	635	621	620	512	863	531	370	576	500	569	599	140	161	122	178	165	218	182	271	243	137	192	219	282	276	317	378
Rv1512	171	225	179	295	471	419	465	430	319	571	364	245	344	344	405	359	129	155	112	190	129	157	150	182	148	111	126	160	180	222	222	296
Rv1513	153	214	165	225	224	214	254	229	191	269	200	130	189	194	157	223	95	106	105	152	71	97	97	143	126	74	107	110	108	117	175	176
Rv1514c	9	21	10	11	18	22	28	31	33	33	35	15	16	35	24	34	64	67	10	61	21	10	7	24	38	30	10	14	21	63	37	49
Rv1515c	13	24	20	25	29	34	45	41	33	50	36	13	23	25	25	44	72	47	12	50	27	16	7	19	33	30	22	11	27	41	46	46
Rv1516c	16	16	11	10	20	28	41	59	36	43	27	19	32	15	42	54	31	42	11	36	32	23	16	38	29	22	16	17	22	46	40	47
Rv1517	63	88	54	77	320	410	258	390	478	1269	575	557	187	197	145	204	95	101	43	101	105	176	207	350	133	140	227	273	91	138	286	234
Rv1518	31	28	19	21	77	86	49	84	91	186	103	74	79	67	47	83	60	43	19	65	58	59	38	80	54	36	52	59	44	87	107	115
Rv1519	3	7	4	11	12	12	12	19	6	10	8	5	6	6	8	8	14	6	1	4	5	1	5	11	9	5	14	12	5	9	15	12
Rv1520	118	136	145	195	123	97	133	124	167	270	183	123	110	178	173	180	83	87	72	121	76	71	75	131	153	82	150	78	96	114	170	216
Rv1521	1946	2596	1651	2209	3413	3575	3079	3388	2563	4271	2837	1763	2013	2002	1953	2268	1148	1090	1118	1239	985	1346	1507	2423	1409	922	1399	1171	1133	1245	2272	2232
Rv1522c	703	875	607	928	3491	4167	2906	3483	2873	5958	3082	2414	1235	1611	1092	1598	524	482	485	614	1093	1675	3736	7260	1096	751	2355	1973	612	880	2808	3577
Rv1523	33	53	50	56	122	143	131	170	132	219	132	113	110	96	142	152	66	53	29	76	37	56	57	116	74	66	73	69	74	112	154	177
Rv1524	41	51	42	66	273	271	245	311	234	413	287	205	254	272	296	293	80	83	37	75	115	107	118	190	160	111	108	117	209	257	325	354
Rv1525	99	114	80	100	246	295	235	279	279	521	331	230	250	269	219	310	160	123	71	133	113	135	113	212	149	107	143	134	155	251	253	323
Rv1526c	30	40	21	36	94	100	70	96	80	183	90	80	85	78	85	94	39	64	26	57	44	39	29	60	57	51	30	62	37	57	54	92
Rv1527c	931	1192	1036	1640	4066	5009	3656	4722	3824	9044	3842	4107	3818	3520	3481	3911	729	920	550	1104	1510	2210	1809	3005	1918	1810	1553	2988	2920	3022	2878	4509
Rv1528c	69	55	64	76	7	6	11	4	8	23	12	11	13	21	15	15	79	88	178	133	108	61	71	101	344	54	97	91	224	102	169	136
Rv1529	196	252	169	266	188	212	201	258	179	315	222	128	307	280	342	296	204	204	178	215	114	100	121	153	210	100	148	143	217	211	358	397
Rv1530	107	121	97	112	138	131	167	132	132	220	143	85	170	144	160	171	133	149	52	136	80	80	58	130	151	84	69	80	140	218	150	240
Rv1531	115	104	89	129	110	89	133	109	124	183	122	69	153	139	144	141	136	134	111	157	58	41	51	82	90	63	64	48	109	115	133	148
Rv1532c	66	67	58	64	79	54	64	66	50	88	63	41	44	25	45	34	42	33	64	66	49	45	67	106	64	31	67	44	36	24	61	72
Rv1533	688	928	595	912	1099	1061	927	878	903	1250	968	519	743	696	749	768	517	606	670	665	800	655	1068	1025	1249	462	1048	676	968	820	1099	1222
Rv1534	377	496	309	406	674	585	564	537	519	721	525	319	432	397	399	430	110	123	283	238	264	240	494	510	527	175	565	288	269	259	561	592
Rv1535	58	40	208	209	67	44	95	87	39	45	50	23	14	21	16	24	90	154	73	155	77	60	70	97	85	50	68	47	32	23	53	51
Rv1536	2553	2922	3064	3561	2791	2338	2580	2175	1712	2973	1790	1158	2058	1446	1728	1565	2088	2407	2820	3539	1120	1220	1640	2271	1507	857	1592	1164	1097	1035	1564	2110
Rv1537	63	107	49	93	152	131	140	100	116	151	112	89	166	141	144	102	183	157	70	146	99	80	63	108	127	76	54	67	141	167	119	156
Rv1538c	92	112	81	89	234	203	194	192	167	298	185	138	263	238	241	231	80	114	72	99	123	144	91	107	122	132	68	98	209	240	160	184
Rv1539	1034	1177	774	1007	2011	1794	1583	1504	1558	3055	1532	1318	1547	1399	1187	1414	618	566	437	574	563	750	477	717	751	599	358	609	1185	1007	779	1077
Rv1540	275	354	165	274	1053	912	756	704	723	1348	680	487	816	654	727	691	162	216	144	195	296	366	257	349	299	248	200	327	637	577	425	588
Rv1541c	7	21	18	18	5	15	11	13	4	18	5	5	20	24	22	30	21	16	4	19	10	6	4	4	17	6	7	4	15	19	20	14
Rv1542c	234	371	264	429	20	17	28	16	9	11	7	4	3	2	4	5	96	92	68	115	27	32	12	20	117	39	42	8	8	10	7	12
Rv1543	782	959	771	1022	650	689	556	592	638	1012	649	349	1056	862	951	898	374	333	466	525	151	192	227	362	268	203	365	241	424	447	865	679
Rv1544	300	381	368	470	377	345	363	343	296	537	333	220	470	384	437	435	169	238	253	348	131	187	172	206	189	162	155	157	260	287	345	438
Rv1545	70	82	83	105	63	65	64	50	58	84	60	38	66	89	80	101	94	102	103	103	54	63	50	79	56	41	45	61	86	100	93	109
Rv1546	207	219	172	241	150	148	127	124	158	235	173	113	192	232	186	204	161	151	127	194	88	103	90	126	145	89	101	96	148	175	177	247
Rv1547	1688	1706	1271	1585	2018	2037	1864	2039	1731	2936	1854	1167	3430	3062	3304	3503	892	799	995	1074	569	645	659	946	851	560	718	751	1730	1786	2619	2814
Rv1548c	193	312	186	278	209	222	182	174	198	329	215	120	260	286	255	334	347	246	206	328	136	135	127	212	207	95	193	102	199	268	366	391
Rv1550	55	49	45	66	183	139	184	148	121	193	162	96	199	155	139	185	104	103	49	103	81	99	53	104	104	95	71	58	149	222	180	183
Rv1551	37	39	33	35	94	92	112	84	80	104	75	41	116	88	90	101	91	82	20	112	55	31	18	56	73	47	32	21	72	129	76	111
Rv1552	28	44	16	17	247	201	209	188	99	177	116	73	73	61	55	66	80	80	23	96	86	88	87	254	75	50	67	38	46	108	143	120
Rv1553	8	8	8	9	92	87	70	62	39	92	46	24	25	35	32	30	20	25	7	28	34	34	34	77	34	26	41	10	22	40	68	55
Rv1554	9	2	1	1	36	28	23	12	11	25	20	9	9	2	9	6	26	16	6	24	10	14	21	30	21	9	21	5	2	21	23	31
Rv1555	1	2	1	6	18	17	28	18	11	18	10	6	6	7	4	4	5	4	4	6	13	5	15	34	9	9	23	15	4	11	21	20
Rv1556	60	87	59	95	63	57	74	73	68	84	82	34	45	50	47	59	64	49	38	67	43	48	67	116	71	30	89	51	53	47	152	110
Rv1557	83	110	112	115	218	143	204	164	203	319	222	124	170	161	205	206	91	99	118	159	142	169	152	210	232	113	148	233	197	170	236	302
Rv1558	164	179	151	178	205	182	185	171	209	264	194	128	188	157	193	165	60	63	116	98	76	106	137	135	105	78	121	110	129	100	189	198
Rv1559	386	476	418	603	1052	882	1032	962	875	1337	905	595	894	755	888	946	318	347	355	434	419	474	422	535	506	296	375	480	732	692	684	865
Rv1560	13	35	21	21	19	33	22	25	14	25	19	9	14	9	9	12	4	9	8	17	7	11	10	11	12	6	4	5	4	4	17	12
Rv1561	27	26	14	28	35	40	34	32	30	55	25	17	39	24	29	24	24	19	28	21	16	9	10	21	22	11	18	15	10	18	32	21
Rv1562c	57	61	53	61	164	144	114	109	103	238	134	84	157	160	153	161	81	91	62	118	47	40	33	59	57	55	36	53	73	125	92	137
Rv1563c	154	177	131	168	472	398	337	325	347	621	345	253	513	418	442	425	156	192	118	213	121	139	100	140	147	156	112	147	268	312	296	376
Rv1564c	479	561	414	496	809	731	648	612	651	1008	723	424	1051	807	811	763	390	341	313	453	158	184	215	329	316	188	283	287	393	416	592	713
Rv1565c	575	803	411	614	2127	1997	1627	1691	1660	2447	1615	974	1893	1383	1706	1473	281	306	200	312	409	386	477	657	476	354	457	526	657	655	1002	1077
Rv1566c	33	51	44	48	600	551	531	513	280	436	319	178	261	202	250	248	36	35	16	47	171	213	171	216	127	102	118	118	143	175	238	210
Rv1567c	29	67	37	66	28	26	17	17	35	44	39	20	35	25	32	30	10	15	18	23	11	7	15	14	28	11	18	13	20	20	30	31
Rv1568	87	104	71	112	179	145	141	125	146	249	186	93	233	161	218	214	76	99	59	107	98	105	103	119	175	118	94	93	245	245	169	197
Rv1569	97	146	102	167	351	247	325	270	330	552	312	255	362	288	356	329	139	187	86	142	253	251	130	185	290	247	117	199	422	399	203	260
Rv1570	11	14	4	14	126	93	126	99	74	117	60	64	94	72	97	65	15	36	6	24	82	80	43	48	55	54	20	43	86	90	46	77
Rv1571	4	7	5	8	41	50	41	40	49	73	41	26	60	48	63	50	12	9	6	13	20	16	3	24	34	13	14	20	43	40	19	30
Rv1573	4	1	1	0	9	3	5	6	0	0	0	0	0	0	0	0	6	6	0	9	15	4	1	9	0	0	0	0	0	0	0	0
Rv1574	13	20	13	30	26	34	31	34	0	1	0	0	0	0	0	0	19	25	26	41	28	48	39	39	0	0	0	0	0	0	0	0
Rv1575	5	9	4	12	9	8	10	11	0	2	0	0	0	0	0	0	12	14	2	19	18	15	8	24	0	0	0	0	0	0	0	0
Rv1576c	960	1136	837	1280	1550	1344	1268	1157	0	19	0	0	0	0	0	0	1032	1255	529	727	2148	2426	1456	2995	0	0	0	0	0	0	0	0
Rv1577c	427	543	352	538	723	509	663	552	0	2	0	0	0	0	0	0	485	703	292	436	1552	1684	947	2312	0	0	0	0	0	0	0	0
Rv1578c	41	61	60	81	85	65	75	59	0	0	0	0	0	0	0	0	35	57	21	58	54	62	48	77	0	0	0	0	0	0	0	0
Rv1579c	35	44	31	44	23	12	28	35	0	0	0	0	0	0	0	0	21	20	11	16	21	17	24	30	0	0	0	0	0	0	0	0
Rv1580c	9	13	10	12	6	9	5	5	0	0	0	0	0	0	0	0	9	9	3	8	10	5	12	14	0	0	0	0	0	0	0	0
Rv1581c	8	9	9	7	12	13	5	8	0	0	0	0	0	0	0	0	8	11	0	10	6	7	14	17	0	0	0	0	0	0	0	0
Rv1582c	146	207	136	179	210	202	161	138	0	6	0	0	0	0	0	0	176	165	111	151	272	222	268	502	0	0	0	0	0	0	0	0
Rv1583c	10	17	11	16	22	13	12	21	0	0	0	0	0	0	0	0	19	23	6	26	50	58	52	79	0	0	0	0	0	0	0	0
Rv1584c	13	10	6	12	24	14	28	23	0	0	0	0	0	0	0	0	3	4	9	6	22	23	27	47	0	0	0	0	0	0	0	0
Rv1585c	35	47	28	47	40	25	32	36	0	1	0	0	0	0	0	0	36	34	41	64	115	215	181	320	0	0	0	0	0	0	0	0
Rv1586c	451.111	638.441	403.201	661.518	506.147	463.675	457.597	428.426	0	10.4799	0	0	0	0	0	0	586.427	503.976	568.079	649.496	1818.22	3089.45	2689.23	4916.51	0	0	0	0	0	0	0	0
Rv1587c	83.9684	105.769	80.0499	105.345	50.4251	67.5516	61.8479	51.1437	8.43E-09	4.5422	1.03E-10	2.71318	0.000139859	4.27E-08	9.09E-09	2.48077	145.323	139.363	58.108	95.1459	23.5939	9.47476	25.2563	42.1649	1.21E-12	3.33E-08	4.44E-07	1.98E-06	1.39E-07	1.86E-10	3.04E-09	1.07E-08
Rv1588c	178.417	234.806	205.355	273.222	120.098	121.275	127.404	121.268	166.676	299.901	200.518	140.843	443.892	383.454	354.799	455.69	196.962	184.078	89.713	245.671	40.7341	62.2192	53.9117	104.518	84.3947	58.5308	35.0842	65.5172	248.658	239.375	205.751	259.17
Rv1589	182	238	222	329	647	593	613	642	420	779	490	382	934	820	863	1019	266	253	188	261	384	351	363	458	502	222	200	318	868	682	483	579
Rv1590	8	14	10	17	45	30	48	36	30	47	18	24	52	41	46	63	9	17	3	19	20	23	22	16	24	18	11	20	46	48	22	38
Rv1591	26	45	53	52	198	188	161	198	172	236	163	92	269	208	285	312	86	81	36	66	97	93	82	90	93	87	47	81	233	259	120	175
Rv1592c	353	388	506	858	854	851	767	924	482	822	478	346	332	470	358	497	371	450	230	327	598	663	658	873	604	224	270	484	281	294	204	371
Rv1593c	2465	2745	2062	3250	3038	2383	2206	1941	1213	2863	1208	1371	1444	1413	971	1331	463	750	430	589	887	1042	1061	1533	1181	489	489	1155	577	522	365	983
Rv1594	1824	2753	1590	2906	4657	4944	3619	4072	2043	5251	2106	2064	4558	3835	4079	3664	967	1431	725	989	1563	1906	1463	2148	1588	1081	709	1613	2206	2140	1195	2206
Rv1595	3777	5332	3173	5936	10343	10026	8032	8569	4907	11888	4618	5008	9345	7738	7940	7618	3128	4377	1628	2710	3964	5111	3136	4277	2940	2607	1318	3417	7121	6365	3053	5161
Rv1596	3729	5226	3165	5499	5112	5373	4253	4567	2954	6736	2866	2736	4425	4079	4107	4432	1660	3020	1405	2128	1537	1929	1365	2377	1482	1192	631	1597	2494	2608	1459	2646
Rv1597	158	192	139	223	422	392	400	417	246	329	246	160	252	252	270	358	137	198	100	144	166	193	184	308	150	90	87	172	187	195	138	265
Rv1598c	85	90	71	108	96	73	79	77	79	117	74	51	55	57	53	53	56	59	55	93	63	65	78	95	66	44	58	70	56	52	72	70
Rv1599	906	962	701	1003	2956	2361	2058	1802	2057	3695	1954	1534	1691	1463	1403	1352	544	796	522	663	1153	1328	1009	1183	980	756	609	983	1412	1168	875	1176
Rv1600	554	618	377	534	1374	1220	1007	978	962	1708	982	643	888	856	786	772	502	482	412	438	343	445	360	498	397	316	273	397	500	504	449	553
Rv1601	121	138	136	144	326	350	288	297	216	352	227	148	230	212	192	205	133	139	89	104	82	99	97	151	106	62	80	91	105	141	131	174
Rv1602	369	402	232	376	1021	947	875	783	658	1194	686	467	676	603	622	646	391	384	272	361	302	412	355	525	365	270	250	353	410	456	415	550
Rv1603	510	547	380	567	953	706	776	627	674	1081	683	483	606	604	532	635	312	400	355	436	340	402	372	541	357	236	291	360	453	476	438	641
Rv1604	337	447	239	356	1048	882	852	747	678	1183	778	518	732	724	663	705	394	414	334	364	403	472	399	556	437	325	309	401	735	756	569	752
Rv1605	196	231	164	225	1025	862	768	723	607	1113	579	450	680	568	566	641	181	261	187	247	441	512	344	466	327	265	255	423	580	603	382	649
Rv1606	56	60	49	73	158	133	118	120	90	206	124	78	91	106	70	131	59	63	47	56	49	55	46	75	47	29	34	43	75	78	63	96
Rv1607	45	54	43	37	247	210	214	185	185	255	140	123	241	153	211	197	76	69	39	69	78	93	71	85	111	98	45	92	139	148	109	139
Rv1608c	60	81	62	79	54	66	62	40	58	83	88	38	73	75	69	69	19	28	19	54	15	15	32	20	32	14	36	18	32	25	72	47
Rv1609	924	1091	898	1117	1493	1340	1302	1327	1157	1922	1325	855	1442	1240	1345	1297	869	769	763	812	585	656	609	809	742	503	510	577	1256	1179	988	1023
Rv1610	131	154	135	192	326	248	299	294	247	438	296	165	300	257	243	300	185	190	128	178	141	155	159	201	169	143	130	149	206	254	192	267
Rv1611	2284	2823	1753	2559	2547	2193	2315	2194	2328	3782	2426	1639	3472	2638	3253	3027	1190	1220	1395	1405	649	762	505	724	900	691	539	862	1960	1802	1210	1537
Rv1612	854	1178	724	971	2896	2742	2674	2568	2354	3935	2587	1650	4324	3180	4153	3722	1165	1145	742	830	472	641	373	585	636	610	363	760	1822	1726	1088	1523
Rv1613	1237	1437	1011	1469	4455	4113	3941	4062	3964	6781	4160	2923	7177	5735	6297	5964	2008	1725	1221	1284	1246	1670	813	1342	1469	1464	758	1594	4872	4667	2328	3134
Rv1614	727	856	703	915	2989	2675	2618	2594	2530	4303	2562	1842	4238	3434	3507	3780	1195	972	744	818	673	848	538	825	926	803	462	970	2107	2222	1241	1856
Rv1615	133	128	141	176	284	216	230	221	274	366	247	157	239	217	239	222	60	84	92	123	87	100	110	187	103	79	121	84	123	140	244	259
Rv1616	54	73	49	66	187	156	166	132	161	253	162	109	165	142	161	175	37	42	59	66	59	86	73	96	65	58	67	90	115	92	161	184
Rv1617	219	248	218	331	633	525	602	616	556	808	605	349	475	471	507	548	231	272	260	272	279	317	250	382	350	248	308	289	381	448	542	567
Rv1618	145	212	147	205	371	323	350	400	381	553	434	241	294	363	305	391	361	238	247	234	120	188	129	220	236	210	188	174	264	348	403	396
Rv1619	66	77	42	78	154	118	131	118	110	214	87	89	147	131	99	149	95	86	72	121	82	65	63	118	104	72	78	60	87	140	150	189
Rv1620c	50	81	53	112	37	43	57	37	37	64	40	21	39	48	40	27	126	144	117	194	51	44	41	78	54	50	47	21	54	112	90	109
Rv1621c	123	148	123	200	116	128	112	112	100	136	86	56	77	83	73	95	205	231	109	226	78	106	43	114	94	87	68	73	113	152	176	152
Rv1622c	374	409	410	519	146	118	122	113	83	147	92	55	107	89	62	88	453	383	291	339	80	135	54	119	158	80	76	48	145	135	195	155
Rv1623c	472	520	463	643	221	135	186	171	115	193	147	108	167	116	127	142	413	405	269	286	122	147	93	162	159	97	110	76	184	160	219	190
Rv1624c	143	149	111	153	242	217	176	167	156	259	176	125	159	121	129	134	53	52	47	61	58	89	88	112	85	54	90	67	64	88	134	134
Rv1625c	1095	1387	772	1172	2247	2054	1607	1621	1510	2594	1453	932	1423	1239	1090	1168	595	641	634	946	638	913	755	1095	666	491	538	537	830	804	1114	1185
Rv1626	909	1108	1188	1404	965	963	1050	1047	1044	1605	1135	809	908	837	907	952	794	721	613	758	446	567	473	653	666	506	459	474	654	715	739	715
Rv1627c	397	493	359	500	1246	1141	1061	1118	917	1787	998	702	992	844	905	885	392	450	465	443	864	832	1003	1087	1115	610	713	899	1059	1021	1118	1391
Rv1628c	99	119	95	155	341	298	312	286	231	398	235	203	202	201	194	251	66	102	102	130	283	302	336	369	343	171	210	309	241	230	305	410
Rv1629	152	174	161	170	720	592	621	661	508	1018	566	417	953	759	972	941	295	282	135	287	309	294	200	257	306	221	156	260	721	718	458	523
Rv1630	4679	5396	4310	6138	8110	7492	7692	7694	6699	11156	7261	4816	6149	5538	6205	6485	3051	3209	2583	2945	2632	3362	3078	3941	3532	2545	2942	3337	3639	3595	4065	4352
Rv1631	545	583	412	572	2975	2715	2806	2507	2352	3791	2486	1695	2475	2143	2409	2525	748	885	477	613	1265	1539	1101	1510	1423	1159	995	1631	2054	2203	1509	2243
Rv1632c	5	14	2	11	30	47	28	46	27	58	24	13	78	67	48	38	9	12	3	8	6	13	10	17	17	5	12	10	25	16	25	43
Rv1633	1150	1309	1113	1401	2150	1944	1739	1701	1471	2516	1628	1056	2781	1988	2510	2160	775	786	986	997	614	653	656	902	596	456	491	643	1802	1537	1445	1552
Rv1634	293	393	255	388	1073	852	856	812	680	1209	715	579	1205	918	1084	1037	313	358	241	364	455	463	378	451	380	350	313	377	1020	899	695	980
Rv1635c	179	234	114	215	407	336	276	298	234	436	248	187	330	260	346	279	139	152	76	107	129	127	130	157	116	89	86	102	180	217	244	238
Rv1636	705	905	506	805	405	484	338	405	254	380	241	173	288	294	299	291	214	201	213	192	225	213	341	350	172	87	197	112	141	153	429	315
Rv1637c	143	196	168	227	206	155	181	179	165	319	188	113	252	270	247	267	87	103	105	135	105	112	140	163	115	68	117	75	203	211	316	277
Rv1638	1890	2068	1753	2178	3280	2799	2894	2679	2355	4137	2616	1648	3588	2936	3417	3273	1746	1476	1290	1413	1263	1468	1204	1737	1416	965	990	1252	3140	2711	2339	2687
Rv1638A	52	64	81	87	19	19	26	33	13	18	15	9	14	8	9	10	24	22	40	71	11	13	10	17	22	3	12	5	19	8	31	15
Rv1639c	1024	1223	975	1417	720	833	721	809	551	684	553	227	486	314	449	313	654	728	942	1011	436	550	356	548	536	190	378	152	710	434	910	541
Rv1640c	223	324	232	380	324	337	359	365	297	397	318	180	344	317	333	407	407	419	254	477	217	199	252	282	265	173	281	188	300	443	589	530
Rv1641	5352	5837	7533	8890	5042	4834	5395	5217	3941	6103	4517	3184	3783	4013	4043	4878	4077	4441	4067	5182	3236	4492	6059	6913	4528	2350	4834	3711	3664	3499	6556	7466
Rv1642	164	174	206	245	327	276	335	321	212	299	280	142	259	232	251	271	96	116	144	177	139	167	280	322	189	94	170	158	178	178	259	437
Rv1643	960	1030	967	1158	1040	987	1042	1210	847	1341	1046	677	1027	944	1005	1094	1045	944	1070	1112	736	949	1116	1374	912	516	815	730	997	1006	1438	1620
Rv1644	205	239	209	326	1164	1137	1083	1201	743	1220	780	591	1002	785	884	976	204	277	189	330	556	737	836	1013	665	450	496	741	778	832	764	1233
Rv1645c	299	403	348	473	149	108	128	102	426	625	475	271	346	335	319	366	221	207	221	274	111	114	133	170	400	178	444	199	270	285	556	439
Rv1646	351	606	409	768	959	787	843	693	646	983	633	432	473	402	424	499	194	311	345	466	449	494	667	1026	716	327	919	479	422	453	1451	1217
Rv1647	146	195	129	212	205	172	195	196	401	492	401	229	307	238	315	302	121	191	145	137	170	134	163	215	414	175	348	242	300	290	650	539
Rv1648	163	220	172	264	360	289	328	266	392	536	405	241	425	369	445	434	226	217	137	228	150	155	143	226	334	167	343	185	357	363	731	653
Rv1649	46	73	55	98	131	122	143	146	133	201	169	92	159	177	206	195	104	80	61	100	63	76	55	70	114	64	100	59	150	194	277	277
Rv1650	158	212	127	243	564	558	585	608	588	858	683	418	659	761	680	841	333	311	204	319	304	319	224	310	414	313	325	347	681	869	709	980
Rv1651c	390	530	484	684	1954	1874	1781	1994	2084	4227	1916	2083	1330	1164	1102	1329	570	683	403	685	1785	2251	2355	3525	1934	2084	1600	2252	1978	1931	2393	2759
Rv1652	38	43	24	63	83	78	102	115	123	150	105	68	58	62	55	81	139	172	59	81	65	80	86	81	98	74	84	89	87	96	60	86
Rv1653	38	49	41	71	76	110	111	130	133	142	143	88	83	138	92	127	142	207	104	141	83	115	79	134	134	102	79	115	156	197	80	161
Rv1654	26	39	25	56	82	99	68	115	103	121	135	52	50	114	52	115	73	126	69	104	66	123	47	103	100	82	71	97	139	199	77	135
Rv1655	34	44	28	65	88	118	81	128	132	167	167	84	98	190	70	160	216	246	144	186	80	143	79	146	147	124	94	110	151	345	94	187
Rv1656	31	35	16	33	83	82	51	107	93	116	118	53	59	126	47	124	126	129	92	116	65	112	59	103	122	94	94	96	131	233	86	172
Rv1657	14	20	14	24	36	45	28	55	78	82	78	23	41	100	46	89	60	95	85	80	47	70	27	61	69	60	57	45	77	154	48	90
Rv1658	73	115	69	127	211	281	205	247	281	385	344	185	235	441	219	416	297	284	329	368	155	235	161	251	229	204	170	180	307	594	206	436
Rv1659	18	36	17	31	90	138	83	105	124	140	112	72	98	159	75	163	83	103	94	119	66	113	62	106	97	88	72	73	100	245	92	164
Rv1660	425	477	355	584	618	478	516	442	404	580	407	256	457	473	522	517	171	205	141	191	151	135	129	150	165	94	114	87	209	211	192	203
Rv1661	4673	5124	3573	5116	10309	7492	8576	7007	6855	9822	7144	4211	7066	6933	6340	7277	4210	3683	3488	4522	4177	3826	3031	3944	4823	2718	2858	2622	6069	5549	5721	6089
Rv1662	2386	3046	2021	3191	4986	4001	4293	3681	3318	5512	3696	2450	3208	3607	2655	3559	2482	2411	1933	2851	1979	1821	1611	2466	2652	1650	1652	1661	2942	3276	3071	4157
Rv1663	338	570	302	433	518	478	458	432	377	640	402	301	405	497	322	477	397	345	305	431	232	225	181	301	326	207	209	177	351	414	499	598
Rv1664	510	735	447	678	1363	1326	1220	1169	1093	1895	1144	840	1291	1367	987	1347	898	798	463	889	492	537	432	744	744	502	414	563	902	1057	1088	1521
Rv1665	79	127	76	169	193	216	174	191	190	274	181	141	201	163	196	196	77	118	46	113	67	78	71	119	106	58	92	97	109	136	153	165
Rv1666c	28	34	31	40	67	68	70	67	60	118	76	60	75	118	104	113	56	49	39	56	30	29	14	38	61	46	29	32	76	93	68	81
Rv1669	3	6	4	9	2	1	2	1	3	0	0	2	3	2	0	0	13	6	4	10	2	1	0	6	2	2	1	1	2	11	3	13
Rv1670	11	18	14	17	15	13	14	10	16	29	18	14	11	12	7	11	10	23	3	15	18	26	14	25	44	21	19	25	13	23	37	45
Rv1671	15	19	18	22	15	16	10	21	14	30	28	12	7	13	5	16	35	29	16	36	15	19	14	31	47	17	29	26	14	40	35	29
Rv1672c	33	44	37	45	85	94	85	100	71	156	82	66	132	124	123	116	37	39	31	50	45	28	35	69	54	38	29	49	76	87	72	98
Rv1673c	15	20	19	26	15	18	20	24	11	19	12	13	12	10	12	22	38	35	22	35	23	19	21	14	51	18	25	19	27	41	35	32
Rv1674c	21	18	11	24	9	13	9	9	10	19	7	5	3	13	4	18	27	49	15	43	23	14	15	26	67	13	9	22	31	30	27	41
Rv1675c	25	42	34	41	23	25	33	19	27	36	30	21	21	38	32	25	32	41	21	49	16	9	16	24	38	22	20	9	21	41	28	31
Rv1676	371	481	315	412	698	655	660	598	769	1278	853	511	696	562	641	617	299	242	356	284	265	391	238	544	730	347	384	448	499	561	469	654
Rv1677	166	231	134	209	308	310	325	338	306	478	321	205	294	255	310	304	119	116	138	161	111	158	92	224	236	132	130	156	225	209	192	293
Rv1678	711	904	826	1172	1222	1023	1004	978	949	1665	988	722	960	790	900	833	541	598	482	636	442	509	318	449	559	447	308	442	784	761	550	734
Rv1679	183	251	153	225	1178	974	926	845	885	1441	916	706	874	703	772	726	203	227	145	198	350	468	237	379	428	325	269	387	624	642	434	588
Rv1680	53	49	56	78	314	308	263	302	235	444	275	184	280	207	260	243	94	79	55	104	100	114	69	119	138	103	73	89	178	191	163	213
Rv1681	29	32	18	41	173	158	154	135	110	264	137	111	150	133	128	113	77	70	40	81	54	58	32	51	56	50	50	63	79	115	77	112
Rv1682	1256	1714	1551	2070	2584	2154	2515	2080	1571	2473	1841	966	777	810	849	954	790	679	1188	1249	1044	920	1467	1277	1446	386	1322	595	949	628	2147	1228
Rv1683	1055	1248	1052	1320	4480	3098	3881	2842	2382	3565	2756	1580	2100	1823	2058	2107	1007	1103	853	1175	1643	1637	1204	1355	1504	865	930	964	2035	1906	1770	1682
Rv1684	30	17	21	24	35	20	28	20	21	27	28	17	28	21	27	20	17	14	18	18	11	11	9	19	27	8	13	11	13	11	16	18
Rv1685c	18	26	15	25	26	32	22	28	24	34	29	16	24	20	20	30	16	31	11	23	12	59	13	27	319	11	41	19	181	100	52	50
Rv1686c	33	40	16	34	25	22	15	29	24	47	32	25	30	21	23	45	33	44	17	27	17	87	12	28	457	15	49	16	173	114	51	71
Rv1687c	206	217	162	252	96	82	62	74	93	142	81	67	86	123	77	109	103	159	39	66	39	332	39	90	2336	52	198	35	841	366	181	242
Rv1688	9	18	10	19	16	5	13	12	12	18	14	11	6	7	6	11	25	29	7	30	16	8	7	9	24	17	9	11	18	22	15	19
Rv1689	158	201	169	277	335	300	337	448	298	476	330	199	300	292	348	418	215	230	199	231	102	117	97	157	179	136	126	90	218	263	214	203
RVnc0010	2	3	7	5	0	0	1	1	2	0	1	0	0	1	2	1	2	1	0	7	2	1	0	2	4	0	0	0	6	4	0	1
Rv1690	138	169	253	286	91	93	175	156	94	100	114	64	71	55	51	88	93	85	120	136	60	61	174	192	84	43	177	35	55	58	190	117
Rv1691	18	29	22	47	50	68	79	97	65	119	51	59	76	73	95	84	33	46	29	57	52	40	44	57	55	26	42	30	69	87	80	93
Rv1692	84	86	75	116	161	162	160	176	157	233	163	130	208	196	201	221	90	128	88	132	131	121	92	129	153	106	90	122	263	298	191	250
Rv1693	87	87	82	91	71	83	49	66	91	136	92	59	85	82	97	80	35	53	47	48	21	24	31	33	56	40	32	32	87	65	79	64
Rv1694	183	217	175	235	414	396	371	336	417	732	434	345	555	417	493	453	211	197	125	209	240	201	144	235	323	213	169	256	561	556	363	452
Rv1695	343	414	347	479	743	642	620	643	748	1263	748	576	1261	888	1099	997	295	345	252	368	273	274	220	334	411	323	252	332	1010	930	612	731
Rv1696	139	165	80	160	665	583	572	542	643	1136	672	480	1077	853	1044	985	246	242	144	196	314	327	186	303	353	336	233	376	1079	1048	612	842
Rv1697	64	86	58	82	1613	1942	1316	1727	1388	2589	1463	981	2841	2379	2375	2325	129	111	73	106	361	532	429	802	386	328	422	348	1031	1140	1696	1466
Rv1698	16	16	12	10	259	314	249	297	201	363	183	163	478	350	420	364	31	41	8	35	68	93	85	171	77	66	76	96	150	211	314	322
Rv1699	271	291	238	360	1295	1600	1161	1325	1146	2020	1172	861	1486	1278	1213	1265	484	426	419	358	558	720	521	1077	602	397	447	703	850	873	864	1237
Rv1700	58	56	61	78	358	404	327	321	302	499	320	248	370	300	304	277	107	122	91	134	108	165	117	231	129	117	119	153	259	259	231	264
Rv1701	41	73	32	83	566	624	485	546	435	827	482	329	552	554	483	476	176	166	155	187	206	307	159	327	187	186	144	226	322	440	353	437
Rv1702c	19	41	19	30	47	50	47	54	54	87	68	30	148	128	116	124	93	55	22	55	24	20	11	24	37	13	12	16	70	74	70	100
Rv1703c	368	446	466	560	399	298	386	293	395	583	418	238	376	382	423	489	269	337	305	347	121	123	154	188	255	132	246	135	257	229	419	311
Rv1704c	783	754	947	1005	605	291	558	337	609	1155	579	485	575	523	546	736	395	475	279	387	182	123	116	160	350	163	234	177	314	265	338	324
Rv1705c	1007	963	1311	1368	436	103	398	103	498	900	445	363	222	344	273	385	496	677	330	507	181	86	107	84	298	154	213	157	212	175	215	170
Rv1706c	800	692	870	960	572	154	487	132	551	923	470	381	205	321	172	366	559	593	326	414	206	144	146	135	374	156	256	180	227	168	259	207
Rv1707	291	477	301	491	585	501	562	507	480	639	479	246	402	317	416	400	298	299	216	342	367	377	333	511	466	226	310	309	402	409	437	473
Rv1708	129	148	92	132	607	660	625	648	468	733	523	319	812	674	784	778	193	192	94	141	243	291	201	295	286	184	203	233	522	475	580	610
Rv1709	46	49	44	52	438	434	436	473	327	500	366	229	592	456	604	515	143	139	55	111	149	175	139	172	156	125	154	147	418	405	388	414
Rv1710	119	152	127	177	421	436	404	423	249	441	296	204	411	385	391	374	123	98	116	117	118	168	117	175	147	92	111	119	306	353	253	296
Rv1711	245	284	256	374	1050	1025	957	950	670	1028	777	443	1058	778	917	910	288	272	234	293	350	471	282	438	312	296	235	319	889	877	621	730
Rv1712	79	90	70	132	536	545	469	479	342	553	299	267	552	385	467	434	92	89	95	118	165	259	139	230	171	158	104	186	487	436	282	350
Rv1713	263	322	238	346	1599	1600	1360	1428	1051	1881	1098	824	1621	1193	1334	1237	346	389	344	436	700	929	476	819	488	524	359	559	1523	1432	829	1132
Rv1714	48	59	57	83	335	327	287	269	161	264	177	123	246	181	253	215	122	104	43	110	250	312	193	264	172	119	77	137	414	300	172	213
Rv1715	24	15	27	19	141	137	125	131	62	116	70	65	148	88	120	80	51	38	20	39	71	78	61	97	46	50	21	40	123	93	66	99
Rv1716	42	56	34	47	213	264	210	221	106	225	116	110	232	148	184	138	90	81	49	84	114	193	93	154	67	92	48	72	242	223	101	121
Rv1717	5	6	2	2	9	18	12	13	11	13	6	9	15	6	10	4	13	11	0	13	15	22	6	11	10	9	6	13	21	15	3	10
Rv1718	25	29	30	47	178	179	143	157	75	158	77	69	157	88	123	71	66	51	21	69	80	85	45	73	66	44	34	59	114	115	50	80
Rv1719	42	49	41	71	181	228	177	181	128	242	126	124	186	98	146	109	108	97	28	108	103	105	61	109	103	77	42	66	127	129	83	111
Rv1720c	15	36	14	27	39	39	28	40	21	64	30	30	33	24	25	30	21	27	25	41	16	7	30	42	16	12	19	19	15	21	21	46
Rv1721c	9	23	17	22	18	9	19	11	10	14	8	5	4	4	5	6	9	7	9	23	5	3	5	13	3	5	8	10	8	4	8	13
Rv1722	558	734	382	623	290	257	257	216	221	295	232	161	198	163	197	239	232	298	108	222	113	156	104	147	169	87	115	100	165	206	202	192
Rv1723	16	26	9	23	32	27	31	35	35	45	22	17	18	33	32	27	42	41	6	44	19	11	12	17	25	18	13	10	17	37	34	47
Rv1724c	9	18	6	13	24	25	22	17	13	25	15	14	34	20	21	20	13	17	9	26	17	18	22	24	16	15	13	16	17	16	54	35
Rv1725c	31	49	20	38	55	46	36	39	39	77	30	37	55	52	41	61	29	43	20	34	25	31	35	40	48	15	40	16	31	42	70	70
Rv1726	8	15	8	8	5	9	9	3	4	10	4	3	5	1	8	9	49	58	13	59	24	14	7	12	24	24	7	2	12	44	19	39
RVnc0047	0	1	1	0	0	0	1	0	0	0	0	0	0	0	0	0	1	0	0	3	0	0	0	1	0	0	0	0	1	0	2	1
Rv1727	5	7	13	13	1	3	2	4	3	5	3	2	3	6	3	4	14	13	8	14	4	3	4	6	14	4	6	1	2	13	16	8
Rv1728c	136	144	113	128	205	197	232	208	158	309	170	146	246	212	231	267	94	111	125	122	80	97	102	127	124	95	97	83	209	248	250	253
Rv1729c	49	73	68	86	70	62	65	69	53	86	53	31	62	66	70	88	69	75	47	77	51	32	43	57	54	37	39	32	74	70	92	99
Rv1730c	219	251	123	139	175	175	160	166	161	305	190	107	371	355	352	353	200	153	91	149	84	72	49	64	138	84	64	52	134	168	213	263
Rv1731	496	653	813	1096	545	456	449	421	311	550	381	260	434	352	377	406	395	537	351	491	225	287	156	263	233	222	162	163	290	355	279	344
Rv1732c	277	290	244	339	327	377	274	360	327	634	363	231	345	398	302	389	138	136	207	250	111	140	125	211	246	156	157	190	260	248	291	400
Rv1733c	1535	1671	1745	2041	2234	2762	1737	2392	4074	7586	3657	2964	1907	2942	1220	2164	818	878	535	711	795	1366	616	990	1944	1453	870	934	1296	1266	715	1038
RVnc0036	11	20	6	18	21	8	14	17	10	45	22	19	13	21	11	23	22	27	7	22	14	12	10	22	59	16	24	14	23	30	29	31
Rv1734c	2	2	0	0	2	0	3	0	1	1	1	1	1	3	0	2	1	2	1	0	5	2	2	7	6	3	0	0	2	1	1	3
Rv1735c	10	14	10	10	114	119	91	65	68	99	57	28	31	42	24	39	24	9	5	23	86	75	50	79	112	16	40	42	57	39	28	36
Rv1735a	17	12	14	15	116	111	113	81	96	133	72	35	33	60	34	63	15	13	14	7	37	44	34	64	90	34	33	35	44	35	24	45
Rv1736c	1900	1812	1889	2314	11894	11879	9666	10059	9909	16477	8148	5821	3803	6500	2621	5441	1316	1332	950	1221	4568	5377	2688	4160	5588	2678	2151	2406	3404	3783	1985	3570
Rv1737c	1300	1384	1213	1611	9067	9068	7395	7703	8849	14073	7348	5112	3851	5673	2439	4544	611	866	549	729	3661	4115	2023	2595	4006	2291	1686	1771	2989	3157	1477	2757
Rv1738	9845	10635	7868	9275	7146	8251	5127	7319	15078	29134	14526	11568	7235	10852	3933	7770	4357	3962	2443	3139	2654	3832	2258	3407	9107	5339	3491	4135	4791	4958	3133	5792
Rv1739c	115	131	141	149	79	78	76	74	43	62	50	33	68	50	84	65	99	102	64	140	81	65	78	104	113	43	57	39	75	108	132	101
Rv1740	18	25	27	27	35	21	30	20	24	28	20	19	17	21	15	19	5	6	6	16	12	13	17	16	17	8	13	16	14	7	30	25
Rv1741	54	63	56	58	76	59	49	62	60	87	55	43	58	49	43	64	38	37	31	32	52	46	35	71	90	22	49	38	61	56	63	99
Rv1742	47	91	47	68	170	153	113	116	110	160	130	69	100	97	98	90	52	60	33	59	72	81	48	113	109	42	98	65	83	112	133	170
Rv1743	344	461	301	480	592	494	552	487	477	759	464	343	349	315	377	366	274	280	204	278	225	220	220	297	328	180	227	190	303	304	355	337
Rv1744c	5	4	3	5	2	1	4	4	4	7	4	2	4	6	1	5	26	19	5	17	4	3	3	2	11	5	9	6	2	15	4	15
Rv1745c	5	5	1	6	3	8	13	9	10	6	9	4	4	6	4	14	13	17	4	15	14	9	3	13	8	10	7	2	8	16	11	9
Rv1746	89	106	63	117	217	259	208	217	179	292	205	148	233	186	230	189	84	85	32	101	66	81	72	88	91	85	70	77	133	136	118	137
Rv1747	417	458	363	499	2183	1929	1822	1776	1450	2402	1452	1050	1917	1565	1803	1825	437	476	301	446	644	678	551	787	595	528	413	621	1147	1224	927	1196
Rv1748	75	135	64	86	72	65	69	66	55	98	74	33	83	96	93	86	76	84	68	69	51	35	60	75	100	26	58	50	79	84	145	113
Rv1749c	252	286	273	349	156	127	147	153	148	212	141	85	175	160	150	215	182	176	179	224	77	70	59	108	141	75	99	65	117	135	147	163
Rv1750c	188	290	267	336	156	160	165	160	148	188	132	63	159	172	178	164	163	162	149	225	78	57	51	92	130	59	70	45	90	85	122	140
Rv1751	1173	1397	1014	1331	1565	1545	1509	1418	1552	2484	1639	1035	1884	1312	1899	1720	707	661	669	767	356	420	260	370	589	445	307	425	786	826	492	633
Rv1752	43	45	19	35	59	73	60	66	52	72	45	38	66	51	89	78	29	48	18	29	22	25	16	18	27	24	15	31	34	39	35	39
Rv1753c	113	143	111	157	277	300	357	343	259	463	342	203	322	277	262	329	295	189	137	243	130	154	147	244	220	139	204	149	184	278	411	403
Rv1754c	20	26	15	20	162	144	212	217	186	242	202	117	147	171	205	232	55	71	17	77	63	45	54	108	84	50	134	67	87	111	259	211
Rv1758	4	4	0	1	2	2	4	1	0	0	0	0	0	0	0	0	10	10	2	10	10	2	3	7	0	0	0	0	0	0	0	0
Rv1759c	50	61	51	61	415	345	356	304	0	3	0	0	0	0	0	0	103	113	57	145	489	418	296	348	0	0	0	0	0	0	0	0
Rv1760	54	78	73	123	152	121	160	139	0	3	0	0	0	0	0	0	129	98	53	123	145	174	95	194	0	0	0	0	0	0	0	0
Rv1761c	23	18	22	28	44	47	32	38	0	0	0	0	0	0	0	0	14	12	10	18	16	23	22	27	0	0	0	0	0	0	0	0
Rv1762c	176	198	162	218	266	277	258	252	0	7	0	0	0	0	0	0	120	123	85	145	123	123	133	211	0	0	0	0	0	0	0	0
Rv1765c	7324.38	6715.12	6152.7	6969.78	9259.88	7720.8	6911.21	6135.3	1881.59	3271.95	1905.49	1483.61	4396.86	3370.74	3145.55	3105.23	3441.03	2908.51	3874.91	4614.7	2241.54	2802.4	3155.66	4656.37	537.665	405.993	486.138	779.843	2268.19	1687.42	1643.79	2004.03
Rv1766	22	35	36	38	60	49	52	48	34	46	40	18	15	21	18	23	34	25	16	26	30	42	63	81	27	11	27	21	19	24	32	44
Rv1767	15	13	11	21	20	29	35	15	24	22	11	13	15	10	8	14	16	12	13	13	14	12	20	29	11	8	12	19	14	12	14	25
Rv1768	184	194	214	271	2717	2417	2588	2450	751	1426	715	681	1820	1658	1528	1840	297	310	232	408	1635	1826	1601	2228	597	617	523	650	2183	2138	2080	2023
Rv1769	236	311	203	272	2077	2051	1945	1939	706	1334	762	605	1159	1079	1176	1271	214	194	201	216	754	947	783	1250	399	335	305	340	949	1031	1122	1131
Rv1770	196	279	228	333	1685	1698	1717	1844	680	1160	707	537	954	1044	958	1241	349	348	328	364	960	1166	839	1501	623	459	419	412	725	985	1031	1244
Rv1771	164	207	158	222	1043	995	993	1140	392	687	460	237	551	631	581	724	220	215	190	203	372	427	437	737	260	175	262	168	300	412	668	730
Rv1772	2350	2616	2961	3692	2002	1458	2030	1565	506	670	590	287	357	350	389	427	320	551	592	1046	725	628	2055	2154	440	119	864	200	290	231	923	667
Rv1773c	35	43	27	48	29	23	35	29	25	27	19	11	18	14	10	21	59	62	30	74	31	15	29	28	27	13	24	12	17	28	22	30
Rv1774	212	219	237	336	523	396	490	412	121	221	142	85	168	166	137	166	167	187	106	201	185	166	217	255	120	53	81	64	99	112	145	177
Rv1775	287	332	350	412	1300	1033	1101	985	377	607	370	265	367	348	326	414	287	329	300	462	574	543	556	732	346	170	225	240	270	354	351	449
Rv1776c	14	18	8	19	60	57	55	39	42	63	43	24	31	28	23	28	33	31	4	25	43	35	37	53	34	23	19	18	30	32	25	48
Rv1777	35	38	18	25	90	88	81	82	60	60	60	32	38	49	32	48	64	61	18	80	73	80	68	126	62	41	40	23	36	68	72	111
Rv1778c	58	76	41	82	81	92	78	84	57	60	41	27	85	56	77	66	42	49	29	43	49	50	35	51	25	24	13	32	25	25	37	38
Rv1779c	1555	2125	1627	2727	1805	2197	1476	1917	932	1657	860	701	1347	1227	1225	1185	877	1153	810	849	928	891	840	1050	438	405	349	617	716	621	662	725
Rv1780	49	90	49	75	184	263	192	262	103	167	96	81	142	126	146	161	24	34	18	42	74	96	106	194	62	41	72	67	71	68	139	151
Rv1781c	51	64	49	84	89	71	87	88	30	53	34	26	52	37	56	55	72	90	39	101	85	56	66	97	66	39	43	19	56	85	90	89
Rv1782	2352	3259	2688	4232	6886	5966	6202	5487	2429	4192	2569	1872	2563	2174	2356	2590	2026	2016	1592	1949	2517	2993	3187	4160	1602	997	1391	1424	2057	1955	2819	2549
Rv1783	4674	5968	5622	8474	13348	11719	11833	11360	5599	8786	5908	4020	5276	5569	4893	6145	6111	6590	5115	6777	5317	6635	6797	10423	3734	2619	3253	3396	4290	4812	6463	7130
Rv1785c	101	153	77	140	232	218	195	218	100	165	108	54	154	112	140	151	95	96	39	127	95	94	98	145	80	45	61	32	69	94	100	123
Rv1786	2	4	7	6	4	1	6	0	4	6	2	1	5	2	2	2	1	3	1	5	0	1	3	3	2	0	0	0	0	0	6	5
Rv1787	442.776	556.856	294.947	429.673	1248.94	1170.74	921.713	920.889	503.782	864.953	477.524	338.908	479.466	435.587	425.201	432.579	196.001	269.64	232.593	263.563	449.445	528.691	434.187	543.265	320.753	190.874	217.242	252.211	394.941	348.829	402.542	358.817
Rv1788	5	8	3	5	31	32	29	25	6	12	10	7	9	9	13	11	2	4	4	11	11	10	10	12	9	3	3	4	4	9	4	5
Rv1789	657	867	722	1011	2699	2335	2183	2095	991	1576	966	704	931	722	847	834	504	636	445	599	1216	1335	1183	1663	758	500	510	540	739	722	825	869
Rv1790	94.2231	103.146	90.0524	146.327	223.066	229.264	183.282	234.115	171.218	217.046	171.476	92.0922	128.533	133.413	104.798	144.421	202.999	243.36	156.407	250.437	185.556	222.309	175.813	253.735	205.247	101.126	135.759	113.79	161.059	204.172	242.458	246.182
Rv1791	208	362	379	545	670	606	581	626	263	431	248	188	213	194	201	239	116	271	225	339	283	358	493	624	212	138	290	175	149	163	329	292
Rv1793	2057.07	2748.51	2674.85	3918	1978.39	1854.48	1979.4	1965.7	1415.01	2294	1528.16	1018.85	1344.18	1380.74	1243.77	1477.03	1797.52	2272.57	1528.41	2412.62	1049.58	1339.15	1905.1	3186.54	1488.68	974.615	1579.56	927.055	1177.28	1444.86	3218.99	2635.82
Rv1794	3711	5508	4045	6347	6843	7124	6260	6854	3151	5027	3601	2202	3421	2871	3217	3394	1997	2552	2596	3096	2339	3288	4362	6561	2174	1255	2837	1978	2469	2241	5635	5266
Rv1795	1775	2623	1796	2988	6900	6678	5859	6123	2772	4481	2871	1971	3423	2737	3073	3130	1183	1562	1046	1546	1943	2590	2834	4110	1383	963	1601	1439	2086	2063	3205	3638
Rv1796	1492	2070	1419	2170	6625	6476	5874	5681	2488	4248	2645	1938	3062	2943	2702	3048	920	1171	1192	1401	2642	3589	3322	5198	1572	1144	1605	1821	2441	2577	2874	3532
Rv1797	3425	4098	2465	3796	19808	18703	16209	15258	7513	13568	7918	6259	9128	7530	7602	7936	2340	2629	2508	2665	6705	9613	6921	10994	4164	3190	3481	4866	7600	7615	6948	9452
Rv1798	1675	2266	1309	1990	9250	9513	7540	7833	4290	7588	4620	3161	5124	4902	4264	4722	2317	1645	2310	2105	2202	2749	3196	5478	2065	1378	1881	2193	2216	2543	3424	4990
Rv1799	2	1	1	0	4	0	0	0	12	22	10	11	2	0	3	1	3	2	0	5	0	0	2	5	24	11	15	14	9	7	4	2
Rv1800	425	566	385	580	262	261	249	240	1206	1868	1406	901	396	350	372	352	347	337	318	405	164	184	167	248	1546	889	2315	860	295	331	522	491
Rv1801	49	90	95	122	29	22	25	29	44	59	45	25	40	22	28	29	102	88	77	137	129	79	79	101	196	51	72	60	172	124	158	143
Rv1802	56	81	74	167	23	29	30	21	31	51	38	20	34	28	37	32	94	91	47	87	43	22	38	38	73	36	49	37	53	64	71	75
Rv1803c	350	484	442	541	1375	1495	1192	1286	1222	2634	1274	1237	802	807	685	857	669	550	632	798	492	596	802	1316	544	504	642	611	579	691	1111	1240
Rv1804c	58	74	44	82	18	7	13	8	11	20	4	10	9	11	5	6	12	22	12	23	6	7	6	18	8	5	11	7	3	13	14	17
Rv1805c	2	0	2	3	0	0	1	1	0	1	0	0	0	1	0	1	11	3	0	8	4	2	0	1	11	1	2	0	1	6	1	5
Rv1806	7	12	9	21	12	10	25	41	8	3	9	3	5	3	5	8	16	21	21	27	35	43	18	51	23	15	30	15	9	8	17	13
Rv1808	92	156	95	199	73	70	107	102	58	54	72	37	83	58	84	91	107	123	181	225	157	276	165	395	149	118	213	86	75	96	218	185
Rv1809	109	163	172	251	77	96	85	115	88	127	106	69	103	136	104	139	201	236	316	433	142	331	228	622	181	163	333	179	134	163	623	451
Rv1810	741	1104	742	1280	380	511	354	478	455	735	463	320	359	399	285	456	379	605	767	703	502	873	787	1466	653	389	865	515	412	486	1465	1411
Rv1811	88	87	88	142	128	148	141	142	112	175	137	83	107	104	103	137	113	97	81	87	111	175	120	240	147	104	162	163	114	151	275	344
Rv1812c	935	472	711	475	3043	1184	2438	1109	6852	3526	6430	1165	4062	2801	3306	2498	670	729	473	500	811	444	381	438	2583	689	1420	987	3296	1782	2735	2489
Rv1813c	14251	4901	10985	4961	9611	3871	7483	3564	26383	17542	25539	5799	18421	12464	12350	10032	5115	3867	3391	3019	2547	1856	1178	1357	9581	2929	4068	2621	10673	5620	7642	6338
Rv1814	43	51	41	41	101	67	87	61	92	129	90	43	140	110	119	125	44	60	33	38	29	27	23	34	49	30	35	34	73	46	107	87
Rv1815	155	213	183	213	1658	1647	1771	1825	1050	1973	1252	912	3501	3180	3346	3859	116	127	88	140	270	428	256	433	364	293	315	337	1912	2017	2303	2534
Rv1816	19	30	23	54	319	303	347	374	216	338	241	167	659	619	692	803	37	51	18	43	70	76	58	86	62	51	104	84	240	324	484	641
Rv1817	90	104	63	96	330	348	311	319	304	503	342	230	870	830	718	830	208	199	106	172	212	231	170	264	289	167	141	178	722	816	644	793
Rv1818c	96	82	108	169	929	775	746	659	302	496	292	283	229	199	214	197	173	226	132	198	965	962	868	946	397	335	258	293	419	412	309	366
Rv1819c	87	116	162	188	103	115	152	159	114	168	109	80	175	143	188	180	102	107	69	131	68	71	59	94	112	50	54	44	113	143	153	121
Rv1820	839	918	703	957	1163	985	920	848	849	1585	834	677	1011	884	878	891	502	741	379	610	631	658	415	676	634	504	396	482	1067	1015	739	789
Rv1821	2577	3191	2227	3216	5057	4414	4398	4278	4210	7327	4464	3076	5641	5056	5069	5320	2106	2095	2136	2364	1931	2421	2575	3552	2670	1821	2394	2451	4438	4552	5409	5803
Rv1822	123	154	98	144	282	249	257	234	261	384	244	167	377	299	380	347	115	94	95	111	79	84	76	107	137	81	99	120	200	251	221	293
Rv1823	50	69	47	69	161	127	156	142	126	205	132	78	197	205	213	216	50	45	31	59	60	52	46	73	57	43	38	63	85	127	128	173
Rv1824	13	25	33	43	44	48	42	35	37	73	50	17	68	44	68	57	19	14	8	27	22	17	12	10	22	15	15	13	19	27	39	39
Rv1825	107	128	96	134	291	262	247	279	234	385	250	159	355	294	305	303	89	148	93	121	86	86	73	102	114	68	71	87	130	179	201	230
Rv1826	137	219	135	233	226	206	227	257	189	258	232	140	245	216	248	268	96	104	97	110	76	96	97	176	121	79	120	105	156	131	212	190
Rv1827	1529	1797	1446	2045	1652	1414	1433	1277	1231	2255	1258	909	1506	1370	1302	1481	916	1111	827	1051	671	830	909	1332	812	539	777	752	963	1006	1497	1678
Rv1828	319	472	268	437	747	691	559	617	535	959	515	355	699	612	636	653	180	252	163	280	313	349	389	542	286	216	302	336	450	478	658	766
Rv1829	1358	1620	1559	1939	893	724	823	799	657	1164	772	526	621	614	642	737	640	804	910	914	505	602	834	1092	686	353	756	521	474	607	1206	1141
Rv1830	433	531	569	836	1331	1250	1170	1066	661	1223	727	540	832	851	788	845	139	188	210	266	336	405	639	982	408	221	494	364	361	406	872	842
Rv1831	223	336	188	294	343	321	252	262	232	405	249	189	223	234	196	235	222	179	135	196	145	156	244	309	180	96	156	161	141	163	262	262
Rv1832	1042	1521	906	1682	2980	2637	2350	2130	1720	3419	1835	1501	2005	1877	1765	1887	1451	1752	1328	1719	1484	1590	1883	2416	1491	1069	1166	1900	2014	1794	1929	2461
Rv1833c	153	163	169	210	206	190	196	138	197	308	191	129	327	244	291	269	106	135	94	127	81	100	85	105	111	69	74	69	251	222	170	184
Rv1834	38	51	19	44	43	37	47	46	49	124	74	43	54	57	55	46	51	60	27	61	36	31	28	54	66	42	45	33	55	70	90	84
Rv1835c	118	132	99	148	494	509	448	450	436	747	421	324	480	437	350	498	199	186	119	171	195	199	145	271	184	144	145	214	249	359	217	423
Rv1836c	567	649	456	703	2795	2354	2431	2300	1920	3457	1895	1543	1716	1776	1602	1796	484	634	430	614	1049	1151	923	1185	904	825	628	1090	1402	1539	982	1580
Rv1837c	3509	3956	3171	4370	9193	8153	8256	7684	6647	12132	7062	5253	6154	5361	5905	5775	2310	2637	2201	2581	3468	3954	3423	4418	3330	2861	2334	3668	5187	5210	3729	4864
Rv1838c	47	54	27	52	61	63	38	55	67	108	68	44	47	69	56	68	19	28	23	37	26	32	35	36	39	18	32	44	34	25	44	51
Rv1839c	95	123	120	141	73	52	54	77	90	163	90	82	100	93	67	85	46	46	73	99	26	22	33	67	41	22	42	40	23	29	52	74
Rv1840c	85	110	115	126	432	436	446	404	408	789	358	418	422	295	359	346	133	152	88	134	439	493	371	519	362	387	263	397	573	558	450	532
Rv1841c	684	815	603	781	1326	1078	1074	841	892	1645	860	742	1054	723	864	832	392	473	356	399	467	572	376	479	364	354	277	454	871	767	639	821
Rv1842c	653	835	520	871	1017	825	913	759	642	1270	688	548	876	717	764	727	612	578	386	496	351	404	287	445	309	270	181	306	697	715	539	652
Rv1843c	1517	2201	1613	2714	1409	1185	1190	1198	684	1410	726	620	917	861	904	967	1112	1746	865	1408	662	794	587	934	550	439	431	503	834	904	906	1033
Rv1844c	845	1160	629	1142	1098	940	899	799	493	1088	557	439	657	520	612	521	332	471	456	512	330	413	389	527	296	215	223	305	393	333	467	504
Rv1845c	291	419	193	337	526	370	375	293	240	494	254	162	257	226	232	187	143	212	148	187	166	181	164	206	150	97	85	151	181	173	147	219
Rv1846c	2312	2316	1799	2820	1256	991	985	783	612	1380	641	600	749	690	574	642	449	839	785	1180	486	584	723	888	427	351	373	572	474	491	650	945
Rv1847	73	124	57	118	100	71	114	86	58	87	65	34	73	65	75	71	64	75	35	56	72	53	77	58	61	37	46	42	51	54	84	56
Rv1848	21	29	23	37	48	32	30	44	29	31	22	17	16	20	21	23	30	26	12	30	15	25	18	27	32	23	24	9	22	23	18	26
Rv1849	25	20	32	32	89	59	58	62	35	61	42	35	58	24	62	36	12	19	19	20	40	29	31	39	43	12	24	23	55	40	30	36
Rv1850	252	361	256	390	677	511	553	472	331	566	387	268	412	350	445	396	251	285	185	337	299	310	222	283	334	194	247	169	449	432	305	376
Rv1851	15	26	11	35	56	44	50	44	37	56	20	19	34	36	37	37	22	34	15	39	32	32	15	28	33	16	25	15	35	43	27	32
Rv1852	36	54	47	76	78	67	96	60	42	69	44	28	58	47	52	50	33	52	41	71	46	30	24	47	35	24	23	30	41	56	47	53
Rv1853	44	54	51	73	90	64	91	74	46	91	59	52	65	57	75	50	54	59	58	68	40	50	27	49	52	41	37	28	34	59	63	75
Rv1854c	2447	3389	1695	3159	1422	1553	1170	1188	1334	2640	1378	964	1653	1703	1334	1578	1019	1609	895	1114	943	976	1060	1369	1386	870	956	1094	1129	991	1534	1494
Rv1855c	460	521	390	537	644	648	583	567	685	1121	668	463	639	551	549	653	207	261	269	338	381	458	470	643	460	271	472	398	405	426	795	843
Rv1856c	413	521	581	1041	773	697	722	753	692	1065	725	477	364	353	368	401	196	256	273	392	475	562	684	870	515	305	627	434	265	288	615	499
Rv1857	379	522	370	536	379	447	393	457	397	699	449	348	447	473	430	448	171	182	268	264	239	289	237	416	274	191	261	253	254	299	449	558
Rv1858	30	55	25	33	83	76	56	82	70	106	86	50	92	81	85	67	34	25	12	35	40	38	23	50	43	17	26	37	64	60	47	69
Rv1859	214	311	217	355	747	667	683	611	556	1031	565	426	563	623	562	646	159	181	209	253	466	535	429	722	675	290	344	495	575	454	489	879
Rv1860	99	120	116	159	257	269	296	299	204	339	228	142	247	214	250	271	87	111	58	75	116	158	101	137	170	92	86	89	213	229	163	165
Rv1861	14	29	18	47	23	29	30	21	30	45	22	10	27	27	23	26	19	25	10	34	27	19	25	41	30	14	28	17	25	35	50	51
Rv1862	388	498	301	423	242	235	227	198	286	427	273	172	347	272	289	297	166	241	266	285	119	94	163	181	190	106	232	127	205	254	539	408
Rv1863c	757	1016	850	1075	1447	1344	1402	1184	1272	2167	1331	851	1189	932	1078	1018	471	559	432	600	512	617	662	796	841	577	655	697	948	923	1042	974
Rv1864c	71	123	69	102	85	68	98	77	93	155	100	60	119	95	121	112	70	68	70	94	35	29	44	48	69	35	43	44	98	89	146	130
Rv1865c	46	46	50	48	47	45	58	38	36	61	37	21	51	52	74	70	45	59	26	72	29	28	25	38	39	25	27	20	30	62	43	60
Rv1866	65	53	50	52	124	101	121	107	76	132	98	64	93	83	109	134	115	107	37	153	58	37	36	56	82	57	27	49	67	134	75	117
Rv1867	116	153	97	111	172	158	120	109	182	286	185	100	294	277	211	265	121	115	70	137	62	57	37	52	96	80	44	67	129	205	95	148
Rv1868	288	380	233	359	304	260	264	248	188	391	210	166	248	251	239	306	236	309	140	314	147	146	120	189	219	130	122	109	194	308	312	314
Rv1869c	441	591	415	604	6296	6644	5522	5318	1715	3196	1932	1366	3088	2270	2367	2270	515	420	390	406	1992	2449	2426	4012	1049	694	788	1104	1803	1676	2037	2729
Rv1870c	283	460	200	384	3336	3495	3003	2986	922	1363	1036	600	1284	1016	1185	1070	308	299	214	270	1182	1308	2365	3608	642	288	684	641	687	762	1818	2436
Rv1871c	1250	1558	1252	1787	5695	5071	5146	4704	1370	2112	1370	946	1364	1201	1281	1291	338	612	683	895	2130	2691	3626	5574	810	512	865	834	731	821	1463	1762
Rv1872c	7417	9682	5905	9455	41840	38366	36343	34043	9733	15421	9963	6584	9525	7532	8430	8043	2774	3528	4050	4748	15949	19711	27049	39926	5858	3351	5563	5132	5486	5227	9509	11511
Rv1873	24	22	24	33	12	13	9	11	37	72	43	36	39	89	51	104	16	20	16	28	10	8	9	18	55	25	40	37	39	29	48	52
Rv1874	69	71	53	73	171	148	134	126	77	145	85	45	131	96	106	94	39	56	26	57	84	67	102	123	86	29	53	54	99	74	118	121
Rv1875	39	50	37	66	110	71	93	71	48	76	48	34	49	61	63	49	35	44	52	51	207	204	223	258	311	63	108	134	254	120	179	174
Rv1876	134	197	178	328	331	304	348	347	13	31	22	14	224	251	246	260	158	111	166	181	182	293	282	450	23	10	17	13	277	210	434	339
Rv1877	120	167	150	202	654	636	672	709	278	518	267	221	424	453	483	525	189	187	138	218	312	327	375	504	224	115	167	165	311	351	415	440
Rv1878	81	116	82	108	193	192	174	187	99	176	121	61	193	152	171	174	130	140	63	117	120	103	95	141	99	58	60	46	98	152	152	186
Rv1879	30	33	28	47	63	65	59	62	35	46	34	33	55	38	48	49	45	70	37	68	49	29	30	51	36	30	23	23	26	40	59	67
Rv1880c	818	1094	655	1021	1549	1519	1226	1288	1142	2018	1222	809	1820	1611	1719	1526	351	410	405	506	503	569	591	956	632	409	593	516	849	882	1314	1471
Rv1881c	48	63	32	64	220	218	183	203	158	236	187	115	384	292	326	318	34	42	29	47	62	98	83	170	82	70	66	76	131	167	233	375
Rv1882c	216	304	97	168	1140	1228	1024	1185	729	1189	757	466	1825	1622	1941	2115	76	107	63	123	326	360	356	560	259	165	268	346	634	734	1661	2567
Rv1883c	401	496	257	426	1097	1192	1109	1226	819	1518	865	638	2071	2339	2270	2707	100	113	129	166	256	320	393	631	283	199	389	317	665	787	2279	2843
Rv1884c	494	678	397	733	2620	2983	2250	2809	1973	4172	2226	1665	5570	5452	5035	5645	144	197	147	243	724	1401	895	1609	818	732	729	736	2475	2974	4951	5628
Rv1885c	24	36	18	42	53	70	89	119	56	89	83	54	61	74	106	125	59	58	19	21	36	57	15	38	61	58	21	28	46	59	36	29
Rv1886c	169	237	249	382	627	661	878	984	535	929	550	450	470	458	627	661	261	288	115	187	337	493	220	278	345	299	146	229	262	305	164	194
Rv1887	633	759	858	1121	1965	1762	1991	1833	1375	2049	1429	1003	1377	1267	1465	1508	393	512	534	576	953	1123	1210	1453	1079	661	819	938	1045	1183	1059	1264
Rv1890c	39	42	47	41	26	20	29	23	27	38	28	18	33	28	35	51	61	65	25	65	20	22	25	46	41	16	26	14	29	48	69	52
RVnc0001	1	2	0	0	3	3	1	5	2	5	1	2	2	4	1	2	3	1	1	1	1	3	1	6	9	3	2	0	2	4	2	8
Rv1891	86	122	103	130	148	129	164	167	113	189	115	66	113	123	127	126	64	60	61	88	63	74	57	109	76	47	63	61	80	112	118	102
Rv1892	31	27	42	44	38	45	49	41	25	40	35	21	35	32	36	49	17	18	17	25	22	27	24	18	20	8	15	13	35	46	33	40
Rv1893	10	6	26	10	6	11	8	18	9	7	5	12	9	10	12	16	7	2	8	15	6	10	5	12	8	9	8	5	8	16	16	15
Rv1894c	979	1152	640	825	1149	1096	772	791	885	1969	942	768	973	1117	740	922	486	689	804	645	1399	1004	1504	1272	1837	832	1076	1156	1926	1518	1901	1494
Rv1895	8	19	10	20	19	26	37	35	24	26	25	15	17	21	23	21	53	44	17	51	117	60	111	115	142	32	68	55	94	59	78	87
Rv1896c	84	94	83	131	100	104	80	108	93	164	91	69	108	126	117	117	76	96	60	98	105	117	56	136	124	72	69	79	122	173	132	182
Rv1897c	6	12	11	13	16	21	26	19	16	32	21	11	20	17	22	29	16	22	4	25	25	26	9	37	22	14	11	20	31	27	25	53
Rv1898	244	312	196	281	246	195	176	144	210	360	216	146	225	220	171	164	121	86	115	126	79	87	101	138	117	77	93	80	109	125	156	196
Rv1899c	1194	1456	1205	1657	1802	1596	1531	1404	1232	2577	1302	1091	1490	1810	1212	1719	1710	1189	1145	1302	930	1278	839	1298	1323	956	704	889	1408	1745	1177	1636
Rv1900c	122	195	124	213	384	373	378	302	391	631	376	272	391	308	365	368	130	161	136	168	232	212	209	275	275	199	172	201	402	399	362	353
Rv1901	165	250	174	269	578	557	596	541	439	772	472	324	558	522	510	628	198	200	163	204	238	285	191	305	293	213	213	188	423	380	290	433
Rv1902c	88	109	55	110	120	111	133	103	103	149	98	64	136	110	116	127	128	95	29	104	62	49	42	67	82	53	54	34	77	135	100	101
Rv1903	123	159	104	139	66	50	76	53	71	111	87	44	93	75	86	87	55	28	53	58	23	26	22	37	35	24	30	18	39	33	72	79
Rv1904	176	259	247	357	484	390	519	411	475	636	523	277	258	176	260	273	52	116	97	156	216	303	435	587	452	200	609	263	199	187	529	556
Rv1905c	125	191	114	180	367	346	315	332	262	435	277	174	416	339	314	355	144	148	96	166	199	205	175	321	241	99	147	148	263	257	400	474
Rv1906c	616	657	339	584	761	773	549	666	601	1066	667	416	691	635	624	628	231	225	258	264	213	276	309	450	405	194	301	236	332	309	587	574
Rv1907c	172	230	206	312	221	218	179	203	252	411	302	191	582	481	509	553	190	271	420	500	148	171	188	256	214	112	258	213	416	423	591	513
Rv1908c	2900	4507	3849	6714	1581	1496	1578	1536	1580	2406	1721	1166	2232	2746	2264	3162	2991	4344	4635	5569	2490	1781	3109	2752	4170	1525	2919	2165	5752	4564	7158	4812
Rv1909c	137	249	123	205	54	49	47	50	48	73	52	33	113	137	124	140	83	80	150	135	173	81	179	103	310	68	91	103	412	316	328	219
Rv1910c	55	82	73	96	48	48	58	62	36	74	43	31	94	89	90	100	47	65	62	72	20	32	43	55	38	23	35	20	42	66	102	84
Rv1911c	242	302	231	318	235	250	215	211	179	333	210	122	323	265	287	284	163	179	236	201	100	130	126	211	129	90	109	101	224	209	250	278
Rv1912c	124	136	110	146	95	86	107	117	67	146	71	62	149	143	154	180	169	133	117	184	60	72	36	84	98	66	56	25	97	132	141	136
Rv1913	20	26	14	28	23	20	15	15	22	28	18	8	21	24	31	28	27	34	12	32	26	15	6	14	31	8	7	10	11	23	19	22
Rv1914c	65	97	67	82	23	37	39	39	35	46	29	19	30	45	28	46	73	61	47	79	28	23	34	46	46	42	25	21	26	46	58	44
Rv1915	308	474	360	564	491	426	415	438	325	565	338	244	381	383	379	417	252	243	199	293	166	190	159	273	196	151	180	136	268	247	380	324
Rv1916	445	504	414	590	279	266	237	251	281	545	311	252	403	395	383	471	419	370	349	432	150	174	127	193	315	251	274	176	336	353	639	444
Rv1917c	105	126	86	94	88	114	117	120	70	98	76	38	160	155	146	168	342	288	96	342	133	80	67	159	121	86	47	29	155	215	198	212
Rv1918c	355	448	464	560	485	505	565	582	474	805	594	381	518	487	479	575	375	301	188	342	247	280	236	369	368	289	269	244	363	464	432	496
Rv1919c	197	220	303	350	238	226	273	315	219	412	241	140	264	251	264	338	146	156	197	225	80	106	80	142	129	92	107	84	139	139	148	170
Rv1920	142	167	125	170	188	186	169	183	148	238	175	92	114	130	144	157	86	86	102	117	69	91	85	133	125	71	130	58	99	126	293	201
Rv1921c	28	36	23	27	26	34	28	29	19	34	18	14	20	33	28	39	36	65	28	79	30	18	17	28	52	21	20	11	28	44	27	59
Rv1922	220	264	119	185	67	69	43	53	67	125	89	33	132	119	129	137	172	169	81	127	50	33	19	38	68	50	40	28	93	111	123	114
Rv1923	372	416	341	425	626	689	568	590	608	1033	597	408	713	672	590	638	245	283	171	291	212	300	168	235	345	232	184	199	420	415	308	310
Rv1924c	34	28	39	48	69	88	59	73	77	133	51	41	70	70	65	57	20	18	15	28	20	24	17	44	30	26	15	27	25	25	22	29
Rv1925	7777	8532	5363	6877	9899	8928	6876	6772	7568	15226	7879	5836	9323	9122	7234	7860	3721	3384	3537	4111	2961	3344	3256	4937	3491	2457	2493	3010	4949	4769	5094	6036
Rv1926c	50	72	67	78	36	47	51	44	23	43	43	24	21	22	31	29	51	76	36	72	67	90	45	54	90	52	59	22	38	39	108	36
Rv1927	95	115	98	121	191	135	149	120	141	206	116	78	193	178	160	177	98	74	53	101	82	74	67	116	117	45	53	77	122	136	194	212
Rv1928c	19	34	15	23	41	41	43	37	40	52	34	20	24	55	31	56	62	85	28	53	164	135	100	193	132	74	63	79	112	126	111	192
Rv1929c	64	99	80	85	256	192	246	209	163	255	166	110	162	249	183	345	86	141	101	111	272	344	174	324	268	130	138	187	315	303	309	437
Rv1930c	5	4	4	3	4	3	2	2	5	1	4	1	4	4	7	3	20	11	5	20	9	4	4	2	9	6	0	0	2	11	5	11
Rv1931c	5	22	12	18	14	14	17	12	16	16	15	11	11	17	13	9	27	26	9	29	14	6	13	14	12	10	7	4	11	23	19	25
Rv1932	427	423	402	477	370	364	334	357	408	746	480	340	524	503	502	543	144	144	232	258	112	158	89	141	173	146	98	134	283	325	212	250
Rv1933c	4	4	0	4	4	1	6	3	2	3	4	2	5	2	4	6	17	22	7	21	8	9	1	4	17	7	4	0	6	21	4	17
Rv1934c	17	19	11	13	4	5	17	5	13	7	7	3	3	7	4	6	53	47	20	61	34	8	9	15	46	17	10	9	13	45	18	40
Rv1935c	12	18	17	21	21	10	23	9	11	18	21	7	15	12	11	11	59	50	22	40	53	13	27	17	148	23	28	26	50	41	26	29
Rv1936	87	79	79	96	81	57	88	65	66	90	64	43	44	63	49	63	174	127	56	120	207	63	102	82	450	63	111	73	189	124	123	121
Rv1937	145	143	136	123	121	105	124	91	100	142	94	70	128	97	82	109	210	179	126	205	148	100	96	143	203	81	113	85	130	154	200	194
Rv1938	51	37	27	44	60	56	50	48	50	80	40	29	75	65	66	59	84	75	37	89	58	46	43	65	60	45	54	33	60	90	75	92
Rv1939	11	16	12	6	15	13	22	22	12	19	11	11	19	14	18	15	44	37	16	49	22	23	19	39	31	16	19	16	19	34	40	52
Rv1940	16	22	18	13	21	30	38	23	24	47	44	18	33	47	35	36	37	36	35	53	32	19	36	64	47	24	41	21	32	64	43	82
Rv1941	40	53	23	41	58	41	55	48	46	79	55	39	68	48	70	84	38	53	24	53	25	41	40	65	42	28	37	40	56	83	89	97
Rv1942c	42	54	35	47	43	52	39	32	45	58	40	21	37	26	32	27	26	17	26	32	23	18	33	38	27	19	23	18	22	31	27	32
Rv1943c	70	97	70	89	53	56	52	47	45	86	52	46	54	52	55	54	47	43	47	53	27	30	47	59	40	27	27	36	28	36	43	51
Rv1944c	25	46	41	41	32	30	31	26	28	36	27	25	34	24	33	27	25	31	23	37	14	13	11	13	18	8	11	11	6	21	21	19
Rv1945	284.991	248.737	228.09	300.288	103.612	78.0528	62.787	76.307	312.01	500.481	298.396	224.738	836.009	774.566	782.93	815.411	294.814	330.78	197.377	272.227	52.3623	48.2547	44.2199	77.8537	175.628	135.375	103.582	139.348	646.96	520.641	459.217	556.306
Rv1946c	2	2	5	2	4	0	2	2	0	0	1	1	3	1	1	1	8	5	2	7	5	1	2	1	7	4	1	0	2	5	0	5
Rv1947	12	10	12	12	20	14	11	11	15	22	20	12	18	14	14	15	15	29	10	23	10	10	10	18	20	6	7	5	6	13	12	26
Rv1948c	45	72	36	53	14	14	15	27	22	43	19	16	29	24	22	27	62	41	34	31	11	15	12	25	28	10	14	18	24	34	34	37
Rv1950c	11	14	12	17	4	4	3	6	6	15	7	6	4	1	9	6	9	6	3	9	12	9	10	8	13	10	7	8	12	11	10	2
Rv1951c	17	8	13	17	5	1	5	6	5	12	7	3	6	4	3	3	8	10	8	16	4	2	2	6	16	4	5	2	2	2	13	9
Rv1952	6	5	2	6	9	7	8	8	14	9	11	5	8	10	5	5	2	3	2	4	0	5	2	7	2	3	4	1	3	3	7	0
Rv1953	18	17	4	15	56	58	42	41	43	58	42	33	38	26	39	28	20	11	10	12	17	19	14	20	27	16	19	8	25	34	19	25
Rv1954c	5	7	1	2	3	0	2	2	1	1	0	0	1	1	0	5	9	7	0	15	6	3	1	5	10	5	1	0	1	8	3	9
Rv1955	106	193	120	173	76	70	109	75	59	93	79	35	51	63	56	60	125	159	110	173	79	117	125	215	74	44	82	49	72	84	155	137
Rv1956	39	56	70	82	45	50	63	45	42	64	46	28	35	39	46	54	36	56	33	71	45	76	73	107	51	25	53	29	59	68	70	78
Rv1957	42	92	76	113	76	64	80	51	51	76	82	42	56	49	68	92	94	100	72	107	52	72	69	136	68	41	53	48	76	75	100	111
Rv1958c	5	7	2	7	6	6	7	5	5	6	7	9	1	7	11	5	23	17	7	24	13	12	4	12	10	6	2	4	11	18	16	19
Rv1959c	57	77	26	46	43	25	25	30	25	47	40	16	28	21	28	25	28	44	16	26	25	26	25	37	54	20	30	13	22	27	35	21
Rv1960c	76	84	55	89	73	62	57	37	58	67	42	27	45	31	40	43	14	25	26	23	45	33	52	53	47	19	37	31	27	19	44	35
Rv1961	18	25	23	29	22	14	14	14	26	26	24	8	48	29	36	32	29	23	16	31	12	7	15	15	15	14	15	8	25	26	24	26
Rv1962c	8	9	2	6	8	12	10	15	17	23	14	7	11	17	11	12	16	14	7	14	9	12	5	17	14	9	7	7	9	13	29	19
Rv1962A	22	21	15	35	30	28	19	29	26	42	23	11	12	7	20	15	5	12	6	15	11	19	15	20	31	11	22	5	13	12	28	15
Rv1963c	21	43	28	44	61	56	66	52	42	70	48	45	46	33	45	56	49	59	36	65	70	41	41	66	99	37	36	32	55	74	93	87
Rv1964	23	27	21	25	27	16	36	18	18	38	29	17	19	9	15	8	44	34	28	44	94	24	26	36	173	22	33	30	72	36	50	34
Rv1965	14	18	15	6	15	9	18	18	18	30	13	13	14	9	11	12	40	46	20	52	36	14	16	34	57	22	17	8	21	44	30	29
Rv1966	30	21	22	20	15	16	29	29	27	22	26	14	21	12	19	24	70	56	37	70	38	13	13	19	56	19	23	15	26	37	32	69
Rv1967	18	22	14	12	18	17	21	15	17	26	22	13	16	10	15	27	44	63	22	67	26	17	16	29	25	23	19	10	15	28	21	46
Rv1968	14	17	19	15	13	11	22	9	12	24	10	11	13	12	8	8	48	52	18	50	28	8	8	24	32	16	16	6	12	37	22	41
Rv1969	11	15	6	9	6	5	12	6	9	15	8	3	11	10	6	9	44	46	20	47	15	5	10	20	22	15	12	5	4	37	29	32
Rv1970	12	10	12	6	10	12	21	9	8	25	23	11	14	13	12	17	27	40	20	43	16	8	25	22	16	9	11	21	18	37	35	43
Rv1971	9	16	11	15	15	18	20	16	24	34	32	13	28	18	17	21	54	48	33	62	24	15	37	75	36	20	34	25	21	40	66	89
Rv1972	6	5	4	3	3	3	3	7	9	10	4	4	2	7	11	7	22	16	9	15	11	7	5	20	11	8	11	10	7	17	8	24
Rv1973	1	3	2	2	4	1	2	3	2	5	6	3	2	4	0	4	9	6	2	13	3	2	3	8	7	5	0	2	1	7	2	17
Rv1974	2	1	2	0	1	1	1	0	2	3	2	0	2	1	1	1	6	7	4	5	2	3	1	4	3	2	3	3	3	5	4	3
Rv1975	2	9	5	4	2	5	2	3	4	3	2	2	2	8	3	7	16	14	3	22	7	3	0	10	13	6	5	3	8	15	12	14
Rv1976c	186	173	117	161	156	123	124	111	168	297	181	130	184	212	153	177	119	92	77	126	70	84	59	84	127	89	102	105	144	115	186	223
Rv1977	150	172	124	206	296	227	207	218	233	363	228	131	219	170	182	195	119	129	113	200	131	128	156	264	226	104	150	119	195	177	363	294
Rv1978	48	70	46	59	41	55	42	67	56	88	68	34	81	73	62	69	35	38	29	59	26	33	25	43	47	22	21	28	39	52	96	85
Rv1979c	93	127	99	165	406	435	426	432	383	494	446	196	420	406	479	525	199	217	163	180	245	295	271	396	329	182	289	295	358	382	551	751
Rv1980c	442	482	602	752	634	667	767	788	528	750	577	333	627	670	775	904	440	382	615	636	382	574	488	784	620	306	510	432	617	621	1073	895
Rv1981c	1229	1858	1241	1894	601	610	552	565	689	1209	747	506	1017	951	961	949	774	775	992	1109	308	496	472	923	811	386	603	699	547	614	859	1233
Rv1982c	231	354	212	390	112	110	83	93	79	172	92	63	167	164	150	166	125	138	121	180	80	139	103	201	95	70	72	134	71	95	139	229
Rv1982A	2080	2734	1760	2495	443	373	395	355	324	673	442	256	631	562	489	658	989	876	1081	1523	302	415	432	885	403	276	233	496	223	386	517	917
Rv1983	101	133	108	167	419	421	361	387	235	540	259	258	295	307	311	347	185	177	59	219	224	278	174	350	265	189	145	174	262	347	324	386
Rv1984c	104	127	99	127	99	111	98	98	114	175	100	59	178	162	159	151	96	54	61	74	38	30	45	50	61	41	41	42	85	77	81	100
RV1984a	25	44	16	30	24	26	19	14	11	33	27	13	15	13	17	20	12	13	16	18	10	9	23	32	16	5	13	17	7	13	23	25
Rv1985c	21	44	26	42	89	84	81	56	63	90	65	44	67	66	63	57	78	77	23	72	62	52	65	67	71	38	36	30	74	84	73	89
Rv1986	10	15	19	24	59	47	42	48	40	58	40	15	49	34	53	46	20	20	11	44	30	30	56	61	40	32	51	34	29	36	53	43
Rv1987	91	98	101	114	276	253	225	252	171	259	185	95	144	146	131	143	31	32	37	42	41	51	176	224	48	30	92	59	62	56	275	202
Rv1988	60	84	52	67	80	63	75	90	49	82	50	28	51	103	68	81	71	66	54	70	52	68	63	125	46	48	59	46	79	114	124	110
Rv1989c	227	321	197	294	144	93	104	99	108	170	128	65	76	89	71	81	94	121	113	160	103	130	182	231	164	84	150	103	112	82	204	196
Rv1990c	342	424	406	528	101	88	85	95	74	124	108	57	46	62	47	54	184	287	187	305	115	101	190	232	145	54	108	74	87	82	161	155
Rv1991c	48	50	52	46	82	68	79	50	87	100	77	48	99	63	97	53	24	27	27	37	60	52	47	54	61	25	26	49	62	50	88	84
Rv1991A	105	82	117	109	85	66	84	58	77	113	81	54	114	78	106	74	34	45	27	40	48	40	55	54	51	11	31	23	79	99	160	136
Rv1992c	1584	1185	1290	1247	2930	1586	2907	1618	2772	2860	3001	1180	4595	823	4810	740	1402	1459	1012	1144	3170	2655	2437	2664	2986	1692	1371	2962	4859	1693	2036	2164
Rv1993c	126	90	83	81	238	106	224	98	249	270	282	97	350	55	312	49	162	122	72	98	335	245	220	239	316	202	122	274	496	156	164	162
Rv1994c	810	606	645	673	2164	959	1849	815	2613	2062	2877	879	3026	547	2615	420	395	380	344	325	1857	1408	1351	1294	1462	901	555	1995	1750	817	713	1168
Rv1995	11	43	16	61	29	19	32	26	13	36	16	11	36	11	25	21	52	38	36	68	131	136	257	354	72	25	89	40	83	69	226	156
Rv1996	6146	6450	4837	6068	6323	7549	4664	6022	15961	33082	15523	11811	8868	13929	5443	11291	3564	5106	1790	2710	1643	3092	1552	2511	7296	5474	4246	3960	6895	7815	5950	7927
Rv1997	1537	1522	1893	2494	2727	3400	2564	3307	4936	7951	4304	2687	2282	3777	1487	3291	1467	2045	1081	1509	1113	1689	705	1500	3232	1672	1753	1551	2070	2470	2152	3125
Rv1998c	41	50	63	81	34	34	27	43	33	46	22	22	44	33	49	39	60	58	36	72	24	31	32	50	31	18	21	12	32	35	45	58
Rv1999c	21	25	17	17	32	18	42	24	18	31	17	18	33	21	25	28	83	58	17	97	115	93	138	175	66	44	37	44	68	105	144	176
Rv2000	46	53	39	63	61	46	73	81	46	50	53	20	99	52	98	104	74	86	44	81	59	55	41	62	68	24	36	24	57	71	83	82
Rv2001	10	17	27	25	8	16	24	21	12	10	12	9	18	23	34	34	54	30	18	33	17	7	15	14	16	14	11	6	14	27	25	31
Rv2002	45	41	51	49	43	33	38	52	35	54	38	22	37	61	50	61	67	47	41	86	34	43	36	48	44	34	36	23	50	78	66	70
Rv2003c	19	21	28	43	164	152	204	270	321	603	349	157	116	228	132	208	95	103	98	107	65	101	54	73	275	136	163	148	204	180	273	299
Rv2004c	610	540	797	1009	1623	1490	1965	2441	4014	6304	3644	1774	1200	2508	1297	2226	1257	1385	1223	1310	660	836	496	807	2123	974	1807	1106	1836	1847	2489	2239
Rv2005c	4964	3559	8681	8549	4758	4697	6189	8134	17265	25686	14983	7589	5801	9309	4908	8770	5294	4939	5973	5823	1632	2356	1605	2526	6978	3439	6931	3974	6495	5900	8906	8181
Rv2006	442	370	418	456	729	878	761	898	1645	3322	1499	1029	1122	2116	828	1803	685	698	649	772	387	491	308	556	941	625	705	678	854	1054	1170	1620
Rv2007c	7588	10002	7035	8490	6133	7602	6160	8488	11127	19453	10073	7471	2888	4234	2398	3709	4855	3348	2632	2486	980	1854	1687	1887	4899	2312	3123	1823	4164	2853	4061	2447
Rv2008c	5	13	7	0	9	2	11	20	8	14	14	9	14	7	8	17	31	41	7	50	27	11	6	13	25	18	5	2	21	37	18	21
Rv2009	167	179	162	197	651	581	550	466	276	432	286	179	336	235	300	250	54	59	72	80	279	268	389	420	103	68	115	139	100	101	161	183
Rv2010	37	47	22	37	253	212	231	197	109	177	86	60	130	110	99	117	33	33	24	33	98	123	174	244	52	33	48	59	48	62	82	104
Rv2011c	8	10	2	11	5	5	5	13	3	12	6	5	13	12	11	12	11	19	23	23	95	17	62	19	146	21	52	51	55	26	49	35
Rv2012	2	5	3	13	5	7	6	5	3	6	3	2	4	12	7	4	10	12	12	16	61	17	51	26	105	17	49	40	17	12	28	24
Rv2015c	988.103	1122.04	780.836	1042.53	788.553	684.675	666.526	568.666	531.459	1114.86	541.532	321.41	1196.34	749.193	1110.62	876.916	479.841	693.432	560.112	812.332	244.49	291.514	256.414	336.74	222.339	149.006	92.8595	171.166	672.767	675.556	391.163	629.927
Rv2016	46	69	55	89	97	79	87	82	51	106	54	42	80	77	51	80	48	53	85	74	121	162	180	215	26	21	30	26	61	61	95	76
Rv2017	62	58	64	83	139	116	146	124	6	11	5	2	13	5	6	5	103	85	121	124	143	133	224	291	13	9	2	6	11	30	8	27
Rv2018	130	156	124	142	140	111	108	91	51	81	61	35	78	72	72	76	103	72	132	140	66	70	108	118	61	32	40	34	65	69	102	75
Rv2019	11	5	6	9	16	15	7	11	4	8	9	3	5	7	11	15	14	18	11	14	11	9	18	19	6	6	5	7	6	17	16	8
Rv2021c	48	85	73	107	32	33	38	40	40	78	55	31	41	37	59	50	41	66	35	69	30	40	53	78	47	33	41	26	45	43	83	77
Rv2022c	276	355	363	553	134	122	133	143	153	195	143	104	106	108	140	136	115	133	119	194	86	118	154	220	209	97	215	113	160	118	264	290
Rv2023c	41	68	57	80	38	35	39	34	44	84	40	43	59	51	39	60	27	33	34	53	12	17	9	19	52	33	58	52	55	43	101	134
Rv2024c	883	1001	670	867	980	833	872	823	953	1756	1051	733	2326	1598	2114	1716	725	602	766	752	325	395	365	532	467	334	254	403	1455	1162	868	980
Rv2025c	83	124	46	85	205	116	152	72	198	517	138	159	332	199	272	98	68	89	84	136	118	110	173	162	141	80	71	79	200	116	111	121
Rv2026c	58	55	49	65	142	106	151	111	75	117	91	35	40	39	51	71	92	87	59	96	72	57	50	82	101	33	33	39	48	67	61	73
Rv2027c	259	248	174	235	1145	1040	972	871	1149	1753	971	550	348	593	317	555	460	403	312	409	526	464	376	724	1286	282	507	594	568	410	531	743
Rv2028c	2014	1497	1765	1573	4703	4453	3961	3706	5397	8656	4446	3068	1160	2442	882	1892	1361	1409	1060	1187	1736	2103	1275	1769	3453	1383	1488	1664	1217	1275	1068	1367
Rv2029c	3695	3206	3039	3413	11505	12119	9254	9952	14922	23937	12210	7911	3547	6998	2542	5480	2154	2441	2154	2289	3029	4076	2090	3901	7696	2914	3580	3849	3214	2715	2908	3685
Rv2030c	31857	28208	35127	39066	58797	65404	48070	59013	82771	144286	70590	52955	23742	42718	17068	36025	19538	23466	14927	18661	23964	35523	13970	22409	53637	31346	23299	23574	21636	20620	17209	22286
Rv2031c	22177	21067	27796	29272	17966	21888	14607	21060	31190	59772	29534	23124	11867	19364	7478	15343	20864	21155	11839	15215	11139	18985	5646	9394	29298	18991	10526	8730	10662	10734	7832	8349
Rv2032	1931	2234	2174	2720	2863	4054	2403	3596	6387	11283	5280	3932	2744	3988	1717	3144	1067	1108	638	796	730	1182	469	781	2037	1258	1213	983	1158	1087	1247	1493
Rv2033c	5	8	4	3	18	23	25	26	22	28	16	16	33	39	38	76	28	21	8	41	25	25	17	17	33	16	12	17	64	90	54	60
Rv2034	10	11	15	26	11	10	20	6	5	14	9	4	8	7	7	5	10	14	15	28	41	27	85	83	74	13	43	41	61	31	54	66
Rv2035	41	68	45	99	39	33	36	33	37	42	23	20	27	17	25	36	34	44	50	76	92	89	132	136	179	38	109	93	203	103	176	157
Rv2036	21	34	26	59	29	26	20	23	18	38	21	13	19	23	15	23	35	67	38	70	55	58	75	97	156	35	76	59	122	86	139	106
Rv2037c	96	125	81	116	113	95	120	100	75	120	58	39	92	88	79	118	113	117	77	142	78	77	69	115	85	46	58	47	94	107	142	173
Rv2038c	62	103	63	88	154	124	96	113	83	137	78	43	150	119	122	141	103	95	75	124	45	39	51	93	70	44	50	48	58	95	100	186
Rv2039c	55	58	37	63	90	86	83	68	56	83	47	33	90	71	98	79	61	56	76	73	22	22	26	46	37	28	26	37	45	56	82	108
Rv2040c	70	81	60	78	113	124	90	104	64	125	65	41	132	96	116	115	82	60	83	104	30	35	48	60	30	29	45	37	42	74	111	163
Rv2041c	110	158	107	153	154	172	141	132	117	196	101	51	148	127	128	133	111	118	122	171	63	50	75	86	87	51	81	68	89	122	172	218
Rv2042c	397	486	179	273	346	311	237	210	289	500	273	149	393	328	340	303	161	175	262	323	82	97	141	186	168	116	183	164	200	192	392	505
Rv2043c	629	590	392	517	403	318	296	232	326	512	288	227	426	367	319	335	231	255	322	388	118	149	184	224	134	99	143	152	268	217	363	463
Rv2044c	0	5	1	1	1	1	1	2	3	2	1	2	1	1	5	4	12	6	2	3	0	2	1	1	1	1	3	1	3	1	7	9
Rv2045c	318	373	195	289	370	365	282	247	293	503	283	198	465	400	412	380	125	150	129	183	91	106	123	179	135	99	126	133	244	262	356	364
Rv2046	32	41	25	26	29	23	33	33	36	42	26	18	35	50	49	44	10	27	16	41	15	19	15	18	11	17	20	13	19	31	49	41
Rv2047c	285	285	197	257	1162	1183	983	905	635	1410	684	595	1157	796	883	799	265	242	157	282	485	577	290	457	397	345	173	461	957	846	437	607
Rv2048c	12462	13583	10931	13639	29079	27304	24954	24251	19879	37772	20978	17053	29307	22653	23566	22883	9894	9268	10166	11553	12392	15677	9093	13716	12290	10413	6839	12624	26853	22755	14224	17827
Rv2049c	10	10	7	10	45	46	33	35	47	46	28	23	38	34	39	37	11	10	5	14	10	18	22	21	29	11	12	19	24	19	29	30
Rv2050	113	200	163	263	156	124	137	127	84	161	78	71	62	81	96	89	81	134	88	132	128	153	204	225	259	72	194	139	113	95	239	169
Rv2051c	2096	2494	2170	2840	4885	4145	4501	3956	3056	4920	3151	1991	4013	3289	3725	3543	1372	1292	1386	1796	1567	1697	2236	2722	1901	1120	1787	1949	3087	2713	3087	4350
Rv2052c	339	321	322	427	1047	827	930	782	484	779	457	324	865	594	854	701	222	306	220	349	593	513	664	665	603	268	453	567	1131	908	841	1165
Rv2053c	606	711	527	743	925	839	793	744	554	808	492	331	715	550	679	623	277	268	345	446	571	451	943	975	1301	254	869	825	975	606	1189	1308
Rv2054	101	120	96	141	174	147	159	196	173	359	193	165	181	163	189	195	100	97	75	93	138	143	87	130	210	137	105	127	157	201	191	164
Rv2055c	7	16	13	18	7	9	8	7	8	10	5	1	5	5	4	9	6	14	5	8	4	3	5	10	5	0	6	4	4	8	2	1
Rv2056c	3	5	5	10	13	3	4	3	4	3	5	2	5	2	2	2	7	7	3	9	5	5	2	10	3	2	3	2	3	6	3	7
Rv2057c	1	1	1	1	0	2	0	1	0	1	0	0	0	1	3	3	0	0	0	1	1	0	0	0	2	1	0	1	1	2	4	0
Rv2058c	3	4	2	12	4	5	4	0	2	3	4	1	3	1	3	1	3	4	1	4	1	4	6	6	2	2	3	3	3	0	2	3
Rv2059	33	61	49	86	73	77	72	73	40	68	49	32	34	42	58	71	69	74	37	96	60	49	52	91	61	34	36	33	55	70	77	104
Rv2061c	78	112	112	145	205	181	209	236	203	352	222	136	212	191	217	224	70	91	85	108	98	122	99	131	119	73	94	112	139	139	175	175
Rv2062c	94	135	113	143	419	355	407	342	330	560	401	289	408	372	412	474	243	252	134	253	281	302	171	229	311	271	150	216	449	594	266	429
Rv2063	4	4	1	6	2	2	6	2	5	6	4	3	2	1	2	3	4	5	3	4	2	4	2	2	2	5	1	0	3	4	2	2
Rv2063A	15	15	9	20	40	34	26	18	18	48	18	16	21	22	16	26	10	11	12	9	9	9	11	19	13	11	10	17	23	30	16	21
Rv2064	72	92	63	85	340	249	242	264	233	372	184	164	185	179	200	198	75	160	57	105	275	292	206	228	218	206	146	182	292	328	188	265
Rv2065	12	8	9	18	53	23	38	34	32	56	31	17	28	16	28	29	9	22	8	18	42	29	30	22	22	25	17	21	35	59	26	47
Rv2066	38	53	30	51	153	117	169	141	88	218	154	91	104	103	90	110	79	95	42	107	133	131	82	111	103	109	89	85	146	185	108	173
Rv2067c	332	480	300	471	500	519	515	529	518	736	539	316	548	502	511	551	231	209	200	278	194	260	288	459	352	172	282	247	271	298	530	619
Rv2068c	221	305	207	316	342	360	325	373	361	504	347	206	356	285	333	342	130	192	125	210	130	163	185	246	207	115	137	150	177	201	212	269
Rv2069	96	128	102	113	72	50	81	79	58	78	36	28	52	53	47	48	58	60	56	61	30	32	35	42	51	25	31	21	38	41	34	39
Rv2070c	14	18	11	16	30	33	36	24	21	43	35	20	27	39	23	40	38	36	14	52	31	23	17	23	37	14	18	14	34	55	35	48
Rv2071c	3	6	6	3	25	15	16	14	13	16	14	10	17	14	14	16	12	15	5	19	12	11	4	11	17	8	6	6	11	25	9	30
Rv2072c	7	9	8	10	28	34	41	48	32	49	32	25	28	30	35	47	43	39	8	44	27	30	24	31	36	24	14	19	35	64	42	51
Rv2073c	5	6	4	8	22	23	28	22	16	30	26	13	23	27	23	34	27	23	4	27	22	23	7	24	20	12	11	8	25	34	17	33
Rv2074	58	67	49	75	482	488	412	383	393	685	383	276	505	493	438	472	32	37	29	49	133	214	114	217	110	128	102	128	211	199	265	254
Rv2075c	31	44	26	34	142	109	149	107	52	80	58	44	45	29	42	26	34	48	18	52	98	77	84	127	48	40	37	19	32	51	68	79
Rv2076c	17	28	20	42	106	77	78	80	2	9	6	6	3	8	8	9	36	35	14	32	118	155	104	251	12	9	8	1	7	11	20	13
Rv2077c	42	69	51	73	5262	4066	4381	3762	25	35	37	16	26	27	26	38	68	74	28	74	2684	3116	3470	5571	32	21	27	12	39	60	47	37
Rv2077A	4	10	6	12	2	7	5	8	1	5	4	4	4	1	2	1	7	6	0	6	4	4	2	7	7	4	1	5	2	7	1	2
Rv2078	14	22	13	18	12	13	11	14	7	12	9	3	11	9	11	10	15	17	7	8	11	4	5	4	8	2	1	4	5	7	12	12
Rv2079	124	158	113	173	249	251	240	231	115	204	113	65	155	153	167	172	141	141	72	168	70	83	68	116	116	66	62	49	77	127	114	129
Rv2080	88	123	84	134	102	95	100	112	23	22	11	7	22	19	29	39	78	45	60	74	21	22	30	34	26	9	5	4	8	17	24	25
Rv2081c	119	156	117	177	242	188	251	221	232	359	225	139	223	212	216	238	79	96	75	128	120	138	235	248	207	90	229	155	223	212	511	451
Rv2082	224	294	256	378	278	318	356	373	121	157	110	91	106	109	112	153	346	265	164	282	148	176	149	259	115	55	97	81	108	175	193	187
Rv2083	132	206	146	272	422	378	389	373	169	279	211	128	216	219	166	207	219	312	158	338	253	302	202	325	179	135	114	97	235	293	158	290
Rv2084	90	108	82	154	509	502	405	525	209	336	225	132	219	222	193	249	223	243	149	214	197	318	200	310	133	107	93	133	172	217	203	299
Rv2085	6	14	11	21	20	40	20	22	6	12	11	3	8	10	5	11	33	40	15	33	15	7	19	22	6	14	7	3	8	17	10	12
Rv2086	4	8	3	1	5	9	13	10	1	4	5	0	4	9	2	8	27	16	3	20	9	3	5	5	7	3	2	2	6	23	6	23
Rv2088	121	147	152	217	291	272	327	305	230	346	222	195	330	260	347	370	184	169	100	160	131	144	129	177	190	150	120	104	295	306	276	328
Rv2089c	52	60	44	62	37	33	41	33	27	47	23	13	50	41	55	56	72	68	35	69	44	29	24	29	41	24	21	15	43	56	79	87
Rv2090	16	19	18	28	19	17	21	24	17	31	18	8	21	15	20	30	25	30	11	39	14	14	8	15	21	11	9	6	15	23	14	26
Rv2091c	890	1204	865	1335	1045	991	929	860	898	1527	952	602	878	786	686	732	499	493	834	881	335	430	584	813	554	300	638	499	444	437	990	915
Rv2092c	892	1068	683	1160	4476	3786	3728	3112	3424	6096	3353	2649	3045	2032	2770	2122	694	928	757	1047	1855	2155	1723	2132	1887	1395	1464	1998	2749	2045	1952	2540
Rv2093c	314	430	244	405	847	732	714	617	608	1094	638	453	660	435	603	477	138	198	161	224	203	225	364	496	287	195	342	379	320	298	546	531
Rv2094c	487	639	469	598	300	262	235	246	245	456	290	180	206	211	185	202	249	272	327	478	146	175	241	350	157	118	213	157	102	96	265	264
Rv2095c	34	40	28	47	210	193	184	160	166	281	160	120	224	184	194	235	48	63	29	82	67	83	62	104	74	63	56	70	112	130	196	239
Rv2096c	171	179	134	201	800	722	708	631	590	978	577	415	898	746	782	838	156	178	157	226	304	423	328	458	353	282	262	369	804	760	741	894
Rv2097c	545	723	423	614	1682	1682	1409	1406	1290	2152	1291	784	1804	1639	1676	1633	457	403	422	373	469	582	536	762	494	383	446	425	1046	1005	1389	1153
Rv2100	34	36	42	59	93	120	82	103	91	127	92	67	245	166	173	162	68	71	37	78	42	24	33	67	35	28	22	26	94	81	54	92
Rv2101	428	451	424	606	999	1018	986	1075	777	1255	870	593	1506	1225	1460	1418	515	550	398	604	494	637	415	608	557	453	378	539	1373	1427	1017	1210
Rv2102	50	51	31	62	96	90	93	111	90	125	99	89	159	115	109	143	46	44	29	68	58	58	40	59	58	45	35	57	99	107	89	108
Rv2103c	74	87	41	65	196	179	165	143	96	214	95	71	86	92	81	106	54	58	67	61	84	102	114	151	63	52	60	61	86	85	90	111
Rv2104c	70	102	78	87	276	244	232	176	134	230	169	108	180	144	142	148	39	42	77	78	92	109	147	211	70	60	86	87	66	78	114	168
Rv2104a	0	2	0	2	8	7	6	12	3	5	3	0	1	4	7	6	5	3	0	11	2	5	5	8	8	3	3	3	7	3	9	11
Rv2107	7	9	8	18	15	7	7	8	485	589	427	295	1	2	3	3	23	14	8	12	4	5	11	15	504	261	530	403	5	5	2	10
Rv2108	90	168	109	182	65	75	81	63	14	23	17	13	29	35	23	50	313	137	122	180	50	65	74	91	41	22	51	23	36	62	103	72
Rv2109c	850	1179	644	867	2247	2127	1744	1660	1537	2887	1604	1151	1628	1416	1297	1381	644	588	626	650	624	897	1003	1358	759	559	746	990	888	888	1210	1539
Rv2110c	1949	2668	1315	2054	4741	4655	3534	3647	3077	6353	3309	2452	3480	3145	2999	2902	1158	1216	1311	1572	1280	1734	2132	3208	1621	1184	1669	2086	1644	1703	2640	3330
Rv2111c	68	118	92	105	107	86	83	75	51	112	56	66	73	65	41	73	21	41	42	63	31	29	60	100	41	24	51	40	22	35	57	56
Rv2112c	634	660	504	635	1880	1866	1503	1621	1532	2597	1555	1001	2028	1698	1844	1631	377	389	392	435	491	581	440	600	533	449	342	458	965	895	672	899
Rv2113	30	38	34	65	103	88	88	100	67	105	73	60	69	56	81	92	58	63	19	65	57	43	37	35	55	37	40	42	51	79	54	65
Rv2114	43	81	60	88	82	77	95	115	62	116	103	47	86	69	85	92	56	51	32	59	55	52	49	68	98	40	84	42	62	57	116	83
Rv2115c	14089	18973	13147	19993	7130	6546	5620	5317	5049	9249	5377	3793	6157	5381	4811	5109	5178	8298	9576	12788	2918	3489	8427	11037	3884	2395	6832	4979	4417	4412	12701	13451
Rv2116	1	9	7	8	16	17	22	17	6	27	14	5	12	8	17	21	13	18	1	15	11	8	9	12	14	7	8	10	15	21	8	12
Rv2117	1	4	1	4	2	6	6	2	4	3	1	1	7	1	5	2	3	4	0	5	3	1	1	4	2	1	3	0	1	6	2	4
Rv2118c	85	86	66	98	261	243	267	290	223	375	246	149	271	239	275	254	86	88	59	101	123	101	82	102	110	93	85	114	223	218	144	168
Rv2119	108	125	73	110	255	235	182	221	234	356	234	139	589	416	488	385	72	86	64	103	68	60	42	85	74	44	51	74	204	199	220	241
Rv2120c	15	23	17	30	31	24	38	41	24	42	33	21	27	29	35	59	45	51	14	50	27	22	16	33	24	13	14	11	11	30	45	34
Rv2121c	25	23	11	23	17	14	21	23	13	22	16	7	17	15	19	24	47	44	14	32	33	19	8	15	23	13	14	10	21	32	25	28
Rv2122c	9	18	17	15	6	5	6	12	3	1	1	5	4	5	5	1	28	26	14	19	5	1	0	1	11	1	4	0	3	5	5	6
Rv2123	1	5	1	3	15	4	18	6	3	1	7	4	4	3	1	3	7	8	1	7	29	13	9	20	20	10	3	5	10	26	10	30
Rv2124c	8892	9597	8034	10105	4671	3467	4275	3414	5143	7234	5301	3087	3693	2839	3369	3077	4102	4359	3284	4028	2057	2013	2485	2544	4205	1967	3379	2329	3427	2692	4933	3589
Rv2125	368	425	332	490	627	563	532	525	406	782	467	339	421	365	390	428	269	349	230	363	459	511	391	570	414	327	295	386	531	527	498	564
Rv2126c	64	71	46	66	97	98	89	65	131	195	140	89	109	87	113	92	100	112	75	127	91	80	74	93	149	83	103	112	154	144	177	167
Rv2127	746	935	761	1201	1566	1401	1533	1513	1331	2055	1492	871	1472	1167	1527	1544	589	629	512	574	382	503	370	546	633	426	527	533	665	626	901	819
Rv2128	8	14	17	18	16	10	29	18	17	41	21	13	15	12	23	23	6	9	11	6	4	9	10	14	9	3	12	8	12	6	14	13
Rv2129c	106	132	99	176	196	190	212	168	158	228	171	102	155	136	136	182	59	85	51	82	79	102	101	122	91	85	75	87	125	126	152	167
Rv2130c	619	727	466	676	1267	1122	938	870	943	1580	922	642	1185	1060	1042	943	522	487	426	583	459	454	487	609	553	318	416	447	792	841	762	1017
Rv2131c	760	856	610	834	1305	1124	1076	882	1091	1926	1100	848	1152	983	891	948	329	438	342	428	449	546	474	643	619	433	370	462	805	779	607	785
Rv2132	182	245	147	182	45	51	47	51	43	82	62	31	44	33	30	31	82	52	110	75	15	25	47	39	50	19	44	18	30	28	40	46
Rv2133c	194	285	122	211	316	262	257	214	214	407	229	169	235	180	216	211	87	126	87	126	116	147	110	153	154	96	118	120	190	196	235	267
Rv2134c	1161	1485	1126	1565	1340	994	1087	826	929	1615	875	759	788	782	657	781	537	747	427	626	519	584	530	639	613	384	502	453	668	582	835	798
Rv2135c	101	120	65	64	427	422	297	368	358	515	351	241	323	229	285	259	64	82	57	85	189	227	169	232	188	100	96	135	312	235	216	252
Rv2136c	622	794	283	435	726	717	584	546	495	813	531	304	605	467	476	447	158	198	178	256	206	277	171	392	334	103	171	193	288	254	425	411
Rv2137c	1847	2142	1968	2388	603	587	526	483	586	810	525	351	435	373	360	291	729	913	862	1128	235	293	364	450	316	138	292	149	289	184	469	283
Rv2138	59	92	78	99	274	241	237	242	216	352	223	190	279	225	266	254	126	111	55	85	143	156	121	165	221	113	93	157	281	249	224	288
Rv2139	139	188	119	208	521	453	444	415	427	720	502	330	683	576	597	596	233	206	121	183	179	215	165	261	246	202	179	207	514	541	416	500
Rv2140c	15	19	19	30	33	31	39	44	32	43	36	27	29	40	28	49	28	34	14	41	58	58	26	46	55	33	37	23	76	97	57	74
Rv2141c	56	69	45	61	130	99	160	175	93	169	110	61	113	135	99	172	92	107	55	88	110	90	55	92	121	68	57	67	99	139	116	151
Rv2142c	101	122	54	108	37	33	28	28	35	62	27	25	30	43	22	32	48	43	36	45	23	20	29	37	41	21	23	23	38	31	71	62
Rv2142A	434	546	385	493	104	84	127	83	120	186	123	73	74	102	71	78	135	152	171	171	67	60	86	104	116	47	66	34	93	82	143	92
Rv2143	252	453	216	374	229	151	194	168	177	292	154	142	97	136	97	116	145	178	145	228	108	104	144	244	152	84	135	113	74	92	188	224
Rv2144c	575	593	614	799	1270	1138	1193	1160	595	955	677	453	569	594	524	719	355	424	325	506	445	609	849	1234	506	338	535	491	469	488	843	825
Rv2145c	1377	1592	1549	2128	3883	3800	3561	3662	1975	3093	2056	1360	2101	1936	1964	2079	754	939	920	1235	1231	1623	2185	3340	1219	691	1320	1231	1350	1447	2261	2714
Rv2146c	28	48	39	52	77	76	75	62	47	82	47	32	55	33	55	68	9	11	26	23	18	28	36	42	25	18	44	43	24	41	64	56
Rv2147c	75	115	92	168	1759	2150	1463	1911	1417	2714	1527	1108	2091	1847	1743	1821	82	82	84	108	481	691	629	1152	468	393	532	654	732	759	1461	1548
Rv2148c	130	190	83	135	1070	1182	868	946	614	960	574	415	1014	833	884	896	111	90	73	113	181	321	261	445	181	141	166	288	518	544	582	863
Rv2149c	117	142	77	140	986	1012	726	793	561	1021	560	431	898	750	829	759	129	144	69	106	363	541	332	551	246	264	195	301	709	723	665	822
Rv2150c	107	119	88	117	3310	3596	2693	2908	1906	3773	1891	1563	3380	2747	2682	2691	95	108	114	137	1243	1766	1136	1982	834	831	562	1043	2527	2428	1984	2281
Rv2151c	33	55	23	57	848	823	678	669	349	602	347	257	493	485	453	456	75	81	52	99	205	246	273	401	115	114	121	146	309	362	348	434
Rv2152c	113	165	104	151	1770	1646	1502	1481	810	1344	802	626	1099	993	1027	1102	153	157	129	157	491	666	608	1008	262	251	244	351	821	867	789	946
Rv2153c	23	26	9	34	463	457	414	366	177	330	171	140	255	201	223	253	25	53	19	32	274	331	226	309	98	117	67	121	309	293	226	267
Rv2154c	217	317	174	319	3576	3444	2820	2752	1357	2437	1416	1091	2370	1951	1855	1875	216	230	282	249	801	1129	1451	2321	331	373	344	539	1239	1388	1278	1634
Rv2155c	169	262	154	334	1846	1673	1500	1483	420	644	440	299	621	627	576	696	226	262	271	309	823	1029	1008	1617	204	185	140	192	403	635	371	598
Rv2156c	480	690	493	830	2763	2308	2300	2086	350	479	356	209	455	520	458	583	399	515	604	627	1351	1621	1530	2324	216	190	104	227	575	677	277	516
Rv2157c	918	1269	844	1338	3903	3325	3126	2767	384	664	479	285	623	650	611	722	839	1121	1299	1239	2530	2981	2362	3763	319	260	158	272	964	1112	458	653
Rv2158c	206	371	322	501	1444	1310	1268	1082	112	205	120	109	176	172	164	190	258	541	352	535	1587	1646	1310	1885	148	136	48	109	259	276	117	197
Rv2159c	773	1022	951	1668	2507	2075	2111	1789	31	75	53	28	74	64	46	71	1117	1646	954	1511	2315	2476	1797	2597	60	59	34	60	122	129	84	97
Rv2161c	1487	1967	1595	2425	5689	4475	4808	4037	314	520	295	247	379	336	335	375	768	1292	1092	1539	3592	3757	3681	4778	479	317	279	448	644	656	454	682
Rv2162c	3445	3786	5071	5908	10675	8375	9287	8512	6241	10956	6101	5571	6147	5144	5333	5380	3753	4617	3199	4031	8632	9348	10552	12856	6073	5439	4937	6467	10004	8468	9008	9227
Rv2163c	107	121	117	110	1137	1158	1055	1111	673	1201	694	498	731	810	662	896	173	148	95	190	393	475	717	1198	335	249	491	381	496	628	1471	1263
Rv2164c	41	59	41	50	494	467	446	435	255	533	246	237	372	343	328	399	42	54	15	75	296	395	330	538	205	188	154	233	468	557	544	540
Rv2165c	54	56	67	87	850	915	788	842	427	714	441	327	488	471	492	571	105	103	45	93	312	426	485	820	245	178	249	302	462	458	718	675
Rv2166c	75	133	91	163	667	687	614	753	393	701	425	313	398	440	362	515	85	64	67	93	268	402	530	904	259	130	305	262	283	287	868	620
Rv2169c	2147	2479	1603	2391	755	598	575	524	608	1097	578	457	519	572	395	527	315	501	695	643	246	312	437	703	508	187	479	221	383	300	1034	569
Rv2170	10	24	13	9	4	12	3	16	7	16	12	6	12	12	7	17	23	24	12	28	8	3	4	11	9	4	4	4	5	16	7	16
Rv2171	46	52	54	51	63	77	96	77	70	87	80	50	49	63	84	94	53	32	26	32	32	43	37	49	38	26	40	29	59	46	74	68
Rv2172c	2979	4027	4151	5802	3285	2898	2933	2858	2559	4260	2865	1834	2477	1918	2192	1988	1375	2132	1499	2099	1389	1676	1646	1983	1885	1044	1739	1290	1809	1525	2483	2221
Rv2173	169	217	137	215	329	288	268	266	233	423	278	173	341	232	295	261	120	118	82	117	102	115	80	125	106	70	97	79	140	153	169	169
Rv2174	223	309	179	327	649	612	592	574	518	830	561	345	693	523	639	572	223	215	143	277	258	276	222	251	277	170	192	243	455	392	419	436
Rv2175c	76	126	91	136	106	92	131	93	84	132	87	53	104	73	87	104	41	57	66	77	41	60	89	89	68	29	69	45	67	69	135	121
Rv2176	69	72	59	74	123	91	126	115	104	141	104	75	113	88	100	119	53	56	33	64	80	77	64	111	113	65	69	47	117	118	163	171
Rv2177c	7.25965	8.26314	13.0714	25.1234	61.217	50.8898	50.5286	48.4868	37.3563	44.4176	48.0936	43.4288	97.9535	63.743	63.1867	88.6747	7.32604	22.3742	9.57067	17.0278	15.2427	51.2438	30.3421	53.684	41.5522	22.019	26.5277	19.9344	61.5955	61.5111	69.4088	95.7993
Rv2178c	878	994	767	1101	1888	1872	1665	1620	1434	2320	1386	967	1521	1232	1363	1281	420	549	597	670	684	755	947	1100	704	499	706	783	849	848	1051	1156
Rv2179c	15	11	6	12	9	9	20	12	10	15	26	5	12	12	12	10	23	23	5	27	14	4	10	16	11	17	16	9	16	16	21	31
Rv2180c	26	35	42	49	84	57	75	71	68	91	58	55	79	57	68	73	72	60	35	94	52	50	49	60	83	47	67	34	82	86	99	111
Rv2181	251	326	219	397	648	504	561	525	520	811	517	351	609	504	566	640	234	241	166	243	236	264	289	307	328	212	300	207	356	365	526	377
Rv2182c	1488	2093	1676	2498	1004	834	878	837	739	1232	810	526	725	665	683	770	900	1047	976	1216	554	721	728	1046	772	411	676	617	664	650	1001	945
Rv2183c	46	55	57	95	87	91	114	99	79	138	80	54	80	90	83	92	74	69	53	84	74	86	67	92	79	53	56	62	78	131	76	102
Rv2184c	267	349	316	503	405	446	459	528	357	632	435	286	426	431	394	585	300	318	267	331	247	311	258	375	310	197	290	241	316	413	411	465
Rv2185c	243	319	337	449	219	221	283	269	177	295	232	149	218	235	286	286	348	215	318	272	118	195	156	255	188	112	184	131	159	224	278	242
Rv2186c	126	173	125	143	113	112	82	126	122	203	137	77	136	133	140	151	79	56	73	86	33	50	54	74	78	42	38	36	63	61	71	95
Rv2187	443	645	736	1073	950	846	953	944	711	975	746	443	691	578	732	755	303	415	359	482	540	599	592	806	646	393	671	390	630	584	1316	853
Rv2188c	25	32	33	41	47	36	41	52	36	64	47	32	46	48	39	64	50	54	33	60	45	67	42	45	87	40	35	35	50	56	70	54
Rv2189c	10	12	11	20	203	248	243	276	158	250	211	117	380	266	351	375	71	86	8	40	83	119	73	99	116	87	42	114	210	223	117	193
Rv2190c	99	119	88	124	1284	1195	1556	1564	977	1603	1155	716	1495	956	1683	1374	361	272	116	156	782	942	392	539	781	584	321	564	1391	1093	732	806
Rv2191	83	101	54	63	324	297	298	269	252	415	238	163	775	538	698	596	97	85	38	105	195	158	102	120	140	112	72	127	837	577	328	390
Rv2192c	39	64	39	64	344	266	326	276	215	372	206	148	312	233	299	296	100	108	31	87	168	157	108	164	152	145	81	122	283	311	137	228
Rv2193	1288	1477	934	1292	1691	1451	1347	1190	1136	2040	1152	745	1289	1157	1186	1076	762	562	595	548	471	555	428	579	508	365	330	452	621	561	594	740
Rv2194	412	630	346	551	1006	902	941	839	527	1054	571	408	760	589	742	701	372	269	231	235	298	337	216	323	262	219	166	201	375	419	439	441
Rv2195	1316	1561	1280	1909	3210	2764	2713	2621	1744	3203	1808	1280	2315	2120	2239	2332	1205	1113	1075	1126	805	1073	729	1149	838	748	677	872	1366	1382	1632	1650
Rv2196	1591	1840	1692	2465	4182	3571	3797	3319	2536	4929	2663	2001	3145	3031	2733	3334	1752	1686	1807	2143	1588	1903	1281	2138	1537	1284	1075	1546	2224	2617	2499	3088
Rv2197c	371	416	409	555	1092	876	1060	924	675	1157	746	561	574	507	517	608	373	418	376	396	680	779	666	824	523	424	444	518	659	712	596	636
Rv2198c	125	159	152	216	429	404	446	420	238	392	274	164	243	222	262	253	143	136	121	155	164	196	162	269	198	104	143	129	185	159	242	233
Rv2199c	304	456	408	584	531	448	486	413	359	591	342	251	352	252	323	317	136	157	199	214	141	157	153	200	141	128	139	133	131	142	205	170
Rv2200c	1592	2135	1699	2318	2153	2007	1874	1782	1382	2583	1514	1023	1611	1224	1483	1358	730	628	908	877	488	596	621	903	639	411	519	578	544	551	699	757
Rv2201	63	92	55	102	103	105	157	151	102	184	117	59	67	103	79	130	112	125	57	141	111	94	82	104	119	73	92	87	82	123	96	141
Rv2202c	1729	2277	1542	2364	2375	2248	2127	1902	1794	3287	1965	1418	1884	1748	1664	1819	901	1142	725	1040	1405	1550	1485	2060	1733	1064	1178	1476	2007	1757	2015	2477
Rv2203	47	47	60	84	70	85	109	116	70	118	86	40	75	96	112	96	45	59	33	49	38	50	38	42	64	41	47	30	57	68	79	62
Rv2204c	4009	4599	3906	4732	2773	2504	2618	2236	2052	3913	2267	1666	1802	1886	1541	1903	2178	1733	3064	3579	1436	1845	2868	4351	2515	1124	2151	1935	1539	1395	2977	3233
Rv2205c	43	84	56	79	138	129	147	138	98	159	102	70	134	122	116	143	98	136	51	135	70	84	74	110	103	81	60	57	119	129	112	154
Rv2206	54	82	52	88	216	209	215	210	154	239	157	130	271	157	243	220	36	59	24	53	67	72	73	64	48	42	54	51	101	112	123	162
Rv2207	42	51	40	71	405	385	348	344	282	460	263	218	421	310	370	340	58	71	33	110	266	267	162	226	163	167	102	197	434	410	304	391
Rv2208	18	22	14	30	198	155	137	141	136	241	132	110	159	137	150	163	51	54	22	68	147	139	100	108	130	125	60	103	186	190	146	149
Rv2209	105	144	84	151	183	132	141	126	139	232	162	101	117	102	114	115	90	96	55	129	82	91	82	108	111	76	86	80	98	103	89	156
Rv2210c	873	830	682	918	1796	1553	1482	1364	1225	2107	1268	885	1204	1119	1117	1183	588	620	546	629	749	873	757	927	904	644	561	647	916	879	762	974
Rv2211c	88	132	103	157	306	271	370	414	297	399	296	178	213	259	275	343	195	208	106	162	134	152	106	137	197	131	112	108	213	248	190	213
Rv2212	165	223	192	293	312	308	308	299	236	375	214	135	173	150	171	183	113	118	124	176	111	141	186	271	152	100	139	116	95	133	205	187
Rv2213	100	97	85	163	274	252	316	317	244	357	266	165	247	255	226	357	191	222	113	167	155	157	130	179	199	152	99	141	271	343	199	248
Rv2214c	366	391	360	423	1100	1013	928	940	805	1418	730	588	1112	918	1061	981	248	261	217	268	285	366	205	326	302	300	174	286	655	566	365	458
Rv2215	497	667	483	753	810	923	726	773	630	1241	671	468	818	772	745	863	466	457	423	486	334	432	240	403	367	305	177	274	566	641	388	509
Rv2216	114	134	93	156	339	315	265	290	269	548	270	234	304	320	265	337	176	226	115	173	181	229	94	166	213	184	87	158	307	358	197	267
Rv2217	282	304	180	288	350	330	298	281	291	508	307	172	333	338	324	357	187	195	196	176	118	123	120	152	192	103	123	103	223	190	225	248
Rv2218	186	254	187	294	253	259	209	227	218	345	203	113	269	241	286	272	112	138	171	203	82	79	70	110	117	84	108	78	166	180	253	228
Rv2219	1125	1341	886	1371	1157	986	970	928	932	1566	935	619	1296	1190	1087	1232	813	910	965	1182	558	656	619	816	685	455	628	548	1299	1290	1583	1485
Rv2219A	108	120	82	122	143	102	122	102	180	241	138	96	141	104	113	118	110	104	46	96	68	73	67	85	139	94	70	64	97	97	119	127
Rv2220	500	779	1082	1586	981	883	1166	1240	758	1122	863	487	693	676	806	1026	402	424	301	489	410	600	395	631	757	443	561	352	461	469	709	666
Rv2221c	348	445	366	502	1473	1270	1366	1355	1170	1840	1108	884	1357	1109	1326	1379	481	566	383	531	611	655	548	645	808	586	572	567	1106	1204	1079	1125
Rv2222c	1594	2007	1407	2116	2727	2499	2155	1959	1842	3193	1857	1347	2179	1986	1937	1858	710	882	701	995	847	1105	1033	1554	1143	777	925	893	1087	1105	1209	1396
Rv2223c	109	118	80	132	389	348	399	394	299	444	321	185	379	314	335	313	109	122	65	111	119	116	132	179	129	79	127	118	218	221	316	310
Rv2224c	1145	1290	931	1256	1737	1602	1257	1279	1417	2305	1356	854	1761	1429	1474	1351	466	558	620	805	482	549	727	906	573	403	537	546	844	814	969	1072
Rv2224d	6	10	3	12	13	6	7	6	10	11	18	4	3	10	9	12	15	10	6	22	50	11	23	29	20	2	14	20	12	13	21	34
Rv2225	227	226	423	614	280	270	404	449	332	351	367	146	312	241	471	416	91	141	97	170	137	164	213	218	151	106	186	170	222	173	182	195
Rv2226	133	152	141	199	255	266	462	452	315	336	467	170	422	380	567	689	160	150	124	181	138	133	249	257	188	125	250	262	237	298	234	334
Rvns01	11952	13226	12761	19078	9866	8781	9284	7942	7641	13652	7330	7502	9189	9706	8360	10203	19418	27221	12173	22101	29854	33730	19598	26160	27657	21781	12549	18189	27633	32008	22239	24597
Rv2227	35	45	24	53	10	16	12	10	22	20	20	8	21	14	24	23	30	25	21	34	15	7	11	18	20	5	10	8	18	26	33	31
Rv2228c	52	71	47	88	157	153	141	161	148	236	150	94	206	185	172	235	164	164	129	192	67	68	45	82	117	102	55	67	164	229	139	198
Rv2229c	53	67	41	66	136	129	149	129	122	218	171	93	168	192	162	187	127	119	102	134	74	82	46	92	99	77	47	72	163	255	120	154
Rv2230c	30	36	39	39	137	134	138	139	87	200	118	80	137	137	147	154	53	69	40	81	69	89	34	63	82	68	48	52	170	194	87	125
Rv2231c	45	44	43	55	148	150	158	167	122	279	161	100	191	158	190	209	88	95	46	80	94	94	47	72	108	70	43	74	198	222	108	123
Rv2231A	1	2	3	1	1	1	4	2	2	0	3	2	0	2	2	2	7	4	1	12	2	4	3	4	4	1	6	3	2	7	2	11
Rv2231B	1	1	0	0	0	0	1	0	1	0	0	0	0	0	0	0	2	2	0	3	1	0	0	0	1	2	0	0	2	2	0	2
Rv2232	80	83	53	80	126	101	91	95	113	194	96	86	139	112	98	114	59	54	36	63	36	49	39	44	49	38	25	29	81	82	72	84
Rv2234	48	64	31	60	77	68	57	47	63	97	46	40	71	63	58	78	27	57	29	41	29	35	30	38	34	27	17	23	58	54	45	59
Rv2235	54	67	60	83	120	101	105	81	77	141	86	63	102	89	96	88	62	66	49	105	36	45	34	48	58	45	47	54	73	85	80	110
Rv2236c	23	36	22	25	35	31	38	25	26	48	28	25	47	39	57	59	40	37	12	57	34	20	17	40	33	27	17	20	48	56	37	40
Rv2237	102	115	89	113	145	119	161	147	165	230	170	96	239	212	239	250	88	80	55	114	59	60	49	79	122	69	68	72	167	157	136	205
Rv2237A	492	620	464	573	449	416	428	432	373	614	436	256	383	349	386	394	220	211	423	323	190	213	282	354	266	138	261	152	236	204	493	366
Rv2238c	101	133	77	116	202	212	200	176	219	354	252	141	214	172	198	206	100	97	71	89	43	90	46	75	89	68	62	65	115	123	108	108
Rv2239c	1038	1323	1210	1595	822	742	741	809	760	1339	862	638	807	763	789	868	739	722	690	897	302	403	307	477	515	338	315	349	549	623	574	540
Rv2240c	40	39	35	56	146	140	166	169	172	238	177	105	73	106	121	154	77	81	42	48	56	74	48	60	89	80	46	53	61	89	50	64
Rv2241	1087	1340	955	1312	2175	2148	1695	1821	1681	3361	1841	1312	3052	2631	2526	2645	906	828	776	940	652	829	440	804	810	654	460	645	1460	1555	1156	1565
Rv2242	82	111	72	119	241	230	194	210	140	297	143	137	218	235	223	279	91	93	56	131	98	119	77	193	112	73	65	114	161	230	183	277
Rv2243	125	272	164	338	785	662	993	987	522	902	523	410	293	316	316	445	226	264	88	115	433	329	399	464	314	158	152	185	207	256	143	183
Rv2244	417	732	1065	1716	1221	1161	1821	2006	891	1377	975	691	549	828	640	1114	989	1210	468	520	775	868	703	970	547	386	369	334	452	629	378	404
Rv2245	614	1039	1571	3181	4278	3890	5507	5993	3904	5754	3955	2687	2387	3013	2257	3660	1755	2664	1059	1295	2037	2240	1972	2607	1572	1292	961	1313	1729	2453	1017	1557
Rv2246	445	541	826	1540	4109	3963	5120	5423	4012	6399	4385	3012	2837	3659	2788	4257	1584	2273	1128	1329	1911	2298	2041	2689	1647	1435	1018	1556	2506	3681	1293	2324
Rv2247	1734	2527	2070	3784	6762	6665	6909	6983	7309	11902	7675	5537	4860	6305	4207	6644	3365	4679	2438	3384	3434	4400	3095	4809	3537	3339	1958	3327	4483	7100	2499	4339
Rv2248	14	19	13	21	116	118	93	92	144	164	140	78	122	195	125	198	94	120	41	84	50	100	38	95	70	65	40	53	110	174	57	139
Rv2249c	13	18	17	19	46	33	44	38	78	154	105	88	91	92	72	100	48	61	17	54	52	23	49	42	74	63	52	51	80	59	88	73
Rv2250c	16	20	20	12	48	66	34	42	107	219	109	97	101	84	111	101	46	31	15	30	48	24	70	51	141	39	77	46	78	65	94	81
Rv2251	28	30	13	41	162	197	134	168	399	767	365	345	250	201	219	273	71	83	21	92	180	101	207	106	401	143	207	179	175	167	213	155
Rv2252	11	16	7	17	25	41	20	38	86	183	96	88	64	76	59	70	45	33	10	34	49	23	52	32	126	40	63	31	36	49	69	49
Rv2253	15	17	16	17	15	31	37	41	20	21	26	16	51	47	50	73	24	23	9	21	8	7	7	23	21	11	22	8	17	22	40	22
Rv2254c	4	2	3	10	44	38	36	41	20	30	18	13	31	23	29	35	10	15	10	15	31	39	37	57	16	11	23	27	24	43	62	67
Rv2256a	0	0	0	0	4	8	8	5	0	3	2	5	2	4	1	5	0	2	0	6	3	5	6	5	3	3	3	0	5	6	9	6
Rv2256c	471	604	448	679	3336	2894	2893	2542	1627	2908	1828	1348	1749	1759	1561	1900	237	307	326	437	1526	2182	2636	3732	1392	931	1292	1419	1430	1678	3392	3562
Rv2257c	61	83	60	91	285	246	265	247	220	354	212	152	302	272	367	349	84	96	62	108	82	107	74	110	122	101	65	92	207	205	107	173
Rv2258c	335	411	371	511	835	679	762	807	579	1030	680	451	1129	968	1141	1121	353	321	424	436	263	332	216	296	419	279	259	334	746	761	516	605
Rv2259	274	290	266	300	586	584	489	525	510	842	535	348	809	649	695	693	157	155	216	256	136	175	150	192	197	159	127	171	366	381	329	421
Rv2260	185	202	158	231	418	396	360	346	288	491	254	237	527	437	417	469	119	141	111	163	105	150	130	174	136	126	116	138	286	284	261	335
Rv2263	21	29	31	37	68	57	63	79	5	13	9	6	17	11	6	11	44	51	16	51	56	42	33	47	13	10	4	3	19	22	12	17
Rv2264c	95	138	113	182	235	202	237	228	140	246	148	103	157	133	137	171	114	143	85	125	148	160	121	195	152	71	132	92	165	175	243	247
Rv2265	19	19	12	17	26	23	35	19	22	27	22	18	18	17	20	16	57	56	12	57	31	17	7	20	41	27	17	9	20	62	22	45
Rv2266	178	183	129	202	136	115	100	99	72	218	97	99	107	130	80	139	82	76	81	132	68	75	96	141	104	47	91	69	71	101	132	175
Rv2267c	30	31	22	26	17	18	18	25	17	28	23	11	26	23	24	43	92	63	26	81	30	15	8	16	36	32	19	8	25	48	91	52
Rv2268c	27	20	17	20	18	17	24	28	9	34	18	19	20	28	31	15	76	66	10	62	18	10	11	21	35	16	9	7	18	48	54	39
Rv2269c	9	20	2	4	1	0	2	1	0	4	1	0	0	0	0	0	11	17	6	11	3	0	0	2	5	3	1	0	2	8	2	11
Rv2270	2	2	4	5	7	7	5	2	6	5	4	0	6	7	7	11	18	18	3	21	18	19	12	12	19	8	3	5	15	24	16	20
Rv2271	23	26	24	31	7	15	18	18	11	24	20	7	9	16	17	19	26	21	10	12	10	10	8	5	16	7	6	7	11	26	21	11
Rv2272	6	6	6	6	6	10	16	9	9	15	5	8	8	12	20	17	7	5	4	5	7	17	5	15	5	14	4	10	14	17	11	12
Rv2273	2	4	1	1	2	2	5	1	1	4	4	4	7	4	3	11	4	4	1	7	0	1	2	1	5	4	0	2	1	3	4	9
Rv2274c	26	39	19	37	11	10	10	10	9	11	9	4	18	7	15	20	21	24	8	14	8	10	5	12	19	4	7	9	6	16	18	13
Rv2274A	1	1	3	2	2	1	2	0	1	5	0	0	3	3	3	4	5	8	0	4	2	1	0	1	0	0	1	1	1	6	3	5
Rv2275	88	98	88	119	90	110	102	112	55	145	76	43	152	168	170	192	178	128	89	119	47	44	39	73	59	34	18	61	95	121	82	136
Rv2276	89	120	88	128	124	143	106	117	73	142	86	65	176	183	163	192	176	136	108	145	46	35	31	62	70	59	32	49	84	113	89	132
Rv2277c	30	42	47	75	1	4	10	2	33	47	45	21	25	46	35	62	90	84	41	80	18	2	0	4	37	29	27	22	39	61	43	60
Rv2281	45	69	34	55	51	48	41	54	36	45	46	21	55	58	53	72	113	104	40	142	83	74	40	80	84	42	42	25	65	125	81	111
Rv2282c	11	22	13	19	15	15	11	19	10	25	13	9	25	17	25	21	17	31	7	36	15	9	5	10	9	18	8	5	14	26	16	30
Rv2283	2	0	0	0	0	0	0	0	0	0	0	0	1	1	0	1	3	0	0	0	1	0	0	0	0	0	0	0	1	1	1	0
Rv2284	161	174	142	186	136	168	116	126	115	227	122	89	222	200	212	230	97	104	91	132	64	64	44	54	62	83	33	44	99	115	112	114
Rv2285	188	184	120	198	218	230	175	187	170	314	164	110	239	200	215	223	112	116	83	122	62	63	57	122	85	62	57	66	144	125	189	216
Rv2286c	108	106	79	107	40	40	24	43	29	63	52	31	33	32	28	44	48	62	23	64	19	20	24	23	43	19	37	13	29	41	48	54
Rv2287	49	47	47	68	38	49	42	55	34	56	49	29	60	47	57	70	108	94	39	98	41	46	35	44	71	51	31	26	72	85	69	79
Rv2288	58	76	62	69	8	9	12	7	11	19	18	12	26	25	23	19	66	42	43	75	14	7	6	13	22	10	8	0	16	18	28	21
Rv2289	237	272	290	319	61	62	42	82	77	125	83	43	196	151	166	171	144	106	174	181	30	21	24	40	65	35	43	29	87	72	129	99
Rv2290	32	34	36	36	34	45	47	53	39	56	41	26	78	72	63	65	54	35	32	29	15	17	9	20	30	20	22	14	31	43	54	58
Rv2291	255	298	219	267	478	449	386	390	344	699	375	285	489	495	433	546	244	247	286	244	204	208	159	245	209	148	136	181	316	325	284	323
Rv2292c	2	2	1	0	4	4	2	2	6	8	6	2	6	6	3	5	1	3	1	3	3	0	1	0	3	1	1	1	1	2	3	3
Rv2293c	105	117	132	129	123	77	124	119	51	91	71	31	58	39	65	67	44	36	33	66	43	17	53	76	51	14	63	16	37	32	100	66
Rv2294	60	93	93	118	76	88	97	104	77	80	86	37	117	89	104	109	81	90	42	98	49	36	27	53	63	43	34	26	77	108	113	96
Rv2295	1078	1502	998	1368	1804	1586	1525	1433	696	1010	852	464	656	687	657	893	524	615	533	666	668	915	739	1310	879	398	699	487	812	835	1236	1164
Rv2296	125	199	153	239	461	394	399	359	169	256	215	132	210	189	206	196	135	162	88	204	198	280	196	279	229	129	164	146	205	246	227	280
Rv2297	368	441	357	406	447	496	446	406	320	426	343	179	315	309	283	362	362	263	364	351	208	300	236	436	336	215	309	218	302	316	500	507
Rv2298	165	217	203	237	182	154	160	138	157	216	151	90	189	143	170	173	176	136	125	172	83	100	76	144	142	60	89	84	116	159	199	178
Rv2299c	343	462	400	573	429	419	478	568	447	620	469	257	506	708	602	1002	532	425	388	477	269	303	193	356	575	342	340	244	604	782	670	673
Rv2300c	21	30	23	26	46	43	45	48	41	73	33	23	37	35	44	46	38	26	28	37	36	18	19	34	33	20	30	10	29	28	46	34
Rv2301	44	73	43	73	35	36	60	53	43	47	36	21	29	40	30	53	48	55	16	39	29	46	31	49	56	18	44	21	46	57	107	56
Rv2302	134	166	136	189	53	61	51	66	74	130	104	59	65	55	48	84	123	197	142	182	72	89	84	121	172	107	136	86	88	115	228	132
Rv2303c	19	33	16	24	34	33	42	44	27	45	44	16	29	29	31	31	41	33	17	31	29	20	16	41	40	19	13	22	24	55	50	55
Rv2304c	3	8	7	10	4	5	3	5	6	8	8	1	3	3	3	6	5	6	6	4	2	13	6	6	3	3	4	4	3	9	7	6
Rv2305	63	81	49	83	115	128	142	122	132	180	122	73	125	98	99	145	77	55	31	77	64	61	48	82	118	54	47	52	86	104	111	135
Rv2307c	35	39	23	30	129	97	113	99	89	103	89	54	64	60	72	88	63	59	29	50	88	77	70	112	84	43	65	48	66	94	113	134
Rv2307A	0	0	1	1	3	1	3	0	1	4	3	0	0	1	2	2	3	7	0	5	4	1	1	2	1	1	0	0	2	2	1	5
Rv2307B	14	29	18	16	39	20	29	26	14	44	20	18	19	27	11	25	39	26	15	35	39	26	34	61	65	23	19	26	20	22	37	43
Rv2307D	2	4	1	5	10	11	6	7	2	10	4	5	6	11	7	5	2	0	1	1	4	11	5	10	3	2	5	3	0	7	7	8
Rv2308	66	76	44	73	186	146	167	119	146	228	191	91	300	211	255	212	49	48	35	70	74	79	44	63	76	45	39	46	140	111	95	141
Rv2308a	8	8	2	3	15	17	13	11	8	12	8	7	20	18	24	11	5	10	3	16	7	5	2	8	8	5	3	3	9	13	5	18
Rv2309A	5	5	7	13	1	1	2	4	1	2	3	1	3	2	3	8	15	13	7	13	5	5	3	4	14	2	4	2	10	9	5	8
Rv2310	3	4	1	1	1	1	3	0	2	5	2	0	1	1	3	3	9	12	3	12	2	2	4	7	10	3	1	0	3	6	6	7
Rv2311	8	13	11	5	5	14	13	12	9	12	7	3	11	10	11	11	46	24	5	38	12	12	4	17	17	12	3	0	9	24	16	27
Rv2312	1	13	1	5	4	11	8	5	5	11	4	3	10	6	5	9	6	2	6	6	6	2	2	4	7	4	3	3	2	7	3	4
Rv2313c	516	792	441	713	937	785	681	686	665	1221	755	515	721	669	634	715	273	303	317	377	284	364	374	672	489	258	437	330	418	488	844	954
Rv2314c	147	167	117	159	817	774	660	689	447	851	418	383	758	698	698	799	135	173	141	204	302	356	229	360	228	233	152	246	582	584	481	664
Rv2315c	264	323	159	278	799	836	658	713	497	1002	512	356	923	858	870	865	191	157	128	207	205	214	145	240	180	135	108	155	432	467	428	446
Rv2316	7	11	7	8	12	16	9	14	9	9	8	4	12	10	10	11	26	18	5	24	8	6	5	6	15	7	1	4	5	17	6	11
Rv2317	12	6	11	7	6	11	10	10	6	9	9	3	5	7	12	8	35	30	4	35	18	5	2	11	13	9	3	1	4	20	13	12
Rv2318	45	54	55	60	50	42	39	43	32	52	35	19	22	26	30	44	47	53	16	75	49	38	36	53	51	31	29	17	27	53	47	58
Rv2319c	1073	985	936	1070	79	80	84	80	68	101	90	50	117	103	115	104	1259	737	826	1024	62	35	123	151	96	54	128	54	83	131	273	195
Rv2320c	1624	1502	1664	1981	193	172	187	152	141	169	128	83	212	162	206	149	706	816	722	966	103	70	181	233	113	63	220	64	117	132	410	203
Rv2323c	527	673	1251	1423	65	65	57	54	37	59	47	38	76	48	51	66	202	318	187	272	61	63	93	127	39	22	66	22	57	48	106	56
Rv2324	70	136	144	215	22	14	19	22	15	25	16	13	24	25	34	26	85	91	67	97	18	20	28	49	29	16	23	11	23	26	48	40
Rv2325c	438	487	394	538	1315	1140	1018	984	961	1698	902	790	1086	824	999	894	257	337	415	475	529	615	474	745	552	464	407	666	917	847	839	1045
Rv2326c	2391	2779	1707	2649	5774	5160	4687	4224	4310	7951	4425	3307	5374	3973	4487	3996	1536	1610	1778	2030	1952	2297	1982	2744	2188	1768	1836	2394	3999	3581	3729	4208
Rv2327	509	623	424	729	1194	1072	835	863	736	1479	751	700	779	773	625	639	447	539	370	658	483	648	459	639	529	503	365	576	538	711	518	923
Rv2328	107	166	61	97	721	714	556	512	325	667	329	239	472	334	331	347	221	174	92	137	257	302	193	344	287	183	201	310	333	348	286	560
Rv2329c	1895	2071	3054	3929	112	84	163	109	192	278	183	80	172	119	187	148	813	860	594	884	76	49	70	53	392	65	256	32	193	97	272	100
Rv2330c	12	14	6	12	26	23	20	19	27	24	23	16	24	32	30	31	25	23	14	18	7	7	5	11	24	10	7	6	16	27	41	25
Rv2331	234	325	274	340	31	35	31	41	87	101	87	34	135	94	108	75	56	72	139	195	10	7	15	20	33	9	33	6	53	22	54	26
Rv2331A	8	12	21	12	7	2	7	9	3	11	12	3	14	6	12	11	8	10	9	20	2	0	1	5	12	5	4	3	10	8	6	4
Rv2332	112	122	117	126	48	53	57	56	67	79	68	27	133	72	101	78	177	148	148	186	265	169	132	177	890	120	226	168	900	261	439	383
Rv2333c	61	93	70	112	157	168	161	174	139	247	163	131	141	95	132	116	80	103	65	119	77	72	81	115	105	53	85	77	56	112	122	130
Rv2334	351	457	257	347	2266	2282	1950	1848	1641	2761	1674	1130	2620	1781	2308	1898	216	213	207	211	533	691	521	765	598	510	452	565	1511	1322	1117	1180
Rv2335	47	48	36	57	613	537	507	413	376	694	361	303	586	427	469	433	32	60	34	58	185	262	177	219	164	160	125	204	371	369	247	326
Rv2336	43	72	57	63	312	299	297	295	301	462	342	173	410	325	425	360	128	77	40	70	73	102	82	163	182	108	154	81	171	175	304	277
Rv2337c	106	137	99	146	426	361	451	434	355	549	369	203	218	191	236	322	103	127	69	164	185	270	162	393	274	163	265	128	202	208	528	392
Rv2338c	226	369	284	426	858	801	825	861	628	931	796	392	459	378	518	482	202	185	135	241	239	325	265	503	366	180	303	171	288	278	572	367
Rv2339	201	296	166	263	610	489	586	564	160	269	184	105	191	188	164	202	257	219	148	289	177	238	189	290	198	76	114	66	129	187	174	194
Rv2340c	482	802	502	878	1184	961	979	970	810	1584	846	728	488	506	434	641	672	879	410	719	970	1085	819	1278	1178	689	752	735	788	839	955	917
Rvnt25	2	5	3	2	3	2	2	2	0	0	0	2	1	0	0	1	1	4	1	2	2	2	1	1	5	1	0	1	1	3	2	1
Rv2341	8	3	3	5	3	5	4	6	4	11	4	2	1	2	4	3	10	9	1	6	3	2	0	3	11	4	7	2	2	7	3	5
Rv2342	229	244	198	244	162	132	153	132	146	253	131	120	133	128	120	106	53	100	75	123	78	97	94	133	91	60	84	76	75	71	113	145
Rv2343c	688	922	561	872	1366	1115	1169	1035	948	1563	967	686	1209	935	1017	1047	473	567	482	608	517	583	419	631	568	412	374	390	867	907	659	791
Rv2344c	80	78	79	112	352	296	306	267	226	366	248	174	199	186	230	235	125	125	51	118	185	211	110	158	182	137	100	123	186	245	151	218
Rv2345	342	419	261	393	534	474	420	414	456	696	432	300	492	472	478	448	319	312	199	303	246	268	226	284	303	208	208	179	366	378	459	393
Rv2346c	4698.55	6273.83	6056.55	8238.47	594.984	687.072	650.531	717.013	269.874	641.181	353.354	253.389	222.57	256.681	221.269	316.707	5959.16	6265.87	2397.68	5688.63	768.918	1185.64	831.71	1581.71	354.787	373.098	294.673	300.293	227.457	362.203	511.927	474.287
Rv2347c	1621.12	1968.41	2213.9	3147.7	956.788	1135.44	1088.61	1240.4	869.379	1725.08	1054.53	859.712	444.2	559.725	420.414	715.161	1634.11	2287.06	1293.48	2194.8	861.057	1427.25	1294.88	2286.97	663.851	653.883	874.435	658.386	406.386	631.349	1503.81	1154.42
Rv2348c	466	574	632	897	1080	1302	1023	1353	1140	2388	1445	1199	529	652	452	687	589	513	600	665	500	865	1327	2004	590	472	1010	647	400	435	1463	1073
Rv2349c	15	23	17	17	239	292	232	269	136	270	152	126	15	11	9	15	59	60	16	71	80	122	63	145	80	70	57	53	21	20	30	29
Rv2350c	26	44	29	38	394	515	299	398	253	466	232	163	0	0	0	0	50	46	14	68	75	81	69	147	71	43	60	57	0	0	0	0
Rv2351c	9	18	16	13	39	35	45	60	32	39	31	14	0	0	0	0	40	39	12	52	20	17	20	33	25	23	19	11	0	0	0	0
Rv2352c	1597	2227	2211	3506	3104	3808	3477	4919	83	175	62	54	0	0	1	0	2296	1926	3067	3405	1432	2529	3494	6358	181	122	82	58	0	0	0	0
Rv2353c	676	1010	583	809	12	15	15	10	1090	2053	1122	734	2281	2368	1868	2250	1060	495	667	607	48	23	18	42	691	406	643	574	841	967	2388	2142
Rv2357c	179	218	163	221	358	329	423	451	273	421	347	176	471	508	492	639	225	205	154	174	148	152	157	192	225	137	159	141	295	389	436	375
Rv2358	302	353	174	230	505	362	407	243	301	455	338	227	458	336	337	306	134	172	96	85	174	165	149	166	187	97	111	111	285	185	207	182
Rv2359	230	290	102	134	297	202	207	155	220	339	216	128	253	190	214	165	138	105	55	59	78	78	66	100	120	65	70	82	131	97	97	101
Rv2360c	48	50	21	29	167	126	120	112	67	116	70	54	146	108	116	139	28	45	21	37	46	53	47	75	37	23	39	42	63	59	71	87
Rv2361c	282	329	165	215	553	584	483	518	435	826	446	311	757	739	676	649	150	129	152	191	127	185	166	310	171	142	157	154	323	352	418	493
Rv2362c	108	147	72	129	289	316	275	267	252	442	224	155	420	397	370	377	67	102	61	95	151	172	129	176	141	95	87	122	344	269	227	247
Rv2363	22	17	13	32	32	28	40	66	32	47	29	23	35	49	41	57	80	60	28	71	33	28	20	30	48	36	11	19	47	66	35	62
Rv2364c	184	210	111	175	1265	924	991	789	715	1365	700	541	888	674	841	715	194	177	140	165	296	356	269	370	288	243	221	298	595	546	460	695
Rv2365c	13	9	6	14	119	97	106	79	77	134	69	54	83	51	56	61	10	15	7	16	41	33	36	39	31	28	19	28	36	43	37	68
Rv2366c	504	650	333	461	3176	2631	2462	2128	1841	3538	1901	1473	2302	1780	2188	1782	419	544	296	426	715	723	681	852	710	515	538	750	1320	1185	1239	1563
Rv2367c	113	207	80	127	645	513	424	394	381	699	335	303	479	307	379	298	67	78	51	102	82	117	124	173	121	94	85	119	156	173	214	288
Rv2368c	1549	2115	633	1180	2597	2215	1645	1496	1624	3307	1743	1251	1706	1551	1381	1303	490	442	371	452	443	498	548	826	545	335	471	520	556	503	958	1138
Rv2369c	13	12	14	24	12	16	16	15	7	14	5	2	9	11	16	13	14	6	8	26	7	4	9	21	20	5	12	5	20	13	45	18
Rv2370c	31	50	33	44	35	41	40	51	29	55	40	13	52	43	56	61	79	55	28	55	38	33	25	48	62	24	28	19	64	68	107	60
Rv2371	0	1	0	2	3	1	2	1	0	1	3	1	0	0	1	1	4	1	0	4	2	0	0	3	2	2	0	0	2	1	1	2
Rv2372c	269	339	317	442	462	411	450	425	316	440	308	191	349	310	339	393	275	357	264	374	418	424	421	470	520	246	293	363	562	426	464	610
Rv2373c	3433	4197	2990	4277	3972	3370	3359	3074	2467	4190	2679	1862	3581	2865	3190	2992	2181	2463	2519	2920	2908	2907	3070	3409	6123	1798	2880	3304	5652	3808	5141	5423
Rv2374c	567	698	397	728	1233	1012	972	925	731	1300	745	572	685	611	609	622	505	564	299	443	645	803	522	704	673	459	373	470	588	543	580	696
Rv2375	83	91	44	81	124	108	98	87	119	168	95	61	105	76	99	72	38	30	32	36	42	52	57	56	66	29	40	43	43	51	75	70
Rv2376c	744	897	1009	1170	182	258	182	215	263	353	237	92	270	169	204	151	293	442	394	467	66	108	49	91	138	71	88	48	137	77	103	61
Rv2377c	1	3	1	6	5	1	4	3	5	3	2	3	4	2	5	3	4	4	0	6	0	1	1	2	5	0	3	2	5	5	5	5
Rv2378c	48	64	45	70	293	214	220	167	142	227	155	92	178	165	172	181	85	78	29	78	130	145	54	94	77	58	30	53	101	141	68	101
Rv2379c	252	335	234	379	1601	1092	1298	919	675	1101	687	494	898	878	840	879	356	438	170	337	873	772	468	617	338	278	141	282	675	770	347	632
Rv2380c	335	412	309	486	1112	765	924	663	602	857	639	365	835	803	651	788	576	646	233	470	656	544	352	529	436	311	163	293	514	756	362	651
Rv2381c	157	205	165	221	577	356	508	268	295	324	310	156	173	283	127	236	368	407	140	266	393	365	186	306	248	174	91	123	176	339	126	248
Rv2382c	86	66	73	62	144	88	124	78	76	68	88	33	51	62	46	52	162	159	63	94	135	121	57	65	83	42	23	24	59	100	31	70
Rv2383c	198	176	230	269	426	236	449	268	230	252	203	116	144	109	164	131	354	373	152	264	398	296	183	198	250	137	65	81	141	220	95	145
Rv2384	18	24	13	24	41	31	31	33	23	39	25	11	24	18	32	25	67	56	9	65	46	19	11	28	43	21	9	11	32	60	26	41
Rv2385	20	21	14	16	32	27	23	21	27	36	34	12	20	10	22	20	44	36	4	45	22	12	10	12	20	16	11	5	19	30	16	30
Rv2386c	28	43	21	32	123	79	139	82	53	80	78	26	60	37	95	44	113	90	6	98	101	84	46	61	100	48	33	46	54	88	49	60
Rv2386a	61	107	68	156	74	71	71	90	146	180	156	72	55	50	68	77	36	43	44	69	42	35	42	65	119	66	120	49	44	46	124	98
Rv2387	414	601	538	857	466	417	523	463	763	840	837	329	301	259	297	346	293	362	314	464	170	184	260	332	522	230	568	255	244	283	532	482
Rv2388c	883	1024	791	1110	1364	1101	1054	897	1025	1564	971	679	1286	847	1033	944	456	634	494	691	581	687	570	725	619	445	404	492	922	819	819	870
Rv2389c	205	237	228	266	248	209	212	159	167	251	173	95	241	157	219	160	104	104	151	172	71	81	73	92	96	48	77	40	212	106	209	125
Rv2390c	166	204	142	175	303	216	263	213	232	333	170	102	370	232	245	251	96	80	145	174	73	70	60	68	98	33	69	23	236	124	284	131
Rv2391	9451	10087	11138	11748	3569	2569	3383	2457	3842	5783	3750	2118	2736	1667	2688	1837	2411	1945	2078	2201	1546	1969	1796	2407	2751	1024	1784	1396	2557	1762	2678	1838
Rv2392	2392	2011	2652	2583	1191	846	1222	797	1016	1486	974	594	825	512	767	576	427	415	479	535	429	447	425	561	787	261	435	421	766	530	593	566
Rv2393	1866	1387	1590	1652	1449	883	1270	812	1170	1488	1034	555	868	586	741	538	334	348	340	375	596	512	519	536	759	308	354	488	868	638	557	632
Rv2394	917	671	1103	1122	942	730	952	736	792	911	837	424	618	493	668	516	318	300	308	380	389	368	313	400	507	207	267	313	521	524	429	515
Rv2395	738	610	697	766	956	759	943	690	772	1001	927	428	786	614	825	702	486	480	426	543	307	351	249	354	458	236	302	271	583	594	523	553
RVnc0024	1457	2020	1684	2607	177	107	213	128	414	472	334	206	323	218	267	190	1492	1961	1048	1785	159	70	112	71	470	161	315	87	348	183	500	144
Rv2395B	786	1008	845	1154	61	20	49	28	118	125	114	51	77	55	81	41	346	402	336	530	32	12	24	15	126	31	85	20	125	50	142	41
Rv2396	2406	3247	3326	4353	783	478	789	483	1042	1158	1034	527	871	463	786	525	2320	3512	1935	3084	684	441	468	380	1409	637	759	497	1464	798	1307	551
Rv2397c	42	68	58	68	231	214	244	214	195	274	195	121	227	227	220	291	64	85	96	101	179	143	121	177	224	113	135	166	360	309	254	319
Rv2398c	92	97	82	119	312	315	307	286	285	383	327	178	397	363	359	397	120	116	154	129	184	142	167	268	382	138	242	225	534	428	488	560
Rv2399c	145	165	133	159	524	472	485	469	368	574	490	203	573	503	592	601	187	146	199	196	305	285	337	405	708	234	374	392	821	541	692	810
Rv2400c	184	244	199	281	493	443	565	541	432	579	499	228	566	558	596	598	287	184	188	211	242	310	335	497	629	238	375	357	628	607	710	725
Rv2401	8	5	3	2	2	6	4	8	1	4	1	0	2	2	5	5	18	9	6	9	9	4	2	9	10	7	2	1	3	14	9	9
Rv2401A	7	6	5	12	17	20	15	12	19	28	17	11	9	7	8	6	6	7	4	10	8	11	10	18	18	8	6	3	3	2	6	11
Rv2402	989	1292	969	1282	1065	941	886	968	861	1406	925	564	1087	1076	1135	1069	520	619	416	608	435	417	394	649	608	428	459	362	628	622	923	915
Rv2403c	126	102	87	119	153	167	159	176	137	207	149	111	172	145	161	190	109	106	53	145	99	109	76	121	131	87	79	84	143	173	136	207
Rv2404c	189	276	278	328	323	326	326	384	261	432	317	172	328	320	354	384	216	189	115	204	186	170	156	267	256	140	180	180	237	265	272	344
Rv2405	184	228	126	189	164	119	125	83	140	235	160	98	174	153	128	154	118	129	90	137	73	93	82	144	155	77	88	94	142	167	202	214
Rv2406c	8	21	12	22	629	549	523	419	500	777	553	343	409	337	343	355	7	14	14	23	217	262	374	554	346	204	366	198	264	308	492	536
Rv2407	5	9	5	8	30	33	28	30	40	74	51	33	60	32	33	50	27	38	5	24	25	15	17	20	34	21	16	23	28	57	50	48
Rv2408	4	7	5	5	6	5	9	4	5	5	12	4	9	4	7	8	28	30	6	36	13	3	1	9	15	9	2	2	7	27	14	20
Rv2409c	744	843	636	963	422	310	381	355	328	462	366	230	200	253	198	312	408	464	381	538	149	172	202	310	264	165	300	201	176	256	504	399
Rv2410c	885	1110	926	1289	611	493	608	437	379	583	424	244	313	295	255	349	324	528	322	482	249	243	284	383	310	165	326	217	206	270	480	382
Rv2411c	1123	1532	1365	2041	891	691	801	705	572	834	577	355	399	354	365	457	590	795	447	688	417	411	497	580	547	230	484	295	340	374	568	522
Rv2412	87	112	147	197	120	90	139	156	123	167	140	72	64	79	73	88	98	93	49	58	71	93	102	111	116	80	129	74	62	53	104	80
Rv2413c	116	123	89	132	311	284	258	248	250	418	242	195	375	297	338	335	117	136	63	128	173	176	114	164	187	165	90	118	376	352	219	266
Rv2414c	66	87	104	169	238	200	264	223	235	383	235	201	330	367	350	477	118	161	132	199	280	261	176	227	286	218	157	202	436	508	290	419
Rv2415c	9	18	8	11	10	17	11	23	21	23	21	9	61	59	43	55	30	31	11	52	15	15	16	13	24	21	11	8	53	71	35	58
Rv2416c	39	38	25	48	34	91	38	97	45	61	35	23	143	172	131	216	90	67	28	76	41	50	44	63	80	54	53	29	98	169	149	150
Rv2417c	49	52	40	52	321	247	279	271	249	403	292	190	290	322	245	320	122	128	69	112	148	183	98	173	177	134	116	141	272	373	173	289
Rv2418c	26	32	24	35	108	92	104	112	83	97	87	45	61	99	81	115	80	78	50	50	46	35	35	41	72	44	56	49	67	90	76	94
Rv2419c	44	57	50	97	168	140	228	193	148	212	175	99	142	145	166	207	99	114	49	106	105	93	79	94	134	86	93	89	133	156	131	174
Rv2420c	14	25	30	41	47	60	66	60	64	74	68	26	46	35	51	52	51	33	24	38	27	25	37	28	47	26	30	38	40	47	49	51
Rv2421c	13	21	13	23	61	52	69	59	53	58	54	25	28	33	36	79	36	39	19	42	26	37	31	43	54	18	28	24	31	43	49	45
Rv2422	1	1	1	3	0	0	1	0	0	0	0	0	0	0	0	0	6	5	2	4	1	0	1	0	3	1	0	0	3	1	1	3
Rv2423	28	32	24	22	33	32	27	34	31	43	51	20	38	34	25	44	36	45	22	65	17	13	17	23	47	15	21	18	16	47	45	47
Rv2424c	18.7404	35.7369	11.9286	24.8766	74.783	77.1102	73.4714	67.5132	37.6437	71.5824	39.9064	24.5712	71.0464	63.257	67.8133	63.3254	52.674	50.6259	29.4293	56.9722	39.7573	36.7562	20.6579	46.316	28.4478	30.981	16.4723	44.0656	75.4045	92.489	73.5912	101.201
Rv2425c	492	580	372	569	862	825	685	707	626	1086	690	468	827	769	777	824	330	321	309	411	291	350	246	407	364	292	225	334	582	607	563	779
Rv2426c	386	438	348	505	573	527	472	502	324	589	345	249	477	391	443	391	176	175	229	282	165	160	184	264	156	133	122	163	235	256	309	366
Rv2427c	590	729	511	700	1097	1044	904	895	779	1377	753	531	1012	816	941	935	311	299	385	422	255	284	317	395	271	223	260	293	459	465	484	625
Rv2428	81	140	105	167	29	47	43	79	65	74	82	40	33	56	52	73	65	42	32	52	37	61	63	84	168	57	116	63	72	60	178	93
Rv2429	24	31	40	60	22	20	22	31	32	26	32	18	18	16	23	24	15	21	12	20	19	26	16	27	55	14	47	25	23	14	60	35
Rv2430c	3181	4435	2601	3742	1299	1195	1233	1335	876	1661	971	687	795	822	782	885	2614	2232	1965	1933	812	924	798	1551	1052	520	610	1121	693	779	743	1483
Rv2431c	623	920	556	855	284	297	280	304	161	337	202	145	154	176	156	202	362	326	371	398	187	205	178	350	183	117	106	247	119	124	145	271
Rv2432c	7	8	2	7	6	7	9	14	3	9	3	4	5	4	5	3	12	18	7	13	3	3	1	3	7	3	2	2	3	9	5	5
Rv2433c	5	7	2	4	6	3	8	8	1	6	1	2	1	0	2	0	15	10	4	9	3	1	2	3	6	6	0	1	2	5	5	11
Rv2434c	68	106	68	125	136	139	132	125	69	155	86	55	103	117	100	102	118	112	57	142	59	61	63	68	61	42	38	61	56	95	70	109
Rv2435c	313	358	335	382	234	203	237	239	177	343	180	123	286	234	293	304	293	280	160	316	94	88	87	123	159	91	84	76	131	189	173	201
Rv2436	36	56	31	45	89	94	90	75	82	158	80	63	158	130	121	105	44	45	26	54	48	39	34	53	38	23	26	26	60	67	80	82
Rv2437	2	6	1	2	7	8	7	9	7	20	6	4	19	11	14	12	10	8	3	11	5	4	3	11	13	8	1	2	8	6	11	20
Rv2438c	1660	1984	993	1479	1837	1727	1348	1237	1136	2357	1164	999	1478	1537	1222	1444	746	812	613	805	482	570	425	693	542	439	365	401	880	839	763	876
Rv2438A	1	1	0	2	0	0	1	1	0	0	0	1	0	0	0	0	2	5	0	1	2	2	3	1	3	3	0	1	2	3	1	2
Rv2439c	51	70	55	74	223	185	205	194	178	247	186	105	272	273	230	281	83	130	75	100	148	151	120	109	161	124	76	146	285	355	195	290
Rv2440c	291	392	323	522	827	778	835	846	646	940	740	445	1086	1087	1056	1231	673	682	439	566	534	606	538	707	673	481	413	496	1344	1575	1178	1456
Rv2441c	93	134	172	305	188	175	230	251	160	208	133	84	149	155	170	173	55	128	126	182	119	151	164	173	149	105	106	110	140	129	219	258
Rv2442c	610	695	1045	1464	492	449	545	592	398	597	442	249	420	490	466	644	704	772	786	1040	423	597	584	693	623	386	565	440	534	594	942	867
Rv2443	168	195	217	269	252	204	283	230	190	306	228	131	188	181	210	226	138	143	134	220	193	219	219	365	282	144	230	156	197	252	364	397
Rv2444c	4795	6028	4254	6090	23442	22450	20174	20007	13593	24026	13970	10681	11968	11256	10570	11694	3869	4278	4090	4340	8622	11245	10643	15311	8940	6032	6634	8633	8579	9366	9890	14955
Rv2445c	110	160	124	153	252	227	305	319	263	342	240	133	158	165	202	197	147	166	168	138	112	153	118	158	149	116	111	126	108	127	168	159
Rv2446c	74	100	82	113	147	135	123	157	165	223	185	97	159	223	149	189	158	163	183	200	77	106	63	135	117	86	117	106	168	191	202	262
Rv2447c	229	249	193	306	546	448	440	486	466	753	468	353	550	665	522	708	322	372	342	455	287	377	221	404	345	330	247	371	632	891	522	767
Rv2448c	683	771	713	967	1213	1065	1028	1154	852	1449	882	587	1185	1202	1154	1290	820	886	631	766	642	750	508	750	719	529	431	600	1282	1391	1064	1221
Rv2449c	168	210	128	203	658	547	455	478	437	821	407	333	445	405	395	422	104	153	101	158	210	270	180	282	240	191	164	195	358	353	301	356
Rv2450c	3	5	2	4	13	13	15	31	19	19	16	14	12	11	13	21	26	24	8	7	29	21	19	16	29	16	8	20	24	30	15	17
Rv2451	1	1	2	1	2	2	4	1	3	6	1	2	1	1	0	4	7	6	1	11	5	2	2	1	6	0	2	0	4	8	3	2
Rv2452c	3	4	6	10	0	6	3	7	4	9	4	1	3	5	6	9	13	7	8	4	1	4	3	6	6	2	7	3	8	6	12	6
Rv2453c	42	65	41	69	147	172	149	148	199	258	230	113	149	183	168	210	208	179	289	231	142	152	152	164	361	156	241	182	337	191	481	424
Rv2454c	370	456	334	622	980	906	818	944	1016	1584	1025	633	931	1007	951	1243	819	713	1144	964	695	801	810	965	1744	692	1051	934	1719	1133	2112	1984
Rv2455c	855	1046	730	1093	1772	1583	1502	1455	1481	2674	1517	1122	1521	1532	1683	1742	968	1005	1125	885	1148	1246	1151	1335	2285	961	1295	1285	2521	1699	2572	2317
Rv2456c	342	437	268	332	832	845	797	832	627	994	685	411	747	718	695	839	352	308	204	279	368	397	376	695	596	262	385	422	529	503	836	1060
Rv2457c	7789	9209	6771	9201	7150	7025	6259	6503	5547	9490	5910	3922	5218	4837	4753	4959	1736	2263	2849	3364	1981	2659	4110	6050	2839	1743	3726	2536	2411	2572	6220	5558
Rv2458	27	47	27	65	92	65	72	69	73	120	82	58	77	65	81	86	42	63	26	66	46	22	40	52	55	35	44	33	60	68	71	82
Rv2459	210	284	165	281	673	519	631	537	522	849	557	327	377	364	397	407	162	143	152	220	227	205	239	313	306	190	246	173	277	302	521	469
Rv2460c	665	810	667	945	709	752	633	715	606	1001	673	405	751	747	644	834	413	461	642	700	257	344	505	702	562	295	656	460	488	544	1140	1043
Rv2461c	349	437	410	601	462	441	374	443	332	569	384	270	458	452	447	472	186	243	350	387	212	252	327	435	306	137	340	313	296	266	602	594
Rv2462c	648	868	645	901	1789	1535	1462	1372	1097	1957	1180	869	1134	1198	1044	1315	562	574	668	817	869	1083	818	1222	1112	600	706	879	859	912	834	1279
Rv2463	123	149	169	232	666	606	715	676	443	689	440	300	489	393	525	583	123	188	122	157	177	191	271	335	188	135	241	183	284	312	490	484
Rv2464c	48	69	42	79	154	135	142	136	119	215	136	87	130	120	129	150	71	74	46	95	106	81	77	89	191	62	80	95	234	139	173	169
Rv2465c	85	91	85	129	158	135	143	127	100	201	118	90	136	118	124	147	87	67	112	115	184	130	162	157	359	96	123	167	343	170	264	258
Rv2466c	89	132	132	202	44	56	53	58	51	91	63	44	81	78	73	84	150	143	391	282	1130	809	1056	863	3119	489	904	1141	2207	749	1367	1253
Rv2467	301	374	365	451	762	772	836	899	727	1148	777	511	1103	1010	1124	1280	436	479	344	484	442	541	390	463	561	430	343	425	1029	1221	927	1043
Rv2468c	82	107	91	185	175	179	191	199	145	266	156	120	128	140	142	155	78	103	61	84	105	139	82	138	150	93	75	108	109	129	101	107
Rv2468A	30	34	27	49	49	32	48	56	27	55	39	23	35	40	30	29	17	21	16	19	15	20	23	36	20	16	12	19	23	21	24	33
Rv2469c	71	91	69	146	125	88	109	87	77	128	61	46	62	48	79	65	55	59	26	57	50	33	33	51	79	50	38	35	41	50	47	62
Rv2470	160	175	103	142	213	180	127	136	179	244	152	121	151	168	122	132	60	41	46	70	52	54	74	93	77	50	37	50	56	70	76	110
Rv2471	269	429	154	287	1068	967	738	795	685	1202	671	472	873	720	725	663	212	249	160	289	290	353	305	415	408	232	247	319	448	459	445	679
Rv2472	119	151	109	173	109	89	98	99	65	91	68	39	51	58	58	54	48	52	63	59	51	40	68	94	63	19	46	35	54	30	60	51
Rv2473	77	91	49	96	109	108	86	106	66	98	69	38	85	70	115	94	46	41	37	40	41	47	40	60	52	19	32	52	60	65	68	80
Rv2474c	15	37	19	23	144	217	124	146	180	307	176	143	237	215	168	222	68	93	53	74	83	108	55	105	106	81	51	92	158	237	114	263
Rv2475c	24	27	22	28	115	125	100	96	105	157	117	79	127	161	100	157	86	85	100	108	39	60	33	89	71	63	59	55	108	159	115	197
Rv2476c	570	695	600	897	2650	2623	2394	2619	2564	4100	2635	1756	2948	3359	2752	3777	1696	1727	1610	2043	1247	1720	994	1768	1563	1473	1192	1498	2718	3736	2346	3514
Rv2477c	587	804	570	846	1490	1538	1488	1648	1327	2275	1531	846	1645	1699	1797	1891	971	818	597	584	557	655	414	623	799	596	486	514	1100	1191	1020	1008
Rv2478c	8	9	5	3	65	84	84	82	5	2	5	3	18	26	13	16	34	28	4	30	39	29	37	50	22	11	1	1	33	42	21	21
Rv2481c	2	0	0	0	3	3	3	3	5	7	1	0	4	5	1	2	6	4	3	5	5	1	6	6	8	1	5	2	2	7	12	13
Rv2482c	194	253	178	267	665	699	597	606	734	1187	737	554	757	845	624	891	391	398	476	549	269	355	502	765	445	346	563	484	623	757	1690	1737
Rv2483c	419	574	438	647	869	754	757	747	714	1244	805	559	853	868	768	953	533	554	687	726	317	410	416	714	443	350	585	399	762	862	1717	1477
Rv2484c	581	678	593	841	1119	1062	1037	1009	958	1690	1012	716	1020	878	976	1018	452	626	565	656	498	617	534	867	631	459	618	521	976	1007	1509	1423
Rv2485c	56	69	40	56	265	234	274	282	213	432	270	199	136	122	142	149	67	69	31	87	102	118	104	275	107	93	72	79	78	135	131	206
Rvnt28	2	0	3	2	0	0	0	1	0	0	0	0	1	2	0	1	3	5	1	4	1	3	0	0	1	1	0	0	2	3	2	0
Rv2486	19	17	17	39	78	93	86	83	73	94	72	63	61	47	59	79	20	23	26	24	49	58	60	62	56	31	46	45	51	38	52	70
Rv2487c	72	134	106	139	196	147	215	160	156	257	161	117	268	222	202	238	225	242	107	272	210	165	153	182	235	152	110	113	354	376	263	343
Rv2488c	179	219	151	224	275	253	276	241	269	389	251	173	254	246	253	243	198	259	120	253	249	220	164	260	273	170	135	150	308	363	251	352
Rv2489c	3	7	7	12	4	5	10	3	3	3	3	0	1	2	4	3	4	3	1	5	3	2	4	4	10	3	3	5	7	5	4	4
Rv2490c	152	243	206	275	538	464	581	490	393	577	385	288	621	512	474	501	400	489	216	668	594	508	451	592	518	449	271	325	985	829	689	673
Rv2490a	0	1	1	1	1	0	0	0	0	0	0	0	0	0	1	0	4	2	0	3	3	0	0	3	1	1	0	0	1	0	1	1
Rv2491	7	12	8	9	7	8	13	8	7	11	9	2	9	10	12	13	29	23	3	37	13	10	9	9	24	16	10	4	9	26	13	18
Rv2492	37	42	32	29	36	35	37	36	22	37	25	24	31	31	26	29	70	51	36	65	41	22	26	40	43	34	18	21	26	38	37	41
Rv2493	356	379	298	376	94	103	71	77	54	115	81	63	54	46	50	46	89	93	114	133	15	23	29	39	19	18	14	21	23	22	48	40
Rv2494	160	255	114	184	82	88	61	80	52	106	62	35	56	50	62	34	38	68	58	67	23	27	26	46	29	17	22	33	37	35	56	49
Rv2495c	1091	1045	1094	1245	1062	1132	986	922	743	1350	684	604	808	696	749	799	1066	1533	825	1078	494	754	694	1203	520	419	490	639	632	720	873	1085
Rv2496c	1469	1654	1613	2043	1153	1039	942	960	662	1387	695	562	746	673	665	728	2055	2395	1319	1595	543	772	771	1183	553	444	496	566	616	687	834	907
Rv2497c	3008	3497	3072	4033	2160	2171	1761	1732	1165	2647	1244	1048	1329	1298	1063	1266	3989	4795	2534	2982	940	1406	1548	2125	1045	799	862	1104	1201	1261	1451	1748
Rv2498c	277	309	281	352	228	214	194	203	248	462	229	180	240	201	243	233	249	363	201	257	120	137	137	247	139	163	109	313	149	160	199	292
Rv2499c	247	218	215	267	145	159	108	135	188	327	163	142	182	157	147	170	371	383	227	211	60	76	69	113	99	126	65	231	119	153	132	205
Rv2500c	3726	4344	3622	4758	861	817	719	671	795	1775	887	731	1004	864	797	873	1857	2088	1437	1898	348	454	479	800	613	649	444	1101	597	613	864	996
Rv2501c	2159	2151	2292	2792	998	982	892	813	1544	2940	1563	1229	1607	1327	1336	1316	4959	4083	2071	2530	670	954	675	1249	1149	1447	739	2369	1536	1532	1327	1642
Rv2502c	784	848	884	1120	512	431	423	439	594	1374	601	547	557	428	499	442	1135	1504	623	891	354	272	373	437	446	866	290	1483	445	426	394	531
Rv2503c	654	761	741	848	269	222	213	197	334	936	364	422	287	210	245	226	898	1008	527	584	331	180	329	283	339	708	205	1170	297	264	242	262
Rv2504c	759	864	861	1108	374	319	300	273	443	1108	459	615	363	292	301	240	950	1299	595	858	627	349	622	448	517	1024	294	1842	362	349	346	335
Rv2505c	34	59	39	45	61	52	85	91	74	152	113	74	56	55	54	78	144	115	29	147	101	65	80	93	177	110	82	102	103	138	90	129
Rv2506	15	23	9	16	35	25	32	23	38	108	33	37	44	39	39	40	22	22	13	36	40	24	36	28	45	31	12	68	42	42	29	40
Rv2507	316	453	262	332	394	364	273	308	348	580	360	226	526	467	411	416	139	158	166	205	91	111	88	166	113	104	105	115	180	193	272	248
Rv2508c	107	154	135	176	123	106	148	109	112	151	127	79	159	106	146	144	113	149	80	141	88	63	46	75	98	61	38	47	116	140	96	112
Rv2509	302	338	244	309	393	428	392	349	358	637	390	241	423	326	357	368	139	143	133	130	129	129	119	194	172	133	85	124	212	202	191	228
Rv2510c	159	192	172	247	331	293	326	271	228	370	262	148	243	186	234	208	152	157	113	208	127	113	108	159	152	113	115	95	143	179	146	188
Rv2511	49	55	41	62	66	57	75	69	80	114	71	49	73	73	61	82	49	46	33	41	37	38	31	19	46	27	38	25	78	54	74	67
Rv2512c	3.2	32.8744	6.23066	10.872	14.5454	13.3	3.8525	24.6564	0.000394787	1.66694	2.9243	0.0348637	0.00656498	0.0029596	19.7196	10.0006	24.4965	17.0768	8.75	4.52287	19.5882	26.2307	27.7458	35.5484	7.97774	5.05991	0.000294545	8.18197	3.65692	29.172	20.8247	41.6321
Rv2512a	15	14	9	15	12	9	13	13	1	7	5	1	6	6	8	11	4	3	8	2	3	2	8	9	2	2	1	3	4	5	4	7
Rv2513	141	185	158	222	220	224	181	192	95	159	111	85	139	141	125	181	68	94	82	115	71	118	93	213	87	49	52	73	64	84	118	153
Rv2514c	25	34	4	11	27	33	32	29	27	29	19	17	44	39	33	34	23	32	16	37	21	22	16	24	46	16	16	24	36	45	40	44
Rv2515c	42	72	44	55	99	76	89	72	73	94	69	47	107	60	100	88	83	82	35	94	112	86	109	128	255	68	68	131	170	135	166	203
Rv2516c	942	1419	826	1266	1159	961	906	782	646	1194	653	479	500	470	436	551	577	602	905	964	1828	1526	2354	2466	7305	1248	2586	2596	3448	1985	3202	4053
Rv2517c	166	259	151	321	159	132	151	121	105	196	106	83	85	87	71	86	55	74	129	145	310	273	406	472	1353	284	517	465	643	373	544	650
Rv2518c	290	446	377	546	328	339	291	371	235	428	279	200	239	243	221	281	318	270	173	215	166	185	185	188	255	152	181	151	189	201	307	217
Rv2519	248	366	260	401	794	714	764	800	423	744	428	277	497	508	515	569	311	358	289	329	400	508	508	690	404	260	284	469	396	474	517	742
Rv2520c	1	1	2	3	3	0	3	1	0	2	2	2	0	3	4	3	2	1	3	2	0	1	0	0	1	0	2	0	3	1	4	1
Rv2521	198	223	160	217	183	161	146	150	139	266	172	119	184	167	140	163	142	112	115	145	89	138	93	169	134	84	97	98	133	154	196	175
Rv2522c	121	149	105	147	464	379	452	409	349	541	374	243	520	537	521	612	179	178	149	197	297	306	203	233	282	211	88	177	556	766	279	490
Rv2523c	46	86	57	89	162	147	162	169	120	210	129	105	194	326	169	299	81	88	98	83	109	118	68	112	105	73	35	74	211	345	87	195
Rv2524c	2511	3333	2648	4116	24202	19134	21291	19203	15346	24063	15628	11284	14418	17796	12309	18406	3783	6350	1888	3270	11182	12040	7793	10256	8346	7060	3845	6697	15111	22292	5661	12467
Rv2525c	26	32	23	31	546	528	489	487	394	602	385	254	459	366	395	379	37	63	12	56	106	119	189	290	181	118	132	150	257	256	408	361
Rv2526	12	15	20	25	22	10	13	8	357	653	343	239	266	250	167	229	21	22	10	18	23	32	16	27	196	136	256	210	159	160	349	331
Rv2527	60	74	55	108	41	37	40	33	1136	2419	1160	1015	910	1151	724	980	24	30	31	44	55	69	62	65	770	458	892	698	554	565	1588	1471
Rv2528c	23	18	18	22	5	3	13	11	8	12	7	6	11	6	10	10	35	44	10	39	22	14	11	13	16	17	8	4	15	33	20	30
Rv2529	13	15	3	7	9	11	20	23	13	26	24	7	27	24	15	16	25	26	6	37	9	7	2	6	31	12	12	12	24	41	33	50
Rv2530c	37	40	23	38	74	67	75	66	65	102	69	52	84	66	77	100	36	45	19	29	25	44	28	66	44	29	23	28	47	71	77	100
Rv2530A	47	75	49	74	95	88	85	66	77	114	82	41	99	60	77	86	36	38	32	50	22	36	51	67	31	21	36	22	51	45	63	81
Rv2531c	389	442	399	531	1657	1603	1491	1416	1093	1695	1135	737	1190	1016	1082	1142	438	512	352	492	554	598	595	844	584	360	524	542	702	749	868	1021
Rv2532c	19	24	15	28	141	143	143	114	140	157	99	75	104	93	95	100	27	43	19	32	82	65	46	92	56	37	46	49	61	66	75	93
Rv2533c	52	79	53	107	554	471	510	456	337	538	385	259	279	269	293	302	65	75	56	104	254	302	225	307	242	155	171	229	286	293	234	291
Rv2534c	130	179	201	311	840	709	769	771	541	859	572	369	505	449	466	523	155	203	197	178	315	391	384	519	366	243	324	278	434	398	481	490
Rv2535c	247	325	191	330	1062	912	902	917	807	1400	819	564	586	524	535	590	225	262	182	246	392	394	396	531	417	325	290	411	499	530	471	552
Rv2536	407	561	506	761	802	692	697	752	627	1060	663	430	496	473	533	546	176	223	213	305	212	270	334	507	361	230	339	280	262	280	446	486
Rv2537c	54	69	51	87	275	236	199	224	146	213	131	100	138	136	142	135	32	51	39	48	77	79	86	107	69	52	62	74	110	94	114	142
Rv2538c	211	278	231	326	965	836	801	713	499	875	473	353	478	378	427	396	184	223	180	225	406	411	350	475	228	204	201	295	437	373	325	458
Rv2539c	126	150	108	187	444	396	396	317	210	380	228	174	239	187	226	211	103	115	84	119	307	328	222	303	178	138	110	208	324	247	192	257
Rv2540c	339	427	333	567	1767	1393	1483	1202	799	1462	769	693	781	604	653	647	268	519	227	433	1223	1259	883	1114	704	571	380	721	1052	950	627	788
Rv2541	2	7	7	15	7	10	18	7	14	19	7	8	13	8	7	7	12	13	5	14	14	6	6	7	4	9	5	7	10	12	6	7
Rv2542	52	101	77	140	125	129	158	155	95	131	99	59	92	96	86	123	118	154	68	163	75	94	79	128	91	70	77	62	71	120	88	121
Rv2543	9	16.5345	15	22	6	12	13	18	2	14	12	2	10.9095	17.7736	11	12.6327	45.5855	28	5	32	8	8	5	5	13	7	5	4	11.8191	20.5733	15	11.8468
Rv2544	10	14.4655	9	15	5	21	10	14	5	4	3	2	1.0905	5.22644	5	7.36731	32.4145	29	10	20	11	5	3	9	6	2	2	2	1.18093	3.42667	5	2.15321
Rv2545	3	0	1	0	4	2	2	1	0	2	4	1	1	5	1	9	4	6	1	6	0	2	0	2	9	0	1	1	3	4	4	7
Rv2546	2	7	0	2	3	10	9	4	4	1	1	2	1	3	1	4	10	4	2	8	5	4	1	9	1	2	1	3	4	1	6	6
Rv2547	85	81	59	67	58	46	44	28	59	89	53	35	72	60	64	46	12	14	25	33	23	13	23	28	30	14	18	12	10	19	32	37
Rv2548	14	34	5	25	13	22	27	14	18	42	24	11	33	18	21	27	7	7	3	8	4	7	5	9	6	9	9	12	8	11	12	12
Rv2548A	324	401	338	419	309	282	296	299	248	372	314	170	194	159	190	203	147	125	220	171	147	169	207	236	205	104	175	132	150	111	289	234
Rv2549c	3	9	6	13	7	13	8	8	16	15	13	3	10	4	10	7	7	8	3	7	6	6	7	14	5	7	5	3	6	6	11	11
Rv2550c	17	18	21	23	19	26	24	19	28	41	31	22	20	23	14	17	18	17	14	16	11	10	23	22	15	3	13	13	13	17	10	14
Rv2551c	16	24	16	30	139	137	136	116	102	143	102	90	209	140	144	140	35	50	21	56	51	56	41	81	59	41	39	61	96	112	94	171
Rv2552c	56	103	51	73	544	461	409	353	337	587	303	303	549	390	390	413	114	118	57	100	387	499	252	364	329	304	166	289	799	720	386	582
Rv2553c	567	740	459	635	2513	2558	2168	2003	1782	2996	1711	1325	3132	2320	2639	2400	614	682	607	607	886	1255	827	1319	882	754	654	983	2665	2463	1859	2370
Rv2554c	211	242	182	285	899	837	737	711	541	989	569	453	1011	754	819	782	268	278	192	279	434	562	369	506	338	279	238	364	1026	867	610	962
Rv2555c	5107	6047	3941	6042	12749	11470	10382	9957	7217	13314	7422	5926	12309	10009	10619	10426	4458	4640	4117	4741	5408	6876	5378	7832	5424	3804	3805	5142	12420	10978	9639	12595
Rv2556c	174	227	187	311	406	427	355	416	290	539	317	227	418	359	422	371	116	158	122	171	118	154	193	256	149	103	138	149	216	214	275	424
Rv2557	1747	2087	1417	2013	2860	2198	2283	1915	1687	3152	1864	1554	1236	1468	1125	1484	2056	2102	1593	1641	4053	4457	2599	4371	4642	2766	3251	1632	2562	2786	4882	2911
Rv2558	465	574	510	773	1050	791	781	716	698	1200	694	579	497	500	419	573	442	739	510	581	1464	1826	1549	2130	1607	957	1598	836	1038	1123	2496	1707
Rv2559c	41	47	39	57	100	101	98	91	91	139	88	81	217	187	249	206	83	67	34	96	81	72	43	64	70	43	48	43	217	230	161	152
Rv2560	16	21	16	30	57	51	58	69	31	54	38	23	39	36	47	64	23	29	8	32	32	34	13	30	39	18	29	17	19	45	73	56
Rv2563	138	190	173	232	130	125	144	145	153	220	162	97	211	201	226	241	99	138	69	145	57	47	50	56	104	77	78	65	119	145	130	141
Rv2564	118	127	163	231	96	118	132	153	128	175	138	71	141	138	191	221	148	147	74	125	58	74	38	50	89	88	71	27	87	123	107	134
Rv2565	510	629	450	654	492	522	478	484	395	855	443	333	566	529	479	594	480	392	298	360	171	254	204	302	279	235	195	228	427	477	438	560
Rv2566	217	324	295	381	198	179	210	191	142	222	191	112	231	189	174	221	252	305	96	278	92	123	58	116	149	105	69	97	193	243	126	240
Rv2567	379	423	267	469	935	950	749	791	613	1160	612	550	999	829	850	868	294	364	199	374	301	415	229	388	326	287	228	278	608	715	479	654
Rv2568c	35	29	21	29	80	58	70	72	51	76	63	30	54	55	54	66	51	47	15	64	28	30	32	44	40	33	21	21	50	50	61	76
Rv2569c	21	30	21	33	79	46	78	68	36	69	58	30	48	44	51	53	42	42	21	48	32	27	27	51	34	24	26	19	33	47	53	48
Rv2570	43	58	29	63	62	47	39	26	46	81	31	31	29	31	22	24	22	29	19	31	35	43	39	64	49	24	21	31	27	35	45	55
Rv2571c	32	50	27	44	77	68	94	90	80	92	89	44	69	76	86	101	72	45	31	71	46	29	35	52	58	41	31	35	77	95	54	97
Rv2572c	88	113	112	145	292	253	278	300	209	329	202	182	218	200	241	262	166	178	82	154	159	166	121	160	207	154	128	127	222	259	203	258
Rv2573	10	11	8	4	19	10	24	11	8	16	10	7	13	10	12	13	26	21	4	27	9	3	1	11	18	10	7	6	7	31	13	19
Rv2574	61	73	37	71	135	111	97	92	115	179	117	80	148	131	133	141	26	35	36	46	33	20	31	42	57	33	27	29	66	67	65	78
Rv2575	160	196	137	170	312	267	254	232	287	424	267	139	336	328	300	324	114	155	123	196	107	109	94	144	139	111	90	99	190	227	228	248
Rv2576c	640	649	561	873	1518	1186	1146	1010	1046	1833	987	885	991	989	800	957	165	249	251	394	338	347	391	481	323	232	263	271	471	424	418	631
Rv2577	37	64	30	50	31	23	34	25	17	33	21	13	15	18	19	25	71	75	28	75	40	29	23	30	51	41	27	18	20	67	38	54
Rv2578c	10	26	8	9	83	63	89	60	101	146	109	59	85	63	69	51	28	29	8	44	34	25	19	31	48	25	18	30	68	65	32	58
Rv2579	128	142	137	175	273	280	251	284	219	407	285	165	289	241	248	231	98	89	78	144	111	143	130	256	174	98	114	123	142	201	194	291
Rv2580c	587	706	476	642	1867	1678	1541	1456	1210	2125	1188	930	1316	1169	1083	1230	585	618	457	581	572	713	491	746	638	516	377	576	1020	1088	784	1050
Rv2581c	284	286	179	290	572	540	427	461	373	675	425	291	479	416	438	414	196	150	158	155	162	190	149	210	180	152	105	139	353	359	262	293
Rv2582	43	71	48	63	63	83	99	121	68	105	65	40	55	75	62	105	120	74	47	75	34	34	32	42	52	38	30	18	62	92	54	61
Rv2583c	1718	2029	1807	2602	2175	2000	1811	1997	1812	2984	1803	1292	1705	1668	1587	1748	1569	1741	1662	1842	1196	1428	1214	1734	1503	1069	1220	1135	1584	1629	2208	1888
Rv2584c	532	576	612	761	332	340	317	329	336	512	342	247	343	315	314	367	345	376	340	524	195	245	195	263	349	164	258	307	317	359	316	349
Rv2585c	976	1235	1274	1603	1535	1629	1484	1630	1360	2176	1500	1001	1465	1529	1408	1579	1154	815	990	984	831	990	890	1391	1342	680	1081	1050	1322	1369	1468	1517
Rv2586c	445	495	415	539	1327	1301	1228	1191	910	1498	909	655	1151	961	1034	1060	357	412	369	423	396	501	495	615	398	353	338	484	816	851	681	959
Rv2587c	1072	1239	1018	1388	2939	2712	2601	2591	1994	3292	2002	1394	2419	1899	2235	2158	853	924	744	876	1056	1271	1112	1522	1000	754	887	1155	1886	1796	1655	1906
Rv2588c	637	715	751	841	462	463	408	419	359	611	351	256	420	377	382	362	268	279	387	510	138	173	252	333	214	133	224	238	223	240	375	389
Rv2589	91	160	103	152	407	362	325	294	250	476	288	190	319	207	313	289	120	122	76	124	161	192	163	205	176	135	90	154	272	244	221	251
Rv2590	22522	25850	18557	24028	9393	9537	7147	7649	11644	19709	11115	7479	5944	4292	4445	3968	9373	12104	20178	26728	5148	4970	6246	8033	8479	4264	8823	7697	5378	3060	11861	6712
Rv2591	1788	2118	2154	2668	909	674	806	614	1152	1377	1019	654	460	263	443	295	707	855	500	810	586	558	461	564	1076	439	530	713	594	293	496	577
Rv2592c	21	21	16	28	721	746	647	743	339	646	317	331	840	642	745	732	49	62	11	50	371	469	228	387	240	209	97	231	884	803	389	553
Rv2593c	10	15	7	18	406	426	343	432	162	355	199	172	471	341	467	350	17	25	9	19	95	112	69	105	64	46	33	90	288	302	148	230
Rv2594c	58	48	48	50	848	898	777	954	511	930	592	412	1185	967	1186	1072	54	42	36	57	230	366	190	313	151	139	95	245	848	803	495	550
Rv2595	52	64	34	60	83	65	56	47	71	96	52	42	44	42	47	56	16	24	29	45	15	24	51	66	27	14	32	17	17	18	36	44
Rv2596	22	31	16	21	40	31	41	36	34	47	23	27	32	23	29	31	11	15	15	25	14	14	14	23	19	8	11	12	13	20	20	27
Rv2597	35	73	43	62	122	127	148	135	123	190	150	99	114	136	110	157	61	80	37	75	73	94	98	162	123	62	95	63	119	154	169	202
Rv2598	3	7	2	4	15	9	19	18	10	31	9	8	14	13	12	23	10	9	6	12	6	7	2	13	13	9	5	6	11	18	9	21
Rv2599	3	5	4	2	13	9	13	7	10	17	9	6	17	8	11	12	15	5	5	5	4	5	6	15	10	10	4	9	4	10	8	16
Rv2600	4	6	2	7	71	106	75	89	12	31	18	16	11	20	13	18	5	6	7	14	57	112	41	78	23	6	6	9	19	20	14	21
Rv2601	12	17	11	15	228	230	189	196	87	150	95	90	78	79	69	92	43	38	14	52	143	177	90	159	68	36	52	43	78	106	69	130
Rv2601A	140	174	139	219	90	95	67	76	88	164	83	80	95	90	83	85	62	80	60	73	39	64	60	115	65	42	24	48	68	59	87	94
Rv2602	133	173	103	160	136	133	101	111	129	182	116	85	134	112	108	113	63	58	43	75	58	78	107	134	118	59	57	87	91	84	143	154
Rv2603c	81	127	121	167	219	222	269	276	239	335	257	147	180	190	254	266	144	153	83	124	116	120	116	130	130	104	117	103	154	166	203	192
Rv2604c	67	69	50	78	147	162	155	159	148	241	131	85	145	111	141	169	98	101	65	94	63	50	56	83	69	66	74	76	102	114	103	124
Rv2605c	358	397	321	428	454	420	438	446	446	777	436	328	471	498	434	540	380	281	371	393	196	241	177	323	340	237	226	232	381	418	439	408
Rv2606c	368	402	446	509	646	545	522	538	596	950	588	316	581	500	551	548	303	298	257	358	274	305	269	341	384	285	228	247	357	366	370	389
Rv2607	9	19	16	32	5	16	19	21	13	21	18	14	15	20	17	23	48	25	10	39	18	16	8	24	43	10	9	5	19	25	26	32
Rv2608	42	78	69	109	185	128	240	225	148	241	201	121	90	95	111	146	166	128	89	164	109	109	89	159	138	80	129	94	96	132	141	190
Rv2609c	117	175	95	182	521	506	391	440	462	694	427	337	561	715	477	754	240	333	360	408	291	387	223	392	347	313	207	343	690	1134	485	898
Rv2610c	176	195	139	215	567	543	504	527	524	865	597	390	699	899	625	904	459	378	463	567	324	381	220	392	335	318	234	364	847	1194	528	999
Rv2611c	44	53	41	56	229	198	203	194	184	296	198	138	240	273	268	295	89	119	107	161	79	92	66	111	129	85	95	117	237	308	170	234
Rv2612c	129	178	146	202	304	310	338	371	309	533	352	216	382	469	396	506	279	274	251	312	160	192	109	196	194	167	139	169	433	532	359	451
Rv2613c	75	77	78	114	199	168	196	191	173	217	168	93	211	185	231	248	120	115	98	101	73	85	51	95	90	80	50	76	195	210	133	179
Rv2614c	221	241	246	329	572	516	581	604	447	690	461	280	599	504	661	625	296	289	238	294	210	268	158	207	279	198	146	196	591	545	369	438
Rv2614A	1	1	2	1	0	0	0	1	0	0	0	0	0	0	0	0	1	3	0	3	0	0	0	1	2	0	0	0	1	3	0	1
Rv2615c	258.687	353.35	337.684	461.811	345.909	257.492	339.558	290.261	250.423	445.75	216.404	185.747	296.592	241.143	233.95	236.882	341.424	421.52	303.617	515.73	290.381	250.051	231.5	323.395	337.257	192.212	183.782	200.473	349.793	344.395	315.715	357.78
Rv2616	15	23	17	16	23	25	20	19	24	43	20	10	16	25	25	24	17	15	16	18	14	18	18	15	18	14	16	10	12	20	27	30
Rv2617c	39	85	51	119	117	121	84	92	85	117	77	58	86	64	85	105	31	64	48	75	64	72	49	59	143	29	33	53	78	45	62	85
Rv2618	10	20	10	21	18	11	17	17	10	17	11	10	15	9	13	14	20	25	6	34	20	4	13	15	22	6	5	8	11	19	10	13
Rv2619c	74	89	93	112	287	305	241	305	254	360	204	142	154	154	131	190	37	44	32	47	108	178	89	216	228	87	95	88	170	139	132	223
Rv2620c	89	98	65	81	546	733	380	607	464	683	449	255	260	279	269	370	40	64	26	56	236	363	156	430	392	125	187	161	360	303	238	455
Rv2621c	198	299	205	304	1381	1756	1062	1566	1368	1856	1402	687	818	923	775	1115	191	208	104	189	669	1272	513	1406	1500	555	591	578	1325	1148	921	1465
Rv2622	25	27	15	19	195	292	150	315	332	317	371	114	84	138	127	175	19	27	5	31	93	203	74	205	298	101	102	69	136	119	100	148
Rv2623	7960	7297	8108	9479	8083	9079	6863	8070	23790	51554	20891	17480	13366	20559	7978	16832	7504	9874	4566	5426	4389	6442	2503	3501	16957	11646	7561	7333	15130	15128	8573	11643
Rv2624c	669	414	592	467	780	714	748	782	796	1526	736	585	225	508	199	466	1613	1466	624	775	760	1153	344	589	2295	1046	785	606	829	951	618	669
Rv2625c	4123	2717	5017	4322	4887	5025	4571	5178	8006	15476	6768	5282	2432	5047	1853	4155	8989	7575	4058	4912	2787	4281	1406	2462	10378	5070	5255	3666	5100	4798	5209	4926
Rv2626c	1502	1363	2511	2118	1396	1822	1388	1862	3413	6098	2926	2184	1316	2285	927	1850	3412	3137	1698	1721	996	1551	450	619	3545	1726	1543	915	1962	1779	1705	1500
Rv2627c	5015	5828	3896	5566	3267	5823	2757	4884	27478	60149	26255	17748	21565	28510	11491	20787	2985	3495	1848	2524	907	1651	693	1440	7237	5061	4756	3589	6746	7186	7137	9578
Rv2628	499	584	628	827	315	403	297	354	3641	8008	3076	2709	2312	2892	1295	2314	243	495	216	304	372	616	124	241	3777	2616	1076	1199	1630	1608	836	1329
Rv2629	3829	3866	4269	4495	7239	9734	6518	9065	16797	30699	14684	10799	6044	9762	4082	8628	3056	3793	2797	3016	2454	4420	1695	3345	11675	6464	6590	6483	6866	7470	6507	9318
Rv2630	224	203	228	252	1022	1286	862	1211	2157	3584	1820	1211	739	1183	537	1067	256	378	239	284	375	593	239	443	1638	889	905	925	969	1124	793	1267
Rv2631	463	425	395	491	1800	2036	1627	1750	3258	5745	3025	2017	1166	2151	883	1776	822	823	639	693	785	1030	518	950	3222	1464	1493	1666	1961	2232	1620	2501
Rv2632c	49	89	102	135	61	32	58	28	34	36	51	14	21	24	29	22	50	57	61	89	28	27	23	40	52	19	57	17	38	40	78	41
Rv2633c	155	185	121	199	97	65	120	55	73	85	71	37	52	48	38	43	71	76	86	87	30	36	38	28	116	35	69	17	62	42	91	42
Rv2634c	176	250	189	298	350	329	389	358	289	506	302	246	359	374	300	454	640	552	255	666	471	374	389	577	526	380	288	244	565	674	829	626
Rv2635	1	0	1	0	0	0	0	0	0	0	0	0	0	0	0	0	3	3	1	3	0	1	1	0	1	1	0	0	0	1	0	2
Rv2636	60	78	91	126	62	59	54	52	60	82	66	31	28	29	35	36	57	51	70	90	49	30	46	67	49	24	60	37	41	49	89	60
Rv2637	61	85	74	110	109	100	66	82	110	124	83	58	94	84	77	70	29	32	24	56	37	29	37	48	29	22	36	31	35	49	44	68
Rv2638	14	25	16	26	59	30	43	39	30	57	48	29	24	35	34	40	13	29	25	26	23	29	31	34	76	31	41	17	31	39	65	39
Rv2639c	617	710	483	609	177	116	136	88	125	195	137	79	226	99	149	83	193	175	150	224	62	81	118	117	83	57	95	78	102	67	169	165
Rv2640c	127	129	95	137	232	161	211	139	295	193	226	101	614	63	493	104	38	36	91	101	105	108	221	197	127	72	101	162	130	51	198	213
Rv2641	162	96	223	145	202	102	211	92	434	79	451	43	2768	55	2592	61	132	108	135	134	230	117	189	126	364	55	167	45	1870	85	642	75
Rv2642	28	23	33	44	84	40	71	34	77	43	79	20	560	25	610	23	31	25	17	31	62	28	65	62	57	17	39	23	325	42	162	53
Rv2643	141	145	150	153	254	168	269	132	318	186	321	88	1949	125	2115	111	116	126	77	173	151	155	207	170	200	75	117	90	1140	161	562	250
Rv2644c	1	1	0	1	2	2	1	1	2	3	0	0	3	4	1	1	4	5	0	2	5	2	0	4	2	1	1	0	0	7	6	8
Rvnt31	5	2	6	3	6	2	2	0	1	2	0	2	0	0	1	1	0	5	2	2	6	1	3	2	2	2	1	2	2	1	2	2
Rvnt32	0	1	1	6	0	0	0	0	0	0	0	2	0	0	0	0	0	1	0	2	0	0	0	0	3	2	0	0	0	0	1	1
Rv2645	3	5	6	12	21	20	22	21	7	10	12	6	6	9	13	22	5	8	4	7	15	21	21	18	18	8	7	4	9	16	18	18
Rv2646	11	12	8	17	56	54	66	70	29	42	33	19	33	26	31	44	29	27	15	29	39	38	35	50	37	32	36	27	26	30	37	57
Rv2647	2	5	3	2	6	4	8	10	5	8	8	2	2	6	2	10	8	5	3	7	8	6	9	7	11	6	7	3	7	17	14	4
Rv2650c	529	783	505	785	1402	1304	1193	1137	608	1374	684	683	475	445	398	550	524	763	304	546	1786	2411	1444	2910	1185	968	522	1470	722	995	642	1720
Rv2651c	202	287	163	342	499	419	517	410	222	454	262	252	163	232	149	368	168	277	100	267	808	966	621	1355	563	383	267	672	349	438	300	780
Rv2652c	41	57	55	82	83	67	92	61	51	97	68	57	65	38	41	67	94	100	47	79	85	90	64	102	74	56	52	53	51	82	68	86
Rv2653c	1	0	2	5	4	1	2	2	3	3	10	3	5	4	4	4	6	6	2	7	5	8	10	10	7	0	8	5	2	6	9	8
Rv2655c	24	48	27	32	41	49	51	47	35	67	51	24	45	42	40	65	73	93	47	91	218	159	162	210	203	54	93	67	139	124	144	234
Rv2656c	2	6	3	4	6	11	14	6	5	6	8	4	9	7	6	9	5	7	8	6	41	47	35	32	29	10	16	19	15	20	37	22
Rv2657c	13	14	15	34	38	33	38	39	23	53	26	22	24	44	43	46	5	9	11	26	56	48	56	100	72	19	35	30	32	40	97	74
Rv2658c	3	2	2	3	1	4	3	1	1	1	2	0	6	2	1	3	4	11	3	11	18	34	13	23	4	1	3	2	1	7	4	2
Rv2659c	33	28	29	48	21	15	25	9	5	10	11	7	6	10	10	12	137	54	65	90	226	231	271	375	31	18	9	4	13	41	24	36
Rv2660c	1	0	2	0	0	0	0	0	0	1	1	0	0	0	2	2	9	6	2	4	0	1	1	2	5	1	0	0	1	3	0	3
Rv2661c	4	5	5	1	11	6	8	7	1	4	3	3	4	3	4	3	6	6	1	9	5	4	3	2	5	5	1	1	1	9	3	10
Rv2662	5	4	0	6	0	0	0	0	11	21	19	11	11	14	6	14	10	5	6	19	78	53	43	89	71	29	46	66	35	38	75	88
Rv2663	173	218	191	244	114	106	115	105	128	203	189	106	87	102	65	112	116	100	218	177	250	203	265	388	376	134	293	221	165	150	382	439
Rv2664	17	12	19	35	25	28	34	33	73	105	90	39	39	48	32	61	11	17	20	25	156	116	144	175	217	70	155	209	95	79	175	296
Rv2665	83	128	56	98	245	166	203	174	195	299	189	113	185	181	165	171	47	64	78	73	190	162	218	323	183	82	149	170	131	150	215	256
Rv2667	10	16	20	10	19	22	28	20	27	24	14	12	117	118	108	138	20	28	13	30	28	24	35	61	41	16	30	29	130	127	158	156
Rv2668	14	21	15	30	48	37	33	34	23	39	30	21	48	53	42	39	9	18	12	27	31	20	24	27	27	19	20	12	36	46	97	80
Rv2669	7	19	8	12	26	12	18	18	13	29	20	9	23	23	24	26	18	13	8	23	20	20	6	16	21	11	13	16	31	32	42	50
Rv2670c	23	27	10	34	51	41	51	55	36	52	34	24	64	44	62	69	53	46	19	56	26	23	12	16	30	19	13	8	48	65	26	40
Rv2671	47	45	40	46	112	101	96	90	112	145	110	68	180	138	196	179	53	49	40	66	45	35	28	55	51	32	40	38	102	99	91	109
Rv2672	229	211	204	293	287	268	310	278	260	412	251	168	357	295	385	330	164	166	128	209	126	117	131	150	134	85	105	88	232	205	225	248
Rv2673	55	74	58	86	105	100	101	99	82	125	92	46	137	100	130	160	89	81	52	93	42	44	38	53	89	52	49	37	93	109	142	116
Rv2674	208	217	211	261	177	190	158	188	210	269	196	123	249	190	212	223	80	88	163	172	63	66	83	139	100	57	92	70	97	117	168	198
Rv2675c	491	649	363	522	776	683	574	575	563	1033	616	374	663	555	531	576	364	373	414	444	205	292	352	442	279	219	295	289	446	470	657	664
Rv2676c	228	241	191	245	445	415	343	329	309	524	321	200	361	286	319	289	102	124	132	185	113	138	159	225	139	96	144	139	262	222	287	326
Rv2677c	82	86	67	92	586	483	437	447	353	602	329	298	426	335	389	353	89	138	51	148	423	445	266	335	297	240	123	269	578	497	264	413
Rv2678c	265	320	206	253	955	745	781	727	636	1142	696	506	941	663	801	757	183	257	146	190	511	589	328	411	454	361	220	419	963	850	455	551
Rv2679	66	92	74	97	286	270	230	199	208	348	206	144	249	223	267	234	42	75	49	83	62	90	87	102	81	72	75	74	156	141	186	191
Rv2680	37	47	35	58	431	425	378	392	273	508	266	212	411	330	391	377	31	43	42	42	134	182	132	214	102	102	81	145	276	268	252	313
Rv2681	34	55	26	47	680	637	627	652	438	863	427	326	703	608	683	738	75	78	50	83	365	445	242	385	246	213	167	252	693	697	519	694
Rv2682c	1586	1994	1128	1955	6062	5277	4878	4355	4137	6890	4068	2942	3917	3119	3356	3061	814	1090	1276	1519	1875	2181	2616	3359	2225	1515	2022	2168	2655	2663	3399	4144
Rv2683	139	175	131	178	185	174	173	185	179	253	224	116	229	177	233	181	47	59	76	86	61	60	109	115	89	60	124	88	103	88	224	207
Rv2684	92	99	61	106	235	196	279	232	230	316	290	131	311	227	344	296	98	89	78	106	80	90	110	136	130	73	120	117	148	174	257	297
Rv2685	72	100	99	118	336	311	336	317	419	574	423	225	461	391	434	444	120	151	172	215	92	121	139	220	169	165	249	230	287	309	406	611
Rv2686c	1	5	5	3	88	49	52	48	28	56	43	23	38	34	35	41	23	16	5	27	25	37	25	38	27	21	21	17	25	43	29	75
Rv2687c	6	9	7	7	129	146	110	88	65	135	78	45	73	77	70	93	25	27	4	40	54	63	50	99	84	44	40	48	56	94	75	137
Rv2688c	37	49	43	64	233	171	181	168	107	191	128	98	123	174	116	169	69	83	50	86	157	162	108	206	158	73	78	104	185	203	196	292
Rv2689c	44	67	48	74	120	103	95	107	111	188	114	64	144	177	128	206	114	104	82	135	82	89	68	97	95	89	90	91	153	251	231	303
Rv2690c	159	175	187	259	247	244	292	255	206	349	236	180	244	303	266	347	207	226	185	310	167	188	161	234	230	160	197	161	285	387	516	449
Rv2691	138	154	144	192	296	248	274	269	194	378	242	160	274	221	264	248	89	101	110	122	113	117	75	139	121	87	78	82	134	158	141	173
Rv2692	106	135	131	164	216	192	191	236	162	302	203	129	201	176	221	203	99	102	95	135	84	101	55	115	121	72	70	86	126	138	113	172
Rv2693c	295	344	205	290	492	413	345	327	321	592	359	237	447	415	378	387	224	209	238	289	203	215	332	413	425	136	319	362	437	343	660	705
Rv2694c	753	906	920	1230	519	465	538	446	436	657	429	291	476	474	448	530	464	473	710	821	585	481	972	864	1476	270	936	868	943	552	1449	1229
Rv2695	8	14	9	19	18	22	23	24	12	32	17	10	17	17	14	19	19	31	10	28	19	16	17	23	19	25	12	21	28	31	31	30
Rv2696c	472	628	441	671	918	810	818	673	707	1110	759	513	899	698	677	738	241	335	305	431	355	451	557	687	445	246	481	468	516	546	695	903
Rv2697c	76	100	85	153	199	180	178	169	139	222	156	87	170	205	169	200	67	74	73	90	99	117	125	159	151	81	110	94	208	205	170	227
Rv2698	40	39	38	54	74	64	81	71	61	115	75	46	55	31	55	61	38	39	38	42	31	36	50	53	69	25	53	36	35	27	52	58
Rv2699c	57	76	82	112	13	8	20	19	17	18	17	15	4	12	14	13	48	52	63	71	41	33	47	50	110	30	70	45	36	22	72	56
Rv2700	21	35	16	35	43	60	63	53	59	71	53	30	41	51	51	45	29	25	23	21	32	34	33	37	29	25	28	23	40	32	42	37
Rv2701c	114	133	103	141	171	182	193	191	137	257	179	122	188	153	196	193	161	174	68	144	122	126	105	139	151	84	57	91	203	191	137	178
Rv2702	131	143	107	160	224	221	178	183	191	361	190	146	178	167	153	161	105	97	92	111	82	109	100	127	122	76	105	90	93	125	137	162
Rv2703	1891	2404	3348	4618	5583	5914	5342	5912	3745	6204	4007	2682	2869	3068	2914	3546	1968	2200	2245	2138	3479	4430	5016	6081	4447	1962	3943	3660	2845	2878	4886	4532
Rv2704	51	46	47	75	158	162	145	191	83	122	106	61	84	74	73	132	49	80	52	74	115	126	147	183	148	70	97	137	90	89	146	149
Rv2705c	55	60	54	89	71	64	44	52	69	95	70	47	50	40	30	45	31	29	37	37	54	74	67	128	106	40	92	80	49	37	87	101
Rv2706c	1	1	0	1	3	0	1	1	3	1	1	1	0	0	0	0	2	2	1	3	2	0	3	0	3	0	0	1	2	5	4	1
Rv2707	462	704	366	640	378	476	231	326	397	752	391	267	524	494	494	493	256	251	383	341	1042	627	659	885	3886	486	1162	2085	2170	765	1506	1542
Rv2708c	249	309	255	285	138	111	120	101	119	249	126	89	125	138	104	112	110	104	159	172	90	68	92	97	159	85	86	58	140	125	137	115
Rv2709	567	659	485	660	431	405	346	302	368	646	366	292	282	302	216	301	125	147	181	241	109	110	213	319	199	89	149	162	147	147	214	305
Rv2710	16966	18729	17228	21422	8869	7899	7511	6613	5460	8187	5648	3372	8507	6880	7626	7030	10490	13240	10458	13709	5348	4458	11741	11221	11385	2927	9862	7849	10341	6916	16425	16002
Rv2711	1772	2327	1524	2567	2046	1847	1574	1380	1580	2771	1608	1193	1812	1578	1488	1399	953	1245	965	1440	824	934	1406	1570	1173	659	1123	1169	1347	1294	2439	2588
Rv2712c	67	81	72	94	157	148	185	161	149	182	148	123	154	105	143	169	91	83	63	129	110	126	133	174	164	81	119	96	128	137	192	222
Rv2713	607	812	507	739	517	442	400	369	346	624	368	278	421	367	323	385	417	530	244	421	258	259	170	296	300	195	151	170	325	293	254	334
Rv2714	480	562	647	803	554	600	547	599	438	706	411	263	474	411	457	498	274	330	273	341	227	295	229	435	270	185	222	172	257	298	387	408
Rv2715	1509	2003	1539	2462	876	823	860	793	639	1057	679	453	731	558	774	600	467	667	439	683	229	283	227	352	285	204	236	214	380	370	420	466
Rv2716	527	661	442	669	302	285	264	268	244	487	275	178	389	337	302	334	314	260	210	290	73	80	80	148	113	82	79	89	152	155	186	213
Rv2717c	23	46	28	32	58	41	56	41	31	90	64	28	59	51	89	63	35	26	25	32	19	16	27	30	17	13	25	27	38	39	34	49
Rv2718c	87	91	77	96	187	179	216	244	124	235	157	93	224	197	254	266	104	82	78	99	101	102	82	95	85	50	58	88	216	179	172	182
Rv2719c	22	25	29	34	176	180	156	191	140	255	158	109	252	187	260	218	28	42	23	45	59	60	49	59	52	46	43	53	158	117	76	113
Rv2720	471	468	367	533	2839	3223	2161	2698	3005	4893	3257	2099	2354	1684	2269	1634	193	232	209	325	630	921	816	1144	760	675	492	756	677	667	671	854
Rv2721c	461	566	729	931	3277	2459	3469	2968	1618	2581	1756	1228	1293	1259	1287	1551	289	359	320	487	863	894	1594	1938	804	539	1375	798	1115	1127	2074	1921
Rv2722	4	4	4	3	1	0	3	2	1	1	2	0	4	1	2	1	4	0	2	3	1	2	1	0	2	2	0	0	3	3	1	3
Rv2723	114	136	109	155	108	93	111	108	113	123	105	45	112	108	128	126	78	70	77	152	62	52	45	71	83	39	69	33	54	70	95	99
Rv2724c	1138	1121	1277	1417	1434	1661	1247	1524	1716	2427	1648	1083	1398	1528	1141	1522	773	681	1084	1017	1193	1154	1678	2253	1751	890	1617	957	1084	1045	2017	1768
Rv2725c	585	706	636	890	1399	1764	1290	1698	1018	1919	1202	893	2438	2386	2173	2373	639	668	428	679	745	1163	890	1164	809	690	624	778	2107	2441	1731	2162
Rv2726c	417	447	386	517	723	698	779	696	605	946	550	462	824	695	780	822	345	518	395	432	486	524	442	559	582	402	393	388	957	1008	829	838
Rv2727c	71	94	54	109	245	218	206	196	198	376	208	155	273	184	253	209	89	100	45	85	142	158	111	149	164	107	122	129	283	237	228	232
Rv2728c	50	57	36	68	145	140	116	134	117	196	108	91	120	98	117	105	40	62	27	46	97	99	48	75	106	71	52	80	147	120	96	122
Rv2729c	1537	1896	1069	1676	719	701	600	625	837	1451	789	622	625	598	488	578	633	759	542	575	422	452	415	610	835	449	512	501	567	564	709	702
Rv2730	16	17	17	21	13	10	14	19	12	23	17	4	16	13	14	12	23	32	8	21	17	17	13	12	33	19	15	4	18	31	26	22
Rv2731	240	310	270	418	609	476	575	542	426	708	446	308	312	321	344	376	238	297	205	320	412	502	434	507	505	254	405	262	452	463	584	523
Rv2732c	41	53	59	74	126	105	115	143	113	150	110	63	129	145	153	167	66	72	54	69	62	94	70	72	72	76	44	70	114	140	106	127
Rv2733c	143	168	147	184	450	416	467	482	315	506	309	205	512	480	566	622	228	198	121	173	169	202	128	186	188	146	110	128	445	521	380	437
Rv2734	33	31	40	44	31	27	32	31	30	50	36	24	46	56	74	73	53	34	18	57	28	13	18	20	39	17	25	17	53	60	69	44
Rv2735c	282	350	229	335	454	560	471	588	306	646	385	245	592	531	633	629	177	172	134	208	120	139	142	246	234	103	157	202	257	235	316	360
Rv2736c	272	288	251	325	596	661	599	725	340	631	372	285	691	627	643	743	231	185	133	214	287	411	273	426	295	169	120	216	662	635	437	498
Rv2737c	4250	4289	4980	5356	11593	12175	10377	11537	7155	14202	7957	5926	14884	11642	13496	12560	1803	1900	2145	2329	4214	5792	3847	5659	3777	2868	2038	3688	8515	7830	5065	6833
Rv2738c	9	8	11	5	12	19	16	17	16	21	25	11	20	12	15	21	8	5	1	6	13	7	7	9	12	8	9	9	4	15	4	11
Rv2739c	78	86	75	88	509	389	422	410	353	633	346	285	445	312	424	390	81	106	79	142	367	442	235	329	317	285	162	313	583	531	277	369
Rv2740	141	139	119	154	201	199	162	165	219	361	260	134	191	164	154	150	43	65	77	78	71	83	105	163	127	65	112	89	96	94	184	172
Rv2741	250	295	362	475	1276	1056	1221	1171	1104	1549	984	740	891	776	827	843	340	404	392	478	1061	975	961	1117	976	681	783	771	1206	1068	1129	1151
Rv2742c	100	124	97	135	122	126	116	120	91	121	92	62	107	136	128	144	115	93	90	140	84	104	98	160	105	54	117	113	127	127	198	244
Rv2743c	471	493	490	714	583	513	484	504	403	565	437	317	566	481	554	541	257	362	282	368	316	324	464	533	496	206	462	402	623	558	756	891
Rv2744c	1790	1895	1903	2539	1378	1238	1269	1236	989	1527	1054	591	1639	1255	1457	1398	741	1208	1020	1378	970	888	1608	1607	1660	467	1360	1299	1886	1335	2257	2549
Rv2745c	1351	1399	1279	1563	514	465	480	376	398	551	369	212	586	523	608	605	1147	1298	909	1096	583	505	919	867	1247	297	802	713	1063	842	1420	1305
Rv2746c	77	95	56	94	255	209	264	216	211	350	205	142	239	166	197	218	59	58	31	83	98	109	59	81	129	91	67	77	134	135	153	128
Rv2747	22	26	23	38	72	65	69	70	56	65	62	23	54	51	49	61	17	27	21	32	63	65	49	63	65	39	44	50	60	49	74	55
Rv2748c	80	91	87	124	2570	2778	2079	2344	1748	3423	1736	1360	2969	2458	2471	2437	107	126	70	172	789	1106	965	1751	706	686	484	858	1724	1773	1690	2034
Rv2749	5	19	17	16	49	58	41	45	29	47	24	35	39	41	36	47	3	6	9	10	22	34	13	30	26	16	12	17	26	34	34	29
Rv2750	94	130	71	145	467	409	377	334	293	498	318	200	416	336	411	367	85	77	89	107	112	170	168	227	171	87	107	138	249	237	269	332
Rv2751	40	52	36	50	203	199	206	185	161	269	176	124	188	166	177	228	59	59	60	78	62	66	69	125	78	51	87	74	103	133	148	177
Rv2752c	205	243	200	277	1196	984	1066	930	942	1563	970	611	917	782	892	954	370	392	374	350	339	410	322	462	390	315	290	382	540	684	672	767
Rv2753c	154	245	168	275	632	590	647	617	537	982	557	408	468	422	460	501	316	358	283	348	536	543	333	485	625	460	299	382	555	491	457	437
Rv2754c	5	14	14	3	18	16	16	25	10	31	15	9	14	23	29	29	24	21	8	27	9	6	5	17	9	11	2	9	15	23	24	21
Rv2756c	135	195	157	180	272	310	301	286	258	440	304	208	384	332	312	359	368	307	144	369	143	149	128	234	257	176	139	128	210	351	367	373
Rv2757c	3	8	5	6	15	22	15	10	12	12	11	7	15	15	19	14	18	17	3	20	8	2	6	8	10	5	6	4	14	16	12	20
Rv2758c	8	8	15	7	11	13	12	18	15	22	10	5	9	12	12	19	13	8	8	18	4	7	6	8	13	4	6	3	8	12	15	10
Rv2759c	11	15	11	17	26	23	22	20	23	35	14	9	22	13	27	27	17	15	11	16	11	19	14	17	8	14	7	11	15	21	30	30
Rv2760c	1	1	0	2	5	1	7	2	1	2	3	1	2	0	1	5	6	2	6	3	1	0	3	2	3	1	1	0	1	2	3	1
Rv2761c	27	37	11	31	167	161	134	139	161	224	162	110	201	175	162	197	90	60	50	68	78	108	56	84	93	78	69	91	216	227	168	226
Rv2762c	8	21	16	20	99	86	77	91	68	119	92	61	118	99	93	114	43	40	24	31	47	52	42	63	59	55	32	26	99	115	111	117
Rv2763c	55	87	51	80	136	125	120	144	103	178	139	76	179	164	180	187	171	109	64	91	67	93	58	102	92	71	90	53	185	226	216	230
Rv2764c	222	260	304	401	291	249	301	279	238	400	274	161	212	222	220	239	163	148	173	216	204	208	213	307	251	111	191	146	223	207	377	307
Rv2765	9	15	22	31	13	15	18	16	6	16	15	10	3	9	18	21	28	15	10	33	21	7	8	12	19	15	11	6	14	29	27	33
Rv2766c	112	127	106	161	101	60	103	101	76	114	83	46	85	70	87	95	83	111	36	79	48	56	42	59	89	38	54	28	73	92	83	98
Rv2767c	32	33	22	30	8	3	11	7	7	6	8	2	11	11	8	9	28	21	6	19	5	6	4	6	15	7	9	4	4	11	6	9
Rv2768c	265	325	339	544	110	71	87	71	57	85	57	37	62	47	56	58	235	394	146	334	93	107	81	120	178	59	68	45	74	92	71	113
Rv2769c	109	217	214	342	60	41	45	42	25	38	21	28	31	28	42	25	117	187	75	177	78	66	35	64	110	60	43	32	47	62	57	75
Rv2770c	29	44	39	48	127	90	109	101	102	152	95	65	76	77	70	77	39	40	23	55	71	58	53	105	71	46	45	55	44	71	85	95
Rv2771c	36	51	41	26	97	106	93	70	87	111	74	61	75	86	93	87	45	34	16	63	34	58	33	55	51	46	40	34	62	78	71	86
Rv2772c	42	60	28	72	141	119	124	110	95	183	130	84	123	92	112	112	37	54	26	48	52	45	41	78	85	58	35	49	77	76	96	90
Rv2773c	308	301	223	251	590	531	435	424	543	819	471	295	589	467	543	472	128	121	181	162	129	145	182	243	195	116	152	158	179	192	255	289
Rv2774c	6	9	20	18	7	7	8	13	3	3	3	5	3	3	4	4	27	12	14	32	15	10	7	13	11	13	5	2	5	10	6	11
Rv2775	68	76	85	98	48	34	46	41	42	67	45	31	58	52	50	56	49	43	42	48	29	45	32	50	51	19	22	17	41	36	66	72
Rv2776c	185	249	204	280	200	193	193	205	155	228	183	111	172	140	166	147	134	164	136	200	148	130	158	241	146	93	145	129	150	155	267	194
Rv2777c	683	879	681	941	407	397	388	399	356	606	429	272	378	335	359	332	432	387	372	429	284	326	445	531	404	210	327	284	389	333	573	506
Rv2778c	259	369	215	364	245	242	202	202	186	275	194	128	224	166	207	216	93	130	140	159	102	113	167	220	132	71	100	94	126	122	204	179
Rv2779c	54	73	62	91	67	84	80	73	44	58	43	15	68	50	56	55	46	40	25	50	53	63	114	139	42	37	39	33	42	32	57	58
Rv2780	5966	7152	5678	8166	1487	822	1492	856	289	457	297	176	389	336	315	326	2130	2884	1927	2592	3853	3605	3287	3847	2388	895	1370	848	1735	1356	2046	1142
Rv2781c	123	159	102	176	1248	1192	1137	1091	987	1578	1113	689	961	702	807	762	167	160	127	154	420	467	416	437	411	344	275	540	646	615	494	638
Rv2782c	227	271	184	291	3311	3065	3158	3065	2120	3759	2131	1686	2209	1713	1949	1979	267	373	236	394	2083	2338	1668	1901	1589	1473	894	1869	2565	2404	1424	2016
Rv2783c	1876	2384	1969	2900	10056	9318	9926	9905	6478	10781	6712	5080	6215	5315	5922	6367	1635	2244	2258	2444	5513	6403	5947	7184	4774	3444	3295	4934	5792	5742	5212	6703
Rv2784c	152	218	127	232	280	282	268	277	209	332	213	145	221	235	228	309	208	215	141	152	219	309	267	484	332	188	249	292	264	271	450	434
Rv2785c	236	308	309	407	303	252	295	267	207	411	242	181	176	192	180	209	181	130	191	169	140	199	241	281	213	100	202	192	102	108	257	220
Rv2786c	133	147	127	200	349	269	319	301	222	407	233	168	222	171	211	217	112	119	108	167	144	125	166	197	181	105	151	131	158	197	267	210
Rv2787	52	64	58	52	74	88	89	86	78	102	99	49	56	74	73	100	129	94	47	135	79	59	50	87	91	56	43	40	47	129	98	119
Rv2788	266	349	198	347	216	162	165	149	140	242	175	90	157	125	110	136	106	133	94	130	69	51	91	110	123	64	66	66	80	96	129	117
Rv2789c	639	686	484	666	1999	1619	1651	1493	1200	2394	1221	1035	2806	2147	2418	2259	421	478	520	639	662	779	518	689	595	462	402	721	2289	1974	1495	1944
Rv2790c	953	903	692	814	1975	1760	1612	1583	1336	2465	1328	1035	3232	2492	2837	2584	627	596	786	761	470	575	475	686	469	386	356	586	2166	1675	1576	1701
Rv2791c	1233	1319	1046	1296	2792	2460	2270	2012	1971	3497	1941	1485	4640	3575	4125	3669	1021	1266	1166	1267	1922	2075	1351	1747	1691	1312	896	1373	5341	4788	3386	4056
Rv2792c	963	1002	810	987	1783	1488	1432	1383	1367	2553	1378	919	3123	2405	2720	2467	455	545	564	706	500	603	480	626	513	419	367	612	2274	1683	1299	1716
Rv2793c	40	28	19	48	286	285	247	225	182	308	189	135	161	146	131	162	70	90	39	81	231	232	126	209	133	121	88	142	222	266	110	194
Rv2794c	63	69	54	71	357	306	315	299	242	417	234	198	223	206	237	236	120	120	80	82	165	211	105	151	184	154	106	168	293	271	157	216
Rv2795c	171	262	171	228	780	666	694	711	573	917	548	366	472	428	481	502	297	283	203	217	336	371	238	337	294	250	199	251	431	446	339	317
Rv2796c	65	96	60	98	92	78	104	95	79	127	76	51	87	75	82	89	75	79	52	98	32	40	33	39	45	50	35	37	66	93	71	73
Rv2797c	62	105	47	105	173	129	183	141	126	209	144	97	163	132	144	154	108	97	37	105	99	99	55	102	128	86	66	95	156	171	121	113
Rv2798c	306	425	386	545	278	215	271	254	252	368	260	156	219	154	199	189	106	159	132	198	78	117	131	132	134	83	129	110	148	97	115	151
Rv2799	270	403	284	394	380	355	323	278	238	453	266	183	251	249	212	216	139	172	128	171	91	131	104	177	128	89	97	93	171	126	128	116
Rv2800	63	90	55	119	256	216	222	202	165	272	162	154	173	148	179	157	52	100	43	113	139	141	98	127	115	93	65	97	167	168	119	142
Rv2801c	9	15	6	7	9	16	20	12	5	10	9	4	9	6	7	10	5	9	4	8	8	9	5	6	6	9	10	6	9	6	11	17
Rv2801A	17	16	13	27	15	9	15	18	15	17	13	11	10	4	12	10	20	13	9	14	12	12	15	11	8	7	11	4	6	10	19	12
Rv2802c	41	43	32	54	157	106	160	151	124	202	148	105	134	101	136	148	61	90	48	95	110	98	93	81	97	73	80	88	141	162	144	158
Rv2803	8	2	5	8	10	16	2	4	7	11	1	3	9	7	7	4	10	7	5	7	5	3	6	5	3	6	3	6	6	4	10	6
Rv2804c	4	3	0	1	0	0	1	0	0	0	0	1	1	1	1	1	12	15	1	20	5	0	0	2	5	4	0	0	0	10	2	10
Rv2805	9	14	11	18	28	33	23	33	24	35	23	17	21	18	27	25	14	16	7	16	13	17	18	11	27	17	12	12	20	31	26	34
Rv2806	0	0	0	2	1	1	2	0	2	0	1	1	1	0	0	4	4	1	1	1	1	0	2	0	2	1	3	0	0	0	1	2
Rv2807	15	17	7	5	11	8	16	7	10	6	5	2	8	12	8	11	59	40	3	59	21	4	4	4	38	12	7	12	22	59	11	28
Rv2808	37	34	26	31	19	16	11	20	15	27	12	9	23	18	19	30	30	19	36	27	6	7	12	8	13	3	11	6	12	8	11	20
Rv2809	273	364	256	330	196	181	179	206	122	215	122	68	141	128	140	158	165	142	221	197	65	101	97	167	102	52	82	61	95	103	179	190
Rv2811	19	25	9	14	44	35	40	35	16	31	29	21	46	26	44	47	63	57	9	59	43	40	18	38	37	34	16	23	45	79	40	76
Rv2812	12	13	6	4	32	29	40	35	14	26	25	18	35	27	38	36	54	54	12	56	36	40	11	22	33	31	14	10	50	66	33	73
Rv2813	2	4	0	2	3	11	8	5	2	7	2	4	3	11	7	4	11	7	2	13	5	6	8	7	5	4	0	2	6	21	6	13
Rv2816c	7	10	6	15	7	8	11	11	0	0	0	0	0	0	0	0	9	8	8	8	6	3	5	12	0	0	0	0	0	0	0	0
Rv2817c	33	65	26	53	38	51	22	57	0	2	0	0	0	0	0	0	65	54	43	69	29	37	12	89	0	0	0	0	0	0	0	0
Rv2818c	128	210	119	175	94	174	102	154	0	0	0	0	0	0	0	0	226	227	190	218	67	138	100	324	0	0	0	0	0	0	0	0
Rv2819c	162	233	165	318	115	157	112	168	0	2	0	0	0	0	0	0	255	288	214	286	83	166	113	337	0	0	0	0	0	0	0	0
Rv2820c	59	123	61	125	66	71	55	93	13	20	15	9	13	19	9	19	119	171	55	122	34	76	33	139	12	20	19	12	13	19	28	35
Rv2821c	51	84	46	99	46	63	73	81	32	59	31	24	34	48	46	61	105	137	52	94	38	83	51	174	50	52	42	37	40	54	106	80
Rv2822c	21	60	39	52	21	38	25	38	16	23	21	17	23	25	25	40	53	64	32	54	29	48	26	92	37	28	24	20	28	40	55	37
Rv2823c	206	340	207	367	203	198	227	217	112	162	102	71	145	179	174	181	386	437	157	338	108	169	93	263	166	100	95	73	132	168	266	217
Rv2824c	65	108	82	108	108	98	91	99	55	63	66	36	65	66	68	63	126	125	55	92	56	56	40	105	78	38	27	30	49	76	89	103
Rv2825c	216.805	330.556	165.813	238.989	317.171	314.388	275.457	269.091	177.093	352.448	186.781	146.344	236.442	242.87	195.727	239.619	112.761	140.519	153	214.494	176.286	205.988	220.164	293.841	134.346	92.7947	112.493	154.984	164.095	182.498	262.714	273.423
Rv2826c	103	114	62	95	429	541	319	360	325	691	315	279	346	316	308	321	118	144	74	88	162	173	235	391	189	131	164	217	183	218	260	400
Rv2827c	85	129	79	168	339	354	264	313	265	524	265	223	269	216	196	253	111	125	89	118	182	252	308	476	193	120	196	242	203	188	295	421
Rv2828c	8.19513	9.44405	2.18645	9.01171	34.8297	14.6128	21.5433	9.90925	9.90722	17.5517	7.21937	4.65627	13.558	6.12969	15.2734	6.38104	7.23883	8.48113	1.60E-07	7.50577	6.71342	33.0122	7.83655	11.1592	11.6541	3.2053	8.50669	12.0158	17.9046	16.502	4.28618	31.5767
Rv2828A	2	7	1	4	6	10	8	4	7	6	5	5	7	5	5	2	2	2	3	8	10	3	7	10	1	0	1	1	5	5	6	6
Rv2829c	31	41	36	42	153	124	103	121	42	111	45	46	44	32	39	48	14	24	22	35	95	134	113	116	77	23	44	58	39	48	57	52
Rv2830c	54	63	39	60	117	95	101	101	27	91	33	34	34	26	34	35	30	43	28	37	113	110	102	126	49	34	42	46	40	32	44	48
Rv2831	8	10	13	19	62	44	72	51	47	84	45	25	43	38	50	40	17	20	4	20	39	35	34	46	41	24	26	37	36	48	46	67
Rv2832c	30	29	28	39	103	87	97	78	67	102	55	46	150	81	121	101	60	53	34	67	63	61	40	62	55	55	28	44	135	138	86	117
Rv2833c	36	37	28	36	77	94	92	72	56	90	58	33	152	106	127	123	63	57	30	82	26	25	14	36	37	30	18	23	87	110	70	91
Rv2834c	27	44	26	36	69	67	57	57	52	80	57	45	96	78	99	87	53	52	31	50	30	29	21	25	29	32	14	17	85	82	66	79
Rv2835c	98	104	64	90	189	181	172	163	123	204	136	78	292	234	296	239	91	81	71	92	99	91	67	117	98	63	42	76	273	215	153	194
Rv2836c	621	647	495	618	1694	1635	1467	1426	1259	1948	1247	850	1781	1655	1409	1577	891	709	823	945	714	795	671	932	764	582	593	900	1361	1447	1033	1469
Rv2837c	1264	1322	1232	1560	3354	2777	2877	2614	2038	3296	2031	1386	2759	2309	2306	2541	896	1042	1271	1418	1433	1734	1441	2051	1402	938	1059	1642	2855	2748	1937	2437
Rv2838c	1235	1333	1104	1382	1965	1794	1808	1730	1364	2298	1571	1123	1831	1754	1546	1699	1055	1046	1068	1152	1272	1490	1284	1745	1299	957	884	1277	2587	2609	1605	2242
Rv2839c	6246	6438	6997	8416	12104	10341	10991	9912	7485	11962	7848	5548	9235	8357	8335	9009	5352	6560	5282	6592	8439	9539	8758	11208	8382	5215	5831	8056	13028	12506	9168	12709
Rv2840c	1306	1475	1576	2057	1435	1308	1419	1336	1059	1641	1104	704	948	1037	1010	1243	820	772	1303	1357	744	805	1283	1563	1691	532	1227	1028	1016	766	1429	1596
Rv2841c	853	1059	638	853	1889	1615	1546	1345	1083	2274	1151	951	1298	1148	1158	1244	444	680	591	719	943	1027	1092	1406	858	664	762	992	1352	1284	1541	1790
Rv2842c	567	765	567	808	1430	1138	1128	1040	890	1586	897	689	923	859	866	937	369	453	498	561	533	599	940	1141	570	347	730	706	671	679	1426	1628
Rv2843	10	28	11	22	43	30	41	41	38	52	18	10	34	37	32	27	17	21	12	31	19	27	24	27	38	17	28	15	40	20	26	33
Rv2844	48	56	40	70	87	90	105	112	99	149	87	75	71	78	100	110	74	69	44	58	77	71	49	47	91	52	46	49	77	106	82	115
Rv2845c	332	426	281	410	1050	842	908	811	711	1070	733	456	659	774	561	824	386	371	184	353	388	405	323	561	473	257	224	372	539	745	337	474
Rv2846c	13757	14793	9698	13982	14634	11982	11194	9868	9570	18384	9774	7265	5726	5901	4320	5127	4805	5431	3152	4239	4710	5058	7044	9140	4832	3433	2641	3399	2237	2855	1903	2743
Rv2847c	151	267	174	256	386	378	336	345	422	766	469	352	412	420	362	391	135	201	129	197	211	234	243	310	275	253	229	296	404	439	358	467
Rv2848c	29	28	17	24	272	284	258	218	233	406	212	159	330	286	278	302	64	82	29	72	123	128	76	103	102	112	54	124	274	279	171	305
Rv2849c	142	165	163	196	791	707	656	623	588	1113	610	493	876	707	754	748	188	209	182	282	310	390	295	469	331	277	207	412	755	739	576	798
Rv2850c	130	157	124	168	956	754	762	742	608	1175	582	524	877	747	741	733	208	233	158	252	472	610	436	547	402	366	240	413	1001	1017	621	888
Rv2851c	274	362	277	404	496	428	429	430	341	605	394	286	491	442	459	526	195	227	279	297	199	266	241	362	295	166	195	230	532	475	488	510
Rv2852c	242	312	237	280	1050	939	873	832	775	1351	783	584	1068	823	1024	922	382	323	274	268	346	398	283	410	382	296	211	332	895	805	662	699
Rv2853	104	150	130	177	304	316	275	334	301	658	347	310	304	284	258	293	197	247	152	243	301	353	240	407	325	306	218	289	406	431	417	403
Rv2854	35	45	23	45	76	60	78	72	60	73	57	32	72	54	97	80	45	57	19	39	34	31	32	42	51	38	33	19	51	63	84	68
Rv2855	54	70	59	85	122	106	117	147	101	154	102	66	144	149	152	173	80	95	42	102	65	63	41	63	86	48	52	42	105	132	151	134
Rv2856	208	287	222	274	177	186	169	148	146	300	152	139	330	263	258	304	143	142	97	132	75	73	64	88	78	67	67	69	112	127	118	160
Rv2857c	147	165	126	182	279	239	254	276	209	359	217	132	284	320	271	352	179	166	170	202	68	97	71	115	119	88	75	112	144	171	164	226
Rv2858c	262	319	230	309	871	831	724	739	629	1064	621	416	951	873	902	1002	335	294	273	305	305	362	219	345	325	297	172	292	710	765	530	686
Rv2859c	42	52	48	57	256	222	235	248	163	269	164	118	301	234	247	272	68	95	37	76	74	83	52	87	62	68	42	67	184	201	148	220
Rv2860c	317	411	290	371	930	867	799	810	704	1161	696	511	1150	1006	1069	1176	363	286	252	312	304	384	276	357	338	292	196	324	850	870	671	903
Rv2861c	640	738	606	712	1055	931	870	876	895	1432	956	605	1108	996	1017	962	325	354	516	464	289	302	413	572	427	266	370	422	609	554	744	934
Rv2862c	30	36	39	52	33	40	40	42	44	71	48	36	52	39	53	53	43	43	11	49	35	23	27	40	42	30	29	22	28	52	49	52
Rv2862A	0	0	0	2	0	0	0	0	0	0	0	0	0	0	0	0	4	7	0	3	1	1	0	0	0	0	1	0	2	3	2	0
Rv2863	0	2	1	0	0	0	4	0	0	0	0	0	1	1	1	0	9	6	0	10	4	1	0	0	2	2	1	0	3	11	2	2
Rv2864c	16	15	16	10	172	189	168	206	129	219	129	89	235	239	212	260	74	58	19	89	124	113	63	104	87	80	58	56	170	202	198	192
Rv2865	68	60	23	61	35	32	22	20	19	37	27	15	25	31	6	21	24	40	23	40	21	21	43	51	40	18	30	22	28	23	41	38
Rv2866	4	1	2	2	2	1	1	1	0	5	1	0	0	4	3	1	3	4	3	7	1	5	5	4	3	1	0	2	1	4	0	3
Rv2867c	934	1310	835	1472	1364	1238	1078	962	901	1585	889	660	930	771	730	835	308	581	422	662	522	573	602	951	517	373	516	596	655	657	889	1125
Rv2868c	2584	2890	2463	3062	3423	3066	2794	2682	2270	3731	2328	1728	2858	2348	2450	2454	1384	1618	2103	2430	1337	1683	2004	2458	1438	1027	1684	1355	2304	2143	3181	3167
Rv2869c	425	571	493	690	1493	1308	1367	1217	880	1482	798	572	1100	877	1050	1036	294	420	389	456	619	759	681	879	548	374	494	528	969	970	1231	1145
Rv2870c	293	337	236	342	700	604	557	527	471	827	459	343	448	425	351	407	223	277	223	270	355	368	384	419	386	251	309	243	418	426	411	453
Rv2871	8	2	6	4	10	11	19	15	15	15	21	8	8	4	11	8	5	10	0	7	7	5	10	11	9	10	6	4	4	7	9	5
Rv2872	9	9	7	13	30	17	35	19	13	27	24	21	9	15	13	16	16	14	3	17	17	5	12	16	17	13	9	12	15	18	13	22
Rv2873	205	168	301	250	152	77	178	99	89	177	98	77	104	57	106	77	613	294	226	211	146	116	100	135	401	376	291	149	431	158	511	158
Rv2874	147	111	125	133	97	70	113	59	72	131	81	55	83	81	92	78	243	158	170	217	99	71	66	91	263	185	239	129	345	174	439	161
Rv2875	581	369	961	648	281	118	297	152	190	369	175	178	161	77	166	117	1314	737	888	653	419	279	299	211	1085	946	785	425	1025	339	1175	299
Rv2876	268	189	346	322	207	146	224	161	141	304	169	112	155	101	138	147	215	189	293	194	124	144	192	183	360	253	318	221	268	133	378	128
Rv2877c	143	162	133	195	673	607	601	522	447	742	514	327	548	410	547	540	129	166	71	127	380	428	262	364	411	218	273	315	412	354	451	454
Rv2878c	225	335	256	389	501	468	453	467	410	672	425	295	552	447	508	496	207	227	201	229	263	341	307	435	361	181	271	215	323	330	414	485
Rv2881c	400	558	444	675	1134	1010	1077	1132	913	1540	984	645	1746	1479	1607	1522	596	564	510	618	387	463	361	561	495	379	340	470	1084	1064	877	1168
Rv2882c	276	324	432	501	328	345	401	410	302	542	347	224	658	643	633	655	548	400	406	418	118	178	155	222	213	148	156	142	376	423	404	482
Rv2883c	212	263	249	301	735	629	686	684	537	951	564	408	1664	1436	1487	1663	223	248	250	234	222	297	218	313	296	202	247	292	882	913	776	1121
Rv2884	138	155	127	182	380	327	329	334	93	230	95	112	395	580	370	549	79	91	55	97	167	334	195	387	186	119	142	111	471	535	696	941
Rv2885c	680	667	541	586	1042	855	787	766	717	1330	747	488	2160	1646	1955	1712	390	445	338	408	312	316	271	302	338	225	170	276	1800	1238	946	970
Rv2886c	1828	1789	1598	1679	1589	1343	1177	1175	1245	2361	1329	891	3648	2886	2895	2688	1153	885	981	1138	329	340	402	527	533	323	321	393	2278	1639	1508	1471
Rv2887	53	59	57	82	121	85	98	106	74	119	56	64	108	92	121	95	26	46	72	54	61	52	75	89	58	31	43	63	91	62	107	90
Rv2888c	147	173	145	243	1308	1208	1461	1480	1082	1729	1241	817	1347	1452	1227	1632	506	574	337	351	768	898	763	998	796	669	658	823	1488	1867	1321	1625
Rv2889c	242	330	436	529	1864	1623	1939	1916	1277	2024	1391	921	1388	1477	1319	1795	497	630	553	580	881	1010	1246	1326	953	675	827	900	1330	1593	1615	1992
Rv2890c	179	270	314	466	1233	1131	1383	1437	887	1431	1023	630	846	1036	989	1388	484	475	493	402	629	675	921	1010	707	411	776	531	874	946	1503	1510
Rv2891	2	4	1	1	2	1	1	2	0	0	0	1	3	3	2	2	10	19	0	17	13	4	2	4	6	8	1	4	0	15	3	17
Rv2892c	51	61	52	69	138	125	179	155	124	157	138	90	89	102	101	102	73	78	44	112	173	164	136	228	213	110	148	103	118	154	139	192
Rv2893	7	12	7	17	22	19	34	16	7	29	11	13	24	13	14	30	29	30	11	31	25	20	14	21	32	22	15	7	26	35	34	39
Rv2894c	17	24	11	29	399	412	335	316	260	494	286	196	347	316	279	298	36	39	14	45	150	141	227	280	139	121	112	143	265	296	319	410
Rv2895c	223	289	249	352	239	234	243	239	162	338	167	140	206	175	200	215	113	182	221	269	131	146	210	268	159	86	146	145	158	162	262	292
Rv2896c	25	27	21	24	44	47	65	33	38	54	36	22	84	60	80	72	56	52	30	59	53	52	33	32	64	35	31	30	85	110	54	77
Rv2897c	29	28	22	28	143	139	112	134	89	141	80	56	284	198	227	204	79	78	17	85	111	113	50	104	100	52	35	66	346	304	142	193
Rv2898c	26	30	25	39	95	97	78	80	51	90	53	46	123	88	126	111	23	35	16	43	63	76	46	71	45	31	32	55	136	93	67	88
Rv2899c	109	167	97	144	411	406	359	359	294	498	342	250	399	309	342	329	109	110	78	141	123	133	105	166	185	120	137	137	262	226	228	267
Rv2900c	699	950	674	919	2513	2335	2028	2064	1453	2503	1474	1135	2014	1634	1789	1736	565	731	472	692	1033	1219	857	1178	925	661	653	905	1547	1601	1236	1596
Rv2901c	747	927	611	805	1415	1332	1157	1150	1002	1721	1140	813	1209	1184	1015	1127	716	482	605	673	382	513	502	692	571	362	430	549	691	733	745	941
Rv2902c	333	406	276	380	2249	2068	1982	1920	1496	2382	1580	1123	1957	1613	1624	1684	457	472	378	418	758	849	843	1046	863	605	668	875	1218	1277	1231	1844
Rv2903c	648	839	561	894	3256	2922	2936	2986	2140	3395	2376	1496	2688	2285	2613	2633	700	775	717	785	1287	1630	1370	1797	1360	883	1116	1403	2136	2146	2295	2750
Rv2904c	359	455	447	685	571	533	623	666	384	692	455	316	479	456	490	558	361	404	483	507	319	420	415	589	416	209	331	353	469	479	552	599
Rv2905	373	447	436	551	500	572	439	497	429	589	399	235	640	457	636	496	185	225	194	277	166	223	193	305	207	107	172	144	472	327	594	453
Rv2906c	24	39	20	36	49	54	64	85	103	122	86	54	57	55	47	65	76	64	28	74	53	28	15	36	100	47	74	99	39	94	36	74
Rv2907c	50	67	75	92	131	129	157	174	179	280	220	139	82	133	124	176	117	143	69	103	62	85	64	106	330	150	168	287	108	139	98	118
Rv2908c	42	44	59	59	43	33	43	49	76	122	87	53	19	45	28	52	47	46	26	44	12	30	18	25	108	50	62	82	24	27	21	19
Rv2909c	186	185	315	358	256	243	323	328	503	682	528	284	188	223	239	300	136	211	180	173	148	220	130	169	672	313	495	553	198	217	174	211
Rv2910c	14	11	14	21	5	5	16	12	11	19	7	6	6	11	11	11	15	33	11	24	14	9	11	22	20	9	8	4	16	22	27	32
Rv2911	86	105	108	152	193	147	203	224	159	279	183	117	111	108	137	166	70	78	43	58	63	77	58	61	79	53	80	59	85	91	82	81
Rv2912c	40	82	33	102	38	31	49	35	35	53	34	19	33	24	31	30	46	80	96	93	192	76	381	286	432	57	217	100	142	73	180	176
Rv2913c	261	749	265	980	255	194	177	164	111	219	136	73	172	159	116	171	210	389	443	646	2048	1166	3618	2557	5734	474	2590	1097	1290	536	1425	1260
Rv2914c	563	769	487	842	189	153	184	137	159	218	147	95	224	189	178	235	299	395	170	341	106	78	87	121	121	85	91	79	148	215	237	262
Rv2915c	55	84	66	89	125	117	151	138	152	181	151	97	200	212	231	249	165	181	110	170	61	62	63	112	113	73	97	94	162	196	244	295
Rv2916c	320	379	403	596	326	303	384	435	339	511	370	244	406	450	491	603	373	462	390	497	224	252	279	348	308	187	331	245	446	454	787	655
Rv2917	22	29	23	40	6	15	22	27	7	28	14	14	47	65	43	94	78	107	14	97	40	12	12	31	65	30	12	13	60	123	63	76
Rv2918c	520	652	376	565	1659	1462	1256	1087	936	1567	973	671	1552	1079	1259	1074	419	489	397	518	663	656	455	638	616	402	409	507	1231	1040	793	1073
Rv2919c	1144	1358	807	1085	708	656	533	492	525	902	555	324	832	610	608	562	501	521	897	967	220	297	317	504	401	237	370	257	384	354	588	766
Rv2920c	362	483	370	598	761	520	585	476	279	449	300	186	384	299	319	298	293	262	310	524	302	352	279	442	553	223	334	204	168	211	328	419
Rv2921c	362	441	330	445	887	756	812	732	767	1356	786	593	802	775	745	848	330	397	328	344	430	474	352	439	449	388	273	381	632	749	473	713
Rv2922c	261	379	269	372	893	827	903	970	712	1194	826	518	799	980	827	1067	563	544	366	525	449	529	352	529	638	430	358	355	846	1085	652	928
Rv2922A	5	12	8	13	18	14	16	13	19	29	12	12	24	19	13	19	11	14	3	7	10	16	5	11	12	6	8	6	18	25	10	19
Rv2923c	85	76	63	81	137	113	126	106	107	169	109	60	124	131	115	142	49	53	42	56	69	84	43	60	69	43	54	48	109	96	76	111
Rv2924c	36	57	29	45	105	82	104	110	91	129	86	52	122	86	110	89	71	81	31	69	73	92	64	89	70	47	47	47	116	103	97	115
Rv2925c	971	1084	632	912	1598	1496	1146	1107	1034	1916	1078	740	1058	975	788	889	409	507	480	592	468	634	545	965	512	416	478	489	606	615	759	921
Rv2926c	825	978	683	935	1832	1667	1346	1321	1305	2245	1238	876	1167	1049	975	1039	379	592	423	551	651	750	750	1034	703	474	503	578	861	803	893	987
Rv2927c	126	156	128	158	1595	1619	1299	1435	1011	1993	999	791	1214	1578	1043	1393	92	72	86	104	433	658	737	1260	470	340	399	413	582	639	1075	1168
Rv2928	76	106	52	112	139	162	181	227	126	193	145	80	132	168	200	182	115	85	45	76	50	81	56	62	98	65	77	38	83	88	82	103
Rv2929	0	3	0	2	1	1	5	4	1	5	4	0	5	3	4	4	10	6	1	3	1	0	0	2	2	1	2	2	0	6	2	0
Rv2930	5600	7232	7309	9562	4838	5380	4680	5505	4621	7500	4725	3325	5000	4008	4981	4563	3553	3774	3621	3323	2705	2580	3653	3376	4390	1719	4333	3767	3488	2811	6333	5165
Rv2931	5095.13	5824.24	5198.28	7881.49	9854.1	9676.03	8751.46	9146.69	7233.3	11612.1	7466.91	5011.78	8796.46	6285.12	8373.11	7375.22	3806.97	4196.8	2612.83	3207.35	3876.23	3390.01	4081.84	3990.78	4327.27	2186.5	3280.43	3987.08	5123.53	3876.67	5206.05	4732.2
Rv2932	339.868	386.766	230.724	337.502	9139.9	7848.97	7326.54	6740.31	6490.7	11001.9	6711.09	4760.22	7330.54	4861.88	6506.89	5415.78	521.029	483.205	157.169	396.65	2829.77	2715.99	2114.16	2613.22	2711.73	1801.5	1229.57	2783.92	4050.47	2884.33	1966.95	2829.8
Rv2933	865	964	678	939	19798	14552	15815	12663	12830	23355	13045	9796	16362	9793	13868	10252	806	1050	333	742	10231	9829	5942	7396	8184	6237	3077	6993	16315	10125	6814	6881
Rv2934	783	768	713	812	14468	10474	11578	8845	8658	15380	8889	6625	10342	6606	8833	6794	724	750	346	622	6629	6344	3940	4859	4903	3553	1822	4245	10272	6651	4396	5049
Rv2935	1681	1586	1748	1916	9353	7534	8336	7542	6725	10734	7479	4763	6778	5932	6059	6321	1916	1856	1205	1404	4344	4191	3382	4262	4871	2918	2512	3718	5675	5302	4345	5464
Rv2936	551	558	552	583	2231	1863	2010	1678	1872	2841	2066	1209	1806	1566	1487	1673	380	406	336	364	679	654	546	745	1038	569	543	894	946	938	834	1219
Rv2937	123	135	124	146	709	607	582	538	579	922	677	367	599	457	464	493	108	82	62	91	140	127	110	177	234	130	146	221	192	214	221	306
Rv2938	111	126	96	134	547	484	527	406	537	820	564	371	500	423	398	445	102	100	67	83	141	152	110	163	256	133	106	207	172	203	172	289
Rv2939	116	117	95	157	550	474	398	422	452	711	530	289	492	376	397	433	129	93	82	103	105	95	90	148	186	115	114	156	146	182	197	290
Rv2940c	9682	11195	11028	15311	42315	36965	37633	35451	24459	43175	26780	19535	34133	28533	30106	30152	10710	12922	7884	10311	18318	20214	16054	19457	16533	11197	10498	15491	32423	30505	23045	27382
Rv2941	6865	8291	4873	7434	8556	8033	6850	6953	5978	10833	6423	4207	6561	6028	5691	5981	3037	2897	2737	3363	3054	3618	3476	5165	3237	2289	2685	3309	3690	3891	4940	5752
Rv2942	2396	2890	1915	2900	10850	9573	8856	8022	6422	10811	6459	4631	8359	7012	7086	6946	1919	2139	1714	2257	3654	4137	3310	4869	2781	2390	2021	3727	6062	5975	4596	6881
Rv2943	68	61	59	75	251	253	229	203	151	246	171	109	324	267	314	284	134	133	55	149	171	152	110	163	161	80	81	128	349	305	263	287
Rv2943A	3.79907	6.60661	2.85728	7.09239	18.6566	8.82937	12.953	9.78303	6.29825	15.0795	15.9474	6.06052	35.9507	20.2216	30.7799	15.6515	11.176	3.05934	5.18502	21.1856	15.5054	3.58759	6.3353	2.92923	8.35004	9.0614	3.95598	7.57301	14.0449	32.7014	18.5371	26.9664
Rv2944	2.20093	8.39339	5.14272	5.90761	19.3434	20.1706	18.047	18.217	14.7017	14.9205	11.0526	7.93948	21.0493	20.7784	7.22014	23.3485	21.824	19.9407	4.81498	23.8144	5.49458	10.4124	10.6647	13.0708	15.65	11.9386	11.044	5.42699	7.95514	20.2985	21.4629	20.0336
Rv2945c	687	844	646	918	1015	1005	900	890	1476	2435	1615	981	1308	968	1178	1007	546	498	210	300	224	280	158	338	870	421	308	587	714	526	338	528
Rv2946c	9855	11617	8259	11998	28121	25113	23893	22865	30133	54752	30994	25144	34717	19059	29742	21323	7634	9305	3048	5015	14820	17836	7589	11832	20768	16971	7225	17758	40394	23202	15676	13535
Rv2947c	9158	10146	8256	10761	11665	11542	10512	10673	8550	14786	9670	6713	10135	6149	8118	6526	7821	6755	3006	4153	3600	4158	2358	3490	4223	2933	1645	3313	6179	4382	3009	3152
Rv2948c	9002	9861	7971	10231	11408	11867	10683	11192	7784	12824	9023	5514	9212	5907	8316	6679	5490	4434	2676	3350	1824	2068	2121	2809	2318	1432	1493	2608	3144	2586	2754	3460
Rv2949c	5129	6040	5357	6454	3416	3598	3332	3272	2596	4180	3081	1946	2892	2062	2539	2334	2878	2609	1684	2313	705	898	1089	1660	1047	609	912	1253	944	890	1473	1835
Rv2950c	11619	13484	14047	17199	10541	11184	10806	11315	8778	13411	9801	6058	7880	5937	7629	7003	5423	5713	4040	5474	2512	3320	4727	6584	3860	2341	3989	3918	3677	3276	6188	7139
Rv2951c	823	890	739	1073	945	896	898	921	717	1190	783	517	827	636	810	760	432	439	382	565	338	467	340	487	383	318	279	309	432	458	470	537
Rv2952	196	237	243	325	250	275	249	318	228	333	233	151	359	228	321	300	106	158	108	125	88	71	77	118	92	60	80	85	111	138	120	132
Rv2953	301	408	350	518	536	571	478	628	438	733	487	318	665	530	666	601	271	234	215	269	177	184	177	245	186	148	182	173	285	331	400	457
Rv2954c	661	741	721	954	896	882	847	853	857	1283	858	546	1067	861	976	1066	283	326	344	496	295	333	466	551	487	293	510	400	519	553	902	888
Rv2955c	65	77	77	102	176	128	125	142	117	211	118	93	131	77	144	105	50	53	36	71	47	58	61	75	69	39	44	51	69	83	71	82
Rv2956	270	396	257	329	299	283	298	278	318	545	380	196	261	273	346	351	229	149	191	173	111	146	179	242	209	136	204	192	182	199	344	311
Rv2957	122	196	144	254	283	301	268	251	302	410	344	154	294	273	315	309	169	120	112	151	65	113	107	189	140	120	115	138	144	153	262	309
Rv2958c	53	91	93	149	97	71	127	162	80	87	96	31	88	69	130	128	140	160	30	95	44	40	22	40	65	38	33	23	51	74	66	65
Rv2959c	124	191	230	311	146	140	305	318	176	226	207	88	198	114	294	230	254	192	76	118	76	94	42	78	135	58	72	36	134	101	138	94
Rv2960c	5	8	10	8	18	6	15	13	8	19	8	3	14	4	14	6	4	4	7	6	8	6	3	4	6	2	6	4	4	1	4	7
Rv2961	2	6	2	1	3	5	4	0	2	4	5	1	1	3	1	9	8	15	1	16	3	12	3	4	8	9	2	2	16	15	9	14
Rv2962c	270	103	256	139	419	149	524	251	551	91	651	46	1980	83	2017	112	179	155	110	149	228	176	186	247	202	58	81	46	457	117	299	119
Rv2963	792	156	595	191	1353	243	1083	197	2665	399	2848	148	10061	229	8437	194	168	161	101	147	173	86	90	87	351	66	126	45	1304	110	738	76
Rv2964	79	27	47	41	157	52	145	69	237	70	279	27	1087	56	982	63	62	42	36	49	39	32	25	34	62	25	48	15	254	43	198	53
Rv2965c	39	50	46	40	58	67	58	48	61	103	67	53	58	59	35	74	46	46	26	49	30	27	20	41	40	33	24	33	32	56	37	66
Rv2966c	7	16	4	20	64	61	51	74	81	133	77	46	77	66	52	64	46	55	21	59	38	50	23	61	53	47	48	65	68	103	86	139
Rv2967c	263	291	246	366	1092	1110	1081	1162	974	1585	1123	761	1080	1044	1052	1249	577	557	372	621	529	641	446	725	671	548	554	595	1068	1290	1217	1352
Rv2968c	125	164	124	166	365	328	363	319	329	475	302	216	315	247	288	317	145	153	81	143	127	148	155	176	211	141	191	155	246	253	359	347
Rv2969c	232	291	330	430	515	461	468	492	426	687	498	329	367	375	394	431	222	259	254	244	172	268	236	295	293	184	254	255	352	364	438	398
Rv2970c	311	387	386	480	591	540	562	604	469	743	454	349	373	341	359	450	267	297	394	394	259	346	289	437	326	220	253	274	305	330	406	425
Rv2970A	18	13	10	16	17	15	7	11	16	25	15	14	23	11	14	20	4	3	5	8	5	5	3	1	9	4	8	7	8	3	26	12
Rv2971	297	379	348	404	372	334	324	365	360	628	398	274	467	435	505	539	155	160	137	191	105	154	137	234	242	138	227	202	279	259	436	380
Rv2972c	13	5	6	6	36	28	27	38	66	132	74	71	156	144	159	169	31	21	16	24	11	20	11	20	45	44	30	36	107	97	95	128
Rv2973c	43	66	37	38	270	232	228	215	610	989	574	414	1537	1181	1528	1347	149	154	51	148	136	127	82	141	348	252	238	282	1434	1264	889	993
Rv2974c	41	44	46	59	230	185	188	172	366	695	401	353	1046	758	961	844	97	108	41	117	181	149	91	137	332	265	155	290	1415	1078	655	744
Rv2975c	11	20	14	20	10	17	14	12	37	60	43	35	89	59	104	66	7	9	8	7	9	6	10	12	36	26	24	37	126	65	65	67
Rv2975a	7	6	10	5	7	6	11	5	5	6	10	5	7	6	8	11	10	6	10	3	4	8	6	7	10	2	10	5	4	10	7	8
Rv2976c	78	77	63	82	278	221	224	217	182	303	175	127	359	244	309	278	52	70	66	73	91	89	61	105	60	44	60	79	265	191	157	202
Rv2977c	510	589	536	766	1573	1228	1257	1136	1011	1797	1000	785	1960	1479	1732	1581	371	587	390	582	766	714	545	640	631	509	392	625	2114	1673	1153	1389
Rv2978c	688	660	530	598	1610	1289	1274	1115	993	1828	997	710	2197	1437	2040	1603	345	491	341	470	617	652	419	532	437	384	241	511	2167	1438	1082	1196
Rv2979c	654	572	486	570	1034	981	849	760	668	1246	620	472	1541	1129	1347	1107	193	269	249	279	261	267	224	279	172	145	125	232	967	626	500	637
Rv2980	8	9	6	19	19	17	25	25	26	40	18	23	21	25	32	32	24	15	3	19	20	19	21	20	36	25	22	14	33	29	37	33
Rv2981c	251	294	286	311	1266	995	1178	977	857	1455	951	663	1161	862	1186	1084	195	258	200	220	471	489	343	433	443	360	277	451	1040	880	576	623
Rv2982c	313	359	247	335	509	446	436	415	469	861	508	369	771	589	663	608	221	261	250	289	230	241	196	251	267	188	166	234	578	517	384	479
Rv2983	36	35	25	31	36	27	20	35	21	41	26	23	54	35	52	34	34	37	28	50	10	11	17	20	13	12	15	4	15	25	30	27
Rv2984	494	583	397	565	687	600	618	592	550	878	632	346	781	600	744	711	328	292	298	392	241	307	281	401	406	300	389	261	577	549	971	858
Rv2985	52	74	52	73	102	92	119	87	85	159	88	67	121	125	116	125	87	81	62	109	42	49	51	94	91	64	80	50	84	117	256	217
Rv2986c	2266	2071	3307	3267	6043	5427	5913	6013	4364	6601	5089	3291	5798	4403	5485	5107	2683	2818	1886	2384	4391	5394	2938	3922	4282	3350	2251	2883	5400	5659	4055	4316
Rv2987c	240	178	236	171	1540	1146	1262	896	1015	1150	1124	578	1114	659	878	576	139	112	69	90	493	513	399	435	595	263	221	261	472	467	192	320
Rv2988c	853	635	827	642	6818	5120	5730	4155	5582	5358	5570	2383	5340	2882	4166	2688	425	354	287	312	1735	1920	1656	1882	2351	1084	1087	1206	2100	1807	953	1245
Rv2989	75	45	70	51	816	565	712	409	643	623	659	301	591	367	469	323	82	68	56	58	284	247	284	272	276	106	107	142	298	325	144	224
Rv2990c	511	817	683	1115	913	1307	971	1310	812	1327	936	578	465	585	568	782	504	643	1046	1064	756	1082	1293	1953	741	422	856	987	421	558	1087	1473
Rv2991	56	52	38	64	112	112	121	90	92	119	97	64	119	90	102	86	43	39	22	44	52	64	45	65	68	46	37	50	81	69	79	76
Rv2992c	162	199	113	162	627	605	506	555	504	834	537	336	786	630	740	729	188	181	141	181	183	212	146	214	221	197	125	180	482	410	322	449
Rv2993c	54	82	37	69	178	212	179	143	158	289	178	107	301	217	232	199	55	58	42	52	59	69	40	76	67	53	40	34	141	131	120	141
Rv2994	61	112	88	147	243	241	252	221	187	310	177	138	287	229	319	282	86	87	65	131	100	129	115	134	101	78	89	95	223	240	206	242
Rv2995c	113	144	95	187	280	283	253	300	272	468	306	218	281	282	279	356	165	214	134	212	131	148	84	145	223	184	130	160	271	365	273	310
Rv2996c	464	582	480	783	1060	895	914	921	979	1557	972	710	1020	854	993	1066	598	728	375	646	577	667	375	464	754	562	411	518	1164	1121	803	872
Rv2997	17	21	11	19	42	32	44	37	36	52	40	25	43	29	42	25	30	42	14	34	31	17	16	22	30	11	10	22	27	47	20	38
Rv2998	117	131	117	170	71	67	75	59	55	77	47	43	52	50	51	74	90	100	81	144	35	39	34	62	54	29	35	18	45	54	59	62
Rv2999	39	42	48	70	55	48	64	63	42	62	54	22	59	54	50	65	57	54	36	57	28	25	20	38	46	28	21	11	23	76	61	67
Rv3000	7	7	4	11	13	6	12	13	6	16	12	6	12	13	15	14	17	32	3	28	8	6	5	12	11	15	1	3	13	35	13	21
Rv3001c	853	1020	882	1134	1665	1646	1469	1655	1105	1935	1209	880	1893	2202	1722	2291	1028	1082	675	877	865	1156	765	1209	923	769	571	894	1951	2397	1529	2248
Rv3002c	396	471	407	482	778	822	793	769	566	929	703	425	1067	1166	990	1200	496	435	382	376	283	418	372	622	427	356	288	406	897	1006	842	1081
Rv3003c	776	1013	861	1229	2703	2502	2472	2425	1569	2655	1661	1136	3104	2792	2674	3204	849	874	576	743	991	1417	1135	1710	980	800	823	1093	2353	2749	2449	3200
Rv3004	10	10	14	21	46	43	43	36	20	45	17	19	19	22	9	16	12	19	8	12	18	16	16	23	12	14	5	6	12	12	16	22
Rv3005c	133	161	98	187	1223	1516	1048	1249	836	1617	905	642	968	989	859	989	91	79	96	160	342	487	578	913	356	240	362	462	398	501	979	1160
Rv3006	560	736	563	844	1079	979	872	954	906	1429	942	605	1182	934	1009	885	193	307	315	363	250	294	404	468	335	241	356	308	443	384	764	690
Rv3007c	192	253	134	241	154	153	143	131	118	225	114	130	104	115	65	126	83	118	60	111	87	80	85	123	98	48	76	52	97	86	171	167
Rv3008	196	285	191	237	281	233	260	244	169	353	183	150	239	341	233	319	137	134	153	196	100	136	128	196	177	79	143	76	186	173	293	274
Rv3009c	1182	1522	873	1335	1660	1568	1445	1377	1184	1923	1216	818	1668	1390	1500	1463	770	737	621	808	621	594	593	926	781	477	547	643	1008	945	1242	1293
Rv3010c	1939	2254	1420	2026	1517	1201	1206	1038	925	1867	1074	813	1125	1200	956	1100	731	897	591	862	744	808	637	908	932	547	478	652	967	950	883	1192
Rv3011c	16	22	21	29	96	108	119	138	79	103	71	49	69	75	63	102	63	71	11	58	77	93	37	60	83	49	37	39	109	145	67	103
Rv3012c	1	1	4	4	14	13	16	19	5	14	11	4	10	9	16	11	5	4	1	4	9	5	12	10	7	5	3	7	15	16	9	13
Rv3013	47	71	64	89	76	47	49	42	13	29	17	14	11	13	12	20	53	52	23	48	40	33	24	31	60	40	32	27	15	16	12	25
Rv3014c	81	88	60	108	224	213	226	231	185	266	139	92	236	241	237	259	129	174	79	165	177	180	120	138	162	140	94	136	314	373	204	303
Rv3015c	34	41	42	41	74	49	60	62	51	86	43	41	84	69	79	89	69	86	40	80	58	55	38	41	50	41	33	33	77	133	76	94
Rv3016	122	136	86	111	61	51	40	50	45	64	36	34	61	77	59	68	69	57	60	60	33	32	35	44	61	32	51	27	46	51	82	59
Rv3017c	15	24	27	25	20	24	27	28	36	53	33	22	52	42	34	54	40	30	22	48	30	27	19	23	93	26	40	32	92	86	77	92
Rv3018c	84	97	61	127	132	110	135	136	128	178	126	95	226	212	184	260	460	290	98	430	149	107	128	163	306	151	111	110	327	297	420	335
Rv3019c	1	4	1	4	0	2	5	2	2	1	1	0	5	3	0	2	12	12	3	10	7	9	2	5	3	1	0	1	0	2	0	4
Rv3020c	8	11	7	13	8	12	8	12	11	20	5	7	23	12	18	30	19	28	10	15	20	7	11	13	19	17	8	10	27	23	22	18
Rv3022A	9	9	10	14	26	25	31	17	14	30	16	9	24	44	26	40	52	43	15	54	35	30	35	18	37	23	21	9	35	54	49	48
Rv3023c	3.2	0.0571896	4.17956	2.41869	3.63637	3.80002	5.67544	1.35584	12.9997	15.5554	17.7111	7.31009	17.329	20.8287	6.84139	13.3329	11.669	3.77616	4.16667	37.0611	11.6079	3.17956	7.50282	15.7258	12.8188	10.9015	11.6665	14.5454	21.8954	26.8594	25.4502	20.5904
Rv3024c	330	340	306	412	647	605	609	553	566	809	579	346	868	722	874	786	245	224	226	283	231	211	223	278	238	189	216	210	517	498	562	572
Rv3025c	891	996	797	1100	1388	1172	1219	1108	934	1683	983	694	1673	1340	1615	1508	670	747	573	657	521	520	471	546	570	395	413	370	1115	1006	1088	1002
Rv3026c	10	20	8	16	47	47	48	38	55	81	68	41	72	60	83	113	56	46	9	55	36	33	11	23	41	32	17	21	64	121	67	89
Rv3027c	20	24	25	32	113	128	148	170	108	160	125	79	182	187	186	260	109	93	25	80	96	100	81	108	125	78	48	72	193	257	185	260
Rv3028c	349	387	506	634	1777	1464	1862	1861	1016	1539	1134	824	1363	1302	1538	1706	307	308	175	244	806	986	720	863	699	589	436	605	1315	1413	994	1263
Rv3029c	805	921	1211	1516	2617	2272	2910	2900	1676	2521	1918	1094	2243	2281	2675	2950	614	527	327	382	904	1097	981	1183	1029	667	619	686	1652	1658	1632	1599
Rv3030	75	118	86	112	215	236	266	266	203	346	244	151	356	273	391	352	107	98	54	84	102	110	76	127	111	102	88	100	261	313	185	195
Rv3031	56	52	35	63	369	306	351	334	262	451	289	210	434	336	501	417	114	89	30	89	165	157	98	140	167	156	86	149	371	386	195	251
Rv3032	43	48	36	51	341	305	321	331	312	453	274	211	423	368	455	502	83	104	40	109	134	157	80	136	145	143	88	139	311	341	195	298
Rv3032A	2	5	4	4	21	16	16	17	18	22	17	16	29	24	21	31	10	13	1	5	6	5	4	3	13	4	3	6	18	25	13	21
Rv3033	26	51	45	56	34	47	43	59	47	94	64	41	55	88	68	75	50	25	37	49	25	49	46	86	52	19	47	32	52	68	142	111
Rv3034c	353	435	361	468	631	637	595	559	679	1122	761	457	773	784	801	943	182	179	241	309	292	406	376	595	523	270	414	413	552	539	809	933
Rv3035	37	52	62	67	159	107	132	136	98	192	133	101	164	138	179	168	66	60	37	77	64	97	73	76	106	66	53	60	151	183	168	157
Rv3036c	61	81	73	109	97	95	85	116	72	123	98	37	163	151	154	157	75	58	57	63	27	37	35	53	42	25	52	31	92	87	220	172
Rv3037c	55	65	33	58	412	355	348	335	307	447	286	208	561	439	478	450	55	93	35	91	160	186	118	197	163	137	84	170	408	425	250	388
Rv3038c	334	386	276	363	1086	1037	921	900	777	1270	733	478	1320	955	1080	960	189	217	168	239	339	409	298	442	286	278	239	330	663	666	579	666
Rv3039c	40	52	57	75	80	66	87	79	58	115	86	43	81	89	71	97	42	54	52	58	36	45	46	69	54	28	42	32	71	87	62	95
Rv3040c	43	46	38	71	165	137	153	133	99	196	110	108	152	155	137	181	58	88	39	72	87	99	65	78	85	67	37	66	169	177	113	153
Rv3041c	63	84	72	96	290	324	339	323	271	393	245	149	321	293	297	364	141	124	74	107	132	187	114	182	153	111	91	119	300	336	246	322
Rv3042c	323	377	266	484	821	763	649	719	630	1023	628	442	879	759	837	958	268	345	261	379	314	381	225	387	309	282	272	295	670	638	708	657
Rv3043c	896	1173	1103	1686	1016	978	924	995	667	1109	659	476	1270	932	1423	1312	475	512	438	576	303	355	209	348	338	242	244	198	638	583	707	564
Rv3044	58	108	65	133	304	319	284	305	249	404	279	175	324	301	417	423	105	107	56	96	96	108	108	136	134	91	133	104	201	278	312	268
Rv3045	335	459	423	655	847	864	766	851	700	1372	743	581	1154	1088	1037	1194	396	477	493	696	472	568	420	651	622	499	454	414	859	1129	1060	1259
Rv3046c	31	35	23	32	29	27	25	24	40	59	30	11	38	39	41	35	15	20	11	36	19	18	18	37	23	17	23	14	25	37	93	81
Rv3047c	55	73	64	69	112	118	114	146	79	131	90	52	218	202	238	250	47	49	51	66	83	98	98	188	92	43	78	86	137	150	289	363
Rv3048c	600	696	700	917	1345	1568	1289	1428	1118	1914	1263	754	3394	2757	3304	2886	381	363	426	585	848	1051	1089	1942	1008	449	1034	1040	1729	1859	3437	4294
Rv3049c	1278	1428	1521	1736	3990	3426	3799	3296	2741	4019	3195	1702	7185	5295	7249	5885	1042	891	1264	1344	1635	1675	3794	4535	2305	951	3687	1796	3820	3841	10765	10445
Rv3050c	401	546	366	570	1613	1593	1426	1507	1111	1875	1168	772	2211	1864	2002	2245	351	441	399	393	555	771	851	1378	653	383	536	819	1087	1097	1832	2274
Rv3051c	7450	8982	8235	10499	9982	9548	10330	10992	6319	11595	7802	5104	13102	11630	13752	14755	5303	5339	6997	7051	7379	9992	10359	15943	12174	4424	7418	8379	12909	9705	16899	19179
Rv3052c	242	393	326	580	1015	1067	1129	1109	603	1003	633	383	1182	1018	1284	1338	151	220	257	316	964	1301	1238	2111	1215	463	621	1045	1192	950	1376	1826
Rv3053c	97	180	136	173	248	224	258	235	144	296	167	116	259	266	286	296	50	62	66	120	252	257	268	437	306	104	155	211	269	200	295	413
Rv3054c	44	76	37	91	15	3	8	7	8	16	12	9	19	16	9	20	94	88	172	171	124	100	124	101	618	50	146	154	1460	207	928	405
Rv3055	35	42	21	38	106	111	107	102	91	162	84	67	157	128	139	125	23	38	25	43	45	63	56	95	61	37	40	49	97	84	100	129
Rv3056	58	70	64	68	145	121	119	114	144	206	153	116	203	191	214	197	83	91	41	98	75	83	79	122	82	57	89	53	129	161	176	224
Rv3057c	207	226	195	277	505	440	458	420	320	528	383	248	633	492	555	601	122	138	148	203	196	234	270	395	271	143	210	176	352	354	578	695
Rv3058c	427	445	339	444	551	543	574	601	434	687	530	295	587	505	629	641	164	140	248	246	261	312	365	596	399	160	422	270	447	467	1160	845
Rv3059	485	611	372	534	397	365	315	303	299	595	323	199	530	472	416	468	189	197	167	270	129	169	160	266	208	129	209	117	239	278	555	437
Rv3060c	809	1099	472	795	921	900	681	694	1067	1885	1005	633	1456	1178	1191	1056	557	451	603	621	801	965	1058	1600	1412	690	817	1211	1165	1117	1353	2330
Rv3061c	2952	3908	2415	3807	3114	3269	2460	2699	3962	6704	4270	2963	4665	4084	3576	3762	1939	2252	2582	3345	4053	4989	5206	8637	8647	4120	5446	7420	5126	4905	5627	9938
Rv3062	104	136	100	145	178	158	170	163	155	246	162	107	498	367	464	411	160	155	96	215	441	417	369	623	407	167	177	357	565	626	455	640
Rv3063	187	275	203	313	186	152	152	137	142	221	157	101	391	259	356	318	170	189	83	216	134	97	87	119	151	91	78	86	250	257	232	292
Rv3064c	162	191	116	183	125	103	89	91	106	170	120	76	150	124	134	136	47	65	106	100	50	60	110	132	65	31	75	61	107	76	219	206
Rv3065	72	110	63	121	122	111	119	118	63	134	66	57	57	57	36	55	90	86	88	98	153	106	158	161	92	39	55	71	92	74	128	113
Rv3066	35	44	25	51	86	66	67	59	46	89	40	36	41	38	35	33	37	48	24	58	74	53	88	104	49	30	27	56	47	50	45	74
Rv3067	23	42	24	38	43	33	39	30	34	47	34	15	45	35	36	34	16	22	9	14	11	15	22	23	13	13	9	21	27	24	33	33
Rv3068c	98	142	98	126	134	130	131	165	116	188	141	70	213	151	205	190	98	114	68	149	51	62	47	57	76	51	49	41	129	146	152	152
Rv3069	16	34	13	34	32	24	32	34	46	56	36	16	65	58	70	69	20	14	15	24	19	30	28	19	27	23	23	14	54	63	47	82
Rv3070	13	12	5	12	20	16	14	19	16	20	10	6	36	30	28	32	17	26	6	20	9	6	6	15	18	12	11	10	14	34	24	36
Rv3071	45	70	42	53	58	61	77	59	46	109	62	26	110	107	94	103	62	54	45	68	41	34	32	46	37	32	40	33	59	95	104	122
Rv3072c	42	48	31	49	63	78	76	62	75	99	66	31	92	92	97	92	54	45	33	60	38	31	40	50	38	37	35	44	56	79	82	129
Rv3073c	54	80	55	79	54	62	72	57	53	102	60	44	103	76	100	99	37	44	55	60	27	41	44	77	57	36	56	29	54	46	123	121
Rv3074	191	239	182	326	889	913	803	935	1199	2048	1233	855	1574	1234	1436	1162	167	235	96	231	331	433	312	487	556	406	238	453	1442	1305	928	1230
Rv3075c	600	614	482	578	918	793	662	627	724	1388	688	547	1480	1585	1234	1410	305	282	317	299	185	263	207	257	311	226	175	211	760	707	500	633
Rv3076	11	15	11	27	27	23	39	33	18	40	20	20	26	26	29	35	11	24	19	20	26	29	20	28	37	21	19	16	37	43	37	45
Rv3077	44	69	59	112	105	114	126	119	91	124	109	69	154	151	155	203	93	92	42	118	81	57	52	99	79	71	65	54	125	189	164	172
Rv3078	10	7	10	18	17	18	16	19	13	24	23	11	20	18	21	22	14	23	10	22	13	11	6	14	12	8	10	5	9	24	23	25
Rv3079c	34	77	40	70	27	41	30	29	27	91	50	38	45	67	46	63	111	122	73	150	40	50	51	73	85	49	38	28	67	114	128	127
Rv3080c	111	131	67	119	240	175	188	176	210	478	224	203	302	330	270	331	278	272	99	275	187	200	131	269	318	206	147	136	366	457	338	420
Rv3081	30	33	23	51	70	56	91	64	224	299	210	134	300	209	277	314	49	53	18	62	65	53	44	49	238	129	166	140	270	244	352	287
Rv3082c	16	34	15	37	7	4	2	6	8	15	10	6	4	7	9	14	25	41	34	60	13	8	21	37	30	14	32	6	20	36	48	44
Rv3083	2696	2553	789	1212	2087	1951	1071	1113	1306	1228	578	287	1842	800	356	412	779	831	1458	1710	961	1263	2617	3935	699	262	924	293	818	559	2332	2076
Rv3084	420	480	164	239	493	538	244	282	347	366	125	91	495	232	73	100	103	157	307	430	272	309	575	934	255	88	244	136	215	128	509	611
Rv3085	531	514	225	312	564	592	289	341	445	355	161	90	567	254	103	124	137	165	405	441	306	283	645	980	271	105	246	135	218	130	525	615
Rv3086	1485	1698	895	1339	1758	1829	1142	1138	1459	1707	796	563	1717	1163	634	764	612	664	1466	1520	1052	1179	1684	3056	1278	439	905	552	1069	861	2129	2507
Rv3087	213	244	163	241	445	429	267	279	434	372	169	136	436	262	149	171	138	159	266	279	315	338	439	712	308	143	261	173	330	224	628	602
Rv3088	492	570	498	574	795	862	521	576	798	841	355	291	675	615	275	326	445	417	941	992	633	626	851	1702	665	312	661	350	596	467	1691	1489
Rv3089	471	510	492	522	722	772	553	622	755	892	383	308	596	549	333	415	429	408	1152	1113	576	710	844	1829	634	302	747	442	621	499	1808	1650
Rv3090	27	40	30	45	33	34	38	29	26	52	32	30	75	69	65	74	40	38	19	41	31	32	15	31	36	19	15	11	62	64	64	65
Rv3091	188	200	186	251	587	450	490	488	375	615	399	312	688	684	657	734	142	165	141	203	418	544	337	468	493	277	242	283	816	822	565	765
Rv3092c	360	396	297	413	770	701	617	568	779	996	793	465	808	709	687	692	168	247	239	312	355	437	502	599	475	349	452	482	559	614	580	970
Rv3093c	251	315	227	362	733	715	662	600	879	1167	917	487	492	507	430	550	170	311	200	278	520	676	685	916	811	575	646	728	577	775	548	1122
Rv3094c	559	716	642	928	1566	1502	1344	1239	1488	1957	1540	898	872	934	729	940	300	516	386	725	955	1142	1415	2005	1167	873	1167	1240	926	1176	1113	2157
Rv3095	524	643	343	543	419	503	413	442	534	809	556	281	330	376	264	424	225	255	311	480	313	395	650	1197	539	347	578	498	379	505	811	1446
Rv3096	265	305	316	387	450	408	461	423	418	527	446	234	365	318	306	396	200	192	162	238	202	261	325	564	333	212	359	274	281	376	583	833
Rv3097c	23	19	22	30	48	36	48	51	25	46	37	31	37	34	31	45	65	69	25	85	92	51	58	93	87	37	40	31	78	70	98	103
Rv3098c	9	10	4	6	7	17	12	8	8	10	8	2	6	11	6	10	12	18	8	26	53	38	25	55	50	9	16	19	66	27	61	49
Rv3098A	256	358	224	329	217	178	164	144	146	203	143	77	162	152	137	127	90	73	116	142	74	61	123	167	68	44	71	64	84	89	135	149
RVnc0046	51605	67436	66382	127871	138962	128008	119745	121208	103350	195858	94825	114894	76225	69536	63848	78699	94389	137180	57117	159546	361116	424800	237273	371497	351164	286607	147694	246539	181371	200859	147128	152472
Rv3099c	149	160	97	139	291	271	294	317	215	429	244	177	432	427	434	423	92	93	84	86	120	129	105	127	133	86	93	93	307	314	331	310
Rv3100c	7	21	13	21	32	48	40	52	52	53	58	39	77	97	79	121	41	39	20	37	18	28	24	23	34	26	41	31	77	86	103	117
Rv3101c	82	103	85	119	200	194	194	247	181	249	206	89	344	373	368	443	217	153	82	125	74	92	109	143	172	98	124	105	278	305	468	427
Rv3102c	42	68	46	42	106	128	149	182	99	170	102	68	223	222	258	325	90	85	49	53	59	62	62	71	97	44	78	60	162	170	276	222
Rv3103c	7	5	10	7	19	22	27	24	20	26	16	14	38	31	34	29	14	16	8	13	12	10	12	12	11	8	14	11	24	30	37	38
Rv3104c	183	259	170	269	476	401	456	424	337	512	396	247	608	528	552	591	257	281	177	256	265	278	255	295	278	217	214	274	651	714	633	693
Rv3105c	280	376	284	382	672	535	646	604	506	734	508	341	757	598	786	758	286	259	238	281	279	282	285	343	303	183	273	270	676	677	722	683
Rv3106	209	204	263	345	245	203	245	218	339	592	341	225	430	425	490	471	170	180	139	206	120	132	96	144	254	168	168	186	294	422	346	422
Rv3107c	57	84	45	60	180	139	158	145	112	191	139	96	234	171	211	221	103	116	34	98	75	85	84	84	95	72	57	46	129	196	201	240
Rv3108	1	3	0	0	2	0	1	2	2	0	0	0	0	1	2	0	13	12	1	14	5	0	2	2	7	2	1	0	4	3	2	7
Rv3109	15	22	9	10	25	26	35	38	18	27	29	16	44	45	29	63	77	77	19	82	28	15	6	15	43	22	11	4	34	75	40	65
Rv3110	2	4	2	4	6	4	2	16	6	2	7	2	11	5	17	19	9	8	4	20	6	6	1	5	5	6	1	1	16	22	13	13
Rv3111	2	8	3	1	7	7	11	10	4	9	4	6	13	8	3	10	28	30	11	41	9	0	8	4	17	10	4	1	17	22	15	30
Rv3112	1	1	0	1	5	0	2	1	2	3	3	1	1	3	7	6	5	10	1	6	2	1	1	2	2	3	0	2	6	11	3	10
Rv3113	6	12	0	3	3	7	10	8	10	10	5	5	15	10	11	16	14	27	7	24	8	4	5	5	14	5	6	2	11	32	11	22
Rv3114	1	2	0	2	3	2	2	3	2	3	2	3	11	8	6	5	9	2	1	18	7	0	1	3	4	6	2	2	5	11	2	7
Rv3115	3.2	0.0571896	4.17956	2.41869	3.63637	3.80002	5.67544	1.35584	12.9997	15.5554	4.72916	7.31009	17.329	5.32527	6.84139	13.3329	11.669	18.0352	4.16667	10.4466	11.6079	3.17956	7.50282	9.45164	14.5195	10.9015	11.6665	14.5454	21.8954	26.8594	25.4502	13.5548
Rv3116	347	472	278	391	276	342	288	298	219	355	238	153	604	541	551	574	182	155	161	182	91	112	95	170	152	91	113	82	238	238	403	328
Rv3117	290	450.849	419.341	776.663	476.259	471.223	600.379	552.708	330.646	536.853	556.861	220.896	445.391	481.86	664.662	642.771	248.933	311.392	234.795	222.387	292.616	343.287	415.402	376.224	669.019	307.138	403.094	285.12	552.455	470.01	788.482	645.082
Rv3118	30.8925	41.8509	43.0742	95.0082	88.292	65.4511	136.98	53	65.366	53.5	46	46.1859	56.9346	67.0163	24.3091	98.8789	24.8067	27	15.5	51.5613	55.833	68.7206	84.3054	52.5467	47	45.9667	37	84.5351	94.304	67.5642	80.5146	31.5891
Rv3119	92	114	107	136	194	176	161	201	115	196	145	95	247	261	289	325	115	105	89	134	78	99	68	93	124	76	72	69	251	204	260	286
Rv3120	75	85	77	112	187	179	180	206	144	220	157	115	288	265	297	300	89	98	64	118	88	110	69	113	107	76	96	62	227	251	248	281
Rv3121	32	64	56	67	146	184	166	193	102	197	133	106	243	309	257	338	107	110	78	125	74	93	48	101	95	50	79	73	189	225	248	272
Rv3122	93	104	78	129	190	237	193	201	226	380	219	170	462	398	361	429	174	162	72	125	155	190	111	190	159	157	104	163	500	590	318	388
Rv3123	3	9	1	6	11	12	14	16	12	15	13	3	19	26	19	30	11	11	6	22	14	19	5	9	15	12	7	9	22	41	15	29
Rv3124	17	27	30	35	22	22	21	15	5	14	10	8	20	27	31	32	39	36	15	43	25	13	12	14	21	8	10	7	14	26	30	34
Rv3125c	66	98	76	63	133	128	132	135	209	309	199	115	192	273	167	299	191	170	68	169	106	119	48	94	237	147	181	88	279	326	316	398
Rv3126c	6	9	3	8	2	4	3	6	25	40	12	10	24	38	9	20	6	7	2	10	3	1	1	3	12	6	6	3	13	6	13	15
Rv3127	5967	6269	3468	4190	9399	11498	6755	8891	20076	38287	18749	11858	15993	21575	9384	17204	1644	1566	942	1133	1836	3111	1390	2388	4929	3132	3214	2738	5869	6972	6167	8993
Rv3130c	42275	45232	34767	40138	45652	55329	31527	44619	78957	165984	77025	58763	72172	101727	40240	78105	20384	23880	14265	18444	14662	21986	8578	14659	48862	35290	22364	19729	53995	52976	42882	58582
Rv3131	14722	16428	11449	15447	17028	19792	11945	15712	31500	56562	28918	21703	30839	38450	17736	31927	5103	7262	2954	4432	4389	7873	3545	5623	12654	10129	6177	7563	19222	21805	12106	21981
Rv3132c	6611	6755	5558	7320	10378	10550	8545	8868	16153	29770	14687	11146	15677	16805	13442	15766	3657	3654	3141	3539	3557	5215	2250	4081	11423	5880	6269	7992	12624	11017	12358	14570
Rv3133c	6386	6017	5922	7196	8609	9299	6897	7782	17457	29949	15160	10930	14069	15929	11516	14633	2493	2886	2072	2506	2327	3388	1477	2728	7924	4412	4925	6059	9380	8148	8989	12134
Rv3134c	5960	6399	5703	7863	11180	12920	8759	10111	23437	41635	19792	14454	12744	18353	7582	14038	2737	3748	1955	2820	3472	4835	2274	3495	8324	5246	4112	4508	7837	8238	4062	7088
Rv3135	0	0	0	0	206	202	298	252	67	122	64	38	101	85	119	100	0	0	0	0	66	72	34	76	87	26	27	25	90	39	36	26
Rv3136	1687	1993	3976	5376	760	765	960	1060	376	762	461	317	575	498	807	799	4007	4537	1704	2084	577	755	282	380	741	568	153	183	963	690	302	324
Rv3136A	17	18	20	28	21	13	16	15	13	33	15	6	33	31	26	31	18	16	22	14	10	13	22	7	16	12	13	12	24	24	43	32
Rv3137	156	177	221	308	141	172	191	220	76	167	111	70	182	175	218	251	576	671	194	305	63	95	46	65	155	61	25	39	211	170	120	115
Rv3138	93	115	55	75	78	89	81	84	42	82	64	33	145	104	129	116	185	215	100	144	29	26	27	42	45	23	34	24	67	77	99	105
Rv3139	5144	6794	4694	6839	6810	6115	4943	5028	2106	3970	2638	1542	3973	3484	3465	3185	1627	2237	1052	1559	1452	1779	1742	2318	852	522	701	809	1728	1362	1944	1690
Rv3140	7934	10001	7239	10124	7913	7458	5742	6038	3062	4151	3429	1819	4439	3389	4512	3847	2193	2668	1768	1964	1745	2087	2198	2742	1467	746	1285	1324	2223	1724	3482	2466
Rv3141	1147	1267	920	1163	1615	1551	1244	1208	1079	1737	1165	775	2656	2105	2196	2168	666	675	900	1022	479	573	580	696	620	386	471	592	1664	1494	1754	2029
Rv3142c	636	546	537	611	473	422	370	381	379	619	393	293	576	586	457	530	150	148	289	258	132	149	237	348	165	103	191	152	302	295	765	834
Rv3143	3	5	3	7	11	7	5	13	347	681	438	302	466	865	415	792	12	9	3	15	3	11	8	8	297	148	395	390	362	349	1275	1363
Rv3144c	679	902	758	1093	1544	1528	1436	1549	1084	2007	1280	974	1536	1490	1390	1708	520	640	667	839	785	1043	1153	1856	833	584	923	892	1411	1648	2355	3155
Rv3145	155	187	156	175	649	716	641	637	586	1161	599	509	1449	1207	1366	1327	84	100	186	207	147	234	110	204	214	209	124	205	762	724	511	525
Rv3146	674	694	640	736	1787	1695	1579	1619	1408	2950	1643	1250	3739	3131	3480	3314	337	342	583	603	439	662	348	655	641	543	348	612	2531	2346	1464	2053
Rv3147	180	191	138	212	683	705	613	689	500	1029	492	462	1542	1137	1448	1359	117	124	135	162	221	265	106	244	263	250	122	224	1012	878	572	745
Rv3148	884	974	648	843	3115	3281	2789	3172	2346	4703	2552	1968	6858	5343	6154	6046	529	467	710	745	822	1361	593	1192	808	890	512	1098	4943	4457	2659	3728
Rv3149	204	230	164	203	1026	1110	916	1009	775	1481	779	661	2119	1897	1935	2095	149	178	175	215	487	691	261	565	465	418	223	508	1936	2076	1015	1473
Rv3150	556	562	512	686	2433	2566	2091	2227	1838	3465	1914	1613	4658	4092	4097	4498	389	341	505	605	637	989	457	948	633	720	363	878	3074	3415	1579	2748
Rv3151	842	854	669	1067	6127	6187	5065	5471	4525	9120	4457	4052	11373	10804	9612	10810	886	918	911	1183	2688	3966	1651	3054	2144	2554	1098	3067	11122	12763	4783	8360
Rv3152	484	602	372	571	2463	2822	2066	2252	1970	4370	2181	1906	5435	5337	4374	5115	398	328	593	522	513	861	394	828	651	663	360	982	2968	3561	1600	2763
Rv3153	454	586	371	607	1724	1984	1469	1636	1412	3123	1552	1401	3623	3999	3121	3989	396	335	487	532	373	655	330	693	604	590	306	786	1997	2510	1078	2157
Rv3154	284	391	229	367	1475	1777	1276	1317	1308	2527	1273	1109	3031	3121	2413	3027	232	208	300	283	421	648	304	573	447	456	252	646	1782	2252	992	1701
Rv3155	26	48	29	41	159	198	124	165	112	245	113	94	338	335	283	386	40	25	34	35	41	43	21	41	43	51	18	69	142	173	106	168
Rv3156	581	858	548	967	4376	4784	3441	3888	3134	6820	3242	3012	8450	7973	6925	8063	578	602	566	678	1196	1920	702	1472	1140	1279	609	1801	5673	6470	2823	5126
Rv3157	487	735	371	656	3091	3514	2605	2829	2256	5206	2412	2171	6425	6154	5029	6074	443	444	433	505	837	1275	513	1022	879	976	456	1248	3968	4523	1887	3447
Rv3158	323	436	278	467	1787	1967	1481	1582	1388	2867	1417	1220	3377	3458	2685	3355	200	234	262	268	443	633	300	604	461	458	260	702	1532	1859	894	1763
Rv3159c	972	1099	1007	1284	7408	2700	7128	2985	933	1841	1114	829	1570	1119	1461	1270	821	608	616	788	3504	2103	5315	3428	971	521	743	1241	1127	1000	2290	2596
Rv3160c	946	944	653	855	5141	1624	4668	1657	851	1036	841	444	1263	487	1188	538	232	325	608	686	3176	2178	4943	2865	1290	697	654	2110	1251	774	1158	2176
Rv3161c	9181	8679	7234	7807	35836	13016	30078	11595	8247	10268	8347	4045	9269	3741	7597	3535	3938	4163	9397	9564	33337	25747	54281	35051	15029	8211	7828	21342	12053	8297	12377	20936
Rv3162c	25	51	20	52	52	41	47	36	41	64	45	29	61	53	49	64	88	57	30	113	42	30	28	64	50	35	27	27	80	92	97	107
Rv3163c	68	95	56	87	249	205	213	158	190	281	160	121	334	274	313	300	113	91	89	157	98	90	94	172	96	71	100	91	243	295	326	385
Rv3164c	82	90	83	92	113	94	101	100	90	146	99	57	157	126	129	142	71	64	67	97	43	40	61	97	69	41	63	40	110	116	176	210
Rv3165c	34	35	18	38	42	29	40	29	26	54	33	14	48	39	48	58	28	39	20	37	33	34	24	49	46	22	33	29	58	80	68	81
Rv3166c	43	62	37	75	92	60	73	62	63	104	63	37	98	86	108	94	34	45	38	73	63	41	51	80	82	24	44	44	88	95	116	184
Rv3167c	6	5	3	10	6	5	9	9	5	5	6	2	11	8	12	6	20	11	4	18	17	7	10	18	19	9	9	8	17	28	18	36
Rv3168	41	69	68	103	51	41	52	54	32	45	30	26	47	46	40	42	109	100	44	114	61	48	64	70	160	44	54	46	72	101	109	104
Rv3169	46	70	65	123	95	75	80	110	83	98	92	52	66	107	77	124	96	113	70	127	66	88	78	111	155	69	124	45	91	127	181	170
Rv3170	98	123	68	123	141	125	131	126	111	200	116	91	183	192	170	206	64	112	35	101	83	83	59	126	87	72	67	66	173	247	202	251
Rv3171c	93	119	95	159	283	314	224	239	157	300	171	134	325	371	282	367	67	89	62	154	150	166	200	399	135	82	126	141	246	288	403	421
Rv3172c	103	148	96	133	126	93	98	103	67	137	93	70	159	163	162	205	101	80	90	114	75	73	83	144	119	47	85	173	184	167	220	422
Rv3173c	1446	1496	1274	1757	1298	1289	1086	1043	1328	2731	1368	1166	1730	1653	1402	1763	670	873	889	1721	491	643	648	1275	859	627	496	1232	1205	1295	1120	2282
Rv3174	427	461	567	797	83	41	75	65	96	153	89	65	109	87	121	138	265	346	119	253	47	53	47	86	155	73	75	88	140	144	159	135
Rv3175	153	122	182	170	36	36	28	27	40	63	36	19	48	33	51	45	128	121	41	100	27	20	12	27	58	25	34	31	66	86	109	109
Rv3176c	382	471	394	575	203	175	159	136	171	217	189	100	357	272	277	310	176	197	154	270	153	156	163	288	237	90	154	208	356	333	482	510
Rv3177	271	310	337	453	27	25	18	17	62	92	68	43	156	120	129	132	108	119	58	119	19	13	21	24	62	24	30	47	83	91	137	153
Rv3178	3	10	0	4	1	0	1	2	1	1	0	0	4	4	0	2	8	5	1	10	4	2	0	1	2	1	0	1	0	10	6	5
Rv3178a	5	3	1	2	0	0	1	1	0	0	1	0	0	1	0	2	9	4	1	4	3	0	1	3	4	3	0	0	4	8	2	7
Rv3179	20	22	13	23	29	22	20	35	35	46	40	25	47	53	43	46	78	69	27	79	46	26	44	54	67	27	41	36	69	99	134	88
Rv3180c	23	32	14	20	32	30	24	23	15	19	16	11	17	19	13	15	17	27	7	12	11	7	12	19	19	4	10	6	20	15	25	29
Rv3181c	78	77	71	79	61	51	59	31	37	60	31	31	46	40	32	47	44	37	19	43	25	28	49	55	37	18	21	22	32	36	40	54
Rv3182	73	108	61	126	116	112	92	125	313	607	377	270	410	528	363	517	64	76	42	64	99	136	163	244	568	251	408	342	481	496	614	801
Rv3183	5	6	6	9	12	10	20	6	25	36	37	16	29	40	25	34	6	13	0	10	18	20	28	26	43	22	32	36	49	56	58	65
Rv3188	17	18	26	32	20	12	17	19	13	19	17	13	23	26	18	13	20	18	9	23	10	17	16	22	26	15	26	15	22	28	34	26
Rv3189	25	61	20	41	24	21	33	16	17	46	27	27	41	27	21	24	69	72	29	61	37	49	28	45	61	36	26	22	45	72	55	85
Rv3190c	164	212	173	191	248	288	211	276	213	339	277	151	899	704	847	869	130	131	140	161	72	85	82	116	105	81	108	79	340	317	686	551
Rv3190A	110	111	116	126	130	87	91	81	93	162	109	87	379	275	320	286	26	42	60	77	29	28	41	47	28	20	26	45	145	103	163	199
Rv3191c	12	10	6	11	8	8	11	12	12	16	7	6	41	33	47	43	32	29	6	26	17	6	7	12	20	15	9	3	37	61	58	61
Rv3192	5	3	0	0	0	3	2	3	1	5	2	2	9	4	6	4	10	5	1	12	5	4	1	11	6	6	4	1	11	15	10	25
Rv3193c	1793	2198	1478	2054	2573	2410	2067	2080	1829	3155	1881	1209	4070	3491	3552	3886	1031	1038	973	1258	757	925	846	1383	917	717	805	808	1915	2068	2880	3222
Rv3194c	81	94	76	119	104	102	135	158	109	150	103	55	148	174	167	229	118	116	73	123	76	78	63	84	113	64	62	40	125	180	159	188
Rv3195	171	220	169	173	191	209	220	165	151	226	184	118	178	200	188	269	123	180	100	217	176	164	165	261	250	123	146	177	260	303	275	459
Rv3196	2	5	2	2	10	7	5	6	4	12	4	2	9	10	7	16	28	21	5	24	4	3	4	4	14	10	3	6	11	43	9	26
Rv3196A	73	57	89	108	35	23	34	32	34	31	22	21	36	44	41	51	31	56	41	62	9	30	27	32	23	21	20	14	41	23	53	56
Rv3197	9856	8897	6445	7222	2271	1892	1811	1537	2233	3592	2236	1411	2451	2322	1863	2225	3241	3072	3641	5026	837	1048	1222	1785	1639	663	1560	901	2105	1681	4239	3020
Rv3197A	7	7	16	16	19	9	19	13	4	7	4	4	28	25	22	42	13	12	3	17	23	21	23	22	16	15	11	6	34	46	49	63
Rv3198c	317	353	357	527	579	490	520	481	552	803	559	346	1590	1210	1502	1478	212	246	252	351	223	207	219	323	313	183	292	232	1082	1030	1342	1314
Rv3198A	29	37	34	43	22	28	24	23	24	51	37	14	48	69	76	71	18	9	20	20	6	14	11	11	10	3	19	10	21	39	44	34
Rv3199c	22	30	23	44	186	148	142	129	161	235	156	104	487	326	452	458	42	44	22	48	74	49	49	62	90	68	49	81	298	314	247	279
Rv3200c	179	248	155	219	714	581	670	629	725	1164	704	519	2342	1774	2177	2168	218	234	143	165	280	304	211	264	407	250	229	312	1995	1582	1321	1341
Rv3201c	271	248	288	316	1032	740	921	798	597	1178	630	437	3853	2792	3688	3170	289	310	184	337	585	443	300	324	477	336	181	393	4672	3231	1946	2345
Rv3202c	421	447	388	503	1951	1396	1628	1412	1214	2091	1124	869	7338	4849	7023	5297	420	506	227	449	1242	1068	547	693	864	608	353	643	9580	6269	3735	3725
Rv3202a	12	17	11	17	18	9	17	17	9	5	6	3	10	13	19	12	12	5	5	12	6	10	7	13	8	3	4	3	11	11	17	14
Rv3203	18	28	11	29	31	16	33	33	21	31	19	14	38	39	51	45	10	24	12	34	19	18	15	20	21	8	18	11	30	46	39	57
Rv3204	7	12	6	12	14	9	8	7	10	6	15	6	13	20	12	11	8	10	5	12	6	9	5	8	18	9	3	6	10	12	7	19
Rv3205c	232	331	270	396	660	630	581	591	451	810	458	369	1054	875	988	937	208	244	189	290	356	453	395	496	455	235	312	348	1175	984	1186	1265
Rv3206c	539	681	516	758	1405	1293	1130	1106	875	1753	988	703	2246	1885	2108	2018	403	478	616	644	1234	971	1206	1446	3168	567	1235	1296	5820	2678	4961	5412
Rv3207c	467	578	341	519	1225	1272	926	998	889	1628	861	633	2521	2216	1948	1988	253	275	288	375	352	431	478	715	408	282	391	383	1266	1208	1768	1808
Rv3208	163	200	138	240	442	409	351	381	341	530	380	243	666	594	674	661	79	107	95	94	181	170	206	303	243	123	164	185	290	247	417	508
Rv3208A	7	18	29	19	21	20	10	21	14	27	9	13	20	34	40	33	19	12	12	21	10	11	7	17	14	12	4	7	24	24	29	33
Rv3209	13	18	17	15	399	421	311	315	233	366	239	139	623	578	477	533	21	13	12	18	62	73	182	229	58	37	75	59	147	178	549	574
Rv3210c	137	176	130	163	430	367	386	393	365	468	370	206	644	483	608	517	90	93	90	122	133	126	197	209	198	112	157	152	286	276	437	442
Rv3211	1268	1652	1518	2343	6821	6559	6413	6761	4399	8118	4509	3524	9770	7490	9459	8542	765	1024	1264	1562	2601	3282	3104	3588	2123	1693	2218	2421	6166	5599	6165	6682
Rv3212	231	341	215	360	2915	2607	2624	2446	1684	3408	1708	1572	3846	2801	3360	2962	351	393	284	401	1790	2052	1310	1610	1342	1319	716	1511	4105	3523	2229	2555
Rv3213c	625	693	682	842	772	800	670	725	620	1168	647	436	1112	1172	1064	1253	440	549	465	498	308	393	270	333	422	313	252	306	814	862	735	942
Rv3214	105	144	106	147	215	206	180	179	152	276	215	110	285	234	295	290	84	90	72	98	90	84	95	133	114	70	85	74	235	223	216	194
Rv3215	68	79	68	121	192	173	153	143	128	182	139	73	233	205	199	223	74	65	50	93	55	48	53	87	66	47	50	46	117	141	164	207
Rv3217c	205	216	142	221	410	330	344	303	315	530	349	236	607	475	550	561	107	153	103	133	175	214	158	198	173	171	115	146	473	475	395	483
Rv3218	30	37	22	30	34	40	44	51	42	58	25	24	85	60	76	61	45	46	16	48	25	18	12	32	30	18	19	17	29	57	65	72
Rv3219	1973	2279	1905	2521	2065	2220	1947	2227	2004	3179	2000	1479	2477	2641	2626	3239	873	1038	1852	1497	1579	1678	2341	2973	2603	938	2343	2215	2504	2232	6829	5944
Rv3220c	1078	1355	836	1242	2456	2395	2229	2092	1840	3149	1942	1336	5609	4308	4946	4584	861	932	577	779	821	979	644	992	873	729	536	738	4000	3768	2618	3090
Rv3221c	132	122	133	139	88	83	74	85	70	106	79	47	176	175	164	178	56	50	58	61	21	44	33	43	40	20	29	35	111	92	95	102
Rv3221A	54	58	64	67	81	69	95	79	68	113	65	49	216	186	236	217	39	56	70	85	54	43	50	69	73	39	57	45	207	160	210	206
Rv3222c	227	209	246	344	489	449	390	420	346	614	318	261	1094	980	1063	1084	185	231	219	296	278	302	260	293	336	192	202	271	1324	1073	986	1024
Rv3223c	404	539	449	632	663	668	586	600	462	914	519	370	1843	1658	1765	1873	428	373	523	466	441	392	342	451	777	231	341	358	1786	1267	1556	1396
Rv3224	416	493	456	623	629	666	624	716	661	1229	814	512	1695	1842	1709	1945	275	261	323	326	194	361	191	348	364	324	247	281	1070	1251	880	1006
Rv3225c	572	797	680	978	1007	903	925	824	840	1376	887	629	1731	1669	1738	1821	543	511	495	592	444	565	509	719	705	433	559	499	1947	1696	1927	1785
Rv3226c	79	102	79	102	172	130	143	121	139	216	156	83	497	378	483	407	41	46	55	81	45	72	61	107	70	42	44	61	279	248	333	307
Rv3227	144	176	145	209	362	286	301	284	271	391	265	195	516	424	476	508	177	213	138	194	264	267	162	237	245	165	149	191	626	700	524	624
Rv3228	35	31	25	52	76	74	66	53	61	92	58	29	96	99	78	103	56	63	20	66	40	40	31	54	61	33	36	39	89	116	136	164
Rv3229c	10948	15769	7356	13153	21720	22448	16449	18015	17773	26279	18948	11112	11882	11189	9992	10863	3869	4032	4536	5877	15058	21915	18931	28859	27419	11731	19386	13945	8845	8121	11590	12548
Rv3230c	1335	2130	979	2012	3007	2809	2381	2344	2279	4110	2122	1919	2349	2355	1945	2544	1105	1706	593	984	2620	2648	1952	2292	3577	1429	1632	2200	2407	2094	2359	2520
Rv3231c	4	11	14	19	33	27	41	37	32	41	30	18	62	57	63	79	19	20	7	19	16	11	12	14	18	12	19	13	25	42	50	46
Rv3232c	172	245	188	263	285	292	291	244	247	402	289	143	547	465	595	595	162	148	125	192	113	115	102	141	241	105	151	109	255	275	413	433
Rv3234c	87	121	83	147	344	340	360	319	287	484	286	188	707	564	737	681	65	74	62	94	171	157	122	182	178	110	126	149	423	388	367	467
Rv3235	13	18	18	19	14	13	12	12	10	17	12	9	17	20	12	21	17	21	7	28	11	6	4	16	11	12	11	3	9	17	23	16
Rv3236c	351	484	234	391	837	777	690	674	582	1113	614	472	1384	1227	1235	1284	165	224	189	243	183	253	247	411	313	190	240	267	498	537	819	981
Rv3237c	319	335	291	357	280	307	261	242	247	385	226	161	383	341	348	323	95	113	194	183	95	108	185	211	143	92	165	94	207	227	558	530
Rv3238c	412	425	407	476	390	366	299	331	249	609	284	314	415	509	383	472	173	184	134	207	163	184	196	283	170	119	146	111	278	291	776	662
Rv3239c	131	154	125	172	389	293	350	324	359	606	402	265	672	732	553	749	316	336	197	389	279	243	208	284	315	233	249	247	703	898	733	936
Rv3240c	1408	1733	1989	2870	2692	2483	2701	2801	2045	3125	2310	1396	3597	3457	3775	4313	1480	1667	1498	1751	1027	1286	1568	2185	1494	996	1877	1220	2727	2839	5839	5108
Rv3241c	388	470	476	636	582	466	583	513	391	671	365	318	637	669	557	727	200	301	339	444	234	286	421	640	324	199	461	247	482	555	1238	1238
Rv3242c	66	64	54	71	152	146	135	121	109	201	121	78	370	282	377	364	60	67	32	70	78	93	79	81	66	43	58	56	337	322	299	294
Rv3243c	77	77	60	108	345	403	280	329	239	461	202	213	648	604	582	662	75	105	62	95	117	172	139	203	166	92	111	135	546	543	562	687
Rv3244c	159	206	159	247	2482	2682	2115	2353	1415	2826	1459	1253	3880	3522	3311	3515	294	279	223	374	920	1216	888	1409	647	626	583	916	3489	3522	2875	3590
Rv3245c	426	563	348	551	6180	6714	5001	5501	3222	6558	3371	2670	8789	7893	7523	8325	502	489	356	490	2032	2924	1915	3686	1634	1331	1306	1884	7174	6847	7391	7601
Rv3246c	565	660	470	695	3107	3021	2340	2574	1943	4158	1999	1722	4596	5020	3628	4882	229	317	252	319	1147	1766	1090	1769	1175	950	851	931	2756	3345	3349	3534
Rv3247c	378	655	321	697	425	473	369	372	458	760	425	339	1139	975	1081	1073	140	230	104	161	187	150	226	179	328	153	291	254	641	641	792	949
Rv3248c	14050	20697	12335	19889	6924	7812	5736	6379	8575	15378	8032	6597	11383	11826	9740	11446	6438	6682	4853	5845	4834	3472	6411	4181	11030	3008	9234	4358	9479	7517	13144	9342
Rv3249c	496	807	330	788	1435	2859	1140	2553	4037	6268	3311	3086	1282	2260	1316	2338	613	481	1085	489	2633	1320	4688	1522	6688	1043	5963	1379	2569	1354	5873	2125
Rv3250c	90	124	55	93	163	304	124	237	418	617	375	274	154	185	129	185	98	58	99	87	264	144	441	173	656	88	566	134	232	130	470	233
Rv3251c	38	74	22	57	72	150	74	134	218	339	227	158	67	131	62	117	79	30	84	32	164	95	238	143	461	84	329	75	107	104	302	169
Rv3252c	1857	2232	1545	2557	7869	11593	6988	10237	15446	19784	14280	9423	4569	6772	4376	6898	1566	907	3532	1512	8799	8590	15268	12803	23516	4753	20456	7543	8403	4894	17482	9386
Rv3253c	102	115	109	143	164	157	187	162	118	229	132	87	311	203	293	272	113	123	63	139	71	53	45	69	89	77	48	30	159	198	148	137
Rv3254	170	200	132	191	176	222	204	193	148	313	169	95	420	335	351	374	80	135	73	140	111	119	124	145	128	82	104	83	271	294	323	333
Rv3255c	151	212	139	220	574	457	470	434	395	693	385	307	943	775	811	905	128	152	159	254	158	204	170	249	154	144	141	196	698	680	517	752
Rv3256c	172	222	155	237	851	706	708	676	515	904	535	423	1327	1047	1216	1144	117	166	145	214	259	308	218	320	207	209	166	272	1009	1018	622	877
Rv3257c	645	846	713	905	2062	2011	1938	1826	1435	2457	1486	1098	4133	3285	3732	3518	416	496	611	592	527	627	601	799	519	464	457	520	2261	2068	2127	2197
Rv3258c	9	17	13	14	179	140	187	184	107	167	102	80	277	212	256	278	19	17	13	22	49	78	64	91	47	31	49	42	157	169	216	220
Rv3259	20	18	8	15	17	16	18	13	15	23	16	9	25	31	26	30	21	21	3	19	10	6	10	11	16	10	6	4	19	22	15	25
Rv3260c	14	25	11	28	85	79	97	75	64	81	65	43	79	103	105	158	11	11	7	27	43	34	55	84	42	27	45	33	102	100	169	139
Rv3261	41	45	49	62	124	133	160	145	93	153	125	66	238	200	244	257	59	58	37	71	64	72	58	96	84	55	55	50	168	215	191	231
Rv3262	18	26	12	21	120	130	127	129	93	128	95	64	218	217	189	227	76	64	22	63	62	60	38	60	83	57	47	43	198	217	142	207
Rv3263	195	241	153	167	298	364	267	265	220	403	240	123	940	843	808	725	119	102	94	137	72	48	60	86	80	35	31	47	311	288	228	347
Rv3264c	232	281	208	306	1055	928	996	850	705	1308	804	547	1838	1401	1751	1680	294	270	165	230	404	463	293	393	424	330	207	388	1416	1412	925	1275
Rv3265c	124	121	62	112	490	396	466	393	303	553	326	212	854	639	721	729	92	82	47	102	168	169	136	177	193	132	92	117	550	548	389	468
Rv3266c	348	332	258	369	1154	975	863	749	724	1292	691	529	1498	1289	1264	1341	137	194	143	192	382	418	373	478	321	220	222	298	879	791	745	924
Rv3267	253	275	189	312	3039	3336	2570	3079	1798	3358	1804	1337	6918	5726	5928	5708	209	245	191	299	871	1186	1295	2039	698	613	673	1028	4682	4327	4438	5302
Rv3268	12	16	10	24	249	266	225	231	104	258	160	119	534	450	448	493	27	25	14	34	96	112	117	171	80	57	63	97	382	438	359	449
Rv3269	1318	1487	526	476	4731	2417	3063	1216	1822	2346	1634	778	4557	2559	3597	1749	387	542	132	207	2522	1559	1420	972	1531	701	519	990	2940	1985	1180	1699
Rv3270	9062	10870	4037	3835	55050	21268	40988	13878	20025	24893	18505	8468	56721	26609	48689	22717	5069	6587	1559	1929	32649	15527	17920	11021	18139	7877	6619	12454	56595	27329	21702	21543
Rv3271c	373	421	463	657	343	326	321	381	358	516	372	277	738	696	657	770	257	424	310	447	211	246	216	251	281	230	237	247	716	891	706	827
Rv3272	104	121	96	146	988	557	813	512	473	677	558	269	1612	918	1698	1125	188	198	120	133	252	214	262	287	233	134	155	263	818	631	587	699
Rv3273	390	453	407	611	2568	1596	2106	1444	1498	2398	1531	1020	4409	2905	4149	3411	548	504	492	600	773	660	592	770	796	594	470	747	2193	1991	1653	2236
Rv3274c	197	255	263	376	529	548	625	664	494	805	625	396	917	1160	994	1356	370	384	230	324	263	372	201	305	322	330	292	256	867	1060	777	959
Rv3275c	13	18	21	22	108	77	89	96	71	125	77	50	131	126	163	163	29	35	18	26	41	40	25	41	39	42	20	28	121	144	102	110
Rv3276c	71	79	76	82	507	522	559	567	354	644	404	244	957	817	952	961	164	152	71	115	221	239	140	197	223	150	107	149	856	859	546	633
Rv3277	187	270	172	272	352	424	379	473	335	513	343	213	519	465	602	543	153	140	97	111	105	147	124	148	202	108	152	130	277	248	387	301
Rv3278c	42	57	42	54	39	40	37	39	46	48	41	24	78	84	62	101	43	33	20	44	15	27	18	24	32	8	24	19	49	58	55	89
Rv3279c	28	33	42	47	52	59	58	66	58	94	51	31	125	107	105	119	46	55	33	54	44	51	34	34	58	34	32	26	111	110	88	115
Rv3280	694	893	716	1170	1271	1310	1254	1339	1150	1865	1226	792	2464	2082	2531	2662	508	509	409	549	282	448	358	515	548	383	427	381	1176	1271	1278	1323
Rv3281	845	914	965	1122	947	1010	943	1118	537	813	522	382	1069	989	1056	1217	644	580	577	799	437	570	458	654	325	222	210	269	637	720	673	816
Rv3282	57	77	35	71	294	293	283	318	300	476	334	206	625	640	598	734	107	115	67	86	157	176	117	182	146	135	88	166	430	482	415	557
Rv3283	1276	1444	1146	1735	1618	1579	1297	1382	1175	2088	1339	883	2520	2336	2339	2422	662	675	812	906	436	496	626	805	529	383	582	594	1170	1248	2161	2050
Rv3284	432	498	316	454	651	613	506	575	540	834	586	317	1011	987	914	966	208	235	288	284	122	167	188	310	191	152	221	202	437	543	822	897
Rv3285	953	1083	1060	1407	2697	2643	2387	2460	2031	3418	2255	1498	4022	3928	3848	4660	797	932	688	961	1070	1283	977	1309	1082	868	813	1059	3093	3648	2767	4039
Rv3286c	141	252	124	223	345	300	241	198	208	306	167	95	279	274	276	281	107	129	108	139	292	365	596	826	452	170	532	345	508	556	1355	1785
Rv3287c	174	271	166	276	321	272	242	210	138	212	170	103	229	303	216	279	153	204	160	178	412	511	729	1365	539	208	582	429	628	711	1542	2241
Rv3288c	545	960	354	789	403	321	322	288	173	296	192	137	233	264	172	263	454	616	684	726	883	1240	2245	4021	1445	583	1509	1070	1184	1445	3366	5895
Rv3289c	505	803	302	634	231	186	196	119	90	165	118	67	77	117	67	91	343	509	708	794	619	763	1757	2987	863	371	985	688	652	879	2166	3597
Rv3290c	11986	14572	14222	19169	9408	6967	8368	5634	4291	6335	4824	2707	3160	3569	2332	3846	10091	14314	25182	34292	20273	27923	47572	83253	27105	14353	27673	26737	22070	27351	73750	117084
Rv3291c	36	67	38	50	48	48	43	45	31	57	41	23	51	51	57	51	29	23	32	33	31	44	44	84	47	27	58	24	46	56	90	110
Rv3292	92	132	74	119	189	160	161	171	105	127	111	59	166	178	163	192	96	98	102	119	263	340	556	775	363	151	354	241	330	305	723	830
Rv3293	178	212	144	253	570	444	473	431	291	468	317	191	523	551	522	670	201	187	208	210	558	560	1246	1397	685	265	681	443	873	832	1536	1711
Rv3294c	1	4	4	1	4	0	4	1	1	2	1	2	4	4	3	4	11	12	1	18	10	0	0	6	9	3	3	3	4	21	17	14
Rv3295	833	986	598	901	1252	1116	951	869	1047	1577	929	641	1800	1426	1382	1292	236	347	363	512	334	485	459	729	452	290	403	288	984	983	1084	1210
Rv3296	717	796	585	789	2508	2124	2039	1791	1472	2442	1447	1092	5208	3588	4655	3751	522	717	490	638	1255	1324	852	1130	850	676	453	826	4987	3816	2684	3119
Rv3297	80	69	62	78	302	268	247	222	182	282	182	118	591	407	553	422	53	73	57	78	128	119	100	151	122	72	75	115	527	343	365	418
Rv3298c	102	95	67	113	103	122	129	122	115	187	131	83	303	328	282	354	101	86	82	110	77	95	52	115	116	82	74	84	261	352	247	365
Rv3299c	522	616	543	682	866	877	748	766	701	1332	756	562	2195	1946	1968	2138	472	475	333	561	306	403	313	522	437	364	356	367	1555	1758	1584	1834
Rv3300c	58	76	49	83	139	122	120	101	110	202	87	88	276	241	260	277	82	74	49	82	73	93	60	90	71	54	40	72	224	229	228	339
Rv3301c	213	267	209	297	367	354	343	311	297	519	303	236	752	690	679	761	183	171	170	200	151	239	128	256	193	147	143	162	504	535	603	813
Rv3302c	264	261	298	392	545	545	546	542	454	797	421	325	858	802	856	969	227	242	255	329	237	297	226	324	242	185	199	235	640	716	711	862
Rv3303c	67	90	73	105	228	188	200	212	150	224	139	102	403	334	421	409	98	111	72	115	82	126	50	65	117	85	45	64	288	381	171	234
Rv3304	36	42	30	46	52	50	62	58	47	92	57	27	124	95	149	161	59	39	29	50	31	34	23	48	46	42	37	33	103	103	117	113
Rv3305c	186	244	134	205	474	436	386	357	405	630	373	284	709	708	682	706	144	142	139	188	161	150	130	204	163	137	87	139	384	410	334	459
Rv3306c	552	612	432	548	1431	1308	1095	1049	972	1801	959	705	2198	1902	1900	1958	351	348	293	330	602	675	425	548	562	496	261	460	2062	1811	1082	1399
Rv3307	32	45	29	44	159	150	153	148	105	229	114	81	303	247	290	277	58	59	29	54	107	116	62	89	99	109	61	84	342	336	232	287
Rv3308	35	35	27	20	160	139	181	189	124	232	158	99	402	333	375	406	85	76	41	102	109	88	53	109	100	88	71	82	398	460	311	416
Rv3309c	10	13	5	9	8	8	18	10	11	16	11	9	19	19	22	28	32	25	8	27	19	18	15	20	26	15	18	13	35	57	40	51
Rv3310	29	52	28	41	110	118	110	130	98	141	120	59	234	192	197	217	42	24	17	38	39	32	41	74	51	21	49	21	113	92	256	146
Rv3311	123	158	112	170	205	181	201	229	176	237	172	113	369	409	411	509	194	159	73	160	64	84	85	102	124	81	68	48	218	277	363	296
Rv3312c	88	122	78	155	67	58	79	80	45	65	60	33	53	56	50	48	67	101	52	75	31	36	35	50	49	25	44	17	59	62	140	75
Rv3312b	4	3	3	1	0	2	2	1	0	0	2	1	0	0	1	0	0	2	0	1	0	0	0	0	0	0	0	1	0	0	0	2
Rv3312A	593	906	643	992	7	7	11	13	81	88	66	24	77	53	42	33	144	162	185	243	8	1	4	1	41	8	39	2	78	21	97	17
Rv3313c	96	99	89	133	136	141	145	120	82	161	107	57	133	130	153	166	50	65	45	121	61	37	62	97	67	48	66	28	83	123	249	218
Rv3314c	163	175	156	214	166	128	162	171	126	198	124	74	217	186	201	195	157	156	96	182	119	95	88	126	126	102	69	71	218	294	234	301
Rv3315c	25	32	31	46	19	15	17	21	24	31	23	17	29	18	36	30	37	25	15	38	10	11	7	19	14	9	5	10	23	31	22	36
Rv3316	14	21	18	25	23	18	34	29	13	26	20	18	31	23	35	28	11	11	3	13	5	6	12	9	16	3	1	6	18	22	34	20
Rv3317	33	35	41	59	56	54	58	56	41	65	56	25	104	61	76	93	20	24	4	30	14	19	19	22	27	15	20	11	51	50	66	68
Rv3318	174	235	246	360	472	457	469	549	281	420	309	205	590	595	677	853	190	208	98	261	147	207	143	299	209	165	177	140	366	490	679	695
Rv3319	95	90	77	152	190	194	214	201	132	210	155	113	273	313	249	417	113	115	87	120	97	85	73	147	107	81	87	72	208	336	360	430
Rv3320c	61	79	36	42	101	108	72	83	121	228	151	86	222	209	171	214	34	22	24	33	31	27	33	51	50	26	37	47	89	106	225	303
Rv3321c	52	82	52	63	63	81	56	71	133	201	124	69	180	169	178	189	30	21	22	28	34	23	36	48	45	23	51	38	64	80	203	235
Rv3322c	183	215	125	168	94	82	77	71	1363	1714	1330	881	2437	2556	2159	2800	85	109	97	121	44	56	34	56	1016	485	755	751	1662	2188	4046	5474
Rv3323c	243	298	263	327	143	121	141	140	1317	1840	1432	863	2654	2785	2506	3074	133	166	187	170	67	83	78	92	967	549	819	679	1809	2201	4418	6133
Rv3324c	153	206	176	199	24	15	22	21	1083	1564	1260	639	2402	2283	2227	2531	84	96	114	137	18	14	16	23	767	341	660	513	1524	1962	4184	5377
Rv3327	22.0338	41.9351	22.6364	50.2368	26.9577	22.1912	28.5771	16.001	55.7245	82.4391	55.3407	27.7205	115.982	120.015	124.976	155	45.7994	57.2007	15.3303	42.1742	29.0884	10.3951	16.2594	25.7953	49.6791	33.5174	70.1623	29.4225	107	141.266	220	180
Rv3328c	324	486	305	565	443	378	369	352	330	567	326	248	665	557	514	521	166	317	237	364	199	214	208	273	219	173	173	172	514	540	485	618
Rv3329	108	121	84	142	202	209	212	228	177	291	162	134	341	330	372	400	119	100	65	127	86	83	89	119	112	76	85	73	222	282	253	293
Rv3330	8	17	5	6	164	213	166	212	105	202	117	95	341	320	361	356	53	45	8	31	67	54	36	77	57	63	27	51	237	320	230	239
Rv3331	97	144	90	165	599	488	613	428	395	665	456	251	763	560	733	693	103	109	63	140	283	349	223	269	290	185	201	232	657	650	556	660
Rv3332	15	24	14	27	250	212	253	205	205	278	208	128	346	251	304	266	33	49	13	53	170	198	117	175	136	127	70	136	413	369	226	292
Rv3333c	9	14	10	14	8	16	24	18	12	11	14	3	104	18	85	15	25	28	8	37	20	13	15	20	19	9	8	7	85	39	61	35
Rv3334	57	81	90	153	43	39	30	36	46	44	49	25	31	23	26	25	50	56	54	69	106	139	107	190	198	68	98	131	65	72	85	114
Rv3335c	139	168	99	131	455	446	320	325	341	588	312	232	550	489	491	517	156	142	64	154	113	148	57	141	135	139	72	170	410	413	209	342
Rv3336c	385	481	275	411	815	836	632	613	653	1243	575	515	1207	1082	1005	990	179	191	118	146	206	265	165	197	256	226	133	211	685	664	402	415
Rv3339c	615	830	265	488	959	826	731	724	827	1531	931	642	1398	1250	1218	1290	547	375	316	311	204	295	236	405	422	302	307	295	507	640	808	968
Rv3340	103	154	187	328	377	340	419	399	225	366	218	161	255	238	299	282	125	101	90	108	240	211	183	199	233	98	129	104	291	235	257	279
Rv3341	328	361	468	710	525	384	572	597	321	553	391	274	330	391	463	432	359	371	290	351	288	291	264	272	391	207	248	188	511	487	377	448
Rv3342	201	242	234	354	287	262	303	293	210	301	252	134	221	210	218	254	160	252	218	264	202	171	177	174	272	120	158	127	297	276	216	282
Rv3343c	150	248	153	243	2835	2999	2285	2227	5612	11940	5840	5111	14762	11630	10321	10284	334	244	163	322	839	919	672	1358	2897	1981	1737	2534	8470	7798	6900	7938
Rv3344c	38	57	52	79	154	137	124	133	141	179	99	79	170	189	147	164	61	77	40	78	147	143	140	194	109	121	78	118	372	334	275	271
Rv3345c	71	93	93	115	393	313	373	321	362	577	307	275	651	471	519	467	135	199	133	243	447	356	329	419	445	364	302	340	1244	958	939	904
Rv3346c	1.12073	1.47927	3.2516	2.74527	9.54758	3.60926	2.28761	9.17388	5.90959	16.7784	4.69851	8.02557	7.67795	15.7167	11.2165	16.7262	13.3992	5.65179	1.14351	13.1091	6.83601	4.91208	8.21293	12.5268	5.07318	4.9059	3.2612	9.1005	13.4666	12.9604	17.7548	25.9611
Rv3347c	2144.1	3024.95	1791	2687.09	10490.5	13320.5	8398.2	9891.81	7557.31	20079.3	8026.43	8338.97	11246.8	13551	8366.82	12453.4	2194.28	1920.59	1768.77	2279.83	3376.55	5722.8	4482.84	9800.89	3968.22	3080.12	3245.36	4817.53	7709.31	9188.81	12991.8	19630.4
Rv3348	5.5	4.5	6	5.5	30.8925	21	16.5	16	7.5	23	11.5	11.5	17	13	20	20	8.5	8.5	8.5	12	4.10755	24	13	19.5	21	11.5	9.5	11.5	18	27.5	18	26.5
Rv3349c	4	18	8	9	10	12	17	8	10	13	8	3	18	22	20	31	37	40	4	23	13	7	13	14	22	12	6	7	27	51	46	49
Rv3350c	408.9	567.052	442	612.909	857.494	870.471	827.8	693.182	520.696	982.694	583.574	466.025	1273.18	1310.97	1058.18	1398.63	1038.72	954.406	607.226	1239.17	598.45	661.202	447.156	823.123	737.777	476.882	390.639	364.469	1510.7	2003.19	1454.24	1819.61
Rv3351c	11	4	4	2	7	7	9	9	10	11	8	4	18	12	23	14	26	18	6	23	10	1	3	18	17	8	8	0	12	41	28	22
Rv3352c	5	4	2	2	4	5	3	2	2	5	7	0	8	5	6	7	28	22	6	30	8	0	6	6	15	7	2	3	10	19	18	34
Rv3353c	0	1	1	0	2	1	3	1	1	1	3	2	4	4	2	5	12	10	3	6	5	3	2	2	4	2	3	1	6	10	4	8
Rv3354	44	84	63	80	36	39	52	51	26	28	45	20	22	12	20	26	16	18	15	22	24	15	69	89	57	16	88	15	30	15	76	44
Rv3355c	19.8793	40.5207	25.7484	26.2547	66.4524	36.3907	42.7124	32.8261	45.0904	77.2216	48.3015	26.9744	90.3221	83.2833	81.7835	69.2738	56.6008	40.3482	16.8565	55.891	20.164	25.0879	11.7871	32.4732	31.9268	19.0941	24.7388	17.8995	65.5334	70.0396	75.2452	60.0389
Rv3356c	34	39	43	54	131	95	137	132	93	196	115	85	244	200	219	223	57	68	33	47	68	88	60	76	99	57	57	76	237	229	133	187
Rv3357	2	5	5	5	2	1	3	5	6	3	3	3	4	6	5	7	18	6	3	12	7	4	5	5	9	7	6	4	7	15	11	13
Rv3358	3	2	3	2	4	6	3	2	2	3	4	1	5	5	7	10	12	6	5	12	4	6	3	6	7	4	2	3	4	6	5	4
Rv3359	13	18	11	14	28	14	28	17	16	25	18	13	22	29	30	37	33	45	6	47	26	9	9	23	29	18	11	9	31	44	47	47
Rv3360	26	38	13	22	37	37	37	33	44	62	66	22	37	67	39	58	32	38	15	25	36	24	20	24	69	40	23	31	45	40	42	39
Rv3361c	55	115	48	101	190	169	142	133	158	202	163	91	287	271	266	242	68	74	56	79	45	66	53	65	68	54	65	94	156	184	114	185
Rv3362c	150	194	97	170	296	271	263	229	279	369	253	143	438	351	339	427	95	128	95	121	101	93	99	138	109	75	88	133	227	261	219	296
Rv3363c	34	50	28	50	102	71	82	55	71	109	70	49	101	98	114	106	15	31	28	27	25	35	32	26	38	21	34	44	65	58	48	94
Rv3364c	83	142	72	165	211	167	159	145	151	203	178	92	219	204	195	199	76	109	70	90	93	91	81	118	100	71	61	90	194	201	142	202
Rv3365c	1284	1969	1211	2096	2696	2186	2349	2005	1812	2650	1911	1216	3249	2544	2795	2711	878	1221	811	1299	1310	1505	1151	1527	1334	843	899	1134	3333	3209	2165	3120
Rv3366	1	3	3	3	8	3	11	8	152	240	146	106	176	167	205	155	7	8	2	5	4	8	2	3	119	70	101	72	136	138	203	158
Rv3367	121	153	135	192	866	835	861	811	643	1170	664	520	2021	1567	1700	1655	170	230	140	181	718	836	810	1016	675	481	545	670	3196	2675	2331	2613
Rv3368c	41	55	59	52	42	59	49	51	41	75	60	31	112	109	123	127	36	36	25	42	29	29	27	40	36	25	13	17	102	94	90	97
Rv3369	119	118	107	155	124	104	87	79	92	168	93	80	227	232	212	228	28	57	63	87	40	53	40	71	47	37	48	45	127	127	148	142
Rv3370c	273	411	274	498	436	380	332	301	219	396	210	181	465	440	443	413	373	514	189	494	301	368	218	308	280	218	131	201	708	677	412	637
Rv3371	1538	2383	1820	3051	764	515	551	413	244	377	257	186	171	190	148	205	448	749	904	1278	547	751	532	813	1695	438	1231	431	471	406	769	628
Rv3372	129	194	105	195	260	196	244	227	152	297	179	128	311	309	292	320	124	156	127	174	108	135	112	150	253	95	154	102	303	341	231	364
Rv3373	39	56	51	84	95	103	108	115	74	113	97	57	157	170	175	206	79	58	46	64	48	59	35	64	81	39	28	38	157	207	104	175
Rv3375	15	26	22	24	87	57	74	90	64	105	69	38	110	108	124	160	63	67	28	70	32	30	21	34	29	38	23	23	102	135	83	111
Rv3376	366	429	271	350	443	515	368	414	438	754	402	256	775	709	809	703	130	156	196	261	100	113	114	173	151	112	109	154	223	244	288	403
Rv3377c	365	401	391	473	288	276	279	282	210	338	244	127	402	398	425	448	408	340	290	417	112	146	97	196	172	105	132	89	198	249	320	379
Rv3378c	107	141	124	135	71	55	75	67	46	72	52	36	87	97	92	104	90	79	72	101	36	16	31	43	51	22	29	10	39	71	90	96
Rv3379c	47	64	34	51	47	55	25	33	24	52	21	9	65	76	67	74	85	88	32	91	28	18	16	35	45	33	10	12	49	90	52	71
Rv3382c	197	234	186	202	473	463	397	382	60	124	56	38	75	115	67	114	133	152	114	138	141	174	140	212	57	32	30	17	44	82	68	88
Rv3383c	511	502	431	528	1068	992	895	897	295	491	351	227	594	470	473	475	584	415	293	450	331	423	393	614	348	171	259	222	375	431	594	726
Rv3384c	17	39	14	13	89	69	66	41	34	70	36	30	47	26	39	34	20	25	11	21	37	46	51	67	29	15	25	32	18	30	38	37
Rv3385c	25	24	21	34	67	53	71	47	28	72	27	20	24	21	25	32	7	10	15	23	43	38	54	49	35	18	27	22	32	30	23	18
Rv3386	26	32	20	21	58	49	51	34	40	76	33	28	54	48	69	67	46	37	9	45	20	23	28	27	34	8	15	19	21	42	45	58
Rv3387	13	16	5	11	37	35	35	30	14	43	28	14	38	48	49	46	14	16	4	22	18	12	9	23	11	7	7	7	46	46	37	43
Rv3388	65	61	87	108	238	195	218	186	224	313	196	177	262	196	201	196	101	134	83	126	248	231	164	214	199	181	135	166	353	350	241	269
Rv3389c	569	760	712	912	886	778	942	863	704	1243	759	592	840	830	847	1023	808	809	689	801	721	762	483	691	982	679	477	549	1093	1251	747	937
Rv3390	131	161	133	186	252	222	255	245	217	238	231	124	162	168	168	172	87	64	77	91	99	110	140	196	161	74	132	82	94	117	213	182
Rv3391	192	237	185	227	461	375	466	379	351	456	385	200	543	417	515	468	144	127	142	184	228	205	300	400	289	169	261	181	280	313	545	619
Rv3392c	121	144	107	169	126	137	110	139	102	170	126	52	146	127	142	134	105	100	79	95	58	61	55	70	67	40	41	49	93	101	118	129
Rv3393	23	25	16	21	61	47	60	54	49	57	43	23	55	47	50	69	42	37	19	51	44	32	26	34	45	26	32	22	34	49	52	59
Rv3394c	24	34	18	27	121	105	104	111	45	59	54	42	93	67	86	108	73	107	22	85	128	108	70	106	85	71	33	45	148	160	109	139
Rv3395c	61	75	66	102	197	176	187	224	100	138	96	59	187	155	160	181	102	127	62	128	203	210	147	228	126	89	79	54	331	320	237	236
Rv3395A	3	4	5	6	0	4	4	4	6	2	5	1	4	2	6	5	11	14	2	14	5	2	2	5	11	6	2	2	11	12	9	12
Rv3396c	282	374	336	452	1038	861	985	937	791	1226	816	535	1155	922	1089	1073	450	445	330	408	350	356	268	385	400	317	229	299	842	883	602	710
Rv3397c	182	214	145	253	63	77	66	48	58	79	67	29	98	107	98	109	89	75	50	106	27	29	34	37	46	24	39	28	67	90	61	88
Rv3398c	104	146	74	128	72	55	60	56	72	106	57	34	113	82	106	94	73	62	42	78	36	12	26	29	51	19	21	21	56	80	39	62
Rv3399	156	203	190	258	73	94	89	91	58	93	68	42	114	121	130	129	149	159	87	128	39	44	38	50	82	47	43	19	79	122	113	114
Rv3400	167	190	149	208	300	281	283	302	209	340	219	155	284	302	308	363	97	134	104	124	141	161	85	199	146	89	82	123	238	246	167	287
Rv3401	340	376	352	499	1151	1093	1054	1056	781	1292	823	521	1274	1153	1275	1359	428	399	297	443	468	549	323	487	390	381	237	396	1217	1263	694	1043
Rv3402c	16	19	11	9	66	49	65	48	30	31	23	15	29	15	39	33	47	31	9	43	31	32	15	42	29	21	19	7	17	30	30	32
Rv3403c	74	122	85	123	298	285	318	291	178	200	186	84	192	135	183	231	105	134	64	122	129	123	103	121	144	85	83	80	106	147	164	141
Rv3404c	80	113	61	127	190	193	224	167	125	234	148	91	148	129	134	165	121	98	53	77	90	99	85	119	135	67	59	47	93	108	150	130
Rv3405c	25	22	32	39	106	69	139	120	67	74	74	33	45	42	48	59	48	28	24	30	111	85	103	90	116	31	61	46	60	70	69	84
Rv3406	42	43	42	61	31	36	45	29	34	51	33	19	29	34	36	37	68	85	87	73	324	48	105	47	239	24	47	25	119	73	58	67
Rv3407	109	107	90	127	3124	2778	2577	2533	91	180	105	114	77	114	73	112	47	63	48	60	807	1057	1119	1799	101	45	38	54	59	78	65	97
Rv3408	79	94	67	83	3327	2874	2516	2384	71	159	109	52	87	127	93	91	52	30	50	48	672	780	910	1548	56	33	33	35	57	40	72	66
Rv3409c	937	1144	846	1196	1258	1160	1077	1039	1206	2213	1163	975	1878	1793	1558	1752	713	827	554	779	667	813	479	761	861	709	480	783	1801	1941	1167	1579
Rv3410c	199	267	182	304	769	686	593	619	494	875	469	370	538	468	543	504	153	203	149	239	389	388	300	478	328	265	247	349	531	524	541	592
Rv3411c	2002	2387	1746	2543	3939	3624	3139	2852	3086	5991	3048	2497	3175	2799	2761	2735	1182	1198	977	1396	1510	1749	1650	2306	1690	1338	1342	1643	2599	2244	2405	2720
Rv3412	1325	1738	991	1518	1599	1368	1301	1352	1482	2518	1638	1089	1195	1389	1142	1291	852	593	1152	900	693	900	1347	1990	1206	673	1364	1049	1157	1211	3053	2647
Rv3413c	109	111	137	154	1185	1039	1167	1114	590	1238	702	569	1744	1493	1740	1712	82	125	73	133	496	586	617	842	309	309	334	362	1418	1338	1156	1197
Rv3414c	192	259	250	364	2091	1888	2137	2033	1141	2124	1239	882	3030	2790	3004	3240	110	129	108	164	508	650	1004	1622	394	350	626	454	1738	1418	1979	1999
Rv3415c	24	41	20	44	43	55	52	45	58	117	77	50	108	135	84	112	61	72	27	59	46	37	42	61	73	47	30	44	95	123	99	153
Rv3416	1566	1917	2359	3065	254	153	220	143	246	269	244	120	176	95	145	106	337	539	887	971	168	91	235	135	523	89	522	79	167	68	318	142
Rv3417c	340	680	369	789	1150	1156	1015	1127	799	1303	884	614	1487	2520	1258	2738	3106	3235	2655	2572	3185	3574	3758	4184	5672	2058	2370	2690	4685	4936	3803	5184
Rv3418c	186	450	191	414	276	314	300	338	309	443	365	216	590	1293	585	1181	4120	2685	1955	1696	1902	2367	2247	2957	3376	1314	1595	1510	3014	3156	2421	2493
Rv3419c	220	272	203	293	1025	1015	954	896	492	865	474	391	709	581	745	686	260	311	261	328	790	847	462	771	249	306	173	327	919	879	471	583
Rv3420c	166	195	147	193	1141	981	1038	1004	303	575	268	218	470	370	423	389	150	179	147	172	817	961	654	1026	173	149	111	171	542	495	295	346
Rv3421c	55	64	51	51	165	140	159	125	77	176	88	75	122	105	152	127	44	59	35	50	118	115	69	71	54	59	29	79	188	153	101	92
Rv3422c	163	188	122	161	236	210	188	195	147	290	135	112	242	197	205	189	99	161	79	131	140	174	84	125	109	111	53	75	294	270	146	161
Rv3423c	1008	1235	781	1110	1658	1480	1261	1205	925	1892	960	745	1541	1198	1347	1173	575	638	480	688	568	656	420	589	490	413	306	439	1285	1139	725	887
Rv3424c	61	106	38	59	34	31	16	36	40	72	43	39	49	92	48	66	55	36	31	38	33	20	22	61	63	28	34	40	70	66	73	108
Rv3425	0	0	0	0	997	810	1185	1152	479	639	674	363	588	482	701	636	0	0	0	0	1079	1169	737	663	797	379	509	274	721	863	961	646
Rv3426	0	0	0	0	578	450	589	467	246	269	312	150.086	282	248	334	325	0	0	0	0	326	314	193	214	278	113	123	109	266	301	316	205
Rv3427c	0	0	0	0	107	92	58	53	180	305	159	77	340	368	294	297	0	0	0	0	27	21	11	23	44	41	34	40	118	125	96	113
Rv3428c	0	0	0	0	21	32	33	27	7	9	3	3	11	9	7	5	0	0	0	0	37	33	33	39	26	16	14	10	21	38	16	26
Rv3429	6464	7198	7357	8511	4601	4133	3755	3453	2077	2786	2403	1229.91	1653	1359	1576	1415	3084	3908	2203	3110	1420	1820	1916	3451	1872	740	1272	810	1340	1124	2089	1362
Rv3430c	44	45	39	38	112	88	76	94	51	130	61	48	89	77	94	97	66	68	24	62	75	81	43	90	75	43	29	33	70	93	81	118
Rv3430a	9	7	10	11	14	7	10	10	14	7	10	2	7	10	4	9	5	4	4	8	7	7	5	11	12	3	7	5	6	11	5	11
Rv3432c	60	63	45	60	187	207	195	217	151	241	174	120	203	191	166	213	132	114	72	149	94	119	89	121	135	100	91	92	189	228	128	214
Rv3433c	13	31	9	23	105	92	91	89	70	135	80	69	108	89	111	123	48	61	20	51	101	92	54	89	60	75	42	78	165	183	66	107
Rv3434c	46	54	31	67	135	120	127	107	95	169	138	78	165	130	128	159	79	66	42	59	37	66	39	71	64	53	52	55	96	114	114	154
Rv3435c	43	54	38	65	100	101	107	101	90	119	98	56	120	107	97	138	59	78	40	74	65	55	47	79	66	38	55	47	92	118	124	163
Rv3436c	256	360	324	517	757	611	873	845	657	895	662	385	605	608	725	815	330	372	262	304	323	326	379	409	387	247	327	311	588	614	849	756
Rv3437	55	67	54	81	77	68	52	58	46	108	53	25	47	53	39	55	45	44	48	84	28	33	55	66	43	32	51	37	34	56	55	56
Rv3438	14	48	32	36	86	74	96	79	66	99	62	38	54	69	70	84	46	42	27	48	47	58	42	63	68	40	55	46	51	71	91	109
Rv3439c	82	110	62	115	330	350	319	315	256	420	292	194	407	431	374	407	185	181	59	153	235	270	160	274	243	192	128	201	537	671	318	495
Rv3440c	7	9	5	15	31	33	43	39	24	53	34	19	36	44	31	35	24	15	7	14	15	22	17	35	25	24	23	20	31	62	35	46
Rv3441c	260	293	273	397	1051	909	866	883	665	1155	682	521	731	725	634	782	203	289	186	272	445	480	408	497	427	310	314	439	620	760	475	692
Rv3442c	85	140	195	266	249	259	303	342	237	410	255	180	194	231	234	301	123	185	132	159	152	174	150	164	192	165	140	191	214	293	219	304
Rv3443c	265	337	426	618	303	267	418	500	376	551	398	246	290	406	295	475	419	462	320	326	189	244	245	282	328	206	235	288	312	405	403	369
Rv3444c	2	6	0	3	0	7	3	0	0	4	2	0	4	5	1	5	7	1	2	8	1	4	3	2	2	3	3	1	0	7	2	5
Rv3445c	3	6	5	9	4	8	6	7	3	4	4	1	11	7	6	2	5	10	5	11	5	6	3	7	8	2	5	3	3	13	8	10
Rv3446c	4	15	6	6	6	1	12	4	9	5	5	5	9	6	5	8	47	45	9	61	20	6	2	14	29	22	3	3	10	45	7	32
Rv3447c	30	57	34	31	17	14	32	22	22	30	25	15	30	25	24	38	168	154	32	208	72	33	14	44	84	49	31	10	42	154	56	96
Rv3448	13	15	8	3	7	3	3	5	4	8	7	2	10	13	6	10	34	35	3	36	17	5	2	11	21	8	4	3	13	46	13	37
Rv3449	6	14	7	1	7	5	8	9	11	7	4	0	7	8	7	13	34	31	10	45	13	10	6	11	18	13	5	2	11	41	11	27
Rv3450c	60	79	48	75	130	91	122	95	98	144	134	68	106	88	95	106	108	98	62	108	132	106	98	129	166	75	95	100	101	142	95	128
Rv3451	187	328	186	322	345	322	283	310	243	439	242	187	224	271	202	261	146	158	167	152	183	189	235	308	230	127	243	144	210	214	371	273
Rv3452	50	78	40	57	75	64	53	49	56	87	57	42	77	87	70	77	35	28	26	24	31	22	29	36	40	23	34	21	40	46	59	56
Rv3455c	42	47	39	68	425	432	411	469	396	587	465	276	564	490	448	549	176	165	76	111	199	246	179	243	253	162	153	277	356	426	292	412
Rv3456c	445	572	469	692	1747	1613	1623	1772	1382	2290	1713	1050	2054	2309	1798	2399	853	962	851	809	1014	1142	1058	1411	1295	871	865	1211	1703	2276	1864	2107
Rv3457c	488	564	703	889	2552	2448	2819	2894	1959	3093	2375	1370	2994	3165	2808	3697	1197	1222	1113	1163	1385	1618	1640	2037	1721	919	1364	1602	2336	2585	2945	3293
Rv3458c	404	530	546	743	1425	1370	1598	1771	1129	1709	1380	794	1538	1673	1691	2036	756	823	683	722	805	996	1169	1364	1122	569	989	831	1424	1481	2146	2158
Rv3459c	113	171	175	283	730	680	797	842	565	805	591	338	772	791	742	1022	183	319	206	235	364	451	525	613	490	298	436	424	606	669	874	1029
Rv3460c	388	528	492	710	1016	978	1252	1390	868	1389	1016	557	1247	1485	1355	1814	824	656	529	599	579	749	851	1176	950	413	764	657	1133	1238	2153	2027
Rv3461c	10	8	13	15	20	14	13	19	44	67	40	30	62	70	60	58	25	10	16	7	16	11	19	19	51	25	35	35	75	75	95	73
Rv3462c	337	437	406	529	671	576	684	764	521	815	576	345	771	905	897	1016	372	373	457	414	430	557	707	806	580	230	522	410	843	749	1435	1294
Rv3463	40	79	57	94	19	20	28	28	21	48	32	28	38	37	49	48	72	69	149	150	501	361	477	383	1793	289	511	607	1872	751	1059	1319
Rv3464	249	348	203	281	678	675	584	589	582	924	591	348	769	647	653	671	164	132	187	206	224	217	253	378	591	167	275	277	797	421	655	777
Rv3465	94	121	103	159	254	248	220	237	217	329	243	123	273	232	231	274	58	62	85	87	95	73	80	114	165	55	82	92	188	134	182	223
Rv3466	253.16	316.188	270.901	349.826	107.53	96.4357	86.3518	82.8172	69.569	113.873	77.3698	62.9009	160.933	203.657	151.668	188.338	157.744	166.482	144.822	171.145	34.6995	32.5498	40.0883	62.1049	42.9646	26.3389	33.8312	29.4828	129.623	103.597	97.4091	154.974
Rv3467	17.1722	10.3761	32.5598	21.4608	0.29691	9.5313	9.8997	10.1724	20.3777	27.4354	19.0257	9.26329	56.0538	64.9096	76.7015	56.2416	38.9609	45.5534	2.36163	31.1129	8.87246	9.2866	5.44439	7.58022	17.3204	9.06514	4.54231	9	42.7731	54.5024	58.8332	47.9074
Rv3468c	22	16	15	22	28	14	24	17	21	30	20	12	31	22	17	33	41	35	16	47	29	13	11	18	23	10	10	11	24	34	23	39
Rv3469c	23	36	18	27	26	25	16	22	24	58	32	19	39	29	36	31	56	45	12	50	20	17	15	19	34	15	10	15	36	61	43	43
Rv3470c	47	60	44	62	35	45	51	43	44	58	40	31	73	55	47	69	122	97	43	129	44	34	28	77	92	48	54	30	62	97	76	136
Rv3471c	0	2	5	1	0	0	4	0	0	0	3	3	4	0	0	5	15	13	4	18	7	0	2	1	9	7	3	0	6	18	5	13
Rv3472	18	17	13	31	21	15	21	13	22	21	16	9	25	14	21	29	36	42	14	39	21	17	14	16	27	11	13	2	17	32	21	42
Rv3473c	85	86	76	89	1	3	9	7	84	149	91	70	81	74	98	97	103	78	63	102	25	3	2	8	75	37	51	54	79	89	95	146
Rv3477	124	165	201	233	84	104	112	174	69	92	87	33	46	36	61	61	112	95	107	115	36	82	41	88	52	22	37	10	50	30	48	26
Rv3478	57.6251	69.7613	103.384	133.716	2037.04	2478.11	2492.19	3333.43	1042.38	1364.21	1322.45	653.745	793.142	669.703	863.303	919.824	52.4368	53.6701	48.2876	81.5331	962.333	1896.5	729.168	1728.27	1051.62	563.21	498.471	279.522	1072.15	783.226	821.577	523.798
Rv3479	145	178	153	232	280	355	283	358	228	365	313	139	209	197	209	235	296	259	221	346	147	191	77	193	283	159	148	76	278	330	333	247
Rv3480c	84	83	65	76	162	128	133	148	138	259	175	120	197	224	195	252	117	121	78	121	86	85	49	102	135	81	70	67	189	216	166	209
Rv3481c	24	16	14	19	21	43	45	52	23	36	32	15	36	32	40	42	63	43	16	41	27	20	13	33	34	21	20	17	26	40	40	53
Rv3482c	61	74	54	74	166	148	191	163	82	141	83	64	115	96	131	120	55	48	46	79	84	53	85	97	69	31	46	43	80	88	105	116
Rv3483c	69	102	78	102	192	211	192	185	116	197	142	81	168	134	157	147	56	61	49	69	69	96	93	117	84	54	66	73	60	69	112	101
Rv3484	1790	2632	1285	2045	1712	1974	1417	1776	2053	3042	2071	1260	1484	1405	1339	1320	1256	900	896	902	742	709	1033	1313	1487	692	1186	1090	784	706	1614	1507
Rv3485c	529	586	488	534	162	110	142	137	302	283	296	127	302	111	260	152	418	343	165	255	77	60	51	71	252	83	105	84	271	136	160	130
Rv3486	14	33	8	10	140	118	104	102	56	114	51	44	96	76	83	66	34	31	14	47	95	88	133	172	58	50	52	48	95	63	146	191
Rv3487c	4938	6247	5032	6662	306	155	197	120	1067	1300	893	463	747	398	551	305	1605	2067	1820	2669	77	44	78	32	622	150	492	110	608	153	945	156
Rv3488	5	2	3	2	4	5	7	7	3	8	3	1	1	3	2	4	3	5	0	6	3	3	4	2	2	1	3	1	2	5	3	7
Rv3489	292	276	261	298	320	251	244	190	214	376	251	156	266	162	208	204	37	54	106	118	57	56	147	151	103	51	105	109	74	79	138	163
Rv3490	821	1272	640	1032	3025	2664	2322	2377	2193	3970	2285	1596	2919	2145	2402	2245	483	504	467	637	676	833	913	1466	889	652	693	979	1309	1265	1605	2158
Rv3491	514	646	420	599	457	422	441	379	413	632	402	283	400	403	348	357	162	169	234	276	153	202	252	365	264	112	292	194	209	247	512	494
Rv3492c	87	101	59	105	130	192	133	180	184	293	198	125	246	442	212	357	204	104	214	205	52	107	94	252	108	101	124	117	137	186	305	429
Rv3493c	31	57	40	53	144	152	120	152	171	252	138	113	200	282	146	260	61	64	61	92	62	85	71	140	87	70	72	85	108	167	187	318
Rv3494c	64	98	66	110	387	468	360	435	323	600	370	277	590	782	469	820	111	133	135	210	240	336	169	380	233	214	186	274	515	869	471	826
Rv3495c	98	128	94	106	332	393	260	344	326	561	350	245	540	782	440	734	185	184	192	241	136	202	138	269	204	190	176	180	356	517	411	646
Rv3496c	179	210	126	231	626	716	592	666	634	1185	692	471	900	1253	790	1309	330	285	336	435	254	423	231	510	343	326	336	294	696	1118	757	1200
Rv3497c	58	98	77	120	283	274	278	268	193	383	247	175	302	410	299	466	99	116	102	135	91	148	84	148	134	114	119	91	229	315	260	339
Rv3498c	103	128	89	162	409	372	320	412	282	513	316	228	443	500	435	580	132	113	124	150	126	156	126	212	148	127	161	124	333	458	378	490
Rv3499c	192	246	198	276	317	331	340	352	276	517	341	219	364	422	374	464	153	127	147	192	86	122	131	195	166	128	146	98	234	233	351	342
Rv3500c	33	42	40	52	144	137	179	198	102	166	108	71	126	155	157	192	67	61	24	64	65	55	38	88	69	40	40	27	87	106	114	137
Rv3501c	48	62	62	94	126	119	152	162	85	135	108	69	65	86	65	100	72	74	52	100	98	100	92	129	142	51	68	58	82	113	148	132
Rv3502c	102	118	67	83	198	167	143	156	130	255	97	110	141	159	117	155	87	122	80	148	249	277	205	241	307	143	147	138	245	249	257	253
Rv3503c	35	32	33	34	42	21	27	23	24	45	28	22	24	30	18	32	28	19	17	35	42	41	40	40	47	25	21	22	49	37	38	57
Rv3504	39	55	28	56	112	85	72	66	80	135	74	46	84	83	66	94	66	98	45	91	107	133	117	102	212	109	97	85	166	159	195	189
Rv3505	30	64	42	74	79	66	75	74	63	107	70	58	72	86	70	97	115	135	65	126	129	141	99	136	173	121	101	87	157	219	188	190
Rv3506	21	37	22	33	51	39	63	48	36	58	48	29	49	60	40	48	77	68	44	87	69	44	36	51	88	29	50	29	50	85	79	114
Rv3507	204	226	231	322	1119	908	986	834	465	660	407	357	505	395	441	422	290	385	275	418	1465	1331	1267	1557	565	507	412	485	1068	876	804	700
Rv3508	772.935	970.552	1208.06	1633.86	4613.01	3477.51	4232.9	3261.16	2913.69	4575.34	2706.36	2348.45	2538.77	2108.87	2004.04	1949.31	1217.28	1751.34	1743.73	2565.71	6783.57	5940.6	4590.56	5519.88	4567.69	4244.74	2728.25	3665.42	4783.46	4271.34	3075.56	3713.86
Rv3509c	92	128	85	135	418	374	463	428	211	336	220	157	451	440	422	509	119	143	60	135	292	354	174	288	203	155	96	120	483	554	362	371
Rv3510c	10	14	12	17	75	63	83	85	55	80	34	39	112	76	96	129	48	31	14	21	32	31	15	29	51	38	17	19	75	85	56	73
Rv3511	229	297	362	432	920	639	776	682	0	4	0	0	622	490	536	552	322	349	225	372	843	707	567	755	0	0	0	1	1097	809	960	823
Rv3512	79	104	139	118	194	202	238	152	373	462	345	243	256	272	199	245	90	136	122	188	245	186	164	191	345	237	349	256	481	410	308	329
Rv3513c	20.9428	18.5569	6.71443	9.12831	4.86574	15.8552	7.77793	14.7229	2.65E-08	11.8307	1.64E-10	5.65159	8.98809	3.09851	4.89404	12.0557	15.9515	3.51009	1.03E-05	20.8309	12.3017	1.22E-09	8.71235	9.5357	9.48241	13.4828	6.53343	6.821	2.23296	10.0794	5.96659	4.98533
Rv3514	120.068	176.45	244.946	231.14	821.958	769.515	758.145	703.831	693.313	1381.54	668.654	737.583	532.241	506.142	421.981	420.713	208.725	259.655	242.271	354.277	1129.42	1080.35	806.462	1157.16	717.311	837.208	595.73	778.563	913.534	1011.65	623.438	680.165
Rv3515c	44.0572	80.4431	65.2856	92.8717	209.134	198.145	168.222	240.277	170	222.169	159	98.3484	130.012	169.902	136.106	183.944	190.049	173.49	167	171.169	281.698	239	395.287	252.464	470.517	141.517	252.466	202.179	375.767	298.921	585.033	381.015
Rv3516	21	29	30	33	102	119	70	98	84	139	75	51	72	75	57	67	39	44	25	41	105	81	128	135	228	63	97	116	131	79	131	167
Rv3517	16	18	13	6	26	31	30	38	24	46	44	21	126	74	109	87	39	49	17	43	23	11	17	17	26	16	13	17	96	87	61	57
Rv3518c	59	84	63	84	457	434	381	365	313	463	343	238	379	331	333	358	101	99	62	115	315	319	308	348	449	180	281	289	464	428	543	663
Rv3519	0	0	0	0	571	545	419	425	450	783	520	317	612	492	497	481	0	1	0	0	154	200	289	426	254	151	247	182	256	326	561	574
Rv3520c	399	550	503	780	1255	1137	1104	1070	673	1295	654	538	829	719	852	870	322	453	381	526	569	660	635	879	521	361	429	540	669	644	708	868
Rv3521	15	22	10	16	75	45	69	77	56	86	71	40	81	46	65	65	32	27	9	33	52	43	39	56	63	31	36	43	66	61	84	81
Rv3522	22	29	23	33	198	196	192	173	163	282	194	118	204	166	190	174	79	78	44	95	90	97	81	107	147	78	106	84	169	183	149	193
Rv3523	421	531	412	666	941	1001	810	833	444	882	518	417	470	493	401	587	214	231	367	484	273	347	401	777	261	219	209	472	189	257	329	691
Rv3524	195	301	188	321	145	145	119	163	74	164	106	74	165	140	141	192	317	324	141	201	75	59	50	100	79	59	48	57	111	138	104	129
Rv3525c	23	23	21	34	45	35	32	28	36	45	29	28	45	38	47	31	31	37	25	47	21	18	27	18	28	20	21	14	30	48	53	53
Rv3526	621	737	623	815	670	606	577	538	692	1143	725	554	599	579	555	610	527	483	708	607	751	568	1142	976	1727	452	1133	726	1540	926	2111	1595
Rv3527	57	69	60	81	83	65	56	73	83	133	105	56	83	84	83	79	50	54	97	84	89	66	83	95	180	48	124	67	184	126	281	182
Rv3528c	133	231	206	278	121	112	169	161	135	189	150	84	150	168	152	196	244	150	121	199	98	108	74	143	192	66	127	64	134	162	277	208
Rv3529c	60	69	42	57	181	191	148	127	135	239	144	105	117	103	109	136	123	119	75	142	156	125	174	177	386	113	204	127	404	259	447	349
Rv3530c	47	78	41	50	144	149	103	104	109	191	122	69	80	86	102	102	73	93	51	95	134	104	158	125	308	75	145	120	305	204	309	279
Rv3531c	54	84	51	79	223	225	174	207	173	316	172	125	157	145	151	156	77	82	73	95	294	240	292	275	727	150	298	236	542	354	570	479
Rv3532	82	175	61	135	309	282	241	213	89	230	89	83	76	126	50	91	93	86	69	133	119	100	84	107	103	50	41	34	71	96	126	101
Rv3533c	119	178	134	207	190	250	196	270	240	334	260	149	226	305	221	334	657	378	359	391	256	328	260	424	408	235	321	215	467	607	851	648
Rv3534c	84	96	84	110	166	174	141	168	129	212	144	108	141	154	115	157	182	215	125	189	167	223	193	237	198	135	167	149	298	282	345	331
Rv3535c	68	80	66	108	118	146	130	144	95	182	94	95	96	86	90	106	128	168	104	149	168	198	178	189	185	88	125	135	185	187	228	200
Rv3536c	146	173	116	201	280	279	227	267	228	413	223	175	169	171	149	161	235	238	182	190	382	360	406	382	412	194	289	326	351	307	433	433
Rv3537	156	202	117	181	296	306	245	264	266	503	294	201	301	320	259	327	246	254	239	267	343	319	429	419	532	252	330	313	556	430	730	770
Rv3538	32	25	19	45	75	90	63	53	82	125	69	66	64	69	66	101	82	68	56	71	100	74	124	116	141	81	91	84	156	134	258	226
Rv3539	17	24	18	26	35	35	38	37	28	49	26	23	34	39	40	37	93	49	35	98	49	45	34	47	64	58	56	32	64	76	128	114
Rv3540c	88	95	67	112	186	209	172	191	197	335	227	168	205	247	178	249	183	180	169	192	144	140	164	298	296	144	187	147	233	313	303	395
Rv3541c	14	8	5	11	61	59	58	44	55	97	52	40	64	67	41	50	26	31	19	31	35	24	53	70	79	32	45	38	58	68	81	97
Rv3542c	61	77	52	70	256	300	212	246	276	461	256	166	297	313	241	289	217	147	198	171	181	186	235	384	398	188	266	194	347	369	434	481
Rv3543c	46	80	44	68	306	341	249	255	247	483	251	206	263	280	229	253	119	119	117	150	223	218	252	319	420	207	229	213	356	412	454	493
Rv3544c	100	137	97	144	367	372	265	318	308	546	299	246	265	310	256	277	211	151	176	216	400	463	382	449	658	325	465	314	518	508	673	687
Rv3545c	140	179	143	166	441	453	315	344	322	637	329	261	227	273	197	267	201	167	165	177	612	547	548	603	929	301	443	426	580	460	680	735
Rv3546	53	56	67	61	145	129	105	107	140	274	124	103	100	125	81	103	87	110	49	93	204	171	200	142	308	155	143	147	274	243	245	238
Rv3547	127	158	140	175	79	73	81	67	83	150	93	56	120	119	120	136	59	75	89	93	50	45	50	72	100	45	81	35	91	94	156	152
Rv3548c	230	326	130	206	943	1297	302	448	1154	1485	304	295	894	796	633	472	661	393	224	261	756	793	351	477	841	550	249	417	775	927	423	547
Rv3549c	285	355	78	151	1432	1999	290	482	1778	2373	370	358	1255	1098	902	621	752	539	170	182	1049	1305	425	615	1178	762	285	485	1291	1345	537	688
Rv3550	37	56	21	34	477	723	98	148	432	627	93	73	461	344	281	202	95	74	34	37	238	215	57	81	190	133	40	83	268	241	68	140
Rv3551	89	117	37	58	1102	1746	237	380	1006	1582	227	184	1229	849	841	511	249	164	61	83	432	464	157	208	420	359	85	187	688	647	205	280
Rv3552	30	30	28	23	438	750	128	230	536	713	98	90	574	415	455	285	97	68	23	60	208	210	73	113	173	210	40	82	329	302	114	156
Rv3553	38	61	25	41	425	707	155	302	574	816	142	149	690	444	475	331	119	108	38	86	246	265	86	146	250	184	76	120	421	395	165	204
Rv3554	41	48	48	99	130	214	136	189	140	207	85	56	227	171	225	172	121	85	42	122	105	73	30	76	94	74	42	58	128	188	119	149
Rv3555c	81	119	36	60	369	385	240	244	331	523	207	169	693	467	628	465	78	80	36	84	177	172	100	128	191	139	63	113	531	382	246	246
Rv3556c	297	423	201	314	1592	2086	638	840	1610	2153	507	446	1632	1169	1178	832	493	479	238	251	803	965	491	711	947	656	280	434	1409	1266	638	722
Rv3557c	318	373	111	165	1077	1359	320	445	1062	1535	342	242	1073	798	749	555	550	405	170	221	563	528	332	452	606	384	174	299	742	710	373	593
Rv3558	79	101	101	155	244	305	235	265	260	514	296	220	157	153	119	200	109	79	54	131	84	136	172	345	125	87	210	160	98	126	253	242
Rv3559c	11	24	12	21	149	223	64	81	193	278	93	89	294	185	184	159	74	54	12	61	76	82	24	53	132	91	35	66	173	171	64	126
Rv3560c	54	66	30	59	474	674	160	221	630	900	271	238	805	572	595	452	114	109	33	69	208	195	84	105	277	244	99	223	450	404	202	296
Rv3561	105	136	48	60	624	846	271	391	566	1038	389	306	698	533	560	393	244	192	96	159	223	223	102	193	221	231	96	232	315	322	177	264
Rv3562	72	119	62	106	447	557	220	276	427	786	289	227	534	343	387	305	132	130	64	114	169	218	83	162	223	170	78	159	248	254	118	192
Rv3563	22	31	18	24	167	208	105	129	177	274	109	84	184	117	149	109	37	43	18	38	76	82	36	66	64	79	28	59	101	96	42	60
Rv3564	28	42	31	41	193	246	115	183	169	316	153	101	178	154	158	137	82	66	35	56	95	90	44	104	105	92	45	96	127	96	62	95
Rv3565	30	42	22	24	162	192	99	142	158	270	117	92	134	115	150	122	63	76	31	80	63	59	38	57	88	66	46	76	69	71	43	74
Rv3566c	80	112	55	116	138	132	129	122	131	224	134	78	117	123	123	120	62	85	65	80	59	56	66	89	83	44	64	53	74	92	114	144
Rv3566A	27	28	13	31	35	45	22	35	28	61	31	30	24	29	29	29	16	23	16	29	17	24	25	24	17	10	25	15	20	31	30	38
Rv3567c	55	76	57	96	157	124	116	130	147	211	123	81	83	79	67	80	28	44	52	70	72	66	92	103	123	65	83	72	83	65	124	110
Rv3568c	755	954	750	1085	1263	1219	1012	1060	1049	1778	945	757	739	661	642	673	450	564	574	705	820	736	931	903	1255	532	883	781	912	722	941	1040
Rv3569c	698	842	524	757	1649	1593	1313	1373	1384	2395	1419	1053	878	786	794	822	461	454	624	677	962	804	1291	1190	1941	676	1169	952	1050	807	1296	1285
Rv3570c	2071	2268	1719	2340	2828	2789	2183	2383	2591	4553	2694	1846	1758	1714	1416	1630	1232	1061	1521	1559	2133	2069	2908	3318	5437	1537	2922	2368	2418	1726	2936	2883
Rv3571	97	123	76	132	152	140	149	128	154	275	119	70	121	82	110	102	107	128	88	111	201	102	204	183	371	101	207	205	259	191	232	252
Rv3572	75	108	43	78	147	113	123	113	106	233	133	80	69	54	62	77	29	41	46	49	69	70	63	75	123	41	67	52	80	72	95	98
Rv3573c	77	101	67	100	95	86	77	75	77	143	90	69	101	110	115	144	198	212	94	241	132	100	102	103	220	120	122	84	187	258	253	227
Rv3574	127	190	147	171	209	220	173	186	177	377	185	157	153	187	129	158	120	93	139	117	247	225	330	355	470	182	254	420	190	175	298	365
Rv3575c	39	65	60	71	116	111	115	146	113	173	127	65	130	161	156	215	136	114	67	121	57	70	45	65	87	66	53	50	117	171	102	151
Rv3576	314	399	258	323	293	278	258	229	257	414	270	185	355	281	324	311	184	135	185	199	109	114	124	131	161	95	101	111	212	228	231	274
Rv3577	18	35	18	22	100	102	77	73	63	128	53	28	91	58	96	81	26	37	7	46	29	27	24	33	42	24	21	26	60	76	52	81
Rv3578	9	21	15	21	85	106	97	78	67	117	53	46	114	72	116	120	40	39	10	60	43	30	26	46	47	31	23	31	67	83	74	93
Rv3579c	116	117	99	153	518	471	510	469	374	584	389	269	463	395	370	407	291	273	190	246	345	393	275	387	313	220	214	232	562	534	334	438
Rv3580c	225	248	253	337	1499	1393	1429	1318	854	1405	957	677	1084	866	991	928	560	539	290	357	1244	1574	1142	1902	847	555	520	876	1418	1343	952	1235
Rv3581c	173	249	123	221	1767	1559	1500	1395	673	1292	720	545	678	508	605	553	149	222	95	143	966	1234	1327	2074	553	437	320	719	611	668	480	801
Rv3582c	7395	10254	5418	9028	11088	10233	8836	8393	6355	12975	7021	5816	5772	5149	4892	5145	3395	4307	2787	4057	6204	8863	8027	13294	5947	4594	4603	7856	5206	5475	5877	9187
Rv3583c	24929	27249	23438	31831	23430	20329	18764	17403	16621	32011	18460	14649	11812	9813	9338	10362	5539	9061	10082	14260	12019	17602	19417	31870	13651	9651	12494	17091	7321	8357	12783	22118
Rv3584	120	155	164	252	344	301	363	362	235	342	264	147	144	152	225	191	72	96	58	102	142	180	177	208	150	108	122	126	142	113	145	156
Rv3585	395	433	338	430	1848	1622	1558	1447	1387	2270	1391	971	2746	1960	2708	2075	256	261	245	295	789	851	582	665	594	503	317	655	2772	1959	1234	1322
Rv3586	148	200	114	169	764	680	698	633	602	1047	592	376	1271	778	1107	885	85	100	110	101	222	193	175	221	194	146	135	218	752	561	416	491
Rv3587c	56	82	73	98	980	1039	861	1042	549	912	559	398	636	631	667	773	43	45	44	60	340	490	358	520	251	192	261	298	444	460	602	564
Rv3588c	137	184	150	211	285	258	253	224	296	426	315	191	267	196	255	215	66	95	86	155	93	155	175	386	152	129	177	214	157	155	259	387
Rv3589	11	15	10	19	59	46	59	75	47	72	42	20	60	48	61	64	17	19	10	31	42	38	34	44	39	30	25	42	65	72	47	50
Rv3590c	129	197	163	213	430	401	385	402	340	627	373	283	372	340	344	359	311	364	169	375	367	434	240	390	392	388	246	275	582	586	414	453
Rv3591c	7	16	16	17	51	39	48	41	33	50	33	35	43	17	41	47	35	23	4	39	34	21	11	23	26	18	14	14	37	33	26	39
Rv3592	990	1083	853	1093	856	914	726	762	907	1479	935	580	1011	878	823	735	499	554	494	612	366	493	392	609	506	349	421	371	493	527	579	617
Rv3593	445	607	305	558	1114	1126	920	926	989	1843	1068	673	1335	1059	1223	1140	268	254	207	291	295	338	310	496	381	302	342	371	644	629	803	785
Rv3594	25	41	23	42	144	133	119	109	90	165	86	65	128	116	118	141	38	44	22	47	68	98	49	102	56	53	44	93	126	162	108	140
Rv3595c	968	1206	1133	1550	2132	1825	1808	1756	1411	2536	1525	1203	1986	1722	1632	1784	1179	1317	953	1277	1671	1712	1441	1946	1597	1158	1156	1464	2856	2669	2272	2631
Rv3596c	11237	13843	11971	17336	20081	18117	17040	16325	13255	22633	13615	9833	16516	13480	14449	14359	6039	8621	7725	9976	7587	9370	10112	13450	8208	5774	7798	8576	10623	10432	12710	15585
Rv3597c	145	218	203	290	242	235	244	256	172	305	207	180	303	332	302	329	220	277	171	232	192	249	139	227	217	139	148	139	274	356	337	361
Rv3598c	88	126	93	124	200	197	260	240	197	223	212	98	257	228	228	288	194	167	93	144	97	76	89	123	169	85	117	75	140	183	150	241
Rv3600c	241	251	359	472	332	325	346	332	350	363	413	143	339	309	331	379	103	162	99	207	125	151	169	179	219	116	182	167	166	238	154	226
Rv3601c	296	298	350	445	236	243	274	258	248	259	283	121	268	246	301	326	207	281	168	187	121	136	129	149	166	111	114	100	200	230	167	195
Rv3602c	143	153	214	341	331	268	361	367	294	343	295	129	363	259	386	337	123	120	71	113	114	147	128	174	140	90	146	119	272	237	180	247
Rv3603c	219	295	342	514	539	495	616	610	421	482	545	240	586	426	631	570	148	147	146	161	210	279	260	295	242	132	214	228	543	400	342	367
Rv3604c	448	558	373	546	2409	2279	1925	1915	1636	2856	1615	1181	2338	2084	1886	1833	223	277	235	302	852	1109	783	1285	621	599	487	768	1621	1519	1143	1566
Rv3605c	124	198	159	215	767	702	667	579	628	1024	555	462	615	473	491	492	149	189	147	206	278	327	274	430	260	243	195	327	439	410	387	461
Rv3606c	106	137	103	145	463	372	397	345	281	532	314	234	326	270	290	252	102	102	102	107	219	302	193	249	135	143	109	212	401	318	263	264
Rv3607c	87	77	60	81	290	233	245	195	191	341	187	138	225	158	184	148	64	66	42	54	97	133	89	144	91	80	63	102	185	175	121	174
Rv3608c	415	478	321	506	1720	1498	1308	1276	1066	1971	1077	884	1374	993	1180	1021	273	399	332	378	627	792	553	957	562	495	429	588	1171	956	930	1015
Rv3609c	547	647	471	558	1479	1261	1145	1064	940	1768	971	719	1144	756	969	873	264	380	376	419	509	651	655	789	492	365	435	581	950	760	813	925
Rv3610c	1681	2074	1561	2190	4572	4172	3728	3674	2991	5402	2927	2164	3516	2712	3065	2625	852	1048	986	1295	1468	1734	2090	2857	1431	1125	1358	1723	2276	1986	2352	2827
Rv3612c	133	130	72	105	158	95	190	157	97	91	102	41	41	43	56	70	148	85	97	107	93	117	115	149	129	50	269	63	115	99	540	436
Rv3613c	7	0	4	1	5	1	2	1	1	2	1	0	0	1	2	2	1	4	0	2	0	1	0	2	4	2	3	0	1	1	5	7
Rv3614c	4908	4958	6423	7514	2423	1703	3064	2416	993	1410	1203	514	357	439	504	679	1802	2236	2213	3088	1253	1408	1679	2179	1593	785	1818	454	883	673	3172	1711
Rv3615c	992	1098	1725	1942	782	514	828	693	281	354	301	163	97	108	129	169	384	528	518	791	324	373	482	487	364	165	378	107	174	135	614	316
Rv3616c	11282	13778	16297	20929	9634	6360	9983	7853	4380	6019	4804	2498	1900	2151	2042	2676	3395	5349	5825	8325	3429	4480	5657	6448	4120	1765	4890	1416	2438	2116	6797	4431
Rv3617	108	124	111	146	320	338	278	272	316	468	259	178	270	201	256	216	82	77	96	123	170	180	248	318	294	144	205	162	221	214	336	450
Rv3618	154	198	126	168	394	412	342	336	445	693	417	261	340	326	293	319	106	112	138	184	194	202	269	414	312	221	312	202	216	269	453	552
Rv3619c	379.726	549.601	520.901	510.399	27.2491	22.7667	29.824	25.7146	10.5868	14.6031	11.6479	5.53753	10.6849	11.7022	12.7786	15.8118	483.718	539.444	186.207	380.141	27.1908	32.0762	20.1207	19.6987	4.5028	1.69425	11.5682	4.54711	13.7778	11.6398	14.5718	14.4111
Rv3620c	273.031	435.517	343.258	543.947	81.7144	139.302	101.809	147.564	40.9322	45.4019	37.3117	32.6379	49.8568	53.678	54.721	84.881	343.96	293.677	295.054	335.655	64.3148	88.9716	70.4875	260.582	57.0881	35.4251	68.4775	19.032	49.575	55.2645	179.108	66.5641
Rv3621c	27	32	22	27	21	28	24	29	41	47	36	30	34	22	38	33	52	57	15	64	29	19	16	26	31	28	24	14	36	63	53	47
Rv3622c	0	2	5	5	4	3	4	9	9	6	10	2	7	7	5	4	11	9	7	8	3	3	2	3	2	1	5	7	1	9	10	11
Rv3623	58	112	66	90	130	126	144	141	132	204	131	85	129	114	141	118	39	54	48	70	36	53	57	80	61	47	63	45	71	90	85	76
Rv3624c	78	93	76	108	203	197	178	169	151	242	142	103	150	140	168	163	53	62	52	79	63	88	69	99	93	56	56	52	131	102	89	101
Rv3625c	85	73	69	93	247	211	224	236	208	311	218	138	251	267	233	279	170	168	88	133	174	227	147	236	188	113	106	157	372	368	270	333
Rv3626c	126	163	111	200	641	544	516	493	402	716	371	282	466	382	421	425	141	140	110	172	261	315	204	295	220	174	132	216	369	408	271	375
Rv3627c	353	429	349	474	1025	857	893	775	749	1307	689	562	824	684	808	738	275	392	234	312	643	709	441	538	472	416	284	415	889	816	591	639
Rv3628	18	22	22	22	24	23	48	53	31	28	39	16	25	31	26	54	36	42	14	35	15	21	12	14	32	13	17	15	30	40	27	36
Rv3629c	90	107	68	86	158	153	175	155	165	230	156	121	134	137	151	159	102	112	50	107	75	86	87	121	164	82	99	58	87	111	159	148
Rv3630	26	45	34	31	101	106	121	145	103	175	91	56	143	124	123	128	92	66	27	87	74	72	38	78	110	58	43	58	120	173	99	115
Rv3631	70	94	65	84	108	104	102	118	122	173	151	69	137	103	148	149	50	65	49	56	32	37	32	36	60	37	38	27	69	67	86	88
Rv3632	14	30	25	15	20	30	34	32	22	52	25	9	28	17	24	34	19	22	15	22	12	8	9	24	30	15	10	13	21	20	28	19
Rv3633	322	481	504	817	374	325	460	489	348	474	408	241	196	225	195	351	255	393	546	640	380	479	588	801	554	346	895	291	313	339	1391	620
Rv3634c	19	29	35	33	69	56	57	65	51	78	50	35	48	64	54	68	30	46	25	55	44	29	27	38	47	41	30	28	73	119	53	60
Rv3635	61	74	64	59	93	114	115	103	69	114	88	48	140	128	130	131	112	94	37	125	73	57	66	92	106	58	46	50	114	118	120	168
Rv3638	3	3	2	1	3	1	2	2	1	2	3	2	2	0	5	5	12	21	3	18	8	1	3	6	4	1	2	1	2	15	7	18
Rv3639c	1	3	2	1	2	0	2	1	2	0	1	0	4	0	0	1	12	10	2	17	8	2	3	5	6	7	0	1	1	15	8	8
Rv3640c	21	26	17	23	32	31	29	26	9	22	22	11	38	27	23	31	54	56	14	67	33	24	35	49	47	15	15	22	42	68	44	98
Rv3641c	184	283	145	256	365	325	301	263	218	374	233	155	329	298	305	362	157	140	138	203	194	218	255	360	202	114	193	218	272	309	338	460
Rv3642c	95	148	109	158	66	67	46	49	71	111	75	35	75	62	56	59	33	35	64	83	13	35	73	79	45	24	58	33	30	48	66	73
Rv3644c	219	226	192	294	657	563	577	485	394	597	498	283	856	606	853	641	190	190	162	215	316	312	318	362	270	137	225	200	579	489	466	498
Rv3645	3102	3241	2222	3104	4931	4676	3583	3577	1700	3177	1816	1265	2350	1889	1981	1888	1132	1452	1166	1306	1974	1771	2688	2730	952	641	774	1027	1457	1259	1263	1705
Rv3646c	430	513	644	786	2204	2125	2429	2548	1686	2712	2075	1343	2506	2195	2518	2690	629	776	536	671	1028	1189	1128	1501	1486	863	889	1094	1950	1944	1755	2237
Rv3647c	121	172	119	205	690	573	656	575	729	1186	827	611	1168	910	1082	1019	141	185	114	158	486	544	361	427	649	535	350	562	1251	1274	939	1158
Rv3648c	219	253	283	313	497	440	504	463	525	908	617	439	461	326	456	386	293	298	227	256	405	498	289	396	528	428	279	349	593	564	364	383
Rv3649	142	193	189	228	177	122	152	118	114	169	123	79	133	105	137	98	174	205	68	216	125	91	46	91	109	69	52	72	153	204	101	161
Rv3650	8	8	8	7	5	2	4	2	5	4	2	4	3	4	4	4	5	9	4	11	1	3	2	1	9	5	4	1	2	3	6	6
Rv3651	622	830	466	645	185	213	131	196	183	393	232	136	352	326	323	306	395	248	270	292	66	93	56	82	132	54	45	57	163	149	118	132
Rv3652	24	17	21	35	62	80	68	91	40	65	40	29	32	42	36	53	30	15	20	31	30	62	67	97	41	36	39	32	30	35	46	64
Rv3653	3	10	6	20	39	50	42	39	27	48	29	20	22	20	22	23	36	50	17	55	61	59	63	75	33	31	21	15	49	55	31	44
Rv3654c	3	4	3	4	20	16	16	17	12	26	15	7	7	10	15	14	10	9	4	8	20	20	19	14	15	11	10	18	17	27	10	23
Rv3655c	0	0	0	2	2	2	3	2	4	7	3	1	5	5	2	2	1	1	0	0	5	3	0	2	2	0	1	0	3	3	2	0
Rv3656c	4	6	1	2	14	6	3	5	4	7	7	2	5	5	5	3	3	2	3	8	3	4	9	9	5	6	3	1	5	4	3	8
Rv3657c	4	2	3	6	87	68	45	43	41	79	48	35	58	39	46	46	6	8	2	14	61	48	24	43	56	26	20	28	72	56	55	65
Rv3658c	27	32	36	53	348	277	312	256	234	325	215	141	246	198	209	229	56	65	33	66	330	314	195	252	241	174	172	189	326	314	276	321
Rv3659c	49	65	36	60	668	538	551	431	356	573	433	290	548	356	454	381	81	103	40	92	635	652	390	537	616	286	334	351	888	687	634	751
Rv3660c	114	152	98	145	1378	1218	1231	1019	658	970	735	492	705	589	659	762	107	164	83	172	1329	1545	1171	1779	1115	491	645	882	1149	1065	1445	2053
RVnc0004	1	1	1	0	1	0	0	0	0	0	0	0	0	0	0	0	5	1	0	0	1	0	1	0	2	1	0	0	1	0	1	0
Rv3661	88	123	93	152	271	240	246	249	162	286	199	138	192	129	186	182	80	68	80	78	108	116	123	173	108	75	127	75	127	124	211	167
RVnc0036a	26935	31930	30794	50448	18470	19228	16307	16566	10227	22091	7973	15213	3086	2549	2696	3182	45815	62408	15123	58233	31337	42714	8938	16401	21936	26310	3496	23130	5746	7213	2141	3466
Rv3662c	19	35	16	13	48	48	51	44	35	79	49	42	51	68	40	75	61	57	29	63	41	47	28	43	43	33	19	33	57	104	55	98
Rv3663c	104	132	81	138	236	271	243	243	190	308	167	151	284	284	229	321	165	202	146	264	134	170	103	200	162	139	75	111	328	410	238	368
Rv3664c	84	89	76	103	146	142	138	138	97	160	111	74	173	162	180	190	112	91	79	122	55	46	35	73	73	56	48	44	132	150	122	154
Rv3665c	59	70	45	68	71	60	60	63	43	68	55	31	53	86	81	76	49	45	24	53	47	37	25	56	51	22	28	24	55	70	66	69
Rv3666c	86	107	90	139	113	91	113	114	77	132	82	40	99	102	126	149	98	93	52	88	50	37	36	58	63	29	22	37	56	104	67	102
Rv3667	90	160	110	134	183	174	175	215	174	232	162	98	196	212	210	236	138	126	60	131	81	67	62	80	117	60	65	68	163	185	169	169
Rv3668c	44	74	55	95	75	56	100	73	73	102	66	51	74	76	79	83	44	59	27	71	62	68	102	107	96	41	75	59	64	88	161	164
Rv3669	45	72	55	90	90	98	109	99	74	115	89	53	58	76	89	94	43	44	46	54	51	59	50	75	58	37	49	37	33	51	64	59
Rv3670	23	22	15	24	69	78	77	84	61	91	78	39	70	55	72	80	31	44	12	41	51	34	36	52	51	27	27	34	51	77	60	77
Rv3671c	138	129	117	169	537	484	566	527	458	639	422	328	493	471	480	554	141	164	144	196	271	304	188	284	255	222	172	288	422	521	312	504
Rv3672c	72	90	78	137	419	380	462	411	322	532	316	250	368	332	359	397	94	120	73	115	239	279	158	222	208	169	135	205	346	351	247	424
Rv3673c	41	66	59	100	183	173	201	194	157	229	129	118	192	177	198	219	72	96	40	75	159	161	106	134	143	96	62	104	265	245	174	213
Rv3674c	156	254	185	305	380	321	372	366	316	518	341	208	374	370	446	486	199	189	159	184	180	213	211	324	271	157	249	199	369	362	495	460
Rv3675	456	685	416	682	356	239	366	341	271	299	252	117	117	104	125	179	76	115	127	171	121	138	353	365	270	61	438	79	166	91	508	256
Rv3676	223	339	260	454	386	346	385	370	334	564	384	215	271	258	306	324	113	152	122	172	149	220	214	296	291	123	310	180	217	170	460	404
Rv3677c	249	316	199	288	703	671	632	680	639	1082	745	439	803	756	761	859	217	221	160	232	209	298	211	382	331	248	247	351	452	452	488	640
Rv3678c	165	260	213	309	536	508	457	551	527	855	480	340	519	415	439	478	125	187	118	177	221	230	224	276	257	197	155	218	258	296	232	321
Rv3678A	8	7	6	10	17	14	12	16	16	22	10	4	11	24	11	14	5	6	5	5	4	3	5	3	3	3	2	5	6	7	4	8
Rv3679	2082	2876	3301	4703	1875	1715	2170	2106	1796	2891	1984	1224	942	947	1159	1352	890	1122	2021	2420	850	999	1504	1922	1707	635	1817	1018	740	592	1743	1161
Rv3680	1184	1570	1116	1689	2362	2360	2502	2590	2417	3798	2838	1569	1526	1410	1724	1945	1187	1053	1270	1194	777	928	1067	1387	1414	748	1301	1012	939	975	1722	1503
Rv3681c	100	151	134	152	108	126	108	112	104	209	121	112	87	110	96	114	93	65	56	76	121	119	108	162	172	76	84	125	94	89	152	175
Rv3682	3150	3959	3016	4087	6026	5676	5151	5145	4214	7148	4476	2892	4706	3755	4273	4013	1418	1546	2044	2165	1612	2014	2434	3292	1971	1158	1939	1933	2388	2287	3039	3379
Rv3683	1399	1706	1244	1913	961	928	781	791	1129	1865	1143	769	1102	969	924	926	421	551	511	716	378	441	419	580	600	471	526	404	614	531	981	899
Rv3684	1251	1819	819	1263	925	931	801	789	1034	1953	1140	797	1255	1045	1071	1038	546	465	431	581	278	338	405	534	572	374	641	492	716	640	1149	1265
Rv3685c	335	507	263	401	368	306	348	278	499	634	500	250	615	299	578	352	286	267	144	276	126	129	129	146	277	132	157	115	348	249	423	290
Rv3686c	505	642	593	773	83	57	88	59	268	272	234	103	191	108	177	97	225	253	215	321	31	30	35	32	128	47	107	50	132	50	128	77
Rv3687c	238	242	249	265	118	114	107	104	106	209	127	68	127	89	132	130	119	78	118	136	60	71	79	92	87	59	102	70	80	96	216	196
Rv3688c	719	824	702	834	312	333	258	298	320	530	336	236	394	348	331	333	323	456	601	640	136	176	230	338	248	139	275	178	283	270	505	459
Rv3689	305	381	259	421	595	481	536	493	468	659	498	292	671	489	608	564	170	181	128	254	210	265	223	292	284	172	232	162	429	432	602	514
Rv3690	55	67	23	62	91	109	72	95	81	125	75	41	118	91	128	107	50	43	34	76	33	34	35	47	30	29	42	27	70	71	133	109
Rv3691	68	75	44	71	126	137	135	119	118	187	129	60	193	143	198	158	87	83	46	85	48	46	42	72	54	38	60	44	118	142	222	193
Rv3692	64	90	84	116	213	202	210	228	173	275	207	98	265	275	248	320	104	98	79	119	101	121	71	90	99	84	101	74	246	270	258	292
Rv3693	21	33	14	25	102	109	102	92	97	167	103	57	160	132	127	164	43	61	30	76	59	85	64	77	79	56	47	66	153	189	132	231
Rv3694c	450	513	333	467	759	612	588	572	573	976	645	436	849	585	762	740	382	343	466	466	270	351	284	408	341	284	350	346	677	662	770	738
Rv3695	322	412	269	375	431	450	333	326	311	576	335	220	577	509	527	484	203	232	278	307	150	178	196	246	196	157	168	204	348	310	424	542
Rv3696c	335	364	273	423	288	290	302	293	284	436	266	185	311	329	319	335	270	284	231	349	150	206	135	219	222	158	149	161	281	354	265	342
Rv3697c	136	175	89	117	69	48	44	43	55	97	60	29	50	78	53	71	36	46	43	53	16	17	26	36	33	22	31	26	31	38	77	43
Rv3697A	546	527	477	577	137	106	85	97	138	245	159	114	141	161	125	127	127	80	220	202	47	45	64	72	126	37	86	69	70	48	136	92
Rv3698	149	203	100	136	294	276	207	222	231	378	219	148	223	182	213	202	152	148	121	159	147	153	135	187	216	101	121	89	170	224	206	235
Rv3699	351	383	298	427	463	403	315	363	414	675	439	286	571	511	425	423	163	182	204	247	249	198	204	262	281	180	234	195	321	276	474	388
Rv3700c	73	90	65	113	347	314	299	248	314	490	304	222	234	181	191	185	98	119	66	130	141	150	96	188	163	123	77	148	148	189	127	210
Rv3701c	458	626	352	576	1327	1127	1203	1057	1065	1725	1147	778	879	855	737	887	452	436	476	464	536	646	389	760	629	519	399	580	756	858	661	924
Rv3702c	56	75	52	85	369	344	301	270	218	359	252	175	210	193	179	186	49	84	54	78	109	135	87	134	99	79	66	99	183	135	134	207
Rv3703c	224	317	234	361	1285	1046	1135	1028	852	1365	916	607	784	636	733	659	209	271	236	292	529	574	388	572	484	333	344	426	712	671	551	723
Rv3704c	499	659	531	830	2064	1714	1725	1638	1393	2189	1515	1059	1246	1013	1145	1137	418	528	453	639	873	924	686	988	918	546	691	733	1108	1046	1079	1364
Rv3705c	127	156	144	220	509	434	449	331	367	501	383	219	295	212	226	247	73	79	78	125	177	217	209	295	292	96	226	168	206	223	317	333
Rv3705A	76	51	81	81	29	32	31	29	32	45	41	25	39	40	54	38	35	42	26	53	12	16	14	39	34	10	32	14	57	38	125	81
Rv3706c	142	134	179	200	39	38	36	57	46	54	46	34	86	58	60	78	74	137	70	146	14	22	12	34	26	15	18	12	135	76	204	125
Rv3707c	14	26	18	38	88	88	98	88	66	140	83	51	105	92	111	92	42	47	19	57	60	58	39	47	42	45	19	38	91	146	100	105
Rv3708c	386	457	441	572	1532	1336	1325	1206	1002	1859	1048	822	1312	1140	1244	1167	293	378	269	434	586	701	454	541	469	431	307	517	1188	1035	655	866
Rv3709c	617	796	646	910	2305	2079	1964	1810	1470	2866	1525	1143	2081	1672	1839	1713	569	603	562	621	717	920	535	795	701	550	407	654	1681	1526	1018	1278
Rv3710	2436	2620	1910	2419	3130	3095	2526	2611	2318	3605	2472	1511	3093	3224	2485	2993	2312	1661	1811	1844	1363	1649	1481	2300	1809	1126	1204	1558	2257	2548	2275	2831
Rv3711c	89	81	49	78	1342	1279	1023	1032	701	1275	691	550	1474	1002	1258	1091	59	68	33	69	511	597	343	468	257	228	160	243	1092	812	630	630
Rv3712	41	55	46	71	118	99	141	131	78	112	87	56	78	69	77	94	88	104	48	91	107	70	49	74	70	57	55	37	94	114	75	103
Rv3713	18	24	14	26	46	37	48	51	41	55	33	22	34	30	31	37	27	52	12	42	46	37	23	33	53	26	18	22	44	65	38	49
Rv3714c	123	121	127	128	307	301	280	293	299	423	291	163	505	323	536	410	47	83	61	81	88	119	84	148	123	72	79	103	215	242	227	228
Rv3715c	193	251	233	315	269	283	314	333	273	437	287	171	181	230	222	270	149	153	118	134	164	203	181	243	243	155	186	174	212	243	251	288
Rv3716c	200	273	239	306	211	202	217	265	164	269	188	137	154	153	141	165	137	142	103	135	123	168	139	208	157	109	118	114	132	149	208	203
Rv3717	8	11	8	9	159	162	126	148	102	159	99	70	119	99	107	105	27	21	2	21	49	33	63	76	37	22	46	14	40	49	114	108
Rv3718c	26	24	37	59	23	26	23	33	43	60	47	30	29	30	37	44	34	40	26	34	19	24	16	22	37	27	21	20	32	33	26	38
Rv3719	375	585	338	503	1082	1161	1050	963	306	489	370	191	362	376	413	482	372	326	220	294	353	436	444	689	270	153	187	129	296	306	516	377
Rv3720	215	314	277	378	824	680	787	683	258	386	310	156	265	293	341	397	266	322	219	272	421	438	437	636	214	141	203	140	234	284	404	438
Rv3721c	167	262	197	274	661	588	664	658	498	859	586	362	967	820	1008	1101	283	289	207	305	320	354	277	350	387	284	241	319	825	842	676	784
Rv3722c	283	355	359	484	1157	1153	1165	1159	858	1443	948	558	1127	1010	1139	1290	268	249	304	380	479	611	526	807	673	328	514	499	682	761	979	1192
RVnc0006	35	40	43	56	29	28	23	16	18	40	23	30	16	31	16	20	90	61	14	81	63	66	47	66	72	52	21	50	74	80	32	62
Rvnt41	0	0	0	0	0	1	0	0	0	0	0	1	1	0	0	0	0	1	0	0	0	1	1	1	3	0	0	0	0	1	0	1
Rv3723	185	260	265	419	630	604	643	639	387	634	395	301	453	485	472	644	275	330	228	276	425	525	343	516	380	261	197	290	484	525	450	544
Rv3725	326	394	333	479	635	559	640	658	258	391	244	167	333	269	348	330	282	339	325	379	296	367	315	377	147	87	73	97	157	198	135	176
Rv3726	192	227	227	344	409	327	386	405	140	207	147	79	112	92	127	118	164	208	129	223	207	229	168	240	105	58	92	53	71	103	103	114
Rv3727	73	121	85	166	3620	4233	3522	4065	2409	3686	2812	1358	374	371	465	467	76	88	62	112	848	1096	1433	2586	1156	347	1538	1084	287	258	1097	907
Rv3728	152	269	174	334	17639	13790	16992	14899	13690	15611	15932	6797	1251	1108	1538	1708	261	311	96	278	10954	9133	6749	4734	10188	4008	5531	4574	1334	1220	1770	1050
Rv3729	137	167	88	165	1034	1025	1038	1028	923	1124	1137	413	379	275	407	364	116	112	92	170	352	318	302	445	594	191	263	344	225	216	290	435
Rv3730c	49	96	42	77	101	112	97	89	79	153	84	69	152	117	146	111	70	83	24	79	44	39	39	61	71	44	34	34	106	118	86	104
Rv3731	73	90	55	74	87	87	74	64	55	124	63	41	85	89	57	84	47	38	18	58	37	31	29	53	61	34	37	26	73	66	81	84
Rv3732	204	306	145	173	271	254	202	159	202	365	229	125	293	250	279	260	122	101	132	137	100	117	89	120	176	80	91	75	162	128	170	173
Rv3733c	71	85	73	127	250	214	251	217	168	241	154	106	154	179	141	182	62	67	66	126	140	215	231	449	181	83	194	110	147	158	483	457
Rv3734c	627	798	499	699	873	803	723	733	487	760	572	346	553	476	408	496	189	204	253	271	367	415	457	698	389	181	437	203	343	318	1305	797
Rv3735	147	155	116	158	117	98	77	103	82	134	91	56	92	89	97	81	51	54	52	70	40	63	56	88	58	33	51	40	62	54	120	96
Rv3736	82	118	45	94	133	122	133	131	69	115	79	47	99	111	109	121	82	96	60	109	75	64	81	119	102	43	63	49	93	123	168	164
Rv3737	45	58	35	73	206	169	187	170	118	225	141	118	252	192	219	211	73	73	27	95	107	104	69	101	106	78	53	54	262	202	165	196
Rv3738c	63	75	45	126	132	148	145	132	198	357	135	175	106	144	112	171	142	141	62	127	156	81	132	67	307	58	363	41	230	158	657	122
Rv3739c	45	41	33	57	49	88	33	71	132	228	104	150	39	78	44	72	41	53	17	34	57	18	74	15	182	12	269	18	102	37	391	32
Rv3740c	208	223	51	97	2682	5926	2242	4453	8253	11410	6607	5243	1781	2395	1843	2704	308	101	262	84	1576	1799	2693	1742	4199	1492	7213	1250	2542	1847	9720	4272
Rv3741c	285	258	109	138	4572	7573	4210	6093	9488	12670	8956	5904	2018	2673	1878	2908	291	70	363	98	1906	3899	3691	4951	4756	2072	7868	1887	2657	2477	10267	5601
Rv3742c	608	467	380	354	5391	7232	5368	5859	9326	11292	8773	5681	1867	2139	1912	2322	363	94	675	184	2171	4238	5527	7115	4767	1998	8738	2127	2432	2134	9634	4612
Rv3743c	35	42	23	42	86	76	91	72	35	76	39	31	77	85	86	107	78	96	15	90	101	85	74	84	85	42	34	33	106	147	84	180
Rv3744	162	209	135	150	185	199	145	154	164	270	156	105	195	131	121	158	90	65	87	82	73	83	80	105	83	58	76	92	62	60	93	101
Rv3745c	1	1	0	0	1	1	0	0	3	1	1	0	1	1	0	1	0	2	0	1	0	0	2	0	1	1	1	2	2	1	3	0
Rv3746c	282	538	267	569	788	551	501	413	244	585	268	258	214	385	166	301	181	221	458	670	611	479	618	564	572	165	259	134	371	232	508	341
Rv3747	69	86	51	94	106	137	135	159	124	176	149	79	98	88	132	144	66	59	52	55	79	92	55	80	93	43	55	34	94	76	95	93
Rv3748	17	21	18	18	36	23	40	31	32	59	37	25	40	28	40	36	19	23	10	38	15	23	15	31	26	22	12	18	24	21	38	44
Rv3749c	54	55	50	49	235	246	251	255	26	46	32	16	29	19	17	27	27	30	18	50	103	124	176	303	25	14	26	11	9	30	38	39
Rv3750c	42	44	27	61	281	305	297	313	14	30	32	16	21	16	17	25	38	49	32	32	124	150	240	426	23	19	16	15	24	13	31	27
Rvnt42	0	0	1	0	0	0	0	0	0	0	1	0	0	0	1	0	0	2	0	1	0	2	0	1	1	0	0	0	0	1	0	0
Rv3752c	22	41	22	51	128	85	93	87	61	100	84	38	67	53	46	61	26	29	14	37	65	58	62	59	50	33	36	42	50	60	52	92
Rv3753c	209	269	171	299	453	395	454	412	388	548	385	215	298	233	289	274	57	95	104	116	192	198	220	242	213	115	180	121	169	170	234	225
Rv3754	61	73	42	64	98	91	87	77	74	143	66	44	94	107	95	95	43	51	11	56	37	25	18	39	32	25	22	25	49	67	49	48
Rv3755c	589	681	411	533	767	756	686	567	604	1040	631	448	733	632	570	679	219	230	262	265	160	282	306	438	283	150	246	255	373	369	621	679
Rv3756c	479	586	344	502	1442	1316	1069	1027	849	1633	813	651	1133	966	961	988	198	259	244	343	342	479	348	580	340	296	213	401	601	641	553	776
Rv3757c	250	284	181	228	887	839	740	711	537	1065	606	412	836	659	693	709	123	145	124	156	225	258	234	348	194	180	137	245	495	488	353	548
Rv3758c	562	627	322	435	1636	1431	1219	1142	855	1705	832	693	1433	1120	1230	1129	197	265	239	302	461	538	367	629	374	277	240	390	869	805	614	970
Rv3759c	1247	1253	824	1040	1559	1552	1164	1163	1218	2277	1123	853	1765	1522	1509	1362	300	283	316	400	273	368	385	567	354	253	275	366	578	539	606	871
Rv3760	12	10	16	7	17	7	6	4	10	17	6	12	10	10	8	11	7	3	4	9	4	2	0	10	8	1	3	2	3	3	6	6
Rv3761c	82	91	61	86	114	105	130	131	89	142	120	58	171	168	195	234	82	91	54	78	52	49	57	81	74	67	50	44	96	141	121	146
Rv3762c	181	226	202	281	269	276	322	268	226	321	229	137	324	283	338	335	146	165	153	269	137	154	126	209	190	104	174	118	214	280	400	413
Rv3763	185	214	297	358	396	325	498	494	356	479	459	264	409	604	504	730	135	146	187	224	228	300	286	377	387	245	491	192	484	635	1421	1092
Rv3764c	39	65	47	55	80	55	68	49	57	89	57	47	96	100	87	98	81	84	34	96	48	26	27	51	68	42	42	25	99	109	107	105
Rv3765c	404	407	395	444	134	120	154	135	104	187	100	84	150	169	196	200	156	272	208	269	62	55	54	96	87	59	85	40	239	165	319	153
Rv3766	113	134	122	171	36	44	21	26	26	60	51	23	56	53	41	53	72	71	56	78	22	7	23	38	35	16	16	13	33	42	47	55
Rv3767c	1814	2240	2026	2686	92	75	74	57	128	142	123	58	133	78	117	68	503	593	581	822	34	39	30	33	80	23	74	26	101	56	96	74
Rv3768	6	10	17	11	17	23	10	11	6	16	8	8	13	11	13	11	12	6	4	10	6	6	10	7	4	2	4	7	12	14	6	15
Rv3769	167	197	119	181	174	183	142	141	163	254	149	92	134	110	103	136	83	69	94	97	66	90	84	113	92	61	80	60	65	73	114	114
Rv3770c	19	18	18	30	39	23	30	27	26	31	31	16	28	28	26	31	23	27	35	28	21	31	26	34	31	19	25	19	26	32	56	39
Rv3771c	6	17	12	22	33	31	40	35	30	27	22	17	17	26	22	35	39	30	14	19	32	38	53	47	28	25	38	35	43	34	48	77
Rvnt44	0	1	0	0	0	0	0	1	0	0	0	0	0	0	0	1	1	1	2	1	0	0	0	2	0	0	0	1	1	3	0	0
Rv3772	11	22	15	16	72	65	61	69	50	76	62	35	53	52	53	66	16	27	10	33	34	14	15	39	31	20	10	18	29	29	35	34
Rv3773c	63	89	70	80	113	91	76	91	132	225	136	105	126	94	77	102	45	49	33	62	39	37	55	62	63	32	63	55	48	81	135	121
Rv3774	238	242	171	254	571	554	444	504	400	790	415	297	665	666	604	610	92	110	73	108	145	198	86	122	160	145	74	107	317	309	164	230
Rv3775	88	128	59	119	324	320	277	277	268	499	267	182	325	324	294	345	82	88	51	84	90	127	82	116	131	120	70	93	131	185	123	194
Rv3776	102	175	116	206	504	544	422	451	283	500	283	163	292	211	263	205	144	190	71	220	136	185	141	305	80	70	32	81	143	158	108	196
Rvnt45	1	0	0	4	3	0	1	0	0	1	1	2	1	1	0	0	0	0	1	3	1	0	0	0	2	1	6	0	4	5	0	2
Rv3777	118	139	114	148	333	356	353	359	251	456	265	193	296	250	268	249	101	121	113	138	129	168	184	233	128	108	105	145	136	179	236	296
Rv3778c	873	979	1144	1525	1124	866	1069	970	1597	2326	1726	1122	1934	1586	1986	1878	722	821	823	901	440	527	414	453	1034	649	680	745	2156	2041	1565	1766
Rv3779	128	190	128	167	807	735	650	624	487	866	496	329	566	486	491	475	157	172	73	182	211	229	224	314	225	176	147	191	317	300	299	388
Rv3780	144	177	237	318	427	434	409	412	297	484	332	230	320	301	330	369	96	109	120	157	157	180	172	241	179	87	145	134	195	188	259	304
Rv3781	200	259	141	235	698	676	655	635	553	799	530	341	598	494	611	575	218	180	168	181	165	201	200	303	221	140	193	192	352	353	426	484
Rv3782	440	524	349	545	1058	998	893	964	768	1251	805	567	1030	970	876	959	335	319	364	394	301	397	298	512	371	268	296	320	555	588	489	683
Rv3783	134	137	99	144	327	339	323	294	233	419	241	166	340	294	294	293	103	105	76	110	84	83	76	173	122	66	80	95	103	114	146	211
Rv3784	91	119	100	135	224	251	210	197	139	255	170	104	227	192	206	233	172	129	107	118	76	77	71	116	105	62	70	93	132	165	149	217
Rv3785	349	467	229	367	732	633	491	534	273	456	305	207	274	243	237	240	189	178	209	272	227	247	264	387	167	83	177	127	195	199	292	308
Rv3786c	63	105	76	89	197	157	189	183	146	279	156	109	202	193	190	209	95	88	53	116	89	94	66	108	106	76	73	62	156	193	154	173
Rv3787c	7	14	11	11	41	15	41	23	26	39	33	12	22	22	31	34	29	25	2	28	27	11	17	15	27	21	25	16	30	48	31	50
Rv3788	18	20	28	61	58	50	91	85	65	74	59	33	44	48	60	72	22	37	19	39	41	31	46	63	49	29	48	36	39	55	92	82
Rv3789	18	11	14	18	18	6	22	16	15	16	11	6	14	14	20	19	17	4	3	9	6	6	5	8	13	4	14	3	10	12	26	24
Rv3790	72	113	91	171	180	163	194	247	137	195	145	82	178	187	192	236	105	111	57	95	63	52	66	88	94	56	84	52	135	165	181	195
Rv3791	120	171	148	196	231	228	243	253	187	254	194	107	203	234	226	270	144	151	83	134	93	113	76	124	115	93	102	77	171	232	205	234
Rv3792	45	43	37	43	151	144	162	178	134	193	151	77	215	244	167	249	95	96	30	107	71	76	53	82	83	59	73	58	157	249	141	224
Rv3793	80	133	71	120	536	606	498	542	513	778	524	363	658	796	589	836	215	267	130	209	302	417	179	300	314	278	147	282	635	1077	351	767
Rv3794	43	66	35	64	462	507	545	627	416	633	487	322	598	763	596	865	221	179	79	175	296	392	183	283	365	309	179	282	747	1135	465	850
Rv3795	44	68	36	54	333	431	350	430	451	484	441	244	443	696	340	771	222	199	101	204	196	274	128	203	217	248	149	198	346	725	280	609
Rv3796	54	90	43	61	48	71	53	69	75	96	85	33	88	106	72	91	85	64	45	56	23	21	23	43	51	37	29	25	20	53	69	70
Rv3797	301	396	289	455	1578	1269	1410	1079	807	988	746	409	408	320	384	332	157	230	235	356	657	627	657	728	611	310	985	379	294	341	576	774
Rv3798	97.3911	134.133	145.667	140.285	346.5	233.127	329.353	215.238	201.214	313	217.982	137.5	187.655	190.5	257.991	240.743	109.5	97.8839	96.5	138	277.324	287.266	245.5	276.457	341.68	144.138	236.23	258.523	218.49	269.048	266	349.464
Rv3799c	3401	3767	2538	3798	11213	10393	8827	9023	9904	15965	10404	6972	7568	8816	5847	8373	4798	5540	3568	4474	3594	4751	4222	6720	4526	3709	3280	5128	4705	6918	4201	7395
Rv3800c	7661	7939	7294	9834	27922	24244	24824	23129	20475	33523	21505	15546	16167	18613	14035	19180	11380	15715	7005	9259	12896	14411	12546	17575	12070	9946	8466	12260	15362	20472	11428	19723
Rv3801c	2068	2660	2790	4173	7466	6494	6989	6702	3880	6896	4208	2816	3564	3391	3355	3824	2414	2992	1579	2005	2489	3074	3292	4397	2211	1474	2133	1775	2470	2614	3221	3326
Rv3802c	1044	1425	1210	1573	1272	1194	1254	1149	394	793	454	326	486	484	482	568	744	829	973	1056	557	734	1209	1558	405	221	429	399	377	415	753	801
Rv3803c	253	306	324	512	720	679	905	980	621	894	650	411	870	897	953	1201	397	455	227	361	540	628	532	627	629	387	493	460	1061	1105	1182	1132
Rv3804c	3257	3627	4915	6689	4331	4688	4794	5524	4843	7091	4908	3347	3915	3562	4579	4667	3655	3865	2682	2756	2585	3145	2801	3420	4396	2295	3318	4351	3844	2957	4466	3472
Rv3805c	342	377	289	383	2381	2481	1990	2387	1588	2706	1781	1155	1950	1934	1719	1959	613	527	414	505	701	1032	586	987	685	634	435	769	1249	1542	845	1349
Rv3806c	186	183	160	210	1682	1653	1446	1464	1113	1706	1132	783	1240	1076	1089	1198	294	336	191	242	533	747	345	611	465	409	306	520	993	1023	547	824
Rv3807c	47	52	42	67	399	341	344	341	236	435	271	196	255	225	251	257	66	91	45	71	153	186	100	173	109	104	83	100	252	250	117	166
Rv3808c	394	438	398	545	1510	1521	1579	1500	956	1502	1087	754	994	855	971	1028	511	609	279	405	625	883	500	835	715	508	440	532	814	929	646	684
Rv3809c	117	144	111	149	362	399	396	442	267	377	255	134	263	223	276	261	176	131	69	113	79	125	90	177	133	76	84	79	104	125	174	183
Rv3810	29	46	36	44	988	858	930	811	377	570	356	216	250	226	291	282	25	37	11	36	235	273	526	774	124	88	238	161	159	164	570	423
Rv3811	220	284	230	334	1514	1625	1486	1760	912	1566	948	632	1282	1287	1151	1310	175	213	174	275	442	568	717	1237	474	332	486	438	728	769	1443	1429
Rv3812	37	43	24	42	200	256	199	263	145	246	152	91	246	212	227	273	62	60	29	63	69	73	82	124	89	56	63	73	93	133	164	210
Rv3813c	75	107	74	115	212	184	180	211	198	283	188	113	202	177	182	209	89	101	67	100	93	120	96	155	117	91	116	130	144	169	225	240
Rv3814c	443	532	387	582	591	480	544	529	458	753	508	338	503	535	495	527	558	499	382	572	294	362	258	459	353	267	311	250	528	584	682	613
Rv3815c	340	403	269	451	665	556	525	565	451	729	485	335	548	477	540	549	288	323	233	307	235	300	250	385	271	169	240	221	453	479	580	561
Rv3816c	776	876	645	854	897	812	814	868	707	1184	729	514	934	711	826	868	490	530	450	483	299	352	360	503	327	262	322	292	628	609	889	813
Rv3817	11	20	21	17	41	51	48	35	34	55	42	25	44	44	42	56	46	40	17	35	33	35	29	38	53	33	36	25	43	63	55	68
Rv3818	181	283	282	419	242	207	261	274	192	324	215	131	214	191	276	289	175	207	119	206	124	107	103	128	172	111	128	81	170	181	250	234
Rv3819	17	23	27	33	23	16	16	20	11	18	17	4	18	8	20	22	15	14	6	16	9	10	9	8	15	8	11	9	7	11	21	19
Rv3820c	51	78	51	79	36	28	66	55	37	72	45	29	46	49	46	68	76	98	34	75	31	25	22	32	50	38	22	11	38	67	43	48
Rv3821	292	382	282	404	388	371	367	330	373	579	384	237	449	379	452	418	207	194	234	272	207	195	192	278	251	156	204	174	304	257	398	426
Rv3822	2343	3029	2670	3076	284	274	274	279	1012	1361	826	457	1028	668	678	539	785	629	1246	1275	93	102	107	154	459	99	505	94	600	279	1131	363
Rv3823c	4161	4181	3486	3938	495	407	437	357	1290	1078	1314	403	515	515	518	543	5121	4081	7981	8115	241	209	176	273	2160	645	377	295	2173	1161	588	671
Rv3824c	1885	1557	2135	1727	76	29	80	54	388	303	479	123	150	104	137	113	2492	1654	3202	3594	41	31	23	58	903	253	125	75	819	308	148	147
Rv3825c	35718	27136	39958	36280	1321	708	1177	729	7878	7474	7703	3070	3122	1798	2916	1891	18061	19132	26193	31815	842	606	544	673	9538	2753	4437	1282	9339	3102	6519	1673
Rv3826	473	532	483	516	179	161	181	180	199	237	198	76	123	113	140	147	324	273	279	357	70	78	69	98	199	73	91	51	144	145	194	151
Rv3827c	580	575	424	495	759	569	592	569	1559	2183	1761	909	2161	2088	1993	2251	329	265	403	390	196	211	155	242	1003	637	1053	774	1826	1777	2112	2311
Rv3828c	1506	1511	1149	1290	1267	1093	1073	1076	3214	4522	3801	2045	4194	4217	3938	4543	691	445	1018	834	191	233	284	363	2552	1759	3215	1875	3239	3108	5934	4892
Rv3829c	31	59	35	43	95	109	110	89	3924	5783	4252	2695	3170	3180	3195	4048	113	123	62	122	74	72	47	62	3063	1926	3016	1988	2732	2705	4721	4060
Rv3830c	3	10	7	2	17	18	11	12	172	213	141	102	153	98	139	111	22	18	10	30	12	8	7	19	84	48	90	60	72	78	101	99
Rv3831	11	16	19	8	28	29	35	28	969	1387	871	583	677	552	609	653	19	19	11	25	27	20	20	28	455	216	493	316	293	262	605	537
Rv3832c	6	13	8	7	23	15	17	16	10	27	12	16	11	4	9	8	26	20	9	16	23	8	14	23	30	8	11	16	15	17	15	18
Rv3833	16	31	11	47	26	25	24	21	75	90	98	43	82	71	67	90	35	27	73	64	136	126	137	171	285	80	155	162	156	141	298	268
Rv3834c	31	34	21	26	49	40	52	61	37	66	43	24	54	52	41	54	73	91	26	91	41	38	34	40	70	40	29	28	50	104	58	82
Rv3835	132	215	136	222	472	477	415	493	381	667	385	255	348	322	372	385	143	133	86	125	153	211	170	260	184	136	164	185	247	258	336	308
Rv3836	14	20	20	14	49	48	43	55	39	48	44	21	41	45	36	42	17	18	10	11	16	11	17	28	25	11	15	17	27	35	44	34
Rv3837c	637	762	541	845	862	745	809	724	526	917	575	381	589	571	543	644	583	504	503	577	500	474	759	732	939	280	590	622	867	746	986	1373
Rv3838c	111	95	84	102	439	337	356	303	252	487	261	215	293	231	292	288	108	118	95	94	157	166	155	190	186	121	100	143	214	266	195	261
Rv3839	14	23	10	23	51	39	40	26	10	11	20	11	12	9	8	16	38	34	3	37	32	25	12	19	22	11	7	6	18	16	24	23
Rv3840	12	14	9	17	9	4	11	7	8	10	7	3	4	4	5	2	10	12	10	16	11	5	6	9	17	9	3	5	7	10	7	9
Rv3841	41399	48766	35673	44417	25050	18689	17634	13965	23392	47383	22033	20762	16512	23353	10385	18085	31043	35697	32090	36223	8232	9784	14198	14714	18183	9441	11359	9655	14977	13910	23943	25175
Rv3842c	335	446	270	474	697	618	633	621	552	859	596	394	815	567	753	625	230	300	215	288	313	362	441	598	366	238	369	323	461	490	693	686
Rv3843c	446	618	542	754	1405	1167	1175	1172	1001	1628	1056	719	1372	934	1248	1147	354	501	452	551	737	868	1026	1143	734	550	768	749	1137	1041	1515	1397
RVnc0040	1	0	0	1	0	0	0	3	1	1	0	0	0	0	0	0	0	0	0	0	0	0	0	0	2	0	0	0	0	1	0	0
Rv3844	5.5	4.5	6	5.5	4.10755	21	16.5	16	7.5	23	11.5	11.5	17	13	20	20	8.5	8.5	8.5	12	30.8925	24	13	19.5	21	11.5	9.5	11.5	18	27.5	18	26.5
Rv3845	4	2	2	3	5	8	8	12	12	5	4	4	6	4	5	4	4	5	4	8	4	5	0	6	3	2	3	2	5	7	7	6
Rv3846	495	591	608	753	399	388	383	411	292	432	313	183	282	274	333	368	169	177	209	267	135	203	200	305	202	121	259	117	222	209	553	326
Rv3847	1155	1883	1239	2211	304	284	293	245	245	440	287	187	324	301	269	339	477	540	321	557	107	155	139	255	187	93	188	131	212	203	484	429
Rv3848	189	311	165	306	345	248	326	247	195	315	182	107	268	236	230	261	173	200	150	206	207	257	261	448	189	110	161	132	196	259	451	474
Rv3849	332	371	364	474	331	304	321	277	302	397	284	153	340	269	354	271	143	139	125	172	85	122	147	188	173	76	128	97	187	118	313	247
Rv3850	43	70	66	76	110	85	122	90	96	137	103	58	85	82	86	81	77	97	37	91	74	82	63	103	86	61	54	51	68	89	87	98
Rv3851	0	2	4	1	5	3	1	3	1	6	3	3	4	0	5	1	5	2	0	3	1	1	2	2	2	2	1	2	3	3	4	4
Rv3852	169	180	195	226	218	193	219	172	163	279	169	123	119	177	138	184	123	145	103	149	85	108	90	148	122	90	88	89	105	108	115	126
Rv3853	56	82	38	58	138	119	118	93	123	205	108	78	68	91	80	109	32	27	35	65	43	54	50	87	54	41	54	55	44	61	66	71
Rv3854c	6153	7677	3300	5178	9620	11051	6774	8098	7295	12563	7484	4719	17507	13665	15173	12802	1982	1736	2398	1991	5528	6156	8317	9821	6994	3189	6650	4964	7861	7286	20427	20573
Rv3855	586	850	259	552	731	853	520	677	582	1063	588	431	1446	1315	1153	1141	215	155	205	161	446	519	621	832	537	274	496	473	663	655	1619	1620
Rv3856c	262	401	146	247	1593	1484	1252	1283	883	1574	1058	680	1010	950	914	911	308	286	147	178	429	607	544	896	452	321	337	425	615	672	767	1012
Rv3857c	9	11	2	14	27	36	23	23	13	34	27	17	23	20	18	17	10	3	1	11	4	7	6	20	9	4	5	4	13	7	22	11
Rv3858c	736	935	621	840	1942	1768	1712	1733	1773	2442	1834	1070	1638	1790	1451	1998	888	1053	1397	1542	686	910	1314	2052	1243	962	1643	1624	1167	1409	1942	3117
Rv3859c	4559	5534	4432	6808	10162	8643	9378	8992	7021	11056	7562	4863	8070	7168	7752	8359	4141	4918	6543	7232	3770	4770	6477	10065	5436	4005	7011	6311	6781	6804	10043	13440
Rv3860	35	49	30	52	77	46	64	70	47	64	53	31	55	51	41	52	87	76	29	78	54	40	36	68	57	30	38	46	66	71	67	101
Rv3861	0	0	0	0	0	0	0	0	2	0	1	0	0	0	0	0	1	2	1	0	0	0	0	1	1	1	0	0	0	1	1	2
Rv3862c	338	514	498	795	210	99	174	104	170	177	186	67	185	93	212	147	145	355	228	327	168	131	296	197	123	65	92	48	114	107	121	110
Rv3863	2032	2841	2122	3259	439	386	435	374	914	1200	1030	570	1513	993	1277	1006	1226	1823	1525	2213	194	216	281	363	526	269	486	504	559	569	626	926
Rv3864	3017	4358	3206	5260	1925	1792	1550	1534	1815	2744	1970	1262	2203	1758	1778	1764	2135	2622	2649	3618	814	1315	1153	1993	1597	1135	1196	1055	1539	1489	2020	2249
Rv3865	772	892	739	970	335	302	304	294	299	483	360	213	385	309	356	318	518	608	605	719	161	243	221	349	294	192	237	196	275	291	452	473
Rv3866	1877	2895	1789	3109	1729	1569	1432	1367	1544	2370	1661	1051	1898	1567	1696	1579	1532	2198	1877	2353	664	956	886	1453	1269	898	1005	895	1514	1434	2032	2024
Rv3867	1104	1468	1182	1635	1333	1271	1129	1210	1148	1707	1154	702	1404	1111	1346	1272	735	852	953	1045	484	702	744	1018	823	477	821	657	876	808	1673	1484
Rv3868	2826	3721	2930	4200	4844	4679	4240	4294	4124	6532	4514	2634	4910	4152	4425	4592	2909	2980	3443	3668	1546	2122	2441	3742	2859	1688	2868	2334	3079	3038	5803	6111
Rv3869	1786	2499	1241	2291	4921	4754	3512	3545	3171	5900	3150	2282	3773	3419	2855	2930	1177	1344	1267	1397	1145	1376	1293	2286	1429	922	962	1438	1384	1486	1703	2797
Rv3870	4455	5603	3784	5797	12695	11980	9653	9165	7762	15095	8105	5953	9582	7969	7845	7676	3488	3833	3980	4289	2782	3447	3125	5405	4018	2618	2528	3858	4469	4536	4900	7275
Rv3871	2566	3400	2004	3198	6886	6494	5546	5077	4276	7998	4184	3142	4511	3832	3927	3813	1816	2375	2141	2178	1740	2021	1692	2871	2434	1511	1327	2014	2597	2456	2591	3445
Rv3872	378	551	316	603	379	349	269	267	187	354	221	147	168	196	146	166	168	227	255	384	134	171	145	237	145	102	80	109	90	103	125	185
Rv3873	2811	4309	2672	4693	3214	2997	2734	2595	2054	3257	2222	1325	1784	1547	1698	1650	2769	2778	2773	3822	1133	1454	1644	2122	1750	991	1138	1156	1433	1313	1582	1983
Rv3874	22663	35046	28047	43544	4600	4174	4274	4431	5346	9844	6351	4834	4310	4516	3713	4368	42743	49671	30481	46232	5021	6729	5458	8514	13262	9824	6521	5650	6237	6650	6824	6226
Rv3875	9455	12921	11471	18039	2620	2310	2621	2372	2675	4668	3062	2204	2089	2031	1958	2250	14132	16287	9171	15447	3590	4418	3115	4860	6712	5188	2866	3294	3224	3331	3137	3215
Rv3876	2543	3307	2545	3684	3174	2962	2628	2578	1942	3462	2189	1419	2502	2274	2251	2326	1731	1880	2315	2703	989	1223	1916	2579	1748	978	1769	1361	1725	1619	3418	3650
Rv3877	1746	2044	1418	2192	2811	2447	2367	2178	1873	3095	1810	1328	2186	1981	1885	2051	882	1216	1385	1631	771	884	1528	1782	1242	735	1234	1180	1318	1206	2566	3054
Rv3878	936	1484	921	1708	1207	1042	958	922	840	1397	857	589	743	651	606	698	426	582	602	733	461	457	551	778	600	357	430	405	506	409	623	705
Rv3879c	2150	2931	1956	2963	3858	3150	3031	2803	2340	3848	2515	1750	2507	2171	2146	2045	1931	2576	2415	3004	1759	2104	2072	2805	2050	1519	1454	1651	2736	2505	2525	2673
Rv3880c	882	1058	1096	1324	570	426	480	450	454	673	408	252	373	298	302	361	544	696	687	851	284	331	358	537	604	364	373	279	317	292	496	456
Rv3881c	8238	10459	8856	11984	5529	4927	4742	4784	4269	6602	4496	2914	3866	3360	3504	3474	5990	7368	6118	7741	2881	3626	3631	5345	4559	3140	3466	2546	3729	3287	4804	3913
Rv3882c	825	864	968	1268	1574	1488	1469	1433	894	1379	889	619	1143	942	1039	1044	474	622	381	606	600	782	657	823	533	350	354	506	761	870	723	1037
Rv3883c	463	561	670	970	1214	1151	1083	1066	674	1057	691	448	848	656	767	732	377	521	276	401	485	569	486	543	431	273	257	361	726	711	569	735
Rv3884c	198	404	165	381	830	931	706	838	846	1262	866	574	1179	1357	854	1289	297	334	254	371	342	413	357	607	401	393	340	473	724	1203	794	1355
Rv3885c	95	141	87	135	591	587	508	585	488	828	546	370	782	911	652	853	276	237	175	266	238	303	235	420	284	248	188	328	621	981	611	1011
Rv3886c	46	79	59	109	457	418	442	428	318	566	365	239	454	520	418	551	151	186	140	225	229	296	169	287	214	148	153	243	461	653	399	663
Rv3887c	320	384	257	403	897	824	874	901	702	1240	807	539	1015	1032	965	1227	658	578	520	604	361	456	369	561	540	375	384	460	904	1191	995	1184
Rv3888c	123	203	143	250	326	340	376	405	274	439	311	198	389	368	360	428	197	197	183	208	116	111	114	207	138	104	140	116	241	276	372	344
Rv3889c	157	263	235	372	221	223	188	221	178	334	209	132	236	219	217	257	214	252	193	314	94	104	129	158	153	85	155	112	151	173	423	289
Rv3890c	244	335	424	589	119	109	137	137	128	167	113	73	130	111	138	142	266	382	246	361	85	130	113	158	117	89	161	105	137	139	286	179
Rv3891c	212	327	372	585	98	97	110	134	94	116	92	59	104	107	89	102	255	301	224	341	55	60	70	117	101	67	162	48	90	66	286	149
Rv3892c	56	104	71	161	71	75	88	66	57	94	58	46	83	80	86	114	95	137	37	111	47	75	40	84	82	52	32	46	107	156	100	137
Rv3893c	16	22	31	35	17	12	17	16	11	23	13	12	19	11	13	10	3	10	6	21	3	11	7	6	9	9	5	6	10	16	7	16
Rv3894c	619	752	537	745	1636	1455	1542	1361	1286	2039	1421	909	1376	1406	1221	1568	781	772	668	892	695	807	638	969	849	600	546	748	1043	1368	976	1521
Rv3895c	91	123	99	163	469	371	424	340	399	649	422	317	428	416	348	407	139	166	82	168	272	301	175	278	317	212	180	267	439	493	344	397
Rv3896c	85	150	89	156	404	343	337	331	263	415	267	194	237	230	233	257	82	80	62	115	274	292	221	393	252	140	147	202	262	310	274	331
Rv3897c	127	169	164	235	165	124	134	139	198	314	170	141	164	183	145	169	245	194	102	175	133	140	123	140	223	134	114	125	250	287	171	233
Rv3898c	67	74	110	143	111	115	98	124	116	158	108	64	128	102	121	121	41	81	53	74	85	99	93	100	88	76	46	55	119	150	101	89
Rv3899c	15	22	9	11	44	36	44	31	35	38	38	20	43	38	37	35	34	33	9	35	30	23	11	21	35	25	9	17	44	76	34	63
Rv3900c	308	392	291	381	273	260	307	308	241	398	271	181	399	390	374	397	478	353	222	297	185	229	163	254	281	205	172	150	470	522	431	479
Rv3901c	6	13	6	6	20	23	29	39	28	40	29	9	29	34	30	44	12	14	10	16	19	19	13	26	21	11	9	14	23	23	38	45
Rv3902c	37	38	43	59	66	56	45	62	48	70	54	34	59	67	68	69	34	36	28	45	29	21	31	40	39	22	28	24	31	33	54	67
Rv3903c	193	262	145	243	353	314	312	299	231	393	243	175	300	293	271	273	349	305	137	335	179	192	138	222	254	158	117	124	287	358	238	339
Rv3904c	37	44	31	32	43	35	32	46	30	52	40	20	39	55	47	37	47	28	24	38	35	34	22	33	28	20	22	29	54	54	37	31
Rv3905c	308	438	310	466	272	257	281	205	234	377	276	179	278	265	249	230	371	419	229	323	190	190	155	205	285	157	142	118	243	277	259	277
Rv3906c	92	135	156	172	295	283	298	302	290	361	319	180	265	247	256	320	125	132	98	100	172	186	187	224	214	141	184	154	259	289	338	321
Rv3907c	104	111	70	126	352	290	328	316	310	521	298	221	377	343	316	340	255	190	109	167	172	161	134	155	218	152	113	148	283	322	231	288
Rv3908	31	34	34	77	333	253	322	327	137	202	122	88	167	150	173	193	62	69	37	66	169	195	158	222	94	59	73	73	156	186	204	184
Rv3909	18	41	33	54	300	340	328	356	139	240	159	104	198	222	210	272	92	116	48	101	145	180	127	194	106	79	71	94	199	283	204	252
Rv3910	273	404	346	541	1437	1387	1369	1375	920	1408	940	648	1061	1069	890	1178	350	428	344	540	603	752	585	885	515	481	437	573	884	985	764	1195
Rv3911	9	22	5	27	27	44	35	43	21	24	24	21	25	34	42	31	30	24	9	30	26	22	21	27	26	21	21	18	15	49	27	50
Rv3912	11	14	7	10	38	20	33	35	24	29	27	11	31	27	28	21	17	13	6	18	18	10	16	8	30	11	11	10	16	27	21	26
Rv3913	197	281	241	395	238	231	239	201	159	274	183	105	191	190	220	213	141	167	208	244	221	179	210	250	812	166	350	222	378	225	491	361
Rv3914	126	142	193	238	79	60	79	71	47	86	73	46	54	70	58	74	84	92	134	147	59	83	94	91	192	57	102	65	120	79	168	112
Rv3915	425	600	448	652	634	481	625	548	446	731	469	309	369	319	456	445	238	260	249	293	227	264	266	320	290	162	240	194	221	216	405	352
Rv3916c	412	531	389	597	911	883	848	831	538	990	636	440	528	535	419	561	400	411	266	378	651	918	627	1153	569	383	396	513	554	670	697	822
Rv3917c	196	181	185	242	1690	1713	1506	1536	1023	1837	1114	844	1358	1119	1056	1075	294	253	195	223	495	695	484	765	469	361	290	605	753	802	526	751
Rv3918c	103	148	91	132	1326	1341	1112	1267	680	1312	813	536	1086	881	897	884	227	153	148	139	351	472	369	576	321	248	195	385	565	583	435	589
Rv3919c	592	760	680	947	3122	3064	2921	2988	1997	3397	2379	1586	2740	2392	2178	2528	1230	839	798	755	1159	1544	1381	1927	1289	928	933	1315	1882	2157	1518	2149
Rv3920c	614	730	608	823	3339	3038	3224	3449	2305	3611	2874	1695	2783	2540	2376	2845	1552	1325	1173	1112	1468	1552	1839	2016	1664	1108	1260	1611	2219	2447	2155	2603
Rv3921c	345	400	391	504	2080	2090	2457	2440	1350	2036	1598	921	1540	1466	1488	1721	1134	904	839	750	989	1123	1257	1478	1079	658	826	792	1153	1299	1418	1505
Rv3922c	187	210	143	227	920	871	1106	1220	512	782	630	347	605	591	733	748	551	513	454	306	400	494	619	814	465	270	423	401	462	482	767	714
Rv3923c	137	195	206	293	914	796	1174	1134	458	661	516	259	481	409	524	576	294	312	293	301	395	441	639	677	401	242	400	396	344	299	588	534
Rv3924c	5	3	7	4	7	9	15	10	5	8	6	7	3	1	5	8	5	6	8	3	9	4	7	6	10	1	5	6	7	2	7	4