Gene	pstA1_ctrl_1	pstA1_ctrl_2	pstA1_ctrl_3	pstA1_RIF_30min_1	pstA1_RIF_30min_2	pstA1_RIF_30min_3	pstA1_RIF_60min_1	pstA1_RIF_60min_2	pstA1_RIF_60min_3	WT_ctrl_1	WT_ctrl_2	WT_ctrl_3	WT_RIF_30min_1	WT_RIF_30min_2	WT_RIF_30min_3	WT_RIF_60min_1	WT_RIF_60min_2	WT_RIF_60min_3
Rv0001	9408	8903	8622	11616	7173	13574	12664	10334	9195	7792	5825	7346	14155	8222	10807	15275	7671	11762
Rv0002	6328	5688	6566	6831	6098	9334	8856	7172	7180	5753	6046	5170	6993	6992	7490	8831	5742	8815
Rv0003	3965	3161	3895	5303	2810	5543	5156	3598	3748	3226	2720	2586	5174	3073	4290	5210	2634	4023
Rv0004	3058	2492	2988	3946	2549	4198	3694	3038	2936	2375	2039	1761	3944	2442	2763	3657	2125	2890
Rv0005	59565	58670	53387	77201	56008	85185	68266	58896	51988	47814	41743	37501	80503	53799	58654	73656	41741	57268
Rv0006	49352	47219	52236	66466	48675	75950	59106	48988	51926	38515	31202	30740	71150	44754	46514	61147	35119	50741
Rv0007	9030	9420	10930	12643	9460	15330	10513	10309	10660	6701	6568	5586	12719	8542	8715	11441	7060	9853
Rvnt01	307	224	263	340	237	317	377	244	252	279	208	224	422	230	297	404	233	331
Rvnt02	286	258	262	380	283	327	393	315	252	252	201	208	483	256	328	403	258	352
Rv0008c	686	797	792	879	866	1097	954	1176	942	637	711	595	907	878	732	1096	783	1084
Rv0009	18426	26827	20047	19902	23613	31244	25473	28315	23813	15147	22076	13475	19466	26906	21073	24774	21702	24589
Rv0010c	7506	8518	7675	9376	6810	11995	9940	8992	8223	5758	5890	4658	9292	7519	7284	9560	6478	8353
Rv0011c	5144	4602	4865	6584	4367	7159	6519	5346	4844	4978	3354	4338	7667	5170	6035	7572	4316	6442
Rv0012	4841	4751	4493	5644	5834	6238	6157	5458	4669	3807	3880	3178	5364	5053	4204	5700	4051	5551
Rv0013	4387	4021	3979	5291	3576	6024	5605	4435	4102	3992	3201	2876	6098	3855	4325	5681	3331	4584
Rv0014c	12878	9878	11811	14646	10365	16421	14702	11245	11202	11918	7454	8046	16927	10143	11530	15925	8190	12163
Rv0015c	8390	8976	10492	10982	8936	13926	9276	8829	9194	6857	7714	5371	12797	9160	8494	10181	6576	8280
Rv0016c	10317	8946	9654	12228	9051	13913	11453	9639	9062	9103	6988	6529	14611	8853	9403	13066	7139	9614
Rv0017c	8190	5967	7787	9450	6362	11384	9337	7572	7771	7119	4389	5253	10233	6491	7452	10197	5533	7808
Rv0018c	10101	8867	11422	12926	9128	15313	11752	9301	10379	8877	6993	6976	14896	9083	9899	13037	7531	10783
Rv0019c	4865	4799	6094	6375	4831	8555	6117	4915	5907	4439	4053	3771	7366	4848	5794	6548	3952	6105
Rv0020c	44504	43977	48363	52324	46838	68341	52274	47560	47389	35745	37340	30573	55285	45460	43951	55919	36047	52697
Rvnt03	637	576	857	627	654	1099	927	826	823	571	605	643	800	645	866	784	652	996
Rv0021c	2882	2657	3561	3026	2799	4612	3663	3329	3659	2769	2475	2732	3278	2950	3652	3611	2619	4182
Rv0022c	64	91	71	75	78	101	85	90	60	55	69	51	96	73	68	109	69	100
Rv0023	1506	1263	1873	1736	1755	2115	1464	1464	1409	1257	1013	1018	1813	1308	1246	1351	1011	1469
Rv0024	3076	2873	3746	3020	3603	4839	3569	3314	3938	2212	2241	1787	2939	2828	2550	3313	2145	3114
Rv0025	1960	1862	1881	2046	2052	2431	2098	1821	1732	1330	1492	1145	1952	1464	1520	1979	1244	1934
Rv0026	3708	2972	3694	4765	2922	5099	4484	3383	3645	2722	2021	2177	4728	2421	2965	4013	2201	3340
Rv0027	1080	956	1018	1309	1251	1501	1459	1342	1181	852	683	585	1205	974	823	1205	932	1109
Rv0028	1937	1455	1876	2321	1899	2456	2365	1976	1872	1524	912	1210	2042	1389	1441	1786	1362	1917
Rv0029	4226	4158	5026	4869	4121	7153	5450	5108	5186	2600	2389	2034	3311	2822	2937	3697	2528	3557
Rv0030	658	474	829	759	519	1024	948	626	784	549	393	490	658	455	617	741	520	774
Rv0032	1762	1681	1613	1856	2011	2382	2775	2722	2163	1692	1482	1330	1925	2015	1910	2713	1941	2736
Rv0033	112	102	69	105	135	124	158	171	107	99	83	63	112	95	95	171	131	129
Rv0034	349	394	265	359	447	418	518	572	422	320	313	227	416	447	272	553	456	513
Rv0035	4128	3526	3609	4940	3504	5121	5882	4980	4271	3569	2729	2574	5048	3490	3821	6002	3738	5016
Rv0036c	5120	5218	5772	5592	6304	7023	6748	6177	6027	4293	4641	3483	5822	5733	5169	6397	4894	6739
Rv0037c	4441	5132	5518	4858	5683	7132	5515	6031	5697	3364	4570	3017	4714	5319	4571	5646	4221	5526
Rv0038	6355	5867	6321	7119	7344	7993	7481	6973	6306	4869	4259	4129	7422	5783	5382	6760	4956	6819
Rv0039c	5653	5520	5327	5865	5990	6544	7421	7416	5997	4131	4768	3023	5051	4930	4873	6437	4545	6085
Rv0040c	10075	9436	5961	10747	10206	8252	12440	11185	6775	10609	8118	5876	13452	9573	8409	15949	8485	11264
Rv0041	13161	10872	14252	13706	11875	18961	16856	13906	15036	11242	9133	9585	12488	11618	12767	15041	10611	16360
Rv0042c	5446	5084	4289	6243	4625	6567	6412	5648	4281	4247	4360	2940	5797	4785	4553	5654	4051	4772
Rv0043c	3218	3978	3112	3408	4194	4655	3961	4604	3232	2512	3175	2029	3376	4132	3095	3948	3428	3619
Rv0044c	2475	2791	2242	2859	3548	3212	3123	3431	2482	1768	2141	1526	2464	3004	2117	2769	2371	2827
Rv0045c	5895	6024	6825	7219	6057	9506	9568	9333	9773	6501	6338	5451	7971	7836	8148	10219	7085	12272
Rv0046c	29832	32229	29296	34382	35065	39976	43488	43689	35932	31143	28770	27682	42604	40414	37123	50489	36837	53629
Rv0047c	3425	4008	4475	5155	3215	6590	4671	5051	5233	4159	2922	3481	7068	4152	5294	5775	3656	6154
Rv0048c	4787	4600	4851	5546	4877	6663	6238	6462	5217	4017	3670	3839	6497	4925	5224	6801	4865	7297
Rv0049	5434	6497	6593	5533	7919	8626	7125	7677	7212	4205	5533	3891	5345	6920	5497	6223	5706	7826
Rv0050	23625	23320	24601	29767	22951	37657	28393	25647	26239	16687	16100	13277	27065	19735	20069	27951	17063	23173
Rv0051	6944	6464	8135	9697	6082	11403	7884	7608	8110	5487	4598	4168	10028	5534	6449	8378	5196	7147
Rv0052	1522	1453	1697	1952	1275	2448	1642	1521	1660	1253	1089	995	2139	1243	1388	1741	1049	1394
Rv0053	2336	2899	2812	2378	2616	3867	2686	2703	2548	2594	3141	2572	2357	3909	3558	2405	2292	3359
Rv0054	5571	6058	5538	6497	6468	8036	6447	6554	5447	3903	5118	3612	5975	5855	5338	6057	3942	5550
Rv0055	2091	2425	1843	2361	2566	2695	2756	2323	1742	1624	1449	1597	2416	2378	1968	2545	1499	2390
Rv0056	8051	7305	6944	8291	8547	9545	9783	7914	6863	6297	6160	5415	7749	7836	7727	8708	5448	8104
Rv0057	4439	3817	3877	6235	2886	6412	5309	3536	3769	3595	2596	3067	5998	3259	4723	5171	2438	3913
Rv0058	26708	24077	21000	35591	25242	31092	40630	30777	24664	23132	22293	18616	38471	29469	28221	48691	32295	43132
Rv0059	4282	3252	2605	5764	2788	4343	6774	4174	3433	3880	3079	2704	6867	4144	4000	8823	4924	5932
Rv0060	8130	7215	7364	11104	8063	10777	10771	8264	7357	6054	4625	4670	12080	6525	6504	11596	5918	7663
Rv0061c	7669	9401	8932	7122	9046	12573	9806	10225	8645	6153	9817	6539	7424	11157	9197	9730	7996	10733
Rv0062	4092	6374	8408	4129	7761	10389	5222	7196	8170	5432	8118	5984	4166	10658	8065	5264	6900	10598
Rv0063	3675	3651	3474	4339	3465	5126	4773	4081	3875	3792	3036	2594	4819	3673	4092	5380	2910	4824
Rv0063a	621	469	595	683	552	783	716	595	585	432	342	318	768	359	481	700	335	588
Rv0064	12318	10931	10899	15412	11769	16430	13371	12149	10673	8664	7698	5895	14945	8544	8619	13200	7050	9034
Rv0064A	287	315	292	421	294	418	402	386	298	270	165	171	487	260	290	441	219	320
Rv0065	1595	1561	1383	2037	1412	2166	2299	1957	1803	1323	1217	918	2269	1407	1588	2336	1291	1764
Rv0066c	14086	14770	12261	13938	18729	17444	18032	17637	13664	11350	11336	8277	13764	16605	11251	17555	13425	16976
Rv0067c	765	630	982	843	780	1140	946	838	919	676	545	570	978	781	836	955	661	1016
Rv0068	703	723	585	933	803	871	975	926	650	668	584	490	1133	752	773	1193	668	927
Rv0069c	4003	3485	2754	5515	3148	4083	4996	3882	2760	3390	2553	2284	5605	3310	3538	5536	2808	3798
Rv0070c	3992	3682	2705	4242	3212	4519	5413	4705	3105	3482	2779	2553	4340	3803	3976	5785	3178	4645
Rv0071	1011	1137	1346	1215	1161	1770	1248	1321	1314	807	886	909	1194	1121	1198	1269	905	1291
Rv0072	9689	9676	9418	12106	8219	14204	12118	10214	9753	8180	7655	6285	12654	9343	9502	12455	7479	10264
Rv0073	8573	7054	9042	10841	7614	12459	11296	9246	9357	7285	6111	5408	11342	7487	8608	11526	6859	10234
Rv0074	6186	5421	6367	8447	5166	8866	7914	6562	6730	4803	4400	3519	8665	5206	5661	8284	4772	6642
Rv0075	5864	4565	5608	7452	4534	7893	7120	5620	5765	4653	3367	3377	7801	4363	4938	7243	3948	5430
Rv0076c	1438	1172	1289	1671	1109	1735	1793	1458	1336	1131	956	850	1702	1178	1242	1661	1146	1607
Rv0077c	587	719	679	682	896	981	845	871	835	403	588	487	737	697	631	875	629	906
Rv0078	1028	952	895	1029	934	1447	1185	1019	1052	719	722	544	1011	658	809	1180	643	915
Rv0078A	6317	6073	6160	7403	6896	8249	7721	6787	6381	4571	4340	4127	7096	5689	5234	7057	4404	6596
Rv0078B	1104	963	1076	1270	1233	1258	1377	1029	884	770	671	652	1392	821	902	1118	745	1040
Rv0079	41878	50723	22292	44851	53671	30882	41136	59451	24667	39161	62441	23490	44406	62420	34511	44552	52439	38513
Rv0080	9412	13379	5480	12857	13893	6763	7809	10324	4369	7588	12945	3751	14216	12900	5916	9017	10353	5493
Rv0081	970	1616	835	2071	1682	1134	979	1214	543	852	1273	479	2651	1871	665	1014	1265	526
Rv0082	760	1327	868	1254	1323	1054	560	1063	548	462	1039	303	1439	1269	570	578	761	414
Rv0083	1159	2148	1618	1796	2297	2128	1166	2027	1373	801	1467	774	2193	2174	1060	915	1258	1028
Rv0084	1589	2179	2694	1655	2665	3191	1966	2451	2529	1241	1866	1367	1471	2110	1742	1643	1527	2062
Rv0085	463	709	848	617	803	1146	618	844	805	350	521	377	507	641	516	529	440	561
Rv0086	1688	1954	2365	1984	2124	3001	2078	2385	2160	1290	1553	1189	1714	1892	1692	1853	1533	1775
Rv0087	1140	1044	1377	1296	1148	1868	1346	1444	1359	952	826	749	1032	975	1072	1275	844	1188
Rv0088	3883	3309	3210	3798	4134	4562	5593	4892	3625	3406	2907	2202	3546	3671	3122	4870	3310	4521
Rv0089	1312	1335	1292	1430	1334	1861	2015	1689	1547	1251	1109	923	1415	1238	1311	1705	1073	1691
Rv0090	301	335	326	372	417	465	474	503	421	287	290	193	316	358	342	426	323	488
Rv0091	1017	849	1466	1032	928	1888	1406	1256	1692	935	732	658	787	867	965	1128	858	1338
Rv0092	9518	8849	10096	10177	10017	13307	11560	9953	11038	6705	7445	5306	9226	8698	7701	10485	7397	10023
Rv0093c	2133	2010	2294	2388	2466	2951	2729	2552	2436	1646	1744	1421	2453	2145	1982	2662	1815	2730
Rv0094c	1557	1798	1430	2003	1830	2102	1999	2123	1514	972	1042	752	2034	1245	1274	2046	1154	1368
Rv0095c	228	184	175	239	312	225	249	322	220	108	109	77	202	138	124	239	152	176
Rv0096	664	360	293	591	426	388	1156	774	427	406	280	264	557	373	360	1059	514	746
Rv0097	1118	829	561	1215	989	920	1963	1444	817	761	479	441	1131	834	709	2106	1015	1389
Rv0098	699	576	401	848	584	610	1436	964	551	572	370	326	832	533	462	1352	750	857
Rv0099	3383	2697	2141	4165	2781	3052	5870	4301	2773	2404	1975	1518	4175	2426	2330	5962	3012	3859
Rv0100	389	366	291	429	391	391	614	477	347	246	238	210	449	239	348	582	275	415
Rv0101	15432	12460	13603	18735	12810	19075	22874	17053	14964	13364	9843	9243	21010	12047	12965	23553	12477	16314
Rv0102	11130	8418	9260	12659	9922	12342	12799	10455	9021	9148	6996	5514	10897	8716	8073	11046	7789	9551
Rv0103c	11628	10706	12895	12629	11840	16998	14899	12359	13660	9030	8924	7197	12010	10898	10092	13996	9411	12803
Rv0104	1727	1622	1857	1939	1660	2336	2164	1769	1719	1291	988	1272	2611	1338	1642	2956	1039	1812
Rv0105c	48	47	30	50	27	37	74	48	30	32	14	31	93	20	27	97	26	33
Rv0106	1864	1734	1026	2661	1524	1453	2395	2029	1169	1134	1097	758	2640	1106	1181	2261	947	1266
Rv0107c	25540	28867	21247	33975	30113	30485	35789	34611	24944	17478	21303	14645	36565	26060	22906	40153	24686	32150
Rv0108c	11521	15221	8049	10867	16121	11833	16818	19674	11060	8598	12646	7863	13287	15019	11217	19879	12820	16915
Rv0109	809	1084	1040	1009	1276	1326	1234	1381	1213	530	782	498	1126	951	743	1129	886	1159
Rv0110	2207	1765	2222	2529	1887	2775	2672	2441	2260	1884	1551	1437	2579	1915	1927	2692	1893	2517
Rv0111	5330	3739	3470	5995	3895	4567	7227	4833	4129	4664	3237	2474	5480	3787	3777	6634	3631	5141
Rv0112	2422	2153	2152	2627	1621	3266	3364	2506	2393	1756	1285	1397	2822	1630	1957	3462	1540	2236
Rv0113	1981	1570	1753	2205	1661	2599	2600	2009	2081	1374	1006	993	2427	1357	1505	2612	1220	1845
Rv0114	1163	966	1100	1478	1119	1602	1516	1247	1195	820	653	677	1461	930	975	1363	785	945
Rv0115	2230	1949	2038	2912	1942	3008	2588	2197	2097	1558	1324	1251	2852	1709	1681	2450	1357	1999
Rv0115a	466	498	503	511	545	708	722	652	602	442	479	464	597	577	636	761	569	897
Rv0116c	3275	3378	3629	3182	4969	4707	4333	5006	4370	2330	2451	1962	3048	3425	2644	3887	3209	4216
Rv0117	1473	1216	1185	1810	1371	1588	1941	1776	1372	971	796	728	2031	1059	1051	2182	1073	1486
Rv0118c	4586	4306	1949	4901	5475	2761	5621	5808	2316	1769	1858	1354	5860	2709	1996	7160	2370	2667
Rv0119	2449	2771	1852	2650	3192	2533	3647	4062	2144	1485	1581	1231	2665	2096	1910	3999	2034	2604
Rv0120c	5017	5207	3644	5684	6654	4836	7327	9057	4303	3731	3877	2646	5346	5686	3892	8718	5820	6819
Rv0121c	751	491	567	787	642	672	870	799	607	534	367	337	608	510	427	592	477	672
Rv0122	195	255	234	205	320	322	292	382	286	152	183	158	201	268	219	272	225	296
Rv0123	831	902	766	945	1034	1155	1117	1160	958	756	687	559	955	946	785	1064	709	990
Rv0124	688	812	940	949	828	1271	877	1055	1041	485	607	445	722	659	723	855	554	859
Rv0125	13628	16414	17711	16244	20145	24382	18888	21979	21768	9123	12309	9110	12591	16884	13365	16396	14440	21398
Rv0126	11332	9651	10092	13526	9878	14407	14997	11464	11951	8087	6358	6373	10746	8461	9344	12255	8086	12285
Rv0127	9432	8339	9022	12343	8281	12398	11316	9949	9941	6916	6274	5263	10373	7452	7609	10320	6782	9296
Rv0128	2757	3037	2617	3160	2738	3857	4041	3736	3156	2063	1975	1621	2527	2268	2460	3617	1974	3093
Rv0129c	21687	22732	17547	21880	27841	23930	28898	31134	20776	21580	14940	13574	24433	22465	18596	33371	20078	30463
Rv0130	663	638	648	626	708	854	839	729	793	558	442	427	548	606	596	726	549	848
Rv0131c	1557	1486	1524	1420	2008	1993	2180	1869	1582	1270	1143	1026	1362	1715	1258	1945	1393	2022
Rv0132c	1135	1121	1267	1101	1384	1608	1536	1727	1391	908	1003	789	1107	1162	1023	1388	1038	1558
Rv0133	3570	3453	3772	4140	3790	4872	3834	3857	3625	2562	2633	2041	4384	2992	2893	4164	2331	3253
Rv0134	6399	5605	7260	7784	6202	9422	7325	6421	7261	5254	4658	4052	8299	5292	6142	6925	4530	6651
Rv0135c	4495	3095	3260	4497	3190	4699	4828	3482	3503	3490	2311	2321	4584	2896	3227	4560	2480	3635
Rv0136	1641	1061	1086	1506	1127	1443	1780	1392	1179	1215	925	767	1461	1110	1051	1655	976	1416
Rv0137c	2297	1634	1785	2232	1877	2282	2549	2314	1947	1793	1233	1224	2225	1611	1593	2434	1575	2216
Rv0138	816	787	742	1062	694	1059	1118	869	765	873	643	559	1053	751	758	978	716	889
Rv0139	3397	2739	3418	4429	2866	4259	4132	3368	3274	3182	2523	2231	4385	3142	3176	3984	2792	3482
Rv0140	1969	2827	2326	2161	3564	3219	3057	4002	3031	1717	1504	1928	2092	2102	2685	2756	2017	3732
Rv0141c	2430	3465	2528	2531	3918	3582	3416	4306	2941	1940	2121	2145	2656	2489	3052	3170	2403	3865
Rv0142	2644	4051	2756	3391	4141	3632	4041	4628	3297	2113	3040	1838	4264	3316	2885	4562	2819	3748
Rv0143c	6073	6779	7174	7427	6842	9365	7902	8114	7601	5203	6114	4516	7097	7291	6384	7546	6242	8355
Rv0144	14071	11770	8880	18748	10741	13632	18296	14466	9712	12038	9194	7496	22923	11751	11815	22226	11088	12875
Rv0145	21931	18608	16556	24332	18716	23277	27219	23296	18769	19465	17942	14559	31807	20265	21875	33249	17532	23991
Rv0146	5458	4961	6244	8239	4581	8798	5900	4851	6382	5107	4460	4000	9788	5070	6036	7283	4757	6764
Rv0147	12422	11450	14436	13689	15352	20321	15927	15736	16453	10298	11210	9375	15091	14824	13104	15779	12284	17818
Rv0148	6879	7568	7555	7909	7758	10786	9532	8559	8869	6063	6877	5430	8713	7758	7881	11075	6806	10797
Rv0149	6352	5941	6440	7967	6106	9594	8505	7869	8203	5127	5181	4102	8797	5996	6553	9570	6008	8785
Rv0150c	932	747	933	1033	744	1420	1263	1041	1175	695	576	650	1086	720	966	1209	692	1178
Rv0151c	1615	1292	1179	1858	1354	1717	1946	1590	1219	1221	774	775	1917	1178	1162	1777	1017	1357
Rv0152c	1556	1216	1358	2091	1066	1843	1830	1407	1368	1351	923	986	2043	1090	1350	1757	1049	1565
Rv0153c	5077	4572	4448	5072	5416	5796	6201	5500	4784	3864	3650	2898	4522	4565	4188	5806	4062	5844
Rv0154c	5553	5036	5278	5521	6374	6856	6890	6327	5477	4336	4085	3374	5259	5587	4736	5840	4636	6656
Rv0155	1985	1772	2023	2348	1693	2571	2457	1840	2070	2764	2715	1941	2569	2795	2891	2455	2205	3440
Rv0156	1512	1281	1452	1751	1267	1780	1985	1302	1406	1931	1731	1455	1858	1993	1941	1926	1573	2890
Rv0157	9513	7430	10555	10065	8792	13155	11923	8869	10891	12174	10554	10326	10533	14173	14366	11715	11760	18917
Rv0157A	654	670	544	683	761	744	823	789	529	599	631	468	790	702	749	837	607	994
Rv0158	1586	1180	1863	1847	1215	2456	1826	1314	1718	1724	1062	1231	2297	1369	1875	2123	1124	2023
Rv0159c	2227	1977	2152	2804	1829	3145	2773	2199	2177	1848	1445	1307	3040	1802	2015	2888	1511	2138
Rv0160c	305	308	347	353	308	392	447	412	386	263	244	229	291	310	321	411	260	438
Rv0161	1644	1632	1588	1618	2176	1888	2402	2254	1915	1369	1699	1242	1388	2187	1647	1940	1919	2678
Rv0162c	1787	1947	2130	1900	2315	2526	2269	2441	2402	1485	1890	1353	1820	2148	1936	2030	1672	2591
Rv0163	1012	775	792	1124	959	947	1297	1036	793	750	684	566	1206	851	770	1132	797	1077
Rv0164	6783	8073	5730	7439	7348	8612	9460	8785	6626	6040	5693	4494	7362	8218	6558	8614	6830	8196
Rv0165c	5854	6628	4687	8251	5549	7082	8064	7229	5005	4183	4098	3321	8969	4872	4958	8864	4266	5665
Rv0166	12872	14704	4638	17599	12761	7106	19239	14971	4245	7315	6655	5051	26238	8837	7791	28067	6820	8288
Rv0167	19739	19702	6478	22464	20406	8756	27730	23016	6797	13182	10158	8709	31733	14138	12565	38930	11669	15053
Rv0168	10313	9134	3368	11757	10296	4597	15381	11707	3958	8112	5291	5223	15035	7646	6920	18129	6769	9455
Rv0169	28703	21867	9242	30654	25484	13037	38849	30506	10329	22830	15114	14547	34500	20676	20412	45122	19291	27762
Rv0170	25059	19888	7737	28955	19873	11343	30234	23791	8462	18461	12217	10754	31490	15662	16615	35823	14993	18696
Rv0171	36764	30708	13009	45123	32558	18535	45737	38050	14332	29467	21974	16751	51095	26578	24775	56802	25947	30277
Rv0172	38457	31543	14158	50803	33560	21094	48870	40774	15665	29540	20545	17907	58381	30571	25888	59940	26924	33180
Rv0173	25079	19764	8203	30676	20510	12634	28605	24094	9117	18654	14166	10067	35598	17377	15885	34811	15659	18826
Rv0174	50140	43192	21282	63692	46325	31541	64995	55828	24292	40432	31714	23680	73945	42858	36133	77629	38228	45943
Rv0175	15338	15888	13401	19276	15701	18684	19053	17153	13937	12163	13712	9008	21837	15981	13563	21073	12760	16073
Rv0176	12575	11407	10021	16827	9966	14162	15475	11176	10319	9230	8303	6481	18249	10342	9731	15829	8669	11003
Rv0177	8923	7660	7969	11811	6906	11720	11000	7999	7980	7507	5476	5352	12837	7897	8139	11457	6047	8375
Rv0178	11998	9019	11079	14699	9406	15058	14342	10892	10666	9872	6606	6958	15801	9489	10476	14549	8253	11520
Rv0179c	8846	8328	8145	10985	7869	11840	10717	9440	7987	10380	6471	6403	13096	7289	9436	11796	6390	10463
Rv0180c	5317	5001	5362	6687	5553	7519	6513	6048	5723	3627	3555	2872	6373	4335	3972	6099	3802	5383
Rv0181c	3829	2750	3161	4301	2985	4768	3750	2723	3065	1951	1285	1320	4053	1553	2028	3489	1388	2079
Rv0182c	7432	6889	8549	9314	8828	11415	8563	8196	8110	3818	3587	3208	8905	4494	4282	7611	3696	5448
Rv0183	3923	3392	3658	4652	3661	4532	4852	3933	3696	3833	3562	2497	4667	3791	3504	4551	3165	4525
Rv0184	7229	8276	7354	9080	8668	10154	8763	8879	7623	4101	3549	2988	8601	4644	4201	8433	4008	5541
Rv0185	3803	4311	4067	4923	4537	5621	4526	4596	4061	2044	1911	1550	4756	2423	2349	4305	2053	2946
Rv0186	13836	18355	16772	18444	17622	23061	16768	17236	15638	9087	8380	7053	18175	10880	10562	16601	9393	12483
Rv0186A	1038	1565	1215	1130	1604	1627	1337	1407	1051	756	746	617	1222	858	807	1335	868	1004
Rv0187	3424	3532	3471	3943	3923	4721	4307	4211	3748	2611	2737	2096	3301	3504	2932	3537	2711	3792
Rv0188	4807	5300	5202	4691	7197	6614	6674	7107	6146	3736	4914	3523	4846	6049	4836	6381	4893	7600
Rv0189c	12820	12546	12555	14678	13695	16974	15860	13488	13608	10562	10758	8279	14438	13257	11867	14922	10772	14511
Rv0190	3642	3338	3541	4415	3788	4844	4313	3476	3327	2474	2045	2003	4627	2522	2885	3892	2064	3156
Rv0191	4584	4268	4560	6221	4091	6273	5623	4002	4297	3425	3000	2492	6418	3397	3760	5453	2833	3865
Rv0192	7168	6598	5252	8561	6249	7339	8185	7468	5571	5869	5607	3905	8410	6689	5568	8414	5445	6551
Rv0193c	1135	1038	933	1330	1042	1353	1545	1265	1035	1056	775	764	1682	992	1088	1898	1024	1622
Rv0194	1541	1524	1559	1635	1685	2092	2069	2066	1888	1237	1113	895	1678	1386	1467	2101	1375	1953
Rv0195	339	269	341	1136	644	489	363	312	316	311	164	190	1137	282	264	398	175	291
Rv0196	436	306	1145	541	320	1475	668	327	1157	311	226	235	466	239	328	431	239	482
Rv0197	2632	1881	5148	3008	1990	7062	3574	2392	6019	1813	1561	1539	2402	1833	2419	2977	1553	3247
Rv0198c	13129	13919	12947	13828	14785	18427	16382	14972	13815	10588	11317	8924	13065	14879	12456	14652	11790	15379
Rv0199	2353	1861	2227	2460	2411	2605	2892	2321	2112	2209	2004	1684	2366	2519	2167	2420	2132	2965
Rv0200	4220	3345	3901	4411	3840	4975	5139	4072	4048	3504	3391	2488	4080	4063	3854	4539	3485	4525
Rv0201c	3800	4294	4532	4452	3868	5813	4947	4542	4502	2666	2825	2236	4154	3452	3384	4421	3036	3990
Rv0202c	17071	17326	17083	20030	16928	23279	21496	19181	18365	10212	11925	8605	18521	13613	12477	18907	10854	14838
Rv0203	2541	3268	3065	2679	3571	4117	3646	3747	3340	2311	3554	2093	2666	4233	3339	3201	3095	3917
Rv0204c	6562	7292	7579	7555	7650	10058	9000	8467	8512	5448	6787	4615	8108	7714	7072	9373	6370	9200
Rv0205	3284	3226	3327	4110	2828	4794	4033	3393	3259	2947	2581	2163	4454	2899	3204	4056	2386	3296
Rv0206c	33698	35572	36045	43193	35462	52811	39052	38927	36470	31397	30702	26385	49222	42264	39205	46764	32318	42054
Rv0207c	11187	10048	10823	13552	10908	14727	12871	11935	10555	10290	8230	8300	16599	10200	11719	14540	9027	13145
Rv0208c	3147	3414	2497	4253	3020	3796	3722	3621	2639	3615	2668	2302	5865	3243	3642	5243	2648	3496
Rv0209	1734	1968	2332	1885	2298	3015	2045	2184	2312	1133	1509	1121	1517	1742	1502	1581	1360	1796
Rv0210	2278	2274	2875	2509	2602	4016	2843	2858	3168	1213	1413	1224	1655	1668	1822	1885	1459	2071
Rv0211	21194	26954	38163	22495	29372	51659	22770	26548	39481	19090	28915	20580	22145	34642	28879	23138	27492	37470
Rv0212c	2048	2160	3694	2287	2098	5485	2797	2654	4087	2032	2082	1980	2389	2546	2960	2610	2424	3738
Rv0213c	2098	1799	1952	2186	1873	2914	2803	2280	2062	1874	1430	1558	2355	1837	2144	2571	1649	2504
Rv0214	1544	1433	1299	1621	1640	1903	2005	1864	1606	1504	1309	1036	1552	1873	1496	1946	1592	2266
Rv0215c	1906	1616	1637	2098	1822	2155	2259	2022	1592	1883	1518	1292	2100	2002	1719	2273	1695	2216
Rv0216	1710	1583	1555	2031	1614	2026	2445	2009	1649	1397	1320	974	1842	1643	1581	2317	1452	2032
Rv0217c	1492	1568	1409	1582	1732	1904	1977	1879	1555	1471	1455	1071	1653	1709	1534	1974	1495	2113
Rv0218	1613	1398	1397	1735	1418	1747	1854	1851	1492	1195	1233	970	1679	1364	1384	1731	1302	1767
Rv0219	248	277	199	282	294	293	373	359	230	234	230	163	267	256	218	356	269	347
Rv0220	22745	18741	17103	22606	25144	23110	28332	26958	18914	19051	17852	13052	22188	22986	17871	27427	20607	24664
Rv0221	8885	7214	6673	11592	6620	10184	10051	7536	6725	7280	5423	4589	11632	6180	6732	10952	5665	7785
Rv0222	3664	3266	3414	4621	3494	4635	4486	4243	3812	3281	2943	2177	5485	3374	3379	5296	3078	4341
Rv0223c	2311	2234	2286	2661	2601	3186	3233	3147	2637	2046	1781	1705	2780	2469	2359	3269	2353	3249
Rv0224c	1004	1034	1082	1195	985	1569	1338	1250	1144	1027	1087	828	1292	1315	1243	1354	1067	1364
Rv0225	4720	4314	5044	5898	3872	6278	6037	4368	4730	4309	3759	3037	5861	4202	4515	5562	3470	4652
Rv0226c	5095	5135	5517	6337	4686	7812	6159	5470	5768	3738	4095	2905	6271	4798	4835	6361	3765	5125
Rv0227c	9643	10938	9266	10196	11423	12453	12738	12704	10176	8521	9764	7031	9949	13277	10102	13079	10729	13042
Rv0228	4174	4057	4142	6093	3994	5663	5190	4290	4091	3272	3376	2370	7127	3818	3785	5832	3140	4193
Rv0229c	7079	6006	4292	8999	4643	7170	8606	6332	4461	5071	3335	3542	10118	4182	4910	9020	3523	5339
Rv0230c	2695	2988	2203	2524	4032	2982	3978	4005	2568	2338	2596	1859	2597	3624	2522	3796	3020	3929
Rv0231	4123	4387	2950	3988	5729	4056	6755	6661	3573	3579	3732	2979	4028	6015	3677	6605	5255	6449
Rv0232	7978	6894	2466	9849	7483	3307	10955	6955	2243	5956	4513	3193	13632	5720	4174	13440	4562	4885
Rv0233	13898	11824	2968	13858	14547	4382	19614	12523	2807	9402	9313	4042	18799	10930	5940	25974	7903	7128
Rv0234c	6147	6020	5877	6301	8108	7635	7769	7162	6021	5636	5476	4114	6876	7759	5499	7492	5862	7295
Rv0235c	2475	2271	2494	2834	2405	3523	3065	2953	2643	2172	1813	1487	2770	2338	2283	2673	1821	2514
Rv0236c	17813	18564	20547	23170	18369	27195	19896	18914	18207	14025	16225	12134	24619	18427	18259	20197	14098	18592
Rv0236A	2614	2934	2991	2876	2553	3781	3015	3376	2851	2647	3523	2021	3113	3267	3377	3087	2607	3218
Rv0237	4868	4993	6054	5555	5328	7470	6634	5534	6085	4486	5609	3902	5421	6295	5815	6141	5047	7018
Rv0238	3737	2929	3651	5280	2938	4782	4294	3033	3236	2841	2047	2642	5959	2468	3406	4207	2239	3625
Rv0239	2643	2343	2105	3196	2252	2913	2941	2236	1802	2382	1782	1554	4140	1973	2080	3073	1708	2188
Rv0240	2517	2334	2116	3515	1966	3158	3271	2341	2268	1619	1363	1411	3759	1825	2199	3235	1490	2425
Rv0241c	16654	16856	12390	19291	16604	17579	18715	19020	14507	10191	12178	8882	18678	14745	13124	19267	12233	17284
Rv0242c	28571	26334	22587	35601	31326	31253	32737	29127	24545	17365	20840	14579	33352	27446	21265	32259	19898	27347
Rv0243	40302	35935	31339	51361	42743	41323	46793	36216	32228	24840	26587	19267	48587	35123	27769	43535	25176	33829
RVnc0008	2624	2465	2448	3475	2138	3171	3272	2621	2859	1637	2138	1414	3135	1935	2460	2857	1596	2667
Rv0244c	7634	7381	18198	7923	9715	26502	8994	9227	23191	7366	6429	8363	7748	9136	12010	9467	7835	17481
Rv0245	2202	2059	3045	2188	2718	3912	2568	2766	3351	1617	1788	1787	2202	2325	2120	2230	1954	3085
Rv0246	6677	5688	7580	8555	4945	11572	7701	6358	7654	5831	4579	4652	9715	5067	6960	8451	4698	7146
Rv0247c	10920	9764	11666	10850	10355	17784	12743	11847	13704	9858	7829	7822	12090	10854	11771	13642	9517	14078
Rv0248c	25584	23816	32425	28438	25053	43233	30872	27333	35533	21490	17980	18137	29648	24218	26141	31306	20542	32700
Rv0249c	9261	11544	8941	10529	9639	12372	12347	11606	9507	7986	7482	7266	11185	9690	10242	12319	7935	12717
Rv0250c	5488	13905	4627	6735	11224	6178	5814	8825	3636	2985	5155	5681	8819	6450	8159	6446	3637	7542
Rv0251c	891	47815	17460	915	41562	20326	1742	23525	10667	678	12484	27305	1220	14092	34919	1937	4622	30870
Rv0252	12625	5080	7432	17652	4230	10558	15809	5756	7797	15486	7381	7234	24314	7191	13602	18639	7748	12698
Rv0253	966	825	865	1666	846	1274	1157	941	857	771	527	467	2010	829	750	744	614	738
Rv0254c	1787	2086	1747	2103	2241	2314	2282	2453	1912	1000	1272	895	1645	1589	1222	1407	1194	1373
Rv0255c	6876	6366	8260	7964	7178	11394	8871	7539	8728	2953	3139	2709	4416	3709	3988	4985	3040	4379
Rv0256c	8266	9612	10950	8965	10364	14418	10906	10997	11261	5561	7178	5829	7778	8427	8051	8297	6017	9913
Rv0257	6161	6452	5666	5916	7002	7540	7880	8079	6386	4850	5469	3348	5910	6298	4954	8142	5561	6726
Rv0258c	913	859	755	869	1123	1025	1189	1075	817	673	557	514	926	804	638	1061	685	1042
Rv0259c	345	331	415	360	327	507	396	394	437	261	205	185	373	189	225	321	214	337
Rv0260c	377	214	315	336	187	417	457	258	366	492	211	277	483	195	387	479	245	472
Rv0261c	489	362	463	707	328	693	683	452	470	398	200	292	555	290	435	535	241	460
Rv0262c	2089	2096	1848	2374	2480	2352	2998	2664	2236	1590	1205	1313	2234	1939	1671	2800	1836	2862
Rv0263c	3028	3940	2469	3745	4405	3255	5306	5123	3442	2185	2574	1876	3792	3441	2719	5751	3877	5225
Rv0264c	2366	2888	2027	2934	2650	3029	3420	3220	2508	1734	2258	1381	2865	2398	2088	3689	2543	3247
Rv0265c	4071	3651	5375	4291	4621	6262	4778	4660	5162	3210	3479	2869	3956	4365	4028	4414	3595	5602
Rv0266c	5441	5447	6496	5731	6035	8468	6788	6764	6998	3995	4687	4043	4935	5753	5652	5564	4762	7168
Rv0267	3046	3772	2308	3897	3342	3588	3575	3479	2068	2284	2844	1732	4722	3450	2811	4420	2415	2743
Rv0268c	3457	3473	2612	3813	3515	3384	4650	3777	2523	3116	2819	2358	4935	3344	3079	5269	3249	4003
Rv0269c	2582	2722	3209	2992	2803	4267	3492	3303	3191	2015	2261	1878	2909	2762	2811	3237	2223	3417
Rv0270	16445	17544	12654	19170	22821	17277	20784	20740	12869	11733	13765	10215	21674	19496	14852	23000	14823	18624
Rv0271c	15964	17616	13684	16914	19939	18508	20394	20331	14519	11201	14405	9068	19854	16143	12621	23502	13935	17479
Rv0272c	5565	5056	4713	5723	5898	6329	7388	7076	4916	3782	3486	2773	6063	4561	3787	8317	4360	5579
Rv0273c	1453	1141	1056	1489	1295	1507	1812	1371	1041	1015	810	739	1703	1023	1051	2060	896	1346
Rv0274	2598	1926	2399	2672	2569	2859	3210	2483	2274	1735	1191	1513	2736	1833	1755	2944	1784	2558
Rv0275c	3107	3322	3355	3054	3855	4349	3782	3805	3314	2342	2441	2238	3283	3073	2772	3850	2345	4124
Rv0276	8402	8115	8971	8058	11657	10344	13000	12164	9385	5633	5875	5306	9336	7935	6520	14178	8629	12474
Rv0277c	7484	7160	6723	8834	6529	11032	10758	8697	7997	5192	3742	4561	9854	5187	6881	10406	4794	7957
Rv0277A	4804	4247	3991	5298	4494	5540	6181	5445	4046	3182	3445	2345	6048	3481	3636	5832	3361	4701
Rv0278c	1183	2107	1948	1598	2180	2485	1585	2348	2206	641	1197	613	1409	1202	991	1539	987	1429
Rv0279c	1938	3431	3595	2480	3797	4272	2450	3373	4008	1041	2597	1359	2430	2475	2026	2186	2094	2807
Rv0280	12150	10313	2706	22733	7058	3608	13997	8974	2551	3585	3788	2018	19945	3905	3739	8884	2640	2532
Rv0281	9093	8006	9140	11513	9822	11498	11106	10421	8900	6326	5370	5515	11063	7675	7426	8960	6993	9696
Rv0282	51763	56671	35392	75712	47737	49941	62603	48613	32342	25956	28499	20830	57750	32242	32570	41270	23546	32016
Rv0283	28550	32625	27260	40374	33442	37678	34520	33405	25847	15336	16558	14213	30990	21524	21931	25658	16394	25524
Rv0284	55490	52634	48345	71164	57556	66038	63817	57722	45624	32805	29367	28431	55577	37132	41625	49374	29762	48849
Rv0285	5433	5973	5336	6779	7077	6967	6668	6954	5403	2948	4144	2430	5296	4391	4222	4945	3514	4893
Rv0286	19307	23382	18683	26577	24409	26130	23826	24917	19148	9511	12132	8535	19657	15471	13346	17425	12128	17190
Rv0287	11550	13488	8283	12607	16477	11484	15951	16420	9496	5438	8331	4687	8473	11287	6888	10919	8225	11221
Rv0288	19976	23837	16458	22491	29555	22569	27218	26650	17996	10038	13064	8554	15994	18581	12637	18118	13426	19704
Rv0289	31931	41801	29718	42223	45058	41527	40104	42440	30451	14855	24928	13417	30160	29341	20905	31110	20869	28705
Rv0290	29869	43767	30237	45047	44180	43293	37559	39908	29377	12608	22158	11908	33584	27585	18779	29962	19401	24204
Rv0291	28998	38504	26183	41024	40276	37028	35504	38598	25068	13101	22754	11589	31201	26765	18457	27796	18797	23760
Rv0292	13403	13349	11930	18099	14314	16071	15908	14045	11364	6969	7463	5325	14513	8734	8217	12922	6741	10044
Rv0293c	11304	9833	8990	12702	11104	12969	13170	11306	9544	7433	5596	5348	11177	7407	6963	10856	6363	9177
Rv0294	1336	1125	1321	1710	996	1860	1779	1304	1351	1158	823	903	1761	894	1313	1627	874	1447
Rv0295c	3362	3209	3784	3697	3270	4983	4421	3881	4148	3477	3047	2686	3818	3674	3887	4583	3227	4760
Rv0296c	2550	3664	3087	2567	3236	4280	3493	3887	3607	2817	3598	2440	2925	4120	3561	3832	3280	4687
Rv0297	5223	9823	7369	6876	10545	9870	7566	10264	8734	3228	6678	3792	8141	7878	5737	8530	6570	7693
Rv0298	5023	4675	3906	6200	4494	5463	5424	4793	3819	3444	3238	2374	6658	3836	3800	5465	3062	4023
Rv0299	4590	4400	3785	6376	4401	5281	5442	4439	3816	3499	2906	2664	6653	3819	3939	5596	2853	4271
Rv0300	2299	2593	2092	3166	2356	2835	3050	2020	1910	1956	1580	1692	3622	2238	2093	2905	1527	2389
Rv0301	6055	4591	5310	7910	4136	7765	6811	5013	4986	4681	3342	3260	8363	3914	5094	7355	3269	4732
Rv0302	2557	2738	1850	3818	2101	2741	3138	2581	1725	1895	1550	1257	4220	1871	2042	3225	1441	1933
Rv0303	1919	1785	1346	2674	1908	1899	2516	2015	1189	1375	1075	832	2774	1453	1211	2392	1142	1378
Rv0304c	4698	3426	3428	6278	3160	5159	6233	4331	3625	3868	2131	2294	7550	2692	3309	7684	2772	3990
Rv0305c	3826	3323	3375	4084	4072	4567	6020	4847	4180	3202	2627	2437	4723	3258	3477	6850	3172	5238
Rv0306	1092	839	993	1043	1131	1266	1627	1608	1194	794	553	590	761	742	721	1090	722	1249
Rv0307c	1293	1276	979	1161	1718	1370	1754	1941	1334	776	755	607	887	991	791	1226	1001	1296
Rv0308	6407	5099	6434	5957	8626	8045	8682	7727	6860	6474	5848	4854	5637	7890	6234	7332	6712	9519
Rv0309	13707	12544	11071	13508	13079	15740	18228	16084	13053	13839	10844	9095	14704	12179	12965	19120	10838	16841
Rv0310c	1919	1741	1526	2358	1639	2087	2800	1919	1582	2056	1286	1273	2726	1407	1964	2670	1326	2180
Rv0311	1808	1381	1963	1927	2476	2482	1948	2407	2110	1284	1179	986	1655	1667	1226	1714	1368	1909
Rv0312	8709	8257	6100	9528	8325	8387	11862	9800	6916	9450	6197	5559	11846	7462	8055	14581	7011	10227
Rv0313	6866	5148	5987	8019	5795	7767	8688	6763	6005	5231	3915	4002	8692	4599	5444	8544	4358	7058
Rv0314c	7188	6397	6488	8427	6545	8447	9321	7703	6677	5932	4781	4470	9144	6302	6397	9481	5708	8058
Rv0315	8480	9710	8973	9557	8166	12442	11578	9917	9895	6925	9442	5633	7307	10254	8823	8938	7624	10700
Rv0316	4177	3618	4667	5107	3501	6172	6074	4410	4708	3112	3006	2789	4105	3716	4067	4540	3137	5487
Rv0317c	6625	5930	6542	8336	6049	8802	7602	6630	6436	4826	4367	3780	7766	5338	5505	6360	4428	5992
Rvnt04	191	272	121	231	255	255	316	305	171	175	206	138	170	231	143	248	172	213
Rv0318c	814	902	887	883	893	1254	1028	1067	1093	616	565	529	816	784	712	964	609	857
Rv0319	1355	1194	1421	1538	1299	1943	1557	1327	1429	1177	1177	852	1658	1307	1412	1568	944	1327
Rv0320	610	471	419	685	446	606	797	531	423	550	408	340	948	482	482	1226	409	576
Rv0321	1388	1610	1506	1441	1556	2153	1891	1837	1776	1125	1436	962	1604	1690	1401	1894	1283	1773
Rv0322	5490	5004	11469	7024	5661	14731	8247	6980	11943	544	762	597	862	866	789	911	692	961
Rv0323c	1805	1899	2420	2068	1827	3465	2602	2500	2730	1035	1134	859	1438	1612	1095	1716	1162	1455
Rv0324	393	529	509	553	452	740	498	455	451	319	301	256	491	322	343	439	263	364
Rv0325	122	163	136	173	150	186	163	174	173	105	104	100	165	122	118	177	103	166
Rv0326	222	299	270	280	257	332	343	335	299	216	163	145	264	173	238	326	191	281
Rv0327c	428	510	415	482	526	617	555	647	518	356	254	319	512	358	412	569	317	527
Rv0328	1168	1397	1174	1462	1559	1684	1343	1502	1259	1097	1090	931	1897	1461	1349	1654	1013	1572
Rv0329c	479	530	497	596	561	754	596	651	542	410	365	350	736	467	478	712	375	632
Rv0330c	434	557	457	529	522	621	606	687	522	414	400	377	588	410	479	541	410	633
Rv0331	633	971	700	776	1107	850	901	1185	753	553	540	485	832	726	703	1003	648	994
Rv0332	1800	2007	1596	1858	2170	2133	2486	2232	1960	1509	1629	1255	2029	1828	1794	2521	1611	2310
Rv0333	1085	961	781	1084	1131	988	1474	1079	842	901	753	648	1135	943	896	1447	867	1143
Rv0334	2008	1398	1454	2066	1760	1915	2718	2063	1690	1567	1096	1101	2073	1681	1459	2718	1640	2302
Rv0335c	1743	1520	1600	1715	1813	1999	2501	2634	2218	1361	1416	1037	1640	1525	1552	2650	1647	2407
Rv0336	7582	10084	9348	10577	10549	13304	11296	12426	10765	5427	6103	4638	12077	7333	7367	12010	7164	10118
Rv0337c	10539	9704	10926	13257	9064	15567	13207	9873	11198	9924	7909	7778	15200	9599	11134	15480	8544	12659
Rv0338c	33314	31657	35545	35501	36032	47484	40035	36515	36757	28149	29229	23352	37460	37380	32386	42909	31212	40932
Rv0339c	3306	3570	3967	3985	3671	5513	3931	3567	3942	2616	2525	2546	4338	3280	3511	3787	2445	3706
Rv0340	1745	1664	1952	2276	1737	2554	1991	1984	1881	1202	1131	1225	2489	1403	1573	1913	1190	1888
Rv0341	1974	3265	2881	2662	3029	4198	2483	3360	2921	1231	2989	1291	2954	3178	1982	2811	2698	2134
Rv0342	4586	4059	4270	5175	4640	5661	5457	5035	4575	3672	3224	2645	5578	4027	3727	5647	3555	4748
Rv0343	7197	5650	5548	7828	6049	7821	9647	6680	6470	6515	4408	3856	8292	5263	5424	9938	4898	7129
Rv0344c	757	589	624	857	570	813	1038	737	625	639	454	390	849	549	543	920	489	716
Rv0345	1801	1449	1451	2021	1653	1921	2529	1991	1483	1327	855	1084	1943	1338	1326	2113	1300	1902
Rv0346c	14668	17931	10192	18156	14721	16329	20421	18800	11090	9808	11781	7746	16004	14504	11822	17905	11364	13209
Rv0347	1899	2137	1856	1937	2283	2588	2700	2577	2151	1503	1340	1172	1833	1746	1636	2452	1534	2345
Rv0348	1787	2131	1790	2144	2118	2756	2914	2450	2286	1496	1207	1173	1708	1773	1771	2300	1687	2330
Rv0349	2226	1890	2012	2347	2082	2732	3226	2609	2351	1935	1216	1427	2326	1647	1888	3060	1787	2668
Rv0350	26243	88096	35897	32047	89836	54885	57854	89498	53360	18050	39118	35476	34761	54675	53755	67154	47150	82931
Rv0351	8152	28331	12434	11080	28423	18497	20553	28519	20061	5091	11429	11723	11646	16126	18005	24210	15690	29711
Rv0352	14639	37361	20338	19746	36910	28743	29668	37682	30866	9370	16746	15755	19843	21145	25674	33798	21094	36788
Rv0353	2435	4620	3276	3127	4878	4693	4770	5421	4736	1597	2157	2424	3326	2798	3985	5316	3124	5841
Rv0354c	3385	4265	3632	4398	3652	5241	5162	4843	3950	2537	2267	2486	4868	2564	4136	6032	2713	4373
Rv0355c	11514	10378	9619	14859	10386	14020	14229	11251	9805	10285	6790	7576	19632	9537	10725	19068	8576	12882
Rv0356c	2175	2463	2261	2465	2500	3092	2893	2809	2636	1971	2272	1597	2675	2555	2317	3282	2269	3090
Rv0357c	3612	4185	3870	3742	5066	4891	4777	5221	4251	3641	4627	3167	4115	6161	4163	4797	4919	6226
Rv0358	548	612	618	621	666	790	676	676	573	413	520	358	584	587	510	572	521	648
Rv0359	1604	1623	1420	1483	1854	1783	2219	2127	1402	1193	1462	1082	1562	1803	1440	2037	1535	1918
Rv0360c	794	850	513	825	1242	672	999	1144	510	517	764	467	763	1044	593	1023	778	954
Rv0361	7586	4807	5822	7362	6111	7595	7455	6886	5958	7021	5151	4123	6668	6323	5802	7231	5837	6912
Rv0362	5695	4713	4888	5972	4928	7080	6764	5333	5260	4525	3809	3395	6064	4440	4728	6439	3945	5576
Rv0363c	10533	9835	10912	11043	13688	13864	12441	12430	11421	9126	9573	8050	11677	13296	10112	12533	10176	13861
Rv0364	4734	4593	4207	5753	4239	5961	6320	5162	4528	4336	3904	3238	5962	4563	4897	6002	4037	5145
Rv0365c	2742	2448	2559	3626	2399	3577	3573	2703	2829	2222	1960	1597	3426	2290	2384	3272	1861	2720
Rv0366c	792	637	812	914	660	1154	1174	805	867	724	464	507	1036	646	707	1085	553	906
Rv0367c	1259	1299	1703	1569	1631	1945	1817	1811	1788	1018	883	992	1470	1221	1189	1618	1172	1875
Rv0368c	330	309	391	382	396	445	495	469	431	297	250	239	424	310	316	482	296	425
Rv0369c	249	208	239	282	262	337	352	298	237	196	183	163	322	187	235	328	174	285
Rv0370c	359	330	436	440	284	585	417	404	379	314	221	228	449	247	290	408	229	330
Rv0371c	144	101	139	171	129	188	164	140	130	139	85	79	222	104	108	172	103	156
Rv0372c	134	174	148	219	188	224	263	250	187	125	135	110	277	162	162	332	140	219
Rv0373c	918	1080	671	1111	1184	896	1485	1458	856	834	946	671	1360	1135	950	1791	1177	1546
Rv0374c	118	145	116	168	198	139	221	219	126	116	107	95	131	148	137	246	163	236
Rv0375c	258	259	238	284	281	304	349	288	270	192	203	149	308	223	206	343	211	298
Rv0376c	781	796	816	752	1058	1057	1076	1085	1000	498	633	430	663	697	678	867	683	956
Rv0377	1441	1075	1369	1821	1578	1695	1839	1558	1303	984	855	743	1663	1168	944	1673	993	1415
Rv0378	145	138	153	193	149	248	181	169	208	101	75	76	189	94	118	184	123	163
Rv0379	1078	1276	890	1005	1511	1045	1443	1316	818	764	835	583	1115	1132	733	1113	1082	1093
Rv0380c	3137	3849	3349	3294	3771	4540	4528	4515	3905	2076	2698	2268	3175	3380	3065	3778	2875	4495
Rv0381c	4084	4114	4378	5155	4000	5857	4892	4175	4264	3133	2857	2447	5472	3383	3888	4673	2819	3973
Rv0382c	4189	4234	4199	5278	4197	5883	4491	3730	3855	3684	3085	2609	6393	3306	4151	5186	2598	3588
Rv0383c	18420	22512	19301	23803	23867	25579	21318	21744	18911	17528	15582	14796	27542	18709	21102	23557	15410	23300
Rv0384c	6953	31598	15369	7434	36221	19051	10232	25396	14384	5112	10765	15450	8144	13680	21855	10541	9137	24392
Rv0385	1743	1782	2101	1772	2148	2526	2134	2394	2118	1443	1430	1391	1958	1871	1813	2121	1739	2482
Rv0386	4969	4908	5841	5083	5362	7311	6789	5956	6474	3782	3914	3570	4879	4304	5155	6525	4110	7153
Rv0387c	1139	1176	986	1289	1161	1454	1408	1360	1213	850	954	693	1347	1037	1071	1496	929	1342
Rv0389	2980	3431	3159	3356	4214	4023	3784	4187	3392	1802	2593	1684	2901	2959	2517	3416	2493	3585
Rv0390	1812	2006	2000	2054	2030	2603	2367	1976	1887	1695	1862	1405	2189	2359	1933	2351	1770	2386
Rv0391	5563	5639	5835	6145	5670	7976	7054	6489	6527	5025	5359	3689	5920	6388	5592	7372	5230	7431
Rv0392c	2654	2601	2710	3183	3234	3687	3332	3317	2843	2109	2094	1781	3004	2711	2580	3238	2432	3434
Rv0393	3749	3709	4137	4511	3738	5693	4493	4389	4364	2440	3104	2067	4232	3500	3178	4264	3024	4074
Rv0394c	2055	2115	2270	2225	2671	2696	2675	2533	2206	1716	1940	1475	2310	2533	1913	2353	2092	2831
Rv0395	77	59	76	115	62	103	86	70	82	64	35	33	91	55	75	93	59	67
Rv0396	251	254	186	328	170	307	297	239	195	245	155	155	382	222	209	315	159	230
Rv0397	621	560	571	723	581	731	775	783	565	576	585	323	832	672	564	865	612	758
Rv0397A	1252	1429	1187	1279	1798	1645	1749	1938	1362	1120	1201	878	1421	1553	1193	1635	1457	1947
Rv0398c	2029	2699	2315	2178	3042	3107	3028	4048	3266	1650	2232	1496	2172	2609	2160	3163	2546	3676
Rv0399c	2880	3395	2829	3373	3450	3908	3286	3382	2803	1889	2536	1477	3206	2851	2209	3265	2665	2978
Rv0400c	5930	6883	6455	6176	9874	7976	7219	8239	6681	4131	6050	3695	5704	8045	5097	6844	6279	7673
Rv0401	620	618	633	742	619	730	825	795	675	575	607	402	693	627	601	772	602	688
Rv0402c	5621	4070	4883	6249	3948	6851	7480	5451	5213	5340	3041	3561	6239	4166	4906	7110	3972	5690
Rv0403c	832	765	714	971	616	1041	1163	905	843	770	517	509	1077	748	719	1130	595	920
Rv0404	3580	2800	3396	4310	2672	5208	4828	3425	3716	3322	1868	2483	4707	2566	3453	4561	2417	3873
Rv0405	11991	10904	12260	16879	9556	18223	14990	12083	12471	9572	7420	5798	16212	9032	9441	13769	7590	10882
Rv0406c	1627	1369	1655	1902	1465	2240	1880	1568	1701	1239	944	904	1964	1248	1286	1706	922	1555
Rv0407	3574	3496	4294	3608	5257	5378	4623	5066	4593	3115	3070	2714	3325	4944	3354	4096	4303	5891
Rv0408	10126	9869	9860	10771	9831	13672	11498	10424	10523	8386	8681	6293	10782	9343	8998	12080	8116	10666
Rv0409	3910	3988	4484	5260	4008	6125	4581	4241	4213	3153	3157	2406	6241	3940	3773	4978	3199	3786
Rv0410c	11239	9642	13277	12846	10577	17929	11461	10296	10956	8465	7323	7595	16169	8803	11548	13356	6561	9771
Rv0411c	4959	5403	5161	4812	5490	6892	4611	4319	4169	3379	3968	2975	6224	4245	4443	5280	2671	4092
Rv0412c	7164	6600	8048	6977	8665	10011	7495	7312	6507	5717	4703	5147	9378	6836	6386	8152	4665	7013
Rv0413	2469	2755	3526	2759	3402	4271	2947	3396	3505	1762	2628	1628	2681	3162	2568	2948	2539	3300
Rv0414c	1273	1455	1551	1476	1453	2102	1543	1531	1593	1059	1203	963	1436	1441	1374	1477	1176	1646
Rv0415	2346	2281	3049	2557	2833	3508	3045	3129	2827	1814	1915	1789	2590	2528	2412	2948	2176	3117
Rv0416	154	134	147	171	177	199	226	174	174	129	117	100	163	127	166	223	142	222
Rv0417	1154	1004	1227	1173	1181	1533	1686	1565	1509	948	881	787	1127	1099	1236	1677	1065	1810
Rv0418	9842	8562	11669	9413	10688	14137	12418	11890	12254	10284	9647	7956	8461	12489	10248	11888	11057	14977
Rv0419	11462	11966	11884	13763	12098	16192	14669	13692	12937	9288	9967	7286	13368	11158	10801	14555	9595	12671
Rv0420c	1826	1793	1935	2414	1567	2717	2560	1901	1970	1558	1193	1268	2385	1681	1858	2186	1270	2041
Rv0421c	4318	4540	5123	5822	3614	7230	5016	4085	5237	3149	3106	2547	5781	3220	4164	4877	2698	3808
Rv0422c	5522	5505	6023	6600	5374	8410	7277	6165	6566	4289	3991	3645	6634	4795	5336	6858	3939	6245
Rv0423c	15390	15363	15841	17343	16871	21725	19443	18007	16064	11349	10360	9432	19386	14635	13474	19889	11685	16769
Rv0424c	2284	2554	1851	2661	2468	2837	2867	2614	2024	1952	1792	1400	3482	2409	2015	3194	1846	2377
Rv0425c	47149	49578	51338	61203	51334	68109	60304	56685	53431	23585	23869	17669	48453	28578	27263	44645	24578	31866
Rv0426c	3858	3804	3044	4889	3626	4057	5694	4734	3337	2191	2137	1665	4180	2751	2664	4325	2626	3491
Rv0427c	3440	2870	3504	3867	3570	4355	4330	3724	3643	2281	1784	1868	2798	2414	2354	3193	2119	3257
Rv0428c	1537	1437	1922	1715	1802	2385	2207	2051	2048	1455	1328	1107	1499	1743	1598	1844	1475	2316
Rv0429c	1568	1639	1883	1639	1741	2540	1979	1855	1786	1564	1544	1299	1547	1900	1662	1716	1403	2097
Rv0430	3554	2963	2628	3995	2723	3449	5125	3193	3003	3721	2646	2029	3870	2632	3085	4590	2469	3847
Rv0431	4969	4048	4248	5308	3793	5691	6268	4999	4860	4740	3824	3090	5253	4277	4634	6165	3924	5527
Rv0432	9934	11362	9254	11384	11493	13317	12621	13528	10765	8865	9844	6764	10659	12400	9769	11974	10217	12781
Rv0433	9551	8067	8470	11264	8121	11818	12259	10141	9193	7363	6362	5773	10643	8264	8524	11252	7658	10726
Rv0434	4810	3910	4307	6199	3734	5930	5345	4327	4117	3629	3253	2400	6322	3626	3942	5460	3345	4084
Rv0435c	10652	10396	11973	13847	10275	16718	13510	11748	12833	7676	7873	6174	14579	9588	9356	14595	8249	11210
Rv0436c	3419	3681	3673	3800	3598	5072	4847	3816	4290	2758	3147	2241	4005	3639	3384	4674	3014	4380
Rv0437c	2322	3043	2946	2610	3236	3721	3061	3483	3308	1995	2804	1780	2741	3117	2803	3335	2456	3411
Rv0438c	2772	2952	3093	3033	3167	4376	4271	3799	4177	2353	2375	2103	3121	3112	2848	4518	2968	4419
Rv0439c	1277	1243	1204	1218	1662	1618	2122	1821	1868	1110	1025	908	1211	1484	1180	2044	1685	2386
Rv0440	26795	68980	36487	30041	85809	50376	320857	175756	225182	19437	35020	36404	43291	51985	53084	366624	176271	255875
Rv0441c	3944	5085	5072	4544	5344	6398	6387	5695	5663	3413	4202	3440	4956	4931	4672	6370	4227	5955
Rv0442c	2614	2780	3142	3133	2714	4503	3562	3186	3231	1903	2081	1886	3191	2446	2981	3443	2070	3119
Rv0443	8573	7124	8939	9301	9827	10527	8264	8607	7064	6720	6870	5676	9666	8841	7154	8127	6769	8608
Rv0444c	9108	7162	9371	9342	7628	12080	8802	8273	8114	7143	6731	5964	8762	7751	8637	8482	5932	8647
Rv0445c	3161	2876	3265	3560	3060	3982	3460	3014	2790	3167	2730	2658	3472	3200	3489	3260	2532	3500
Rv0446c	2498	2270	2418	2959	2156	3265	2721	2559	2043	2055	2137	1507	2649	2459	2282	2491	1952	2257
Rv0447c	1863	1827	1713	2184	1750	2178	2121	2070	1535	1660	1524	1314	2349	1925	1708	2035	1698	1912
Rv0448c	667	757	928	802	762	1176	850	933	838	624	691	646	832	767	882	798	715	1002
Rv0449c	1992	2325	2214	2436	2355	3084	2346	2753	2111	1617	1772	1377	2840	2128	2222	2793	1972	2419
Rv0450c	11838	11060	11802	12941	11292	17354	15540	13527	13079	10460	7528	8705	14682	10386	12149	17563	9173	15034
Rv0451c	1403	1596	1345	1711	1393	2012	1836	1664	1384	1294	1015	1050	2014	1444	1666	2104	1175	1854
Rv0452	522	805	889	555	939	1225	740	1022	1106	447	647	548	559	776	757	728	654	1020
Rv0453	1656	1650	1529	2060	1525	2285	1988	1879	1802	1150	1039	871	1880	1343	1324	1881	1162	1717
Rv0455c	5604	5161	4729	6463	5835	5978	6977	6162	5134	4461	3462	3765	6634	5332	5094	6716	4307	6735
Rv0456c	1097	1014	1023	1129	1252	1326	1446	1482	1046	867	915	813	1161	1168	970	1448	1113	1430
Rv0456A	497	357	635	497	325	863	617	501	621	473	292	421	461	331	557	594	338	677
Rv0456B	55	61	80	84	72	141	113	60	104	76	47	76	90	46	74	84	66	103
Rv0457c	2470	2129	3427	2083	2977	3981	3229	3263	3710	1951	1870	2008	1608	2691	2285	2255	2653	4149
Rv0458	4480	5207	2267	5224	6811	3136	6438	6332	2168	2218	3319	2014	5244	4420	3037	6923	3053	3901
Rv0459	2243	2549	1426	2541	2480	2091	2743	2537	1308	1426	1751	1099	2749	1724	1716	3224	1465	1827
Rv0460	2924	3316	3153	2844	3542	3972	3884	3664	3316	2360	2716	2141	2825	3211	2684	3550	2828	3746
Rv0461	3891	3579	4312	3727	4423	5560	5684	4854	4836	3330	3135	2678	3595	3740	3413	4868	3683	5403
Rv0462	22015	24345	26572	22053	27514	36254	27338	26231	27128	18250	22482	16429	19763	29804	23066	23687	22276	29533
Rv0463	2293	2229	2544	2313	2308	3407	2824	2496	2597	1709	2130	1544	2317	2374	2256	2630	2043	2884
Rv0464c	5157	4795	5120	5601	4655	7189	6567	5452	5368	4685	4001	3692	5899	5319	5243	6258	4530	6619
Rv0465c	2948	3967	3836	3524	3535	5388	4521	4522	4520	2601	2540	2787	3622	3350	3964	4150	2980	5472
Rv0466	6481	5691	8015	7022	6022	11174	7858	7005	8264	6905	6710	5642	6447	7968	8460	7076	5933	8695
Rv0467	4709	4241	7702	5489	4017	10400	7337	6077	9375	5118	4527	4315	5196	6297	6468	6493	6321	12170
Rv0468	3813	3132	4400	4377	3299	6104	5394	4669	5640	3554	3421	2725	4203	4225	4235	5135	3973	6319
Rv0469	7185	6617	6467	9026	6047	9768	9286	6619	7133	6231	5092	4985	9375	6727	7300	8757	5123	8115
Rv0470c	11601	11707	11146	13021	12590	16244	14352	13474	12158	10311	10180	8615	13953	13546	12091	14610	10709	14496
Rv0470A	814	638	752	961	637	1139	962	755	770	629	558	518	1067	573	786	1004	539	701
Rv0471c	1375	1172	1563	1758	1354	2070	1675	1440	1456	1247	866	1127	2142	1144	1467	1818	1033	1557
Rv0472c	4883	4152	4822	5439	5020	6859	5337	4815	4985	4628	3375	3485	6117	4362	4658	5420	3456	5444
Rv0473	3268	3466	3539	3845	3803	4961	4171	3892	3703	2721	2699	2140	4272	3048	3215	4284	2522	3508
Rv0474	3133	4194	3328	4196	3709	5661	3870	4144	3457	2396	2981	2480	4395	3561	3900	3779	2708	3721
Rv0475	6355	9190	7382	7397	10041	10227	8608	9576	7939	4364	7195	5209	7982	8243	7595	8329	6062	9582
Rv0476	6393	7187	6574	8126	8504	8455	8314	8319	6900	4187	5572	4476	7761	6285	5801	7086	5104	7873
Rv0477	8092	8349	8622	10206	9106	12054	10985	10618	9461	5280	5330	5112	9466	7071	7303	9600	5775	9291
Rv0478	5788	5657	5622	7217	5471	8286	6927	5734	5622	3712	3798	3023	6629	4122	4580	6312	3416	4624
Rv0479c	10640	11525	11703	12171	11502	17382	13188	12961	12125	6851	7296	5755	8409	9808	7968	9873	8068	10545
Rv0480c	1557	1509	2009	1822	1587	2522	2151	2114	2184	1389	1177	1255	1834	1584	1766	2004	1348	2299
Rv0481c	1125	819	711	1073	846	986	1476	1066	790	741	462	536	1339	593	795	1675	549	982
Rv0482	2130	1942	2097	2355	2130	2837	2707	2280	1987	1566	1728	1430	2548	2107	2128	2941	1573	2520
Rv0483	35839	34133	56426	37510	37639	74604	39127	37610	55903	42393	37453	37121	34214	46341	54422	35450	34418	56950
Rv0484c	4518	4357	7181	5478	4338	9880	5336	4807	7401	4416	4042	4282	5411	4671	6428	4734	3975	6775
Rv0485	26266	27468	38668	31114	32774	53156	28146	31884	37493	21265	24886	20689	28994	28498	32368	27030	24213	34779
Rv0486	14236	16620	19095	19870	18056	25696	16485	16153	17520	9060	11702	8736	19055	13618	13136	15192	10118	14429
Rv0487	3586	3255	3302	4261	3275	4596	3762	3113	2930	2059	2360	1726	3996	2431	2332	3580	2022	2530
Rv0488	393	423	429	580	304	780	588	403	461	320	241	275	650	267	442	543	256	454
Rv0489	4775	4462	5577	5268	5338	7257	5257	5224	5470	3267	3071	2772	4549	3811	3871	4212	3015	4378
Rv0490	40373	32267	46892	52006	34836	60584	47725	37849	45530	10505	9405	9251	16774	12137	13826	16037	9819	15026
Rv0491	25253	21861	27247	31064	20474	37074	27410	22917	26689	5889	6169	4105	10152	6119	6531	9854	5194	6811
Rv0492c	7772	7830	9313	11093	7948	12358	10675	9164	9126	3523	4250	3062	6905	5209	4708	7998	4885	6894
Rv0492A	179	236	213	217	293	243	327	304	218	163	177	136	281	246	206	389	262	367
Rv0493c	703	735	698	757	906	865	1064	1014	760	630	622	474	1013	797	715	1317	763	1098
Rv0494	1300	1267	1341	1225	1270	1856	1563	1375	1511	958	1373	881	1364	1358	1354	1667	1061	1545
Rv0495c	6844	6380	7755	7190	9433	9442	8311	8737	7733	6292	7676	5410	7292	9188	7654	8664	7423	10251
Rv0496	4863	4540	5416	5160	5028	7079	5985	5603	5255	4500	5022	3796	5545	5628	5280	6344	4926	6674
Rv0497	5034	4520	5764	5298	5198	7157	6304	5568	5882	4641	4696	3888	5457	5509	5949	6730	4743	6987
Rv0498	3450	3464	3379	4079	3323	4373	4417	3819	3362	3206	3142	2448	4893	3781	3847	5003	3147	4113
Rv0499	2131	1989	2191	2645	1827	2924	2404	1889	2120	1736	1888	1378	3161	1917	2068	2666	1453	2106
Rv0500	2256	2155	2250	2890	2112	3022	2957	2305	2277	2153	2144	1628	3277	2476	2425	3146	2110	2846
Rv0500A	4429	4346	3764	4938	4299	5184	6104	5541	4292	4177	4201	3121	6306	4537	4912	7871	3993	6204
Rv0501	13952	12942	13104	15649	11482	18810	18335	15410	14630	12178	12023	9912	17010	13489	15239	20268	11343	16954
Rv0502	24592	23318	19511	30976	21192	29031	31014	24236	20379	19090	18625	14184	32412	21554	21135	32520	18190	23082
Rv0503c	5625	6140	4531	6684	5516	6732	7985	6541	4925	5563	4691	4321	7870	6875	6004	8727	5748	7732
Rv0504c	1899	2237	1875	2193	2082	2584	2753	2502	2122	1578	1680	1225	2338	2287	1875	2888	2014	2654
Rv0505c	5933	6949	6215	6463	8779	8119	7659	8129	6368	4442	5414	3727	7160	7849	5092	8151	6138	7740
Rv0506	4019	2816	2851	4005	2899	4189	5812	4263	3549	3280	2483	2249	4411	2822	3195	6286	2630	4329
Rv0507	6022	5374	5131	7321	5462	7898	7859	6329	5483	5110	4097	3582	8607	5180	5381	9647	4403	6388
Rv0508	1193	1501	1127	1327	1522	1611	1593	1562	1196	1121	1283	934	1851	1658	1359	1807	1325	1664
Rv0509	32019	39088	34396	40108	43187	45985	38182	41182	33339	29112	40009	23468	48384	48440	34996	45179	36613	39807
Rv0510	13417	14976	16380	18760	14759	21913	15426	13537	14803	12661	14949	11216	23098	18017	17041	18070	12239	16763
Rv0511	26490	28985	33645	39377	28682	48627	27161	24389	28993	24868	29446	19513	49275	32284	31827	34423	20838	26822
Rv0512	8415	8318	10744	12412	7989	15157	8929	7100	8787	8145	7464	6207	16885	9441	9837	10473	5835	7781
Rv0513	4057	4144	4978	6028	3860	7256	4490	3407	4195	3705	3666	2758	7986	4527	4604	4926	2804	3607
Rv0514	2517	2383	3143	3907	2339	4279	2876	2161	2594	2229	2101	1772	5030	2575	2732	3257	1785	2287
Rv0515	7373	10184	9243	10637	10066	12624	11131	12422	10490	5387	6278	4528	11992	7385	7298	12291	7110	10018
Rv0516c	6746	17084	5805	9284	14464	9241	15610	19527	12457	5209	10027	4939	9838	12691	7773	16105	15358	19676
Rv0517	4126	4471	4637	4661	4373	6284	5729	5377	5246	2877	3325	2632	3830	4006	3935	4926	3683	4951
Rv0518	3725	2757	2998	4015	2685	3929	5015	3635	3372	2878	2037	1939	3893	2375	2609	4430	2355	3639
Rv0519c	3817	2756	3394	4371	3082	4665	5342	4193	4067	3523	2220	1922	4083	2694	2678	5122	2711	4048
Rv0522	4524	3871	3784	4969	4026	5575	5778	5276	4342	3020	2568	2326	4837	3260	3408	5481	3030	4298
Rv0523c	658	717	674	723	814	962	936	981	768	538	702	420	804	710	629	1011	695	954
Rv0524	17532	17665	20182	19874	21703	26096	19049	20361	19652	13943	16447	11293	20097	20319	15975	19260	15862	20511
Rv0525	5124	5672	5294	5854	5782	6972	5701	5339	5168	3834	5056	2979	5957	5625	4735	5941	4458	5338
Rv0526	4975	5654	5706	6868	5244	7576	5502	4912	5002	3619	4335	2798	7406	5133	4378	6264	4103	4934
Rv0527	6724	8399	9022	10312	7582	11995	7736	7637	8187	4509	6719	3898	11117	7512	6268	8899	5677	6629
Rv0528	10114	10866	12922	15056	10914	17143	11185	10199	11211	6928	7605	5691	16855	10080	8660	12580	7580	9384
Rv0529	6140	6128	7457	7820	6176	9625	7063	6407	6768	4630	5083	3969	8633	6439	5866	7459	4939	6521
Rv0530	9328	8495	9241	11098	9626	12067	12237	10757	10022	6535	6587	5541	11030	8232	8057	11334	7098	10272
Rv0530A	1359	1164	1090	1580	1451	1425	1924	1539	1270	979	902	708	1669	1047	1147	1566	1086	1604
Rv0531	1546	1636	1397	1919	1681	1860	2064	1995	1743	1110	1449	996	1778	1552	1341	1751	1413	1690
Rv0532	2311	3052	2750	3363	3054	3768	2983	3215	3011	1562	2363	1422	3469	2628	2270	3090	2293	2708
Rv0533c	2679	2613	2724	2989	2744	3598	3437	3005	2700	2244	2340	1795	3102	2939	2733	3381	2438	3454
Rv0534c	1546	1977	1863	1815	1957	2439	2311	2198	2058	1257	1885	1091	1728	2077	1745	1992	1629	2148
Rv0535	769	930	667	993	846	980	940	939	679	703	706	482	1110	917	724	1037	795	926
Rv0536	1591	1527	1864	1923	1564	2588	2078	1790	1918	1291	1254	1072	1969	1520	1645	2019	1360	2094
Rv0537c	8640	9007	11119	9708	9434	14645	10832	10213	11483	7226	8399	6538	9641	10554	9202	11106	8269	11147
Rv0538	6342	8921	8479	8641	7882	11613	8123	8246	7962	4202	6330	4061	8496	6837	6374	7793	5101	7185
Rv0539	4533	4783	5445	5324	5351	6870	5436	5275	4966	3269	3530	3111	5638	3958	4083	4999	3494	5046
Rv0540	603	647	633	820	640	869	758	663	653	509	662	432	883	673	652	792	525	776
Rv0541c	5168	5178	5268	8569	4574	7193	5998	4933	4425	3514	3797	2782	8594	4588	4239	5585	3335	4272
Rv0542c	8954	8087	8006	12610	6445	11498	10727	7266	7541	6179	5318	4682	12543	5961	7681	9408	4588	6394
Rv0543c	6664	7655	6739	8654	7650	9158	8624	7761	6963	4661	5125	4333	8731	6370	6112	7459	4885	6749
Rv0544c	2489	2953	2067	2730	2680	2830	2933	2707	2053	1754	2142	1524	3100	2422	2186	2812	1847	2271
Rv0545c	31730	40738	30652	39375	37928	42181	41307	40413	32735	28763	38112	24826	48875	43642	36934	46823	32806	41167
Rv0546c	2206	1990	2073	2148	2209	2856	2524	2408	2285	1630	1786	1357	2032	2189	1858	2266	1761	2516
Rv0547c	3586	3717	4000	3660	4243	5034	4397	4044	4127	2768	2951	2468	3205	3842	3205	3699	2915	4397
Rv0548c	6554	5704	7540	6458	7758	9016	8735	8048	7917	4349	4551	4298	5333	6247	5558	6172	5753	7727
Rv0549c	1274	1097	1480	1287	1502	1849	1782	1618	1697	979	873	899	1378	1188	1147	1646	1106	1846
Rv0550c	271	340	342	309	383	432	417	338	320	247	236	175	310	295	282	334	215	435
Rv0551c	1754	1568	2317	1720	2069	2965	2322	2228	2491	1677	1330	1331	1747	1731	1865	2191	1558	2438
Rv0552	2100	2204	2437	2334	2638	3149	2731	2662	2622	1943	1797	1521	2412	2257	2047	2612	1899	2686
Rv0553	979	1109	1267	1237	1147	1718	1364	1257	1296	791	888	698	1121	940	1050	1280	855	1364
Rv0554	2344	3326	3366	2500	3568	4362	3015	3504	3436	2239	3423	2333	2295	4302	3409	2812	3229	4091
Rv0555	14901	19055	18491	17955	20391	24243	17980	18924	18054	12616	17496	12098	18274	21804	17312	17418	16632	20696
Rv0556	2409	2202	2591	2899	2052	3571	2715	2118	2233	1877	1543	1568	2973	1926	2144	2786	1565	2411
Rv0557	23471	27047	41584	35766	24786	57593	27958	27158	38860	2891	2668	2661	6101	3383	3915	4604	2437	3566
Rv0558	9892	8036	11129	11803	10957	14964	11314	10852	11464	5335	4933	4480	7337	6630	5835	7420	6010	8488
Rv0559c	5798	4912	5250	6578	5512	6670	6782	5848	5266	4566	3723	3769	7150	4859	4924	6605	4247	6708
Rv0560c	1552	1507	1255	1899	1563	1985	1868	1673	1342	824	901	688	1619	990	1018	1774	912	1218
Rv0561c	1998	1746	2084	2157	2256	2482	2331	2121	2107	1772	1790	1396	2351	2209	2009	2393	1985	2559
Rv0562	8046	8552	9352	8961	9278	12419	10634	9294	9846	8250	8602	7540	10751	10623	10382	11384	8697	12731
Rv0563	4909	8901	6555	6244	9731	8622	8206	9141	8210	3779	4065	4861	7013	5120	6304	7992	4797	7843
Rv0564c	3499	4849	3594	4212	4616	5199	5186	4621	4277	2593	2055	2233	4468	2537	3253	5161	2515	3767
Rv0565c	1727	1358	1380	1606	1823	1710	2379	1901	1533	1661	1042	1225	1798	1739	1494	2532	1690	2369
Rv0566c	649	641	520	548	1107	598	873	919	571	616	770	573	668	1128	658	932	887	1113
Rvnt05	38	50	44	41	41	60	46	46	44	51	41	44	49	49	47	45	58	68
Rv0567	3401	3265	3793	3249	3667	4805	4228	3874	3688	3437	3361	3088	3174	4267	4291	4174	3630	5097
Rv0568	10739	11143	11472	12598	11554	15083	13493	11216	11759	9030	9529	7619	13636	10999	10689	13702	8934	13002
Rv0569	3818	18744	1993	3831	26888	2774	4293	20217	2104	2716	14677	1812	4599	14690	2540	4349	12356	3562
Rv0570	4413	21887	2807	5359	24580	3898	4720	16953	2621	3066	15193	1994	6229	13950	2831	4631	10177	3193
Rv0571c	2595	3745	2606	2886	4392	3432	3037	4016	2699	2137	2932	1589	2678	3212	2108	2683	2522	2685
Rv0572c	1007	3312	547	956	2882	806	1212	2643	673	888	3229	597	981	3125	759	1178	2030	1127
Rv0573c	957	1159	813	984	1132	1102	1145	1171	882	861	1003	623	987	1157	896	1142	973	1187
Rv0574c	945	2509	646	1018	2652	822	1045	2431	646	822	2742	566	1076	2497	730	1059	2091	940
Rv0575c	2252	1748	1311	3430	3580	1688	1716	1833	1124	1555	1533	907	4413	2083	1204	1990	1194	1471
Rv0576	5128	6959	4568	6186	6560	6799	6930	6916	5241	4169	5231	3635	6992	6305	5581	7651	4715	6543
Rv0577	4256	5784	4009	5406	6267	5868	5809	5897	4403	2583	3580	2310	5518	4713	3569	5972	3443	4712
Rv0578c	16366	25160	23309	24400	26623	29962	19307	23177	21494	7891	12163	7626	22260	13972	10966	15789	10363	12715
Rv0579	6126	6439	5286	6923	6749	7367	7744	7935	6020	3412	3898	3031	6266	4668	4323	6826	4249	5343
Rv0580c	6418	6991	5322	6513	10091	7025	8322	10522	6228	3133	4486	2512	4992	5657	3811	5993	4951	5635
Rv0581	539	434	428	516	437	639	852	707	638	342	355	239	365	326	335	674	385	763
Rv0582	2623	1776	1984	2431	2268	2582	3983	2969	2857	1942	1339	1374	2175	1755	1846	3081	1961	3156
Rv0583c	4913	4473	4220	5068	5226	5413	6740	6567	4513	3964	3894	2693	5276	4876	3847	6726	4799	5521
Rv0584	2224	2254	2309	2719	2024	3145	2993	2582	2196	1801	1474	1580	2826	1911	2038	2707	1632	2406
Rv0585c	2150	2308	2600	2436	2423	3606	2813	2869	2861	1780	1720	1462	2331	2164	2080	2647	1910	2631
Rv0586	3393	4644	4948	4184	4851	6799	3731	4793	5464	1965	2494	2620	3176	2704	3888	2634	2045	3920
Rv0587	4701	5832	6163	5497	6502	8787	5997	6343	6944	2691	3206	3332	4267	4360	4665	4419	3208	5811
Rv0588	4605	5607	5946	6034	5368	8758	5606	5932	6769	2560	3247	2609	4571	3729	4391	4479	3139	4945
Rv0589	4097	4583	4793	5614	4387	7348	5221	5416	5671	2349	2234	2102	4649	3133	3561	4484	2916	4303
Rv0591	910	816	1022	1243	739	1518	1078	902	1047	575	425	426	1217	525	735	911	491	772
Rv0592	551	504	612	797	516	901	639	650	626	468	276	335	823	456	516	620	348	542
Rv0593	992	835	977	1060	870	1304	1220	1069	980	729	589	647	1071	715	883	1036	685	1057
Rv0594	1733	1532	1722	1954	1563	2428	2025	1883	1736	1279	1168	1071	1900	1348	1480	1988	1230	1781
Rv0595c	623	589	519	776	645	814	728	710	540	426	348	309	798	467	491	661	401	575
Rv0596c	369	414	283	384	375	460	377	385	332	241	228	156	347	282	221	361	193	258
Rv0597c	6921	8323	7737	8161	8105	10663	7206	6496	6253	5651	5798	4526	10028	7241	6404	7565	4117	5886
Rv0598c	2964	2737	2438	3848	3133	3359	3692	3116	2434	2762	1902	1866	4374	2849	2432	4312	2534	3467
Rv0599c	989	856	896	1184	1024	1190	1231	1002	856	840	693	611	1438	899	824	1203	702	1122
Rv0600c	270	239	249	311	276	320	340	281	251	215	233	197	333	274	285	368	222	372
Rv0601c	116	131	113	137	155	177	169	157	103	88	120	69	153	158	121	180	141	163
Rv0602c	152	199	116	165	199	184	186	159	127	135	174	106	156	183	126	172	135	171
Rv0603	70	73	65	58	109	87	75	94	102	45	51	40	59	69	55	46	41	65
Rv0604	1949	1929	1957	1987	2098	2693	2621	2421	2093	1463	1588	1253	1966	1949	1813	2388	1673	2384
Rv0605	8606	7770	8998	11121	9321	12083	9213	9217	8716	2868	3060	2347	10279	3327	3634	8852	2593	4042
Rv0607	1587	1563	1655	2035	1322	2426	1666	1313	1491	576	483	466	2057	452	680	1740	439	715
Rv0608	2275	1793	1918	2393	2295	2166	2617	1900	1753	1834	1192	1203	2477	1827	1485	2084	1567	2230
Rv0609	2172	1534	1820	2346	1851	2250	2598	1740	1801	1727	1083	1147	2503	1472	1499	2183	1341	2080
Rv0609A	1800	1134	1525	1935	1367	2089	2263	1511	1684	1270	863	894	1826	1115	1295	1777	1031	1508
RVnc0005	180	159	146	234	117	255	254	160	155	133	74	100	220	111	152	199	95	147
Rv0610c	2355	2144	2110	3380	1751	2791	2865	2178	2055	1856	1691	1407	3662	1865	2150	2980	1626	2102
Rv0611c	3066	2749	2875	3937	2843	3456	3696	3206	2707	2399	2138	2385	4573	2636	2971	3693	2298	3249
Rv0612	1583	1701	1917	2041	1553	2823	2151	1910	2032	1177	1229	1018	2132	1388	1691	2170	1414	2004
Rv0613c	19322	21092	26213	19798	25524	30655	23811	23103	25759	14825	21191	13902	18070	23649	20142	21440	19368	25454
Rv0614	293	386	458	345	370	502	434	492	453	304	391	309	306	468	428	335	369	521
Rv0615	1930	1679	1833	2086	1892	2572	2284	1991	1804	1677	1524	1470	2262	1702	1830	2334	1466	2224
Rv0616A	2003	2020	1930	2400	1893	2655	2177	1575	1645	1573	1275	1117	2378	1487	1601	1784	1135	1630
Rv0617	3072	2824	2873	4055	2722	4094	3335	2486	2492	2428	1902	1731	3736	2364	2519	3115	1693	2495
Rv0618	1566	1536	1621	2024	1448	2248	1772	1415	1521	1263	1232	953	1828	1370	1327	1597	1112	1439
Rv0620	46	56	52	85	53	97	35	57	49	41	42	26	70	43	48	48	23	46
Rv0621	1624	1569	1751	1527	2117	2116	2047	2048	1800	1085	1058	1047	1522	1420	1214	2006	1299	1834
Rv0622	743	793	573	693	888	739	866	785	598	473	583	301	821	494	461	939	484	605
Rv0623	1243	1359	1264	1392	1450	1512	1494	1425	1321	1026	1173	729	1635	1164	1171	1461	943	1315
Rv0624	1725	1681	1530	2145	1558	1971	2052	1636	1563	1386	1215	1082	2478	1358	1532	1962	1185	1798
Rv0625c	2233	2421	2468	2547	2424	2954	2959	2588	2482	1677	2030	1542	2384	2204	2059	2365	1761	2576
Rv0626	3495	2989	3297	3922	3481	4333	4382	4130	3611	2949	2208	1785	3830	2613	2747	3899	2581	3409
Rv0627	3306	2982	3126	3871	3203	4234	4522	3711	3509	2630	2082	1926	3906	2262	2739	4001	2443	3686
Rv0628c	5474	5995	6689	6018	8246	7765	6733	7846	7112	3654	5111	3300	5623	5976	4666	6103	5230	6921
Rv0629c	2913	3254	2978	3931	3420	3891	3769	3782	3097	2258	2985	1590	4445	3217	2529	3862	2744	2933
Rv0630c	4039	3749	3926	5081	4200	5092	5104	4452	3943	3431	3218	2431	5865	3688	3516	5496	3353	4265
Rv0631c	3070	3009	3200	3529	3232	4281	4078	3708	3594	2603	2742	2105	3574	3025	3066	3951	2754	3759
Rv0632c	14797	12268	14530	14675	17925	18324	18357	17564	15039	11808	11847	9813	13413	16573	12775	16107	13914	19214
Rv0633c	4725	4233	4957	5018	3874	7349	5334	4256	4904	3802	3690	2998	4881	3664	4569	5105	2856	4575
Rv0634c	6563	6061	7737	7031	8582	9577	7900	7368	7309	5301	5256	5635	7012	7694	6890	7066	5628	8944
Rv0634A	4646	4093	4479	4324	5315	5387	5555	5272	4428	3588	4450	3267	4487	4794	4380	5056	3992	5707
Rvnt06	832	785	856	805	987	1054	1087	956	869	727	853	631	956	842	862	998	741	1105
Rvnt07	621	628	682	588	732	865	849	800	713	601	466	549	646	870	745	753	754	984
Rv0634B	1780	2282	1837	1622	2130	2839	2712	2443	2121	1768	2387	1943	1968	3007	2463	2481	2127	3500
Rv0635	3724	3693	3946	4160	3443	5418	4732	3864	3647	3812	3289	2922	4265	4306	4597	4686	3539	4436
Rv0636	6802	6915	8161	7497	7689	10962	8737	7605	8323	6374	6317	5953	7611	7933	8417	8677	6486	9603
Rv0637	15718	12794	17146	17147	13840	22615	19906	14700	16878	14005	10679	12653	17830	15048	17905	19910	12249	20486
Rvnt08	5244	4509	5481	6482	3827	7671	6601	4541	5194	5031	4179	4560	7993	5094	6858	7137	3628	5985
Rv0638	11654	12047	13162	14710	10789	18895	13917	11505	12190	10515	11678	9997	16782	12345	15765	14899	9061	14317
Rv0639	20922	20811	21046	27215	21288	31010	23881	19585	19036	17298	16880	14261	30115	22890	22038	25527	15748	21143
Rv0640	8394	10092	8033	10814	9236	12337	10005	8763	7520	6879	7726	5727	12219	10788	8319	10498	6984	9522
Rv0641	24024	26105	28797	29788	27305	40414	24070	21948	22405	19170	22247	17667	32049	28239	25670	24635	16686	22312
Rv0642c	13604	12748	11339	14555	13340	16845	18024	15127	12032	10539	8563	7790	12885	12306	11320	15443	10119	13326
Rv0643c	5407	5004	4550	5744	4711	6370	7533	6007	5309	5751	4344	4563	6030	6131	6124	7574	4915	7578
Rv0644c	3289	3989	3266	3421	3851	4634	4410	4145	3428	3199	3785	2868	3322	4597	4033	4135	3577	4762
Rv0645c	2823	2425	3147	3152	3487	4212	3910	3388	3303	2524	1747	2138	2987	3014	2857	3651	2920	4017
Rv0646c	3882	3268	4638	4521	3406	6215	4675	3801	4709	4162	3080	3224	4680	4165	4425	4709	3502	5345
Rv0647c	6564	5977	7616	7351	5759	11156	7469	6516	8234	8202	7251	6146	7540	8683	9307	7778	6920	9603
Rv0648	826	1015	1086	952	1158	1327	1077	1153	1060	755	1055	764	1102	1162	1089	1181	851	1301
Rv0649	119	144	166	152	177	203	133	147	162	87	146	90	172	143	162	137	93	163
Rv0650	125	182	162	132	188	222	178	176	184	95	146	120	179	175	158	184	125	170
Rv0651	3224	4444	3879	3591	3946	5192	2608	2824	2725	2940	5440	3868	3268	6329	5542	2511	2625	3718
Rv0652	6973	8609	7388	6921	10258	9513	6225	6539	5828	5625	9750	6257	5485	12285	8727	5146	5403	7483
Rv0653c	9404	10109	10390	9905	10878	13965	8939	7399	8441	7284	9190	8374	8514	13144	11368	7059	6120	9139
Rv0654	2308	4757	2802	2855	5958	4063	3016	4254	2681	1897	2601	2529	2841	3260	3386	3332	2596	3856
Rv0655	40072	43995	26267	57373	45286	38523	52146	45594	22527	23955	24891	19912	69167	34436	28202	61247	25994	30906
Rv0656c	1166	1069	899	1601	775	1339	1497	990	813	717	555	590	1752	637	974	1575	538	819
Rv0657c	313	280	340	436	269	413	389	234	239	270	182	202	600	232	259	345	213	334
Rv0658c	4172	3907	4974	5974	3046	7099	4555	3252	4472	2965	2547	2509	6199	2704	3915	4306	2236	3566
Rv0659c	13085	10261	15243	15952	12746	18503	15269	12467	14375	9713	8186	8599	15875	9326	12102	13801	7878	14476
Rv0660c	4711	4093	4490	5064	5153	4917	4600	3965	4031	3516	2983	2685	5393	3691	3516	3983	2812	4707
Rv0661c	209	228	196	196	198	236	203	222	182	189	154	120	211	171	144	228	149	195
Rv0662c	249	182	253	207	243	280	280	236	207	206	162	133	235	213	141	198	195	263
Rv0663	9300	9321	14264	10162	10736	19137	11612	11991	14555	8455	8171	8004	9455	11309	11122	10744	10127	15415
Rv0664	1035	765	1047	1088	851	1363	1129	1111	1153	908	747	577	1058	868	1000	1055	864	1230
Rv0665	527	407	547	674	358	750	691	491	580	533	414	333	671	445	567	592	439	610
Rv0666	285	182	264	392	173	432	375	249	277	292	162	180	379	186	272	355	203	246
Rv0667	102057	125350	112174	141269	111257	169562	122908	106241	109220	91952	114341	83725	156424	148580	130789	130802	95751	126743
Rv0668	120788	115125	125187	161712	126629	182193	117994	96947	111263	99771	106316	85199	151563	147048	126636	114291	89326	122721
Rv0669c	8631	7682	8503	11733	7286	12272	9659	7812	7713	7819	6656	5796	11255	8395	8111	9457	6449	9059
Rv0670	7511	7331	8051	7951	11620	10006	8334	9291	8046	5232	5828	4744	7642	8566	5993	7156	6249	9260
Rv0671	6024	5726	5132	5966	5436	8122	6947	6174	5739	3873	4166	3015	5727	4728	4589	6373	3563	5099
Rv0672	7577	8999	5787	9526	9558	8363	11311	11549	6999	4818	5667	3632	9988	7459	5710	11598	7169	8910
Rv0673	2677	3491	2150	3523	4102	3035	3981	4679	2576	1664	2221	1362	3615	2961	1995	4134	2878	3480
Rv0674	1422	1908	1315	2123	1953	1927	2106	2461	1571	875	1090	725	2097	1509	1138	2360	1435	1772
Rv0675	1640	1779	1331	2237	1921	2026	2349	2524	1786	1171	1263	769	2604	1556	1241	2939	1555	1939
Rv0676c	13007	9126	7278	15452	9665	10670	17366	8731	9545	12212	6821	5128	24617	8903	7505	24875	7609	10230
Rv0677c	2910	1764	1354	3754	1765	1962	3274	1567	1477	2499	1371	974	5788	1754	1466	4554	1265	1783
Rv0678	2109	1384	1151	2451	1362	1664	2639	1530	1241	1800	1059	920	3608	1293	1354	3437	1186	1558
Rv0679c	2090	1819	1283	2524	1889	1782	2764	2133	1455	2025	1382	1153	3351	1749	1572	3496	1806	2061
Rv0680c	1927	2137	1363	2320	1974	1908	2374	2333	1524	1530	1566	1039	2803	2109	1503	2823	1898	2084
Rv0681	4407	4637	5195	5217	4680	7114	5605	5593	5669	3642	4293	3132	5403	5243	4795	6132	4142	5690
Rv0682	17608	21974	16447	18957	19316	24907	24298	23592	17512	16993	21564	13838	20701	25905	21614	27185	20686	24179
Rv0683	15764	19930	14054	17141	16673	22390	20844	20164	15796	14817	17663	11924	18206	22306	17999	22583	16614	20739
Rv0684	67968	71182	67774	87153	65538	95256	84438	65599	63713	58060	53436	47874	93920	79584	69333	90067	58032	77059
Rv0685	68874	73810	67736	79242	75953	99834	79182	70256	63605	59389	56037	44824	87481	84259	65003	86306	58794	71044
Rv0686	6177	6209	5671	7990	5622	8697	8276	6514	5931	5094	4766	4063	8535	5985	6330	8246	4623	6596
Rv0687	1625	2017	1842	2231	1967	2559	2150	1909	1749	1212	1310	1013	2047	1473	1652	1941	1152	1804
Rv0688	2861	3083	2759	3273	3455	3877	4350	3618	3290	2430	2246	1953	3168	3126	2824	4003	2740	3958
Rv0689c	290	248	237	293	274	344	486	354	307	190	197	189	292	283	297	417	262	516
Rv0690c	7762	6527	7893	10147	5817	11305	8702	6357	7019	5158	4329	3926	9921	5263	6039	8039	4355	5457
Rv0691c	4045	3749	4369	4767	3518	5939	4555	4011	3891	2652	2924	2369	4831	3026	3305	4107	2657	3496
Rv0691A	1979	1844	1285	2108	2226	1649	2934	2140	1431	1738	1665	1043	3174	1924	1460	2892	2105	2177
Rv0692	11268	9765	7461	12217	11273	10711	15602	14123	9036	9862	11076	6385	14636	12390	9236	18228	12578	12964
Rv0693	36483	36743	24234	44724	36340	35684	45297	41185	26367	31153	38576	23412	50506	50272	33896	52114	41076	41444
Rv0694	19702	15782	15965	27543	14708	23952	22541	17672	15986	12781	13422	8559	29961	17585	13673	25613	14275	14726
Rv0695	7327	7358	5340	10437	7022	8104	8230	7476	4988	5466	7045	3881	13161	8693	5976	10863	7055	6497
Rv0696	6846	6405	3966	9036	6782	5676	9416	7626	4059	6564	6687	4546	12147	8838	6888	13280	8580	8963
Rv0697	1885	1457	1175	2458	1614	1519	2626	2327	1282	1855	1536	1358	3790	2029	1945	3994	2253	2425
Rv0698	1334	1236	1539	1849	1075	2244	1469	1426	1494	1301	1021	956	1963	1117	1458	1517	850	1298
Rv0699	139	106	178	226	85	241	174	117	116	105	92	97	288	85	134	183	66	83
Rv0700	15508	22788	17913	18438	17023	26369	20516	18147	15894	15827	22986	15850	22444	27112	24266	23334	18387	23136
Rv0701	32579	46810	36352	43787	33447	57292	38961	35077	33321	32402	42483	29424	48401	52470	47337	44939	34351	40910
Rv0702	32900	40197	37979	48012	33579	53735	37233	31068	31127	29610	35462	27130	52876	47662	41060	40265	30725	37075
Rv0703	5788	6238	6276	8865	6043	8831	6997	5061	5119	5461	4199	4644	10001	8408	7129	7136	5331	6484
Rv0704	29016	28668	28860	37195	28024	41850	30296	25457	24199	24926	24248	22475	38758	38489	32866	29103	22459	29138
Rv0705	11484	12489	10482	14355	11967	14727	11992	9002	7786	10232	10904	9267	15144	14810	11892	11017	7967	10432
Rv0706	14731	14054	14382	19064	13882	20408	13534	11408	11611	11607	12560	10092	17445	16537	15636	12964	9350	12648
Rv0707	19415	18234	19493	25963	20353	26503	18183	15175	15095	14972	17383	13901	23641	23153	20150	16812	13710	17269
Rv0708	10839	10196	11429	13844	11779	15388	10072	8417	8740	9163	10272	8917	13293	13134	12710	9184	7427	11047
Rv0709	5485	4772	5063	6967	5380	6884	5207	3560	3766	4597	4372	3907	6630	5688	6143	4423	3514	4650
Rv0710	7905	6687	7184	8832	7490	9338	6145	4647	4601	6875	5349	5909	9294	7517	7880	5615	4188	6018
Rv0711	6192	7168	5441	8724	7454	8274	7038	8006	5658	3871	3529	4042	7889	5062	6131	6265	3740	6327
Rv0712	3181	3429	3478	3672	4144	4785	3927	4614	3827	2027	2280	1964	2938	3245	2898	3340	2622	3987
Rv0713	4904	4222	4231	4947	4489	6228	7571	6552	5339	3990	3528	3088	4493	4449	4283	7403	4400	6095
Rv0714	6343	9337	8747	7894	7263	13379	9117	8496	8698	7708	8699	8578	10009	10611	12371	9833	7851	11837
Rv0715	7037	8718	8353	8852	6568	12798	9110	7966	7975	7350	9269	6669	9599	9992	11426	9930	7138	9409
Rv0716	8003	9794	8847	10908	8070	13307	10195	8065	8177	8256	9206	7682	11792	11263	11780	10354	7851	10251
Rv0717	1595	1646	1323	2005	1577	1642	2040	1545	938	1563	1393	1213	2430	2265	1710	2090	1737	2101
Rv0718	8588	8660	9309	11018	8917	14006	10799	9636	9174	8060	8324	7632	10853	12165	11432	10344	8558	12056
Rv0719	17157	16110	18482	22755	17681	26491	19743	18188	17631	14869	14179	13381	21815	21728	20793	19288	15343	20805
Rv0720	5513	5429	5823	7330	5843	8139	6631	5346	5250	4942	4834	4161	7213	6992	6267	6105	4850	6476
Rv0721	24830	23448	26370	30384	26303	35148	27192	23572	23979	20701	25147	17753	27940	29722	27418	25012	20781	27851
Rv0722	2942	3066	3033	4076	3226	4245	3163	2548	2696	2616	2664	2037	3869	3497	3040	2888	2522	3235
Rv0723	14869	15320	17285	19062	16559	23085	15333	13926	14859	12797	14365	10892	18089	18433	16337	14528	12558	16256
Rv0724	37285	36286	39685	45816	40241	54722	44336	40310	40463	25564	27863	22230	45791	31930	33826	42858	26789	37472
Rv0725c	4042	3696	4886	5727	3368	6958	4990	3694	4702	2233	1810	1984	5115	2042	3135	4382	1954	3000
Rv0726c	5869	6331	6014	6487	7379	8821	7620	7422	6774	2044	2053	1780	3387	3041	2582	3969	2396	3390
Rv0727c	1002	923	1252	1023	1041	1551	1392	1210	1291	764	732	763	1088	860	1046	1252	876	1425
Rv0728c	755	984	1172	869	905	1661	1037	1106	1154	591	808	726	848	908	1049	1028	735	1193
Rv0729	1007	1140	1508	1025	1317	1818	1284	1375	1595	798	1075	809	973	1231	1238	1171	1036	1710
Rv0730	5730	5382	4907	5923	7105	6499	6695	6727	5282	4028	4089	2835	5342	4935	3981	5879	4331	5519
Rv0731c	2079	2314	2329	2190	2229	3231	2910	2580	2491	1556	1805	1503	2038	2132	2198	2711	1705	2699
Rv0732	11155	12512	12756	11695	11028	17576	14740	13690	14069	10795	11098	9454	12251	14735	13378	15557	11529	16212
Rv0733	6388	6047	7903	6734	7315	10151	8441	6934	7904	5717	5737	5183	6731	7501	7164	8568	6079	9032
Rv0734	12126	10755	15087	12661	12801	19181	15914	13697	15988	9883	10179	9655	12470	12705	12933	15245	11031	16173
Rv0735	1046	891	1498	1390	831	2037	1392	1081	1357	787	734	912	1439	890	1262	1333	764	1278
Rv0736	1094	1084	1055	1239	1143	1558	1275	1211	1023	795	933	597	1356	1010	1018	1345	843	1110
Rv0737	324	345	349	381	371	442	394	385	365	226	283	190	400	351	290	421	284	395
Rv0738	2105	2323	1491	2387	2655	1940	2806	2809	1633	1594	1704	1023	2281	1926	1460	2770	1667	1942
Rv0739	489	404	326	647	396	470	680	531	397	401	278	315	656	378	401	705	371	534
Rv0740	2327	1950	1719	2683	2064	2497	3270	2854	2052	2007	1616	1423	2687	2065	2054	3665	1992	2673
Rv0742	666	754	528	823	564	727	775	659	558	473	520	338	944	571	562	881	459	616
Rv0743c	863	930	723	1057	1023	1112	1166	1338	880	657	681	556	1047	977	780	1227	811	1098
Rv0744c	1011	1226	872	1248	1308	1082	1183	1491	896	698	900	626	1265	1069	907	1156	870	1106
Rv0745	184	191	97	161	173	185	191	197	114	127	179	92	201	154	135	216	116	177
Rv0746	1993	2605	2051	2715	2846	2554	2620	2669	2304	1221	2289	918	2284	2436	1523	2291	1960	2130
Rv0747	5485	7575	5868	8013	7753	8315	6351	6728	6009	1303	2452	1192	3951	2371	1900	3300	1901	2226
Rv0748	577	690	385	678	607	645	741	730	513	375	560	239	704	456	380	648	384	530
Rv0749	1283	1126	930	1611	1136	1465	1818	1383	1080	1000	722	663	1577	889	1125	1662	832	1247
Rv0749A	508	340	431	646	357	541	605	434	407	462	235	396	773	354	469	613	352	538
Rv0750	1635	1474	1659	1712	1750	2355	1980	1971	1697	1198	1134	1245	1809	1546	1634	1909	1233	1960
Rv0751c	2630	2964	3081	3092	3453	3844	3537	3608	3294	2072	2197	2366	3259	2723	3120	3848	2605	4042
Rv0752c	2079	3321	2484	2785	3457	3343	2897	3190	2717	1236	1778	1955	3215	2255	2876	3658	2000	3748
Rv0753c	3043	5310	3627	3606	5990	4869	4068	5150	3731	1826	2617	3079	4183	3269	4298	4852	3024	5381
Rv0754	883	1182	929	1047	1266	1247	1166	1258	1058	616	662	658	1206	938	954	1302	796	1226
Rv0755c	4525	4441	3902	5323	4894	5637	6243	5302	4087	3550	3145	2614	5875	4335	3993	6588	3794	5192
Rvnt09	44	57	60	57	49	46	60	48	50	27	24	27	73	42	34	46	39	40
Rv0756c	4786	5488	4829	5369	5812	6254	6315	5662	5116	3601	4379	3218	6233	4916	4561	6617	3888	5823
Rv0757	4743	5192	3759	6128	5939	5443	6181	5696	3939	3934	4012	2929	7326	4917	4042	7560	4136	5085
Rv0758	7460	7170	6984	8448	7864	9397	9968	9215	7728	5760	5138	4431	9559	6546	6544	11263	6370	9139
Rv0759c	3684	4237	2699	3638	4371	3938	5317	5333	3667	3544	3271	2481	3529	4763	3273	5430	4508	5707
Rv0760c	4925	5126	4050	4641	6955	5600	7032	7473	5326	4633	4451	3544	4113	7419	4825	7094	6860	8468
Rv0761c	14754	17299	14135	13979	24445	19620	22635	25811	18070	14475	19441	11940	12659	26051	16664	21193	23018	27598
Rv0762c	892	829	974	1093	899	1296	1071	935	937	765	515	573	1026	643	753	1100	666	965
Rv0763c	103	106	112	130	112	153	140	127	123	78	76	50	142	88	96	158	84	133
Rv0764c	2276	2882	2311	2739	2922	3263	3019	3230	2605	1963	1764	1632	2683	2301	2344	3124	2215	2959
Rv0765c	1052	1556	1341	1280	1521	1885	1490	1678	1602	858	936	794	1233	1021	1139	1463	1080	1506
Rv0766c	1141	1350	1327	1118	1628	1855	1650	1733	1564	912	762	828	1134	1069	1123	1520	1075	1713
Rv0767c	442	791	618	436	810	798	539	764	604	389	403	382	465	447	485	499	402	617
Rv0768	1081	1811	1191	1089	2097	1613	1534	2047	1502	789	916	660	1123	1177	1075	1542	1068	1619
Rv0769	955	1272	851	971	1457	1234	1370	1624	1112	661	651	614	1012	963	840	1450	916	1282
Rv0770	945	1041	867	1071	1241	1310	1277	1335	1173	681	613	515	960	729	742	1328	783	1068
Rv0771	453	460	431	521	537	550	691	553	526	302	290	259	480	325	383	635	331	545
Rv0772	2450	2301	2728	2691	2380	3782	3417	2936	2934	2181	1881	1735	2533	2374	2618	3036	2034	3271
Rv0773c	6106	5046	6534	7019	5125	8883	8006	6535	7188	5069	4058	4015	6268	5524	5937	7747	5279	7676
Rv0774c	4925	5230	5562	5345	5310	7312	5988	6075	5834	3862	4776	3266	5073	5629	5036	5595	4640	5899
Rv0775	1759	1745	2141	2017	1820	2867	2494	2086	2186	1350	1381	1327	2178	1660	1757	2277	1267	2121
Rv0776c	731	584	822	830	646	1097	914	774	806	567	470	414	817	547	679	821	548	829
Rv0777	8192	7044	9081	9602	8396	11784	10320	9201	9365	6088	5379	4776	8881	7003	7419	9187	6161	8916
Rv0778	4948	3981	5209	5717	4173	6521	5707	4579	4967	3850	3022	3149	5390	3652	4263	5317	3162	4919
Rv0779c	886	834	1100	1077	893	1453	1186	1109	1185	772	747	654	1033	835	923	1089	738	1221
Rv0780	1906	1587	1571	2195	1669	2136	2438	1967	1614	1930	1583	1230	2086	1873	1689	2157	1645	2055
Rv0783c	6681	5965	9102	7108	6315	11228	8059	7108	8666	3758	3342	2974	4300	4101	3752	5020	3414	4890
Rv0784	30141	27154	46971	42762	25468	61833	37655	30652	44468	1238	975	953	1390	1203	1196	1715	986	1689
Rv0785	9422	8223	13548	13589	7663	18672	13151	10676	13871	2454	2206	1731	2730	2629	2462	3482	2402	3434
Rv0786c	2093	1642	1891	2367	1764	2615	2418	1908	1839	1274	1020	841	1932	1217	1326	1980	1162	1488
Rv0787	6227	4476	6348	6552	5671	7296	7381	6223	5772	5412	4505	5071	7181	5888	6156	7365	5028	8023
Rv0787A	2858	2751	2903	3211	3087	3486	3454	2986	2549	2103	2347	1642	3005	2728	2582	2910	2362	2875
Rv0788	5342	4801	4973	5585	5549	6503	6819	5858	5169	4244	4296	3305	5020	5028	4604	5891	4292	5639
Rv0789c	2014	2438	2111	2394	2136	3070	2555	2159	2041	1545	1459	1397	2402	1746	2119	2248	1423	2183
Rv0790c	1069	3161	1425	1386	3207	2132	1369	1590	1208	816	928	1126	1493	1167	1547	1286	873	1401
Rv0791c	1171	3704	1531	1329	4090	2171	1586	2304	1522	958	1207	1242	1410	1489	1801	1672	1230	1943
Rv0792c	1227	2811	1547	1421	2765	1899	1451	1885	1302	919	1041	1146	1528	1254	1530	1446	988	1617
Rv0793	319	429	260	349	412	364	344	368	237	267	296	204	391	303	277	349	242	292
Rv0794c	2907	3041	2615	2709	4223	3182	3724	4218	2918	2534	3110	2137	2771	4047	2840	3691	3528	4436
Rv0797	1469	1359	1614	1814	1271	2188	1859	1609	1673	1246	1158	1029	1876	1350	1407	1935	1297	1805
Rv0798c	4702	3927	4001	4285	4689	5624	5470	4918	4346	3947	3851	2637	4270	4727	3849	5730	4109	4781
Rv0799c	4316	3767	4381	4441	4502	5432	5067	4254	4383	4516	3818	3491	4706	5081	4271	5147	4146	5902
Rv0800	2839	2315	2910	2794	3530	3367	3947	3506	3031	2715	2341	1992	2842	3371	2769	3742	3285	4036
Rv0801	1317	1220	1204	1137	1453	1515	1925	1783	1433	1093	1265	987	1109	1370	1328	1774	1270	1934
Rv0802c	1471	1496	1449	1468	1672	2034	2153	2080	1802	1170	1203	1073	1421	1461	1481	1947	1369	2150
Rv0803	12136	14217	15102	14140	15379	20176	15962	15254	16393	10182	12303	8417	14282	15000	13023	15939	12067	16582
Rv0804	2577	2723	3023	3336	2461	4134	3295	3157	3668	1899	2260	1430	3073	2377	2301	3370	2237	2863
Rv0805	21108	25588	21082	22453	22436	32937	27068	27465	27119	16984	21338	13529	26302	23329	21796	31464	21596	27528
Rv0806c	5520	5323	5803	7923	4404	9377	7287	5465	6407	3368	2631	2767	7542	3231	4120	6202	3250	4593
Rv0807	1090	899	863	1281	1221	1133	1215	1239	842	607	546	418	1003	650	577	967	647	780
Rv0808	22416	21521	22596	25660	27184	30172	27489	26584	23430	14990	16382	12157	23366	21039	16483	23803	17631	21892
Rv0809	11772	10856	10118	12776	10699	14104	14565	12530	10620	9380	9293	7209	13899	10644	10427	14599	9538	12654
Rv0810c	6543	6195	5819	6633	7756	7525	7624	7442	5519	4711	4979	3581	7329	6237	4784	7750	5202	6351
Rv0811c	4048	3817	4561	4536	4853	5685	4888	4459	4592	3090	3312	2644	5048	4006	3890	4957	3229	4963
Rv0812	1962	1983	1990	2672	1612	2872	2470	2099	1954	1698	1524	1355	2942	1732	2068	2648	1462	2014
Rv0813c	6635	8605	8811	8446	7407	13154	9439	9625	10653	5447	7168	5780	8501	7940	9343	9463	6517	11041
Rv0814c	7740	10346	9605	8224	11620	13352	10532	13143	11071	6844	10460	6788	8642	11807	10154	12096	10034	14112
Rv0815c	10703	14937	13348	11620	15017	20528	15009	17566	15148	10272	12480	9744	12670	17246	14371	16774	13705	18436
Rv0816c	1034	1176	1161	1106	1073	1652	1365	1366	1232	969	996	919	1239	1204	1323	1354	1069	1531
Rv0817c	728	721	788	758	717	1072	917	775	734	651	647	506	900	701	711	898	619	802
Rv0818	8883	7918	10897	10975	9440	13180	10371	9422	9487	6196	6504	5506	10309	7591	8115	9770	6283	8836
Rv0819	5839	5936	6289	6909	6000	8799	6606	5442	5941	4087	4417	3447	7069	4898	4893	6645	3762	5175
Rv0820	6508	5733	5576	7829	5845	8577	7756	6810	5884	4689	4709	3498	8220	5605	5660	8257	5037	6624
Rv0821c	9396	6757	6947	12148	7964	9843	9863	8222	7079	6728	5040	4456	13023	6611	6917	10056	5790	7925
Rv0822c	7780	6734	6818	12364	6734	9670	7872	6280	5697	5527	3883	4046	13223	6542	5856	7466	4492	6360
Rv0823c	34120	27221	23441	47831	25442	35094	26002	18977	15447	20667	15787	14772	48796	21134	23136	22890	12926	14065
Rv0824c	66048	62969	42607	87702	66444	68450	57284	49448	33059	43370	39259	32839	91057	54783	48901	50938	32122	38948
RVnc0002	0	0	0	0	0	0	0	0	0	0	0	0	0	0	0	0	0	0
Rv0825c	1024	1215	900	1119	1288	1393	1364	1438	971	1042	1194	951	1348	1406	1340	1608	1157	1540
Rv0826	751	1598	1186	731	2071	1732	878	1966	1360	967	1210	902	1040	1388	1065	1350	1100	1444
Rv0827c	603	1864	652	759	3460	893	343	2168	578	1002	1539	489	1150	2052	676	702	1356	943
Rv0828c	180	263	214	319	259	340	258	220	227	142	94	108	315	147	146	252	115	172
Rv0830	3961	4103	3900	5059	3382	6298	5197	4252	4136	3121	3008	2792	5529	3551	4191	5198	2832	4289
Rv0831c	15034	15046	12741	16654	15026	20387	18023	17043	13956	12161	12051	9123	16813	15160	13526	17879	12488	15168
Rvnt10	21	8	31	30	22	42	20	19	34	15	17	11	23	23	19	27	14	22
Rvnt11	200	310	279	238	262	362	311	273	237	215	260	254	296	285	339	251	237	398
Rvnt12	126	104	164	123	120	224	155	171	229	116	122	143	117	119	184	162	115	228
Rvnt13	339	324	536	311	346	631	431	524	535	309	364	408	303	432	535	508	407	700
Rv0832	1687	2180	2493	2279	2011	3505	1970	2077	2364	1159	1655	1158	2126	1873	1880	1794	1467	1999
Rv0833	4260	7442	8023	5540	7876	9968	4987	7090	8065	2671	5767	3352	5187	6127	5018	4331	4212	5969
Rv0834c	5593	10602	9401	6820	13009	11420	7587	11114	10435	2870	7023	3765	6808	7157	5468	7631	5770	7811
Rv0835	990	850	841	1131	935	1155	1337	1076	943	730	628	590	1223	785	807	1359	655	1036
Rv0836c	756	863	840	801	979	1144	1074	934	929	595	534	581	835	708	792	1002	632	1103
Rv0837c	672	693	674	612	773	856	831	988	743	475	477	432	581	559	582	808	583	793
Rv0838	3350	3336	3965	4033	3560	5503	4043	4273	4233	1431	1315	1219	2029	1696	1721	2092	1421	2049
Rv0839	7893	18771	8286	16662	8688	15183	9553	9832	7362	2110	2006	1503	13189	2033	2362	6642	1517	1942
Rv0840c	1913	3069	2114	4074	2491	3338	2304	2238	1568	849	829	739	3942	1043	1112	1616	769	985
Rv0841	1252	1229	1636	1473	834	2162	1211	986	979	931	762	1067	1806	820	1469	1478	638	1060
Rv0842	8446	5048	8150	8723	4688	9161	6961	4930	4941	6494	3992	5224	11862	4017	7228	7707	3668	5729
Rv0843	992	870	988	1079	982	1237	1271	1048	1082	838	660	675	1142	760	864	1198	772	1101
Rv0844c	4259	3617	4353	4684	4461	5299	5261	4596	4558	3586	3240	2641	5024	3835	3649	5167	3595	4984
Rv0845	1820	1713	1859	2044	1606	2602	2473	2181	2211	1772	1356	1385	2047	1701	1890	2514	1523	2428
Rv0846c	1467	1901	1600	1553	1870	2063	2327	2574	1846	1282	1096	979	1384	1467	1475	1946	1446	2120
Rv0847	1101	2254	1659	1075	2584	2049	1671	2396	1520	895	1069	877	853	1209	1163	1314	1175	1668
Rv0848	1357	2427	1545	1315	2363	2254	2016	2499	1720	1042	1051	842	908	1235	1262	1750	1271	1887
Rv0849	1243	1731	1157	1457	1587	1720	1914	1819	1399	1127	837	701	1135	936	1056	1754	1139	1614
Rv0851c	1180	1272	1385	1254	1476	1746	1646	1632	1357	906	877	776	1120	1113	1098	1390	967	1361
Rv0852	1211	1295	952	1328	1278	1457	1899	1804	1280	1077	1058	771	1343	1319	1227	1928	1242	1619
Rv0853c	3799	4380	3397	3492	5667	4780	5569	6401	4501	2971	3620	2545	3305	5207	3611	5326	4696	6063
Rv0854	636	642	424	645	964	595	947	888	515	494	474	380	636	791	497	972	705	930
Rv0855	2115	2034	1790	2290	2292	2086	3171	2796	2076	1616	1527	1300	2137	1966	1894	2950	1861	2695
Rv0856	3243	2284	2080	3736	2699	3112	4149	3307	2340	2295	1673	1431	3525	2146	2168	3821	2125	2629
Rv0857	2484	2093	2102	3058	2151	2684	3345	2451	2240	1945	1256	1445	3201	1721	1921	3036	1709	2575
Rv0858c	1971	1882	2087	2196	1953	2673	2571	2210	2133	1593	1616	1319	2318	1873	1842	2413	1676	2256
Rv0859	10851	11715	14020	11519	18115	17876	14909	15112	15909	8140	10443	8014	14076	14575	10665	17239	11532	17559
Rv0860	18726	21176	19989	22105	23709	27419	25520	21401	22542	11749	16304	11628	25743	19734	17203	28046	17022	25030
Rv0861c	5766	5368	5990	6798	5787	7949	6811	6318	5816	4907	4293	3773	7823	5208	5244	7459	4391	6053
Rv0862c	4445	3908	4320	5088	4228	5713	5105	4637	4312	3708	3300	2664	5269	3932	3726	5527	3525	4677
Rv0863	4951	5408	4668	4898	6585	6054	5531	5603	4584	3582	4090	2754	5327	5288	3837	4967	3938	5158
Rv0864	11344	13305	11457	12319	13642	16369	14400	13639	11808	8047	10180	6221	12771	11687	9589	12845	8793	11279
Rv0865	4343	4694	4264	5287	4623	5950	4897	4275	3919	2884	3185	2051	5332	3674	3293	4361	2791	3473
Rv0866	1388	1568	1678	1964	1481	2261	1842	1473	1502	1212	1170	952	2003	1310	1540	1462	1134	1628
Rv0867c	9320	14356	16076	12609	10124	21509	13509	14396	17207	12641	18035	14231	12001	22795	22044	13144	17413	25017
Rv0868c	1300	948	1100	1507	976	1523	1535	1036	1071	750	665	619	1605	744	941	1420	625	944
Rv0869c	7002	7250	8722	8564	8236	10661	8450	7550	7934	4337	4970	4249	8295	6484	6034	7580	5132	7003
Rv0870c	3733	4206	3886	4614	3855	5703	4732	4377	4260	2484	3058	2156	4772	3438	3393	4006	2677	3546
Rv0871	5481	6213	7195	6818	6136	9593	7814	7806	7758	4848	5835	4892	6987	7018	7192	8268	5918	8640
Rv0872c	11288	16836	11180	14027	19753	14706	14862	17976	11861	5825	10870	5242	15591	12266	8220	16432	10503	11684
Rv0873	13300	13266	12021	13821	17570	16036	17791	16804	13117	11018	12085	9276	15001	16375	12512	18699	13395	18460
Rv0874c	4165	4364	3764	5575	4098	5704	5642	5004	4433	3408	3214	2635	5946	3873	3918	6223	3395	5023
Rv0875c	2914	3079	2496	3760	2752	3633	3458	2944	2685	2040	2219	1228	3864	2112	2009	3736	1820	2379
Rv0876c	11552	10470	9777	12567	12804	12816	14020	12166	10340	8201	7405	5312	12307	9260	7369	13332	7801	10635
Rv0877	7546	8062	7525	8785	10424	9846	10487	10259	8115	5372	7118	4591	9302	8443	7002	10597	7197	9216
Rv0878c	4354	4039	2877	5385	3267	4714	5109	4162	3059	2622	2636	1690	5637	2889	2959	5269	2557	3058
Rv0879c	1615	1782	1493	1777	1694	2016	2108	2136	1653	1474	1655	1089	1992	1844	1581	2164	1445	1908
Rv0880	572	726	629	588	679	902	791	805	730	525	675	461	564	696	652	709	581	801
Rv0881	1145	1135	1209	1249	1013	1569	1566	1285	1258	1005	903	758	1121	1013	1183	1361	930	1326
Rv0882	1251	808	922	1220	1010	1137	1772	1213	1117	972	616	687	1121	859	859	1510	845	1434
Rv0883c	5768	4147	3930	5993	5474	4995	7568	5497	4413	4957	3176	2699	5511	4289	3570	6998	3960	5653
Rv0884c	6747	6906	7064	6987	9114	9012	8411	9418	7938	3456	4101	2963	4119	5255	3973	4951	4439	5852
Rv0885	4813	4248	2166	5601	4760	2793	6371	5226	2422	2692	2182	1886	4671	2888	2616	5999	2748	3773
Rv0886	4192	3384	1754	4873	3797	2417	5897	4730	2331	2193	1861	1717	4519	2332	2634	6278	2397	4007
Rv0887c	476	410	274	521	485	395	751	573	413	293	195	230	560	311	306	754	349	488
Rv0888	5293	4054	3367	6028	3827	4796	7117	5124	3480	6186	3746	3533	7818	4822	4930	8998	4355	5943
Rv0889c	8147	6855	8651	9038	10036	10254	9785	8941	8321	6717	6128	5342	8921	8545	7016	9011	7066	9810
Rv0890c	5777	6411	7972	6491	6819	10729	7327	7930	8139	4960	4868	4400	4923	6480	6260	5601	5348	7005
Rv0891c	1461	1229	1690	1721	1150	2322	1907	1730	1623	1438	781	885	1248	1136	1369	1297	1232	1425
Rv0892	3030	3121	4226	3018	3230	5785	3882	4329	4548	2977	2232	2476	1880	3215	3408	2482	2702	3919
Rv0893c	1200	939	1374	1457	910	1994	1337	1074	1259	1188	768	869	1150	845	1299	1017	770	1221
Rv0894	2075	1524	1971	2504	1664	2921	2259	1913	1859	1632	1078	1269	2303	1646	1687	2119	1437	1889
Rv0895	1006	994	1220	994	1020	1586	1187	1254	1291	910	924	846	984	1210	1102	1160	1027	1377
Rv0896	39794	27704	32754	37388	49844	39103	44568	42623	32131	30872	24068	22770	35338	40689	26843	40284	34525	40074
Rv0897c	5717	4580	5530	6127	5317	7654	6600	5241	5354	4477	3527	3296	6532	4158	4604	6637	3820	5137
Rv0898c	2774	2376	2539	2856	3126	3253	2839	2849	2542	2273	1954	1581	3269	2497	2200	2592	1918	2807
Rv0899	934	1015	1098	1039	1010	1471	1332	1238	1097	835	894	682	1091	1081	1010	1254	882	1378
Rv0900	238	216	279	301	224	398	371	276	273	242	199	216	353	253	304	345	212	351
Rv0901	1731	1683	1872	1821	1670	2648	2227	2051	2100	1385	1476	1125	1925	1683	1737	2221	1407	2239
Rv0902c	7235	6836	6694	8321	7093	8975	8610	6836	6884	6132	5136	4133	9405	5777	5848	9870	5245	7414
Rv0903c	6348	5295	5134	6849	7409	6794	7790	6660	5342	5153	4647	3417	7473	5737	4569	8095	4836	6772
Rv0904c	2895	3107	3863	3004	3542	4992	4046	4219	4207	2265	2530	2463	2800	3412	3083	3570	2973	4313
Rv0905	6998	5539	8832	6351	7925	10912	7359	8143	9876	5713	5887	4534	5559	7321	5832	5965	6536	8655
Rv0906	6980	6426	11663	6742	7520	15186	7328	7598	12284	5760	5636	4580	6284	6927	6438	7313	6608	8951
Rv0907	4922	4258	8195	6209	4770	11666	6404	5621	8293	4938	3758	3726	6225	5046	5354	6711	4789	7134
Rv0908	8498	6852	11274	10499	6748	16253	10855	8529	11212	8585	6090	5770	11525	7567	8630	11717	7198	10284
Rv0909	2216	1942	1874	2505	1927	2168	2680	2071	1743	1968	1569	1499	2788	2091	1959	2581	1649	2340
Rv0910	4335	3443	4110	4656	4274	5066	5390	4144	3980	3262	3106	2784	4703	4016	3774	4827	3152	4295
Rv0911	3256	2408	2286	3473	2457	3047	3326	2615	2258	2373	2026	1698	3554	2408	2482	3544	1905	2404
Rv0912	1913	1326	1344	2360	1449	1774	2616	1753	1417	1775	1037	1012	2695	1306	1420	2884	1329	1865
Rv0913c	5037	3720	2675	5723	3944	3829	6012	4172	2795	4433	3017	2444	6334	3530	3628	7041	3369	4570
Rv0914c	3688	3098	2898	4316	4039	3690	4814	4077	2798	3198	2644	2223	4530	3440	2877	4634	3107	4147
Rv0915c	898	801	767	863	987	1103	1083	1097	918	582	586	460	765	728	643	939	655	913
Rv0916c	376	328	311	328	409	413	458	409	382	260	251	222	362	327	275	357	247	395
Rv0917	3329	3210	3275	3926	3230	4778	4200	3850	3452	1865	1901	1632	2426	2175	2395	2799	1820	2806
Rv0918	719	613	795	765	703	981	826	801	749	474	360	397	629	471	528	660	396	661
Rv0919	4470	3546	3588	4875	3367	5068	4831	4142	3293	2996	2719	2133	5002	3260	3260	4612	2649	3117
Rvnt14	274	199	224	359	199	299	375	236	219	229	148	147	387	169	209	308	146	256
Rv0920c	2520	2342	2249	3092	2293	3373	3444	2854	2505	1992	1638	1478	2885	2418	2196	3183	2090	2708
Rv0921	1355	1833	1709	1821	1819	2073	1729	1849	1571	609	753	581	1692	818	977	1487	759	1191
Rv0922	19669	23639	21334	24612	25007	29640	22490	24456	21365	10420	11656	8164	22888	14536	12513	21624	10956	15339
Rv0923c	9385	10817	9367	12048	11292	13270	11950	12428	10248	6274	6531	4722	11009	8131	7427	11558	7185	9322
Rv0924c	3644	3333	3334	4314	3290	5127	5321	4587	4185	2491	1892	1531	2823	2419	2470	3963	2493	3411
Rv0925c	5421	5557	5378	5621	6005	7321	7416	6945	6244	3626	2471	2328	3474	3537	3284	5337	3569	4820
Rv0926c	6223	5567	7104	5564	8110	9683	8408	8344	8429	3120	2790	2289	2699	3672	2985	4168	3534	4991
Rv0927c	2914	2724	3717	3187	3645	4508	3640	3508	3719	1425	945	913	1336	1516	1260	1576	1345	1926
Rv0928	33059	32974	44288	43434	29758	64190	38332	35030	41910	3285	3070	2401	3166	4304	3227	4587	4069	5245
Rv0929	16992	14349	20463	20999	15256	28966	21167	18852	20747	2455	2498	1834	2916	2712	2615	3914	2587	3871
Rv0930	0	0	0	0	0	0	0	0	0	5843	4849	4231	10267	5968	6340	9304	5359	7269
Rv0931c	52530	56502	59276	64733	56380	81944	60919	59129	56714	38074	40898	30797	68946	51238	45111	64650	41507	52379
Rv0932c	42980	39924	47306	49354	44306	63051	48087	43241	42441	35163	30585	31007	58735	41345	43180	53815	32060	47834
Rv0933	3720	3561	3285	4268	3069	5249	4851	4008	3622	3817	3713	2805	4887	4403	4437	5162	3847	4618
Rv0934	8904	9224	9608	9451	12743	13490	13942	15747	12662	8121	8482	6810	9750	14739	9506	14672	13546	16963
Rv0935	11979	12763	12475	13996	13615	17458	16697	17199	15502	9033	11954	7496	14010	14575	11833	15914	13515	16358
Rv0936	6611	6373	6230	8342	5877	9133	8589	7769	7440	5163	5488	3533	8550	6144	5804	8889	5874	6912
Rv0937c	4722	2954	3521	5847	3539	4847	5237	3947	3423	3926	2366	2468	6287	3082	3452	5394	2798	3799
Rv0938	13202	11931	12710	17013	15031	17267	14307	13356	11725	9306	8070	7198	16908	10453	10524	13592	8348	11319
Rv0939	9895	10607	10362	12756	12791	13903	12446	13135	10247	7293	7377	5875	13864	9780	8103	12511	8247	9948
Rv0940c	2846	2629	2762	3548	2751	3769	3534	2774	2759	2392	1637	1674	3942	2319	2351	3915	1929	2759
Rv0941c	2219	1790	1601	2188	2449	2180	3259	2908	1853	1905	1593	1338	2463	2293	1782	3822	2103	2758
Rv0942	469	424	399	493	472	544	642	556	392	351	340	247	542	403	378	644	392	577
Rv0943c	309	239	285	314	234	312	381	321	261	234	229	173	327	260	242	345	278	307
Rv0944	239	197	232	248	183	270	330	223	193	272	159	175	296	196	240	283	208	268
Rv0945	2505	2615	2596	2807	2559	3520	3029	2864	2710	2263	2156	1681	2684	2717	2360	3133	2148	2943
Rv0946c	4566	4367	4585	4654	6636	5922	5889	6128	5073	3298	3812	2798	4426	5494	3862	5360	4621	5942
Rv0947c	857	859	924	1205	619	1598	1100	892	943	1003	587	741	1526	815	1158	1240	671	897
Rv0948c	2717	2639	2862	3342	2121	4390	3377	2868	3003	2945	2954	2325	3851	2996	3657	4110	2393	3396
Rv0949	8551	8000	9456	9240	9190	12467	10346	9456	9994	6048	5715	5058	8521	6787	7211	9611	5932	9110
Rv0950c	8889	7177	9242	8500	7990	12001	13081	8288	10543	7150	5854	6196	6872	8295	7934	9596	7038	11602
Rv0951	14429	15559	22267	13821	18892	28357	17158	17030	22588	13498	16709	13346	12575	21936	18172	15376	15942	22490
Rv0952	11413	12295	18384	11276	14816	24289	14218	14483	19071	10402	11892	10381	10282	17114	14127	12973	13133	19259
Rv0953c	257	214	286	271	251	392	342	275	319	239	184	233	336	248	277	308	210	349
Rv0954	19719	22502	20652	21213	25245	26708	25142	25685	21773	16414	21891	13579	21135	26561	20097	25372	20653	25618
Rv0955	9693	9962	10246	11645	9705	13132	11855	10746	10227	7267	8132	6448	11514	9624	9547	11413	8044	10695
Rv0956	1240	1317	1307	1461	1315	1802	1729	1480	1363	1180	1227	1002	1466	1569	1426	1619	1282	1680
Rv0957	6887	6616	7296	6844	8017	9383	8818	8159	7592	6064	6432	5193	6611	8361	6990	8732	6454	9359
Rv0958	4848	5168	5171	6080	5542	6886	6054	5704	5124	3413	4003	2878	5799	4721	4317	5841	4077	5287
Rv0959	5319	5223	5132	6922	5427	7384	6510	5603	5588	3600	3690	2915	7000	4262	4339	6758	3678	5362
Rv0959A	448	529	524	652	488	755	605	505	517	360	406	314	675	384	521	579	352	519
Rv0960	1757	1658	1594	2291	1540	2358	2211	1909	1623	1410	1316	1104	2397	1575	1697	2118	1297	1777
Rv0961	2196	2152	2301	2885	1935	3287	2704	2327	2389	1947	1780	1447	2581	2100	2096	2127	1800	2439
Rv0962c	1179	850	1301	1889	766	1929	1468	984	1137	911	702	606	1518	806	1023	1193	740	939
Rv0963c	288	282	334	647	215	479	426	302	278	363	180	208	590	254	279	382	210	308
Rv0964c	620	566	495	784	419	832	860	637	559	613	397	373	843	486	571	829	379	723
Rv0965c	1327	1099	1165	1498	1031	1576	1903	1410	1225	1024	1050	855	1434	1191	1328	1747	1032	1535
Rv0966c	2414	2571	2281	2706	2653	3067	3130	2731	2325	2077	2294	1801	2790	2633	2501	2992	2296	3208
Rv0967	1163	1597	861	1516	1616	1186	1514	1679	841	737	660	573	1357	1067	821	1240	855	1073
Rv0968	725	956	687	1012	1030	957	1052	988	637	549	543	442	948	713	629	867	597	809
Rv0969	6797	9819	6981	8875	10066	9146	8407	9082	7060	4327	5993	3869	8545	6977	5792	7998	5518	7074
Rv0970	2384	2563	2501	2777	2179	3292	3184	2610	2490	1862	1989	1761	3004	2164	2490	3040	1715	2658
Rv0971c	1190	1404	1429	1514	1364	1680	1616	1453	1411	815	1023	748	1554	1158	1142	1522	949	1333
Rv0972c	915	997	947	1038	1172	1261	1315	1203	1193	583	616	509	1150	941	742	1123	826	1230
Rv0973c	1570	1477	1533	1867	1616	2163	1991	1536	1687	860	982	757	1938	1307	1142	1684	1115	1530
Rv0974c	833	709	790	920	848	1264	984	840	791	511	512	421	1250	718	583	954	572	791
Rv0975c	761	793	1070	890	824	1610	834	681	1017	575	719	409	1260	718	658	955	533	756
Rv0976c	1144	1283	2816	1075	1557	3688	1237	1249	2800	1058	1188	837	1533	1334	1156	1625	1016	1631
Rv0977	2069	3034	2723	2263	3375	3533	2820	3245	3054	1574	2354	1575	2477	2624	2176	2987	2378	3175
Rv0978c	187	245	229	289	264	329	234	261	237	158	253	134	285	236	244	272	183	249
Rv0979c	45	50	44	49	49	64	68	53	55	44	32	45	67	52	66	73	40	68
Rv0979A	1132	1351	1282	1316	1301	1801	1512	1369	1298	1130	1457	997	1361	1461	1461	1379	1248	1533
Rv0980c	3744	4065	4527	4930	3612	5804	4703	3735	3908	3229	3870	2932	4946	4443	4456	4349	3180	4241
Rv0981	9677	7917	5203	14160	8755	7477	11020	9013	5622	4716	4370	3373	12663	5376	4943	9904	4710	5978
Rv0982	22405	18707	16284	29998	19348	23162	25882	20982	17256	11101	10566	8038	27080	13204	12424	23874	11267	14745
Rv0983	16853	24735	18445	22821	21853	27931	21871	23210	19813	10325	12504	9502	23369	15907	14594	22608	12828	16720
Rv0984	8518	10604	9779	10955	12008	12960	11418	11791	10317	5715	7302	5413	10398	8743	7884	11283	7416	9816
Rv0985c	4217	4931	4823	5295	4852	6808	6488	5588	5327	3308	3019	2947	5500	4095	4297	5993	3594	5444
Rv0986	700	868	707	804	710	1133	929	862	923	606	586	442	840	748	687	943	611	909
Rv0987	4415	4064	5761	5244	4215	9050	6596	5546	7454	4016	3176	3421	5308	4215	4862	6606	4319	7006
Rv0988	3498	3015	4214	4532	3038	6776	4931	3977	5167	3150	2458	2265	4731	3201	3521	5249	2957	4324
Rv0989c	1772	1908	2247	2166	1882	3531	2413	2212	2455	1745	1556	1465	2291	1797	2017	2425	1635	2310
Rv0990c	844	1635	1437	978	1681	1998	1861	2196	2614	800	815	955	1013	917	1421	1783	1163	2518
Rv0991c	1159	2647	1821	1223	2999	2684	3275	3835	4291	975	1452	1571	1202	1782	2188	3142	2549	5024
Rv0992c	1779	1595	1913	2095	2126	2217	2127	2055	1844	1199	1145	1022	1859	1417	1368	1613	1205	1720
Rv0993	4126	5103	3290	5387	4989	4593	5634	4861	2849	3612	4384	3018	6386	5163	4330	6184	3577	4805
Rv0994	9773	10230	7519	11656	11172	9626	12709	11408	7528	7484	9116	5504	13256	9787	8731	13813	7912	10073
Rv0995	2283	2311	1645	2933	2482	2367	3050	2613	1730	1759	1835	1330	3345	2160	2142	3717	1994	2556
Rv0996	9623	8612	8780	9656	12062	10774	11876	9864	8660	8016	6861	5626	11881	8747	7837	13206	7293	10783
Rvnt15	317	348	269	342	345	394	422	291	310	307	208	237	472	248	297	512	220	387
Rv0997a	7159	5390	4349	7827	5974	5895	9550	7376	5666	3296	3471	2015	6445	3876	3200	7740	3948	5253
Rv0997	4422	3702	2755	5168	3585	4153	6672	4660	3677	2110	2104	1585	4446	2677	2260	5520	2540	3678
Rv0998	4110	3530	4741	4544	4509	5505	5086	4694	4376	2586	2646	2402	4023	3594	2979	4278	3334	4351
Rv0999	3747	3773	3605	4486	3422	5114	4460	3693	3722	3153	3439	2289	4609	3626	3665	4506	2834	3762
Rv1000c	2286	2456	2975	2969	2714	4134	2654	2507	2817	1847	1485	1514	3235	1818	2147	2607	1354	2219
Rv1001	3564	2961	4164	3676	4366	4941	4328	3949	3832	3337	3238	3025	3991	4491	3732	4132	3632	5072
Rv1002c	4148	4501	5652	4152	5013	6968	5254	5295	5963	3567	4613	3653	3911	5696	4948	4914	4693	6376
Rv1003	607	664	731	705	640	939	802	727	781	485	611	439	746	694	696	810	563	830
Rv1004c	3468	4669	5356	4210	5209	6024	4322	4970	5091	2221	3796	2490	3588	4075	3543	3574	3156	4452
Rv1005c	3480	3821	4284	4344	4238	5584	4436	4295	4377	1553	1742	1521	2958	2033	2263	3080	1815	2832
Rv1006	21174	18333	18596	26087	16489	25185	25459	19261	17501	18244	16224	14002	29664	19579	20064	27065	15924	21228
Rv1007c	5126	4943	5712	5525	5413	7349	6300	5474	5831	3849	4304	3572	5284	5500	4846	5560	4128	5844
Rv1008	857	944	1210	929	1045	1653	1203	1180	1310	895	1130	1040	977	1368	1417	1177	1129	1699
Rv1009	11142	11951	14750	12617	12052	18809	16298	13112	16202	7882	11058	8527	11478	12493	12287	14449	10091	14888
Rv1010	8087	6766	9203	9640	6322	12200	11700	7706	10368	5287	5292	5133	8541	6418	7833	9738	5429	9151
Rv1011	2464	2518	3056	3066	2692	3997	3315	2694	3055	1978	2210	1864	2927	2750	2699	3131	2213	3132
Rv1012	301	268	398	313	275	490	439	401	352	307	246	248	314	314	354	452	329	432
Rv1013	22432	22070	24250	20044	30024	33181	22469	25877	18239	19479	28485	23088	23566	42168	32213	26236	24009	26872
Rv1014c	1189	1379	1647	1270	1270	2327	1602	1427	1649	1053	1603	1374	1358	1557	2122	1434	1122	1834
Rv1015c	2855	4184	3920	3454	3460	6026	3702	4033	4367	2986	4328	3347	4197	5169	4880	4389	3475	5214
Rv1016c	4493	3033	4463	4633	3084	5881	5888	4026	4714	3625	2302	3129	5079	2976	4224	5839	2818	5406
Rv1017c	8417	8007	7589	8419	8946	11090	10753	9370	8491	7277	6443	5569	8851	8717	7594	10948	7398	10283
Rv1018c	9077	9557	9480	10384	9973	13077	11451	10612	10071	7542	6774	5853	10143	8844	8153	11077	7155	10150
Rvnt16	28	37	31	49	42	51	47	24	22	18	19	24	42	27	30	28	22	28
Rv1019	3184	2993	3186	3560	3614	4318	3753	3478	3162	2237	2321	1876	3841	2785	2603	3723	2279	2981
Rv1020	9382	10200	13209	11419	10551	16317	11493	10578	12607	6858	7263	6098	11684	8469	8931	10797	7051	10282
Rv1021	2531	2065	2803	2793	2224	3903	3064	2496	2911	1944	1353	1584	2955	1801	2199	3053	1578	2496
Rv1022	3298	2550	3608	3679	2792	4897	4021	3374	3840	2555	1925	1853	3742	2309	2651	4031	2083	3221
Rv1023	6164	6640	6600	7275	7820	8951	9025	7805	7175	4984	4552	3782	6998	6658	5570	8188	5441	7910
Rv1024	3325	3903	3147	3935	3891	4580	5023	4923	3948	2756	2693	2068	3888	3553	3036	4580	3397	4495
Rv1025	2121	2007	2169	2779	1986	3155	2883	2250	2398	1696	1320	1093	2882	1697	1675	2769	1525	1982
Rv1026	3962	2980	3831	5257	2606	5461	4544	3267	3870	2973	2048	1890	5399	2352	3011	4614	2010	2938
Rv1027c	824	595	670	989	673	985	1113	837	743	749	465	459	1130	608	662	1363	568	823
Rv1028c	4549	3698	4790	4496	4993	5299	5035	4680	4521	3706	2862	2934	4861	3531	3459	4859	3445	5214
Rv1028A	108	119	122	134	100	149	168	144	151	155	119	100	146	137	135	191	129	207
Rv1029	1703	1454	1566	1930	1567	2076	2485	2154	1919	1808	1200	1236	1961	1727	1671	2584	1646	2592
Rv1030	2745	2299	2216	3266	2477	3118	3959	3075	2792	2898	2000	1708	3553	2594	2576	4443	2369	3483
Rv1031	1314	1135	1012	1445	1233	1344	1768	1363	1152	1315	1019	882	1755	1232	1200	2046	1212	1570
Rv1032c	2115	1742	1583	2444	1792	2323	2571	2161	1756	2061	1495	1418	2624	1844	1789	3039	1716	2296
Rv1033c	1165	730	982	1248	815	1258	1524	988	1053	923	603	567	1287	647	768	1493	671	1025
Rv1037c	4244	4602	5702	4570	5867	7392	6201	6043	6383	280	342	234	434	402	356	533	390	489
Rv1038c	6484	7327	7764	7169	9101	10702	10033	10160	9087	920	1099	649	1638	1571	911	2225	1387	1483
Rv1039c	719	1006	1090	834	967	1327	1118	1294	1198	593	714	607	772	851	814	901	726	1155
Rv1040c	236	300	229	231	275	325	327	391	263	155	199	127	245	215	195	317	161	281
Rv1041c	1965	1262	1831	1856	1510	2390	2652	2309	2156	1451	849	1185	1633	1315	1326	2481	1295	2256
Rv1042c	451	425	645	554	542	936	770	710	765	427	426	457	640	504	561	711	514	821
Rv1043c	3494	3709	3742	4263	3371	5636	5488	4404	4908	2221	2051	1796	4260	2445	2598	4661	2506	3533
Rv1044	530	495	704	763	615	1081	658	572	630	496	413	412	814	526	524	583	452	620
Rv1045	3909	2727	3939	5697	2338	5703	4391	2763	3172	3116	1776	2138	6062	2183	3217	4183	1926	2899
Rv1047	9706	7838	7655	12850	7838	10872	10762	7214	7025	2892	5426	2911	4912	7035	4794	4198	4854	5131
Rv1048c	899	919	876	1043	875	1054	1259	1147	936	661	515	574	993	692	770	1069	652	1063
Rv1049	283	442	367	344	451	435	498	494	433	222	291	238	443	359	361	510	285	540
Rv1050	467	478	512	450	618	666	756	675	671	318	268	262	443	397	333	676	403	640
Rv1051c	307	297	332	291	290	481	461	402	476	236	146	187	286	224	232	431	228	419
Rv1052	2024	1464	2108	2495	1821	2747	2317	1927	2038	1393	900	973	2226	1037	1355	1988	966	1504
Rvnt17	505	436	429	599	450	608	634	520	485	427	325	293	552	430	448	585	388	513
Rv1056	2047	1618	1905	2216	1992	2712	2561	2481	1935	1643	1212	1190	2056	1797	1547	2382	1683	2204
Rv1057	7422	4144	7038	9236	4335	11483	6006	5209	9050	4257	3081	2581	7555	4006	4561	5798	3859	4567
Rv1058	3276	3060	3049	2939	4242	4119	4480	4491	3376	3426	3445	2353	3403	4156	3098	4918	3971	5181
Rv1059	2976	2639	2334	3061	2819	3206	4132	3776	2891	3406	2523	2085	3825	2784	2922	5127	2872	4277
Rv1060	2561	2729	2876	2766	2564	3895	3613	3400	3172	2474	2750	2066	2814	2937	3020	3545	2521	3628
Rv1061	1714	1577	1479	2057	1687	1979	2196	1900	1604	1418	1226	1144	2033	1547	1595	1954	1246	1770
Rv1062	2241	2514	1958	2572	2411	2759	2702	2494	2130	1688	2106	1409	2496	2230	2131	2641	1679	2460
Rv1063c	4403	4359	4862	4611	6306	5588	5056	5252	4611	3257	3887	2870	4835	4895	3810	5072	3904	5169
Rv1064c	308	410	295	331	439	513	421	469	377	293	394	270	393	424	350	473	369	442
Rv1065	6846	7768	7976	8392	8039	10431	7528	8303	6880	5514	7406	4802	7758	8061	7103	7157	6716	7922
Rv1066	901	1361	1472	1469	1365	1844	1125	1360	1184	647	1050	647	1388	1126	1126	1145	841	1149
Rv1067c	573	956	882	897	779	1182	636	814	812	357	633	354	879	615	623	634	501	623
Rv1068c	471	628	665	754	448	1083	565	568	654	289	389	286	848	404	533	641	357	491
Rv1069c	9672	9300	11160	10444	10110	15277	12805	11674	13380	7640	7366	6578	9560	8740	9672	12896	8557	13044
Rv1070c	4468	3976	5170	3560	5915	6151	6499	5947	6049	3799	3662	3317	3702	5172	4234	5773	4643	7092
Rv1071c	2408	2594	2714	2314	3344	3351	3456	3278	2991	2136	2164	1950	2366	2940	2429	3006	2523	3597
Rv1072	66159	105954	84974	75496	120877	120887	104142	126634	103806	41649	63962	50812	76993	77524	75599	101507	69282	94082
Rv1073	11829	23399	16398	14025	20590	25396	20059	23994	22394	7340	10502	11375	14802	12034	17698	19514	11511	18614
Rv1074c	14183	13853	13866	14142	17575	19127	16396	16323	14042	9257	9815	7808	15521	13264	10332	17232	10825	13938
Rv1075c	1279	967	1220	1270	1345	1475	1554	1406	1276	1195	759	828	1355	968	993	1763	966	1618
Rv1076	3805	2538	2726	4094	3671	3617	5031	3662	3035	3649	1980	2291	5410	2648	3285	6566	2645	4468
Rv1077	11312	11331	12163	13058	14097	15685	14456	13369	12077	9983	10459	7683	15045	13354	11040	17743	10559	15036
Rv1078	16464	22150	20312	15846	25573	27098	23613	29842	25056	13209	21777	13265	15085	27234	18953	23972	23497	29868
Rv1079	16313	15813	18915	17675	16309	25998	23847	23839	23954	13302	13113	12534	17917	16914	19141	25041	16611	26394
Rv1080c	20403	21394	17270	24820	17974	27592	24470	20235	16120	18464	15858	14376	28999	19909	21296	27032	14498	20041
Rv1081c	1027	1020	1062	1098	916	1370	1298	1087	1023	905	669	729	1164	869	935	1239	767	1099
Rv1082	3491	2866	3246	4314	3699	3902	4057	3450	2785	2509	2500	1968	3897	2981	2804	3573	2403	3212
Rv1083	937	834	666	864	864	1067	1192	931	734	613	631	395	838	686	569	1045	623	725
Rv1084	4698	5036	5358	6361	5387	6803	5565	5020	5370	2851	3418	2348	5713	3770	3418	5014	3107	3989
Rv1085c	2284	2972	2692	2995	2508	3604	2915	2879	2625	1670	2169	1448	2397	2577	2225	2481	1871	2546
Rv1086	4882	4644	5723	5689	5363	7590	5562	5547	5958	3546	3678	3485	5481	4374	4761	5292	3569	5671
Rv1087	2250	3542	3270	3018	3831	4181	3081	3723	3750	1259	2635	1413	3162	2669	2113	3069	2338	2846
Rv1088	86	75	107	104	110	148	149	120	94	73	62	72	111	74	77	142	69	111
Rv1088a	130	160	133	139	148	195	169	158	148	100	99	103	128	174	140	178	132	151
Rv1091	2261	4117	4092	3091	4476	5245	3136	3875	4225	1258	2834	1396	3162	3000	2322	3056	2377	3144
Rv1092c	4389	3208	3627	4949	4033	4995	4552	4069	3717	3463	2632	2264	4750	3617	3045	4274	3218	3899
RVnc0034	185	142	178	242	171	228	215	156	163	144	102	111	226	119	135	169	122	158
Rv1093	12682	14373	14943	14297	16325	19579	15273	14484	15024	10799	12940	9498	14496	14918	13863	13754	10538	15271
Rv1094	87088	93005	73564	111913	95191	113826	88997	77154	59835	81073	79594	65413	127788	104418	96158	87725	63582	80943
Rv1095	41568	41180	37772	55290	41830	52794	49242	39065	34963	30765	29735	21331	60084	36082	33294	48966	27859	33910
Rv1096	6481	6161	7165	7992	5504	10162	9048	6922	7622	6230	4831	5035	8523	6038	7398	9445	5514	9083
Rv1097c	8942	7757	8809	9511	8137	12393	11534	9447	9768	7878	6638	5810	9568	8549	8631	12213	7776	11125
Rv1098c	11377	10770	11089	12051	11531	14841	14154	12274	11768	9543	9161	7208	12439	12449	9971	14845	10338	13641
Rv1099c	4447	4741	4470	4983	4930	5751	6038	5038	4412	4053	4220	3080	5259	5421	4162	5778	4316	5667
Rv1100	3427	3566	3666	4087	4170	4898	4034	4523	3993	2554	2689	2061	3950	3391	2931	4187	2978	3984
Rv1101c	5762	6455	4625	6807	6052	7135	6953	6485	5038	4948	4034	3118	7311	5227	4561	7191	4390	5314
Rv1102c	4710	4683	3452	5329	4875	5507	6018	5193	3762	4694	3107	3024	6197	3958	4303	6015	3439	4758
Rv1103c	3341	3787	2643	3263	4248	3747	4121	4243	2813	3317	3116	2133	3888	3419	2793	3925	2797	3473
Rv1106c	2984	2576	2793	4196	2599	3948	3825	2766	2756	2906	2037	2268	5300	2818	3256	4276	2224	3639
Rv1107c	1568	1435	1476	2191	1297	1976	1763	1164	1184	1365	1300	942	2799	1405	1506	1955	1197	1364
Rv1108c	10178	9754	9380	12617	9919	13974	12008	10203	9561	9444	8556	7060	14912	10903	11016	13971	8133	11236
Rv1109c	9642	8858	8910	11808	12056	11607	10971	10522	8818	9268	9135	7476	14230	12555	10752	12502	9026	12667
Rv1110	15810	17537	13276	18568	19555	18839	19979	20328	14464	12397	15243	9829	19920	17929	14553	20440	14569	17578
Rv1111c	6119	6749	6269	6818	6594	8491	7789	7407	6718	5839	6419	4396	7611	7429	6699	8250	6258	8059
Rv1112	498	506	607	586	550	760	649	570	573	503	486	369	632	563	619	638	480	654
Rv1113	641	479	607	606	620	812	952	763	696	514	495	366	653	552	586	885	584	864
Rv1114	772	604	701	802	693	933	1250	906	924	733	475	536	885	664	676	1169	719	1095
Rv1115	756	653	525	964	404	956	1053	685	639	709	448	408	1023	469	617	1146	454	739
Rv1116	796	629	551	826	485	818	1004	795	667	583	478	396	881	634	678	1038	581	696
Rv1117	3495	3100	2924	3900	2786	3820	3856	3767	2975	2701	2143	2069	4169	2803	3123	3862	2304	3100
Rv1118c	2793	2780	2811	3613	2604	3600	3786	3127	2760	2145	2039	1703	3599	2372	2705	3298	2073	2936
Rv1119c	235	232	277	271	331	334	354	333	357	200	263	161	268	264	241	279	237	330
Rv1120c	307	256	283	320	237	421	426	313	333	265	169	209	352	194	282	358	191	330
Rv1121	14369	12906	15579	16168	14488	21771	16310	15458	15727	9656	9849	7739	14420	11210	10611	14980	9487	12287
Rv1122	7511	8393	7683	8964	9165	10888	8519	10308	7646	5411	7319	3964	8404	8081	6065	8813	6497	7290
Rv1123c	4085	4150	4095	4657	4538	5663	5059	4568	4211	3518	3823	2677	4837	4620	3814	4842	3584	4481
Rv1124	1450	1519	1771	1574	2022	2063	1944	1967	1850	1289	1534	1040	1489	2001	1393	1819	1605	2139
Rv1125	2950	2575	2382	3557	2547	3391	3624	2729	2545	2338	2157	1506	3416	2283	2302	3845	2167	2852
Rv1126c	3510	3071	2981	3524	3224	4039	3886	2963	2962	2829	2453	1711	3504	2418	2505	3841	2165	2904
Rv1127c	6942	5831	7430	7329	7754	9209	8449	7093	7256	5744	4767	4216	7008	6155	5599	7560	5196	7606
Rv1128c	1757	2046	4650	2398	2132	6650	1828	2495	3343	1067	643	757	2415	772	1101	1618	754	1376
Rv1129c	1760	3007	13815	2693	3242	18373	1758	3796	8716	1769	950	1364	3982	1143	2035	2498	1133	3436
Rv1130	4550	8403	22881	6498	8796	30604	5338	13152	19920	4231	2445	3378	10843	2953	4791	9618	4351	12584
Rv1131	5357	6775	24007	7359	7012	31815	5903	10824	22570	4829	2151	3839	12330	2595	5515	10965	3719	13475
Rv1132	14917	20988	25548	18653	20614	37756	16844	18951	24153	10630	16189	11819	20468	20778	17883	16843	13525	19421
Rv1133c	90639	156283	161429	102003	183935	220100	101425	132142	153477	53560	126580	75899	95992	162156	109701	94125	101576	129009
Rv1134	187	144	148	163	127	223	212	171	170	119	97	104	216	145	163	215	108	160
Rv1135c	1316	1329	1420	1363	1512	1871	1665	1565	1403	956	1051	915	1305	1199	1303	1494	1071	1643
Rv1138a	454	506	414	551	437	583	597	530	416	372	351	250	560	425	378	542	289	409
Rv1138c	1471	1507	1592	1753	1676	2198	2066	1915	1673	1044	926	755	1450	1324	996	1677	1128	1333
Rv1139c	2029	2087	2475	1954	2330	3445	2563	2919	2712	1179	1631	1100	1356	1701	1528	1782	1550	1884
Rv1140	6344	6661	8816	6047	8292	11091	7534	8467	8918	5018	6144	5098	4843	7777	6533	6155	6150	8683
Rv1141c	2631	2180	2699	2795	2167	4173	3258	2563	2821	2093	1655	1718	2749	1977	2471	2891	1684	2649
Rv1142c	5167	4259	4826	7116	6107	6000	5518	5095	4545	4154	3032	3219	8150	4496	4117	5963	3524	5341
Rv1143	2253	2206	2693	2802	2441	3740	3014	2638	2724	1965	1943	1688	2988	2488	2464	3148	1913	2717
Rv1144	6767	9224	6734	10982	7041	10845	13004	11028	11095	4981	5285	4638	10606	6882	7395	12505	7602	12852
Rv1145	659	643	699	729	670	937	822	817	788	477	453	377	668	551	586	696	424	661
Rv1146	1885	1764	1927	1986	2023	2591	2550	2429	2233	1478	1220	1298	1964	1548	1739	2402	1607	2647
Rv1147	1724	1990	1853	2135	1885	2795	2272	2152	2038	1145	1271	1014	2273	1374	1532	2154	1139	1728
Rv1148c	6217	6477	6185	6445	8086	8576	7969	8158	6968	2443	2808	2045	5420	3438	2933	6615	2956	4362
Rv1149	2661	1934	3159	2460	2920	3520	4079	3609	3513	2003	1591	1808	2153	2153	2062	3303	2381	3805
Rv1150	1293	902	1176	1204	1085	1414	1845	1378	1267	978	614	727	1173	820	907	1549	900	1508
Rv1151c	1127	1108	1046	1272	1145	1384	1363	1295	1166	797	890	668	1393	942	1017	1311	895	1247
Rv1152	2049	1941	1781	1990	2601	2230	2486	2684	2068	1579	1726	1228	2459	1801	1857	2820	1774	2461
Rv1153c	1709	1344	1510	1696	1889	2044	2363	1969	1668	1505	1161	1145	2147	1421	1608	2761	1429	2256
Rv1154c	795	721	739	960	968	931	951	931	788	666	561	598	1144	831	733	1030	720	1026
Rv1155	4067	3212	3817	4617	4345	4818	4513	4025	3893	3039	2479	2449	4945	3288	3383	4382	3120	3989
Rv1155a	1696	1576	1542	1548	2319	1960	2094	2371	1786	1154	1261	973	1699	1708	1440	1878	1448	2091
Rv1156	18105	17904	18403	18781	22633	26129	20928	21488	18915	15055	17579	12591	20645	21185	17708	21949	15803	21579
Rv1157c	10001	11698	9710	12009	11816	13875	13192	12065	10403	9176	9024	6939	14005	11256	9947	15595	8800	13335
RVnc0012	0	0	0	0	0	0	0	0	0	0	0	0	0	0	0	0	0	0
Rv1158c	5694	7494	4343	7294	7172	6533	8413	8883	5556	4937	4704	3127	8780	6600	5040	10836	5574	8030
Rv1159	5219	5122	5042	5799	5849	7124	6613	7018	5749	3768	3981	3262	5720	5043	4644	6721	4355	5973
Rv1159A	2438	2218	2305	2411	3997	2699	2655	3214	2421	1718	1541	1594	2366	2490	1947	2309	2111	2956
Rv1160	467	546	603	580	529	815	682	624	612	454	502	470	705	569	648	650	510	735
Rv1161	45999	49707	48057	60968	52205	67742	54997	52946	45454	33747	35914	28509	71777	46865	42785	65494	36940	47552
Rv1162	23272	21458	24194	27287	23817	30326	24969	23802	22010	16512	15623	13893	30735	19471	19724	27902	16662	22715
Rv1163	3246	3156	3339	4076	3389	4573	3804	3484	3299	2233	2241	1764	4598	2886	2672	4524	2494	3074
Rv1164	4925	4384	4734	6060	4649	6402	5951	5160	4923	3870	3331	3146	6818	4258	4352	6798	3719	4976
Rv1165	7579	6979	7591	10322	6808	10915	8849	7516	7717	5912	4830	4150	11247	6337	6396	9653	5362	7112
Rv1166	7802	7166	8237	9431	7720	11025	9710	8906	8756	6702	5815	5065	9910	7706	7346	10153	6962	9549
Rv1167c	2226	2748	2456	2566	2724	3325	2831	3136	2744	1895	2012	1662	2939	2463	2701	2995	2132	3210
Rv1168c	2611	4102	3504	2776	4533	4422	3345	4696	3624	1802	2120	2437	2824	2792	3617	3073	2526	4060
Rv1169c	371	820	393	466	725	576	571	770	446	241	390	434	523	488	691	541	375	598
Rv1170	1792	1884	2147	2034	1854	3009	2426	2402	2238	1671	1721	1554	2187	2278	2095	2501	1855	2527
Rv1171	2743	2522	2102	3472	2328	3128	3898	2987	2338	2302	1997	1810	4213	2389	2932	4399	2310	3143
Rv1172c	7106	9165	7679	8217	8088	11377	9780	9190	8027	5967	8188	5692	8736	10015	8222	10544	7569	9426
Rv1173	38930	39631	38786	47711	40081	51382	47072	40622	36852	30411	32490	26745	49993	39783	38665	45424	31576	41983
Rv1174c	20398	29292	22066	27906	27086	33154	28546	32201	24398	15156	21311	15915	29018	27956	24035	28414	22165	27418
Rv1175c	8962	8675	9624	10202	9065	13379	10779	11078	9972	6784	6347	6607	9505	8370	9226	10063	7402	12056
Rv1176c	522	779	634	635	560	896	703	783	597	487	513	463	657	627	729	705	450	793
Rv1177	16710	17307	16042	21502	20383	21449	16779	16589	12945	10807	13665	10360	20438	17213	15208	13606	11864	14367
Rv1178	32650	37919	33431	43215	35531	47319	31352	28654	27496	19542	28273	16684	39338	29117	27677	26899	18971	21719
Rv1179c	20176	23537	20368	28765	23039	27907	21598	21073	17383	13353	16790	11171	28797	20525	16976	21135	14039	16119
Rv1180	10048	10376	8598	12294	11092	12078	15975	15441	10489	6305	7079	5418	11697	9537	7750	15234	9883	11271
Rv1181	54791	50866	45670	65066	57226	64722	82370	76384	57349	34006	36469	27195	63171	44828	40955	87023	49142	59574
Rv1182	24568	24980	16260	27142	27225	25144	39211	40222	22058	16230	16841	12012	30270	24205	17053	43648	26433	27354
Rv1183	25083	19278	16889	34503	18299	27589	37276	28313	21049	16060	11505	9832	39525	16447	14938	43042	18034	19662
Rv1184c	20997	16096	11301	28029	13415	18232	27028	19575	12551	16858	10959	9941	36418	14784	15549	32471	14782	16896
Rv1185c	28474	29448	26897	34603	28902	39958	36301	33864	28320	21939	19846	19130	35729	28396	27642	34574	23006	29869
Rv1186c	2763	2793	3199	2859	3337	4221	4738	4005	4223	1894	1747	1812	2899	2236	2524	4544	2467	4083
Rv1187	1630	1907	1719	1752	2756	2228	2057	2836	1630	1137	1355	1201	2245	1932	1577	1971	1540	1887
Rv1188	812	1247	696	996	1154	1064	1024	1128	759	599	863	470	862	906	750	1064	683	821
Rv1189	513	484	544	643	509	724	682	611	518	447	377	345	624	470	483	626	417	478
Rv1190	441	428	496	488	544	731	645	609	547	363	389	347	492	464	395	525	431	680
Rv1191	1784	1776	2004	2020	1898	2599	2223	2101	2195	1481	1579	1330	1862	2010	1845	2042	1657	2388
Rv1192	19777	21264	23894	19407	24118	33232	24151	29588	29865	12899	19613	12382	15895	21432	19039	20023	21003	26117
Rv1193	7463	8906	11595	10262	9095	15354	9355	9081	12117	5255	6939	5682	8902	8215	8432	7964	6983	10076
Rv1194c	11300	13520	15862	12963	12103	21234	14648	14785	17645	8503	11744	9585	11736	12532	13358	11918	10872	16072
Rv1195	20216	37214	14821	32394	21046	25151	27841	27112	17228	9878	22519	9304	25753	24286	16341	19821	16890	15987
Rv1196	63551	92810	48419	102852	64201	73724	80285	70706	48793	23477	57872	20199	62328	66350	36101	41648	45159	37467
Rv1197	24948	24531	16570	30965	27471	24130	32170	25284	17303	8958	12727	7555	16488	25294	10582	15655	18117	15791
Rv1198	17449	16375	11819	20386	19013	17181	21713	15727	12193	5817	9900	5750	9412	18047	8281	7989	12118	11109
Rv1199c	12309	9949	9381	16094	9718	13440	13171	8520	8600	3592	6609	3570	6058	8592	5874	4973	5918	6118
Rv1200	12090	11878	10205	15234	9608	15626	13977	11448	10253	8919	9133	6768	14707	9696	10817	13242	7960	10916
Rv1201c	13055	18506	17067	13124	21304	21551	17554	21989	18276	13546	20790	12978	12801	25442	17983	15936	20014	23792
Rv1202	2620	3671	3566	3155	3654	4745	3691	3818	3737	2213	2739	2018	3289	3458	2890	3602	2821	3587
Rv1203c	841	904	1050	892	894	1467	1232	1078	1184	665	645	633	977	794	929	1090	720	1182
Rv1204c	2834	2760	3079	2925	3196	3987	3774	3413	3407	2560	2548	2197	3110	3031	2829	3505	2687	3698
Rv1205	1434	1322	1412	1743	1595	1840	1863	1594	1371	1117	831	725	1340	1110	1079	1427	1060	1341
Rv1206	5557	5726	5464	6240	6627	7208	7445	7312	5914	4242	4210	3147	5238	5718	4869	7286	5023	6888
Rv1207	2906	3178	3307	3227	3551	4496	3955	3579	3441	2566	3070	2187	3525	3821	3414	4210	3086	4299
Rv1208	4334	4601	4776	4736	4618	6318	5425	4855	5041	3884	4889	3200	5529	4995	4916	6040	3891	5568
Rv1209	3034	3243	3526	3702	3844	4477	3706	4024	3529	2168	2656	1750	3555	2925	2657	3629	2603	3079
Rv1210	3894	3954	4291	4568	4427	6169	4786	4702	4600	2520	2841	2205	4459	3586	3346	4792	2887	4055
Rv1211	7360	7083	7264	7639	9113	9501	8814	8483	6943	5467	6431	4457	8584	7899	6659	8636	6553	8558
Rv1212c	11292	12568	11283	12221	12521	17170	14623	13899	13012	8848	10639	7936	12707	12247	10856	14416	9265	13509
Rv1213	3718	3491	3002	4271	4555	4160	4747	4454	3165	2604	2297	1915	3895	3093	2548	4499	2790	3631
Rv1214c	1382	1621	1381	1657	1432	1988	1835	1715	1628	1029	1205	874	1592	1293	1259	1708	1122	1548
Rv1215c	9773	9119	9997	11098	10384	12917	12754	12134	10306	8028	8037	6565	11726	9695	9005	12646	9053	12232
Rv1216c	2719	1735	1890	3138	1816	2549	3456	2099	1957	2253	1318	1216	4454	1637	1799	4485	1521	2131
Rv1217c	4538	3408	3053	5670	3845	3974	6180	4152	3565	3623	2611	1751	8661	3314	2607	8890	2751	3696
Rv1218c	1557	1023	801	2105	1119	1099	2170	1048	905	1633	691	622	3411	1053	872	3150	868	1218
Rv1219c	1951	1343	1368	2176	1319	1993	2321	1547	1417	1689	1225	825	2968	1411	1243	2595	1064	1393
Rv1220c	3473	2942	3343	4101	3690	3997	4372	3439	3390	3209	2549	2050	4991	3056	2910	4758	2728	4055
Rv1221	17219	20709	18528	19882	21387	26753	21527	27200	25971	9899	10990	10580	15750	14168	15116	19096	15059	25743
Rv1222	9757	10603	9454	12040	11168	13486	12224	12660	11330	8246	8318	5921	14793	9145	9822	14698	8222	11428
Rv1223	18394	20449	18947	23024	21409	25436	22465	19616	19063	14717	14238	11619	26145	17803	17376	24368	14253	18992
Rv1224	4435	4802	4716	5735	4372	6823	5510	4563	4838	3273	2978	2688	6937	3411	4222	5995	2918	4240
Rv1225c	4012	4568	4403	5624	4068	6175	4916	4050	4325	3057	2656	2317	6642	3182	3713	5340	2597	3573
Rv1226c	2968	3918	3581	3297	4410	4472	3538	3707	3461	2142	3884	1816	3530	4148	2711	3481	3058	3452
Rv1227c	1458	1670	1749	1617	2076	2130	1522	1819	1611	1042	1728	899	1676	1984	1272	1480	1460	1772
Rv1228	4411	3741	4110	5296	3518	5522	5558	4416	4098	3760	3002	2754	5590	3417	4029	5712	3090	4572
Rv1228a	984	821	952	1213	743	1388	1315	824	992	775	701	657	1353	689	970	1183	732	1035
Rv1229c	14943	14416	17048	16808	16508	21401	17792	16503	16988	11796	13602	10134	15744	16026	14329	16542	13297	17529
Rv1230c	5614	5251	3905	6210	5533	5523	7973	6493	3872	3939	3630	3190	6743	4743	4375	8627	4191	5617
Rv1231c	3524	2963	2670	3398	3407	3623	3843	3358	2772	2803	2889	1900	3588	3171	2736	4135	2815	3565
Rv1232c	7670	7366	8120	8374	8590	10337	9031	8119	7868	6111	6969	5156	8376	8480	7316	8500	6485	8737
Rv1233c	7915	7710	8590	8562	8092	11301	8531	8326	7779	6351	6879	5132	8698	8151	7216	8853	6821	8657
Rv1234	3480	3641	3854	3425	4461	4899	4047	4847	4153	2604	3393	2314	3402	4207	3388	3852	3168	4404
Rv1235	5291	5040	5119	5175	6182	7121	6599	6388	5366	3605	3872	2990	4853	5138	4387	6149	4227	5719
Rv1236	3183	3038	2848	3536	3060	3928	3731	3224	2837	2424	2374	1992	3385	2684	2824	3976	2359	3381
Rv1237	2839	2474	2651	3261	2523	3867	3411	2989	2799	2353	1982	1923	3494	2390	2758	3740	2183	3098
Rv1238	5032	4530	5128	5724	4730	7149	6509	6093	5571	4323	3580	3531	6155	4532	5146	6861	4149	6109
Rv1239c	1761	1593	2080	1609	2217	2746	2427	2311	2451	1571	1511	1467	1692	2222	1774	2340	1933	2902
Rv1240	8556	8662	10395	7782	11905	11881	11097	10597	10745	8118	10225	7378	7591	12934	9158	9650	9684	13751
Rv1241	1370	1273	1494	1237	1366	1815	2022	1448	1599	1210	1212	1174	1310	1377	1559	1583	1237	1982
Rv1242	2622	1956	2265	2428	1590	3377	3308	2221	2496	2338	1796	1685	2492	1862	2544	3071	1702	2832
Rv1243c	840	861	660	1264	688	873	951	767	714	545	594	356	1237	558	591	984	604	690
Rv1244	3997	4263	3827	4234	4153	5347	5044	4685	4037	3350	4024	2591	4050	4329	3604	4711	3638	4435
Rv1245c	3264	2676	2787	4092	2960	3774	3802	3055	2555	2388	2061	1649	4049	2519	2380	3742	2114	2847
Rv1246c	691	602	671	880	566	997	927	690	706	557	387	444	973	512	605	984	448	671
Rv1247c	1018	1059	1021	1323	981	1624	1537	1232	1303	854	710	748	1358	898	987	1649	776	1309
Rv1248c	34548	35990	31771	37897	41180	45138	46287	42898	36527	27520	26667	21504	40146	36218	30463	51444	29811	41651
Rv1249c	4536	4090	4338	4641	4565	5718	5494	5190	4544	3756	4001	3033	5194	4489	4389	5580	3599	5052
Rv1250	4280	3971	4264	4703	4316	5905	5397	4951	4513	2746	2716	2145	4042	3106	3065	4646	2690	3923
Rv1251c	8627	6778	6184	9794	7214	8994	11646	8200	7681	7323	4788	4417	10147	5858	6329	11474	5312	8928
Rv1252c	2146	1981	1656	2165	2257	2210	3013	2563	1993	2349	1662	1253	2184	2143	1730	3160	2053	2820
Rv1253	6146	5634	6619	6125	6769	8339	7200	6862	6717	5132	4286	4463	6079	5545	5390	6531	5094	7796
Rv1254	4449	4318	4439	4961	4162	6142	5881	5248	5221	3676	2902	3060	5392	3721	4274	6143	3576	5516
Rv1255c	2192	2305	2382	2871	2049	3301	3019	2755	2762	1830	1518	1554	3242	1771	2336	3174	1657	2690
Rv1256c	2828	3156	2668	3866	2944	3886	3272	3002	2621	2086	1763	1734	4218	2086	2645	3372	1751	2867
Rv1257c	8167	8069	8779	9381	8545	11804	9945	9161	9066	6192	6358	5313	8889	7460	7628	9305	6114	8944
Rv1258c	1243	1400	1595	1400	1435	2137	1388	1645	1781	772	1046	924	1094	1201	1320	1241	999	1888
Rv1259	603	760	844	636	1034	1056	715	939	886	588	977	516	539	1066	723	731	903	1144
Rv1260	4301	3997	4662	4594	3893	6325	5393	4271	4748	3837	3444	3068	4261	4146	4420	4742	3755	5197
Rv1261c	2990	2644	2730	3401	3179	3655	3624	3181	2832	2852	2360	2264	3535	3058	3056	3417	2389	3945
Rv1262c	1181	1024	915	1450	1141	1374	1297	1138	1012	1226	891	751	1458	1177	1077	1259	921	1189
Rv1263	1025	949	1296	1022	1236	1586	1249	1321	1308	1134	1096	863	972	1346	1134	1153	1145	1683
Rv1264	10517	9595	11294	12447	9739	14580	12700	11130	10812	9123	9195	7422	13882	10372	10798	13150	8890	12279
RVnc0013	556	466	464	635	517	614	769	660	518	440	375	348	818	411	542	777	475	689
Rv1265	3248	3694	3524	4631	3264	5056	4056	4132	3643	2529	2768	2204	5374	3089	3408	4401	2536	3747
Rv1266c	3916	3680	3473	4120	4416	4750	5312	5028	3920	2834	2879	2322	3875	3816	3197	4763	3449	4709
Rv1267c	919	820	744	899	1038	1008	1300	1212	995	891	681	592	950	980	761	1374	902	1228
Rv1268c	778	730	569	834	613	954	1042	1017	775	702	578	525	863	736	732	1251	703	1040
Rv1269c	1162	1132	830	1060	1815	1215	2104	2252	1225	1175	1158	900	1224	1950	1163	2542	1986	2443
Rv1270c	2262	2379	1926	2257	3408	2516	3627	3396	2244	2140	2106	1877	2559	3491	2431	3765	3052	3978
Rv1271c	1487	1597	1283	1766	1453	1849	1769	1542	1324	1237	1280	947	1944	1593	1386	1844	1225	1625
Rv1272c	5171	4960	5370	6898	4704	7485	6157	5878	5340	4556	4155	3576	7604	5217	5414	7275	4445	6235
Rv1273c	2497	2202	2699	3027	2384	3410	3003	2641	2615	2492	2062	1981	3563	2627	2784	3218	2132	3263
Rv1274	7490	9085	9678	7525	9744	13463	9439	11861	11413	5605	9388	5969	7117	9817	9345	9207	7867	11055
Rv1275	5584	6495	6008	5413	7077	8278	7368	7850	7180	4218	6400	4292	5304	6742	6195	7012	5598	8327
Rv1276c	1420	1722	1649	1628	1628	2239	1903	1799	1754	1062	1425	1096	1674	1590	1569	1637	1241	1938
Rv1277	6260	7905	6905	7036	9310	8960	8059	7867	6853	3325	2882	2403	7382	4019	3366	8059	3262	4981
Rv1278	11717	12232	11767	13866	13521	15072	15718	12917	12694	7671	6133	5207	15080	6932	7789	16442	7025	11587
Rv1279	9880	7659	8066	11890	8081	11665	12909	10357	9521	7714	4617	4682	13809	5558	7061	15104	5826	9597
Rv1280c	10755	8640	8381	12553	8698	11953	13213	10838	9357	9264	6157	5604	13432	7804	8314	14151	7668	9791
Rv1281c	7399	5849	6206	8234	6319	8243	9584	7791	7012	6358	4793	4029	7692	5901	6063	9328	5756	8070
Rv1282c	2544	2079	2125	2654	2170	2850	3555	2908	2561	2149	1599	1458	2587	2211	2063	3400	2248	3015
Rv1283c	2918	2773	2888	3469	2903	3763	4026	3568	3117	2555	2454	1737	3248	3154	2566	3793	2858	3477
Rv1284	618	676	308	492	1098	461	948	1030	381	693	549	396	789	1001	549	1375	939	1055
Rv1285	717	2559	1238	809	2507	1766	1151	1592	1124	855	934	1388	1250	1122	1994	1883	894	1778
Rv1286	2665	5345	3942	3011	5599	5412	4432	4991	4136	3395	2509	3750	4513	3210	5281	6687	3443	6006
Rv1287	2086	2263	2271	1984	2509	3174	2780	2835	2787	2259	1807	1731	2248	2075	2556	3277	2125	3245
Rv1288	1528	1505	1509	1579	1843	2189	2062	1712	1679	1487	1099	1109	1967	1469	1461	2328	1450	2026
Rv1289	2954	2562	3072	3101	3362	3981	3475	2917	3043	2519	2261	2113	3360	3117	2745	3368	2497	3640
Rv1290c	3113	2763	3544	3621	3183	5079	3637	3420	3586	2488	2132	1883	3404	2801	2783	3306	2237	3099
Rv1290A	1072	572	898	1176	612	1295	1083	815	936	710	341	504	1000	486	674	923	552	788
Rv1291c	177	152	253	157	185	389	195	229	299	150	142	233	173	182	241	172	153	304
Rvnt18	89	55	121	113	70	126	128	69	121	81	59	60	90	63	85	122	82	117
Rv1292	6769	5540	8602	6996	6777	11693	7430	6595	8283	6623	4738	5513	6310	6734	7141	6404	5397	7911
Rv1293	10106	9059	13666	11744	9686	18405	11302	10136	13254	9339	7706	8055	11460	9766	11066	11054	8224	12102
Rv1294	12712	13019	17681	14997	14068	25284	15271	15042	17820	11012	11770	9588	14937	14623	14727	15611	11419	16188
Rv1295	10325	12764	15336	14272	12917	21450	12677	12965	14803	8916	10731	7554	14468	14099	11095	13560	10596	13466
Rv1296	7597	8421	11153	10554	8262	15892	9371	9325	11534	6069	7179	5148	10443	8721	8242	9976	7184	8856
Rv1297	56695	74125	52461	82199	54874	81935	69473	57988	44791	50433	53021	44051	100276	79111	71908	86263	53015	61052
Rv1298	12245	12294	10935	17279	11594	16396	13835	11464	9248	10843	9366	7945	20181	14271	12549	14993	9708	11488
Rv1299	10330	11924	10642	14555	10507	16448	12127	10398	9975	8592	9270	6895	16197	11893	10949	13022	8098	10155
Rv1300	10116	11473	11010	12534	12020	15494	12755	12382	11364	7864	8652	6446	12057	11316	9284	11630	9197	11474
Rv1301	11114	12441	12565	13782	12016	17837	12807	13549	12541	7585	9174	5938	12657	10927	9333	12400	8917	10020
Rv1302	6790	6852	6053	9234	5890	9282	9321	7585	6793	5149	6139	4108	8786	7007	6507	9451	6296	7672
Rv1303	17135	15944	17388	18787	16074	25374	21509	18495	19301	10052	15399	11300	16969	17747	16088	20693	15248	19252
Rv1304	18706	16010	15460	18969	16926	24266	21748	17571	17048	11045	14304	11127	18585	19311	15398	21950	14566	18230
Rv1305	13987	15080	14045	13630	17380	19785	18460	17237	15820	8085	13460	8957	13346	17578	12822	18027	13448	18205
Rv1306	30898	32996	34300	32203	39127	47522	41759	36792	37272	19033	28588	21321	32354	38731	29958	39130	29699	39115
Rv1307	63481	61861	64671	69307	66932	94309	76737	64136	68703	38795	52214	37501	69654	65826	55642	78489	51895	63864
Rv1308	49440	50149	51973	58993	54769	75942	62508	54917	55638	33086	42193	32298	60215	58472	47254	67690	45068	58549
Rv1309	26485	23809	24434	30051	25940	37248	31757	26756	25636	18060	20037	16291	32623	28166	23142	34414	22251	27892
Rv1310	57093	58987	55616	68687	67496	80705	68399	66928	57089	38914	52681	34088	72303	74253	50625	74857	58318	64003
Rv1311	7565	6980	7399	8546	8133	10306	9243	7885	7466	5033	6949	4125	9230	8073	6747	9324	7019	7836
Rv1312	5416	5504	5619	6795	5497	8569	6502	5757	5818	3524	5216	3285	7447	5997	5440	6650	4605	5790
Rv1313c	6975	6602	7370	9100	6315	10684	8147	7333	6907	5361	5563	4517	10318	6918	7521	9009	5648	7173
Rv1314c	1368	1155	1137	1506	1346	1611	1645	1344	1195	1401	1212	949	1698	1387	1290	1721	1124	1687
Rv1315	6434	7639	7708	7079	6915	10583	8402	7579	8400	5958	6476	5232	7532	7723	7547	8803	6440	8804
RVnc0021	1909	3020	1682	2368	2607	2665	3217	2755	1544	1735	2285	1427	2756	2523	2179	2598	2688	3516
Rvnr01	53624	67766	40745	60593	75735	67726	72509	71681	40591	46890	60598	25644	71632	53079	38465	77815	65562	57442
Rvnr02	9731475	11629012	8677732	10327043	13780667	11967343	11929745	14781745	7948237	6949526	9060772	5666928	12065364	11479389	7539574	13982243	10354082	12314200
Rvnr03	13343	22757	13719	16821	20694	21779	16646	18409	14147	10506	16708	10961	18506	20488	16994	15627	15527	20481
Rv1316c	3812	5666	3983	5955	3746	6945	4884	4766	4105	2823	4716	3065	5943	5348	5703	5544	3857	5351
Rv1317c	10657	14278	12032	15357	13646	17124	12258	13390	11367	5964	8748	5419	14832	11225	8981	11895	7469	8913
Rv1318c	2639	3388	2836	3931	2868	4090	3256	3212	2559	2092	2487	1876	3555	3560	2958	2890	2180	2831
Rv1319c	2734	2618	2329	3157	2466	3437	3620	2921	2441	2526	2154	1897	3330	3016	2666	3693	2222	3177
Rv1320c	5195	5018	4490	7612	4298	6813	7036	5495	4428	4863	4051	3676	9278	5233	5267	7794	4351	6102
Rv1321	5677	4890	5594	6379	4284	8116	6669	5437	5302	4593	3703	3931	7053	4585	5678	6861	3901	5586
Rv1322	8115	6365	9176	9606	6967	13058	10054	7884	8511	5470	4116	5679	10193	6158	8198	9902	5279	8809
Rv1322A	39598	33128	36441	43127	40916	46813	39382	34067	31624	29484	24896	24176	45405	33287	31862	39403	26664	36926
Rv1323	21904	23661	22718	24566	26037	30929	25960	25256	21600	17178	19617	15141	27978	25767	21537	28573	19614	24600
Rv1324	24942	23731	26895	29644	25096	38191	27661	25302	25633	19505	20254	16159	30197	24256	23907	28071	18795	24719
Rv1325c	1457	1969	1899	2158	1938	2544	1894	1887	2005	948	1448	880	2240	1587	1373	1733	1331	1600
Rv1326c	7052	6704	8184	8370	7627	10992	8309	8052	7889	5691	5248	4890	8792	6749	6785	8676	5798	8055
Rv1327c	12247	12205	14331	13265	14220	19562	13441	14278	14028	9239	11349	8010	13531	13188	11670	14380	10867	13936
Rv1328	16902	19193	22109	19198	22633	29106	22655	23159	25064	13569	17891	12087	16528	21064	17759	19991	17556	24265
Rv1329c	3973	3985	4158	4863	4001	5723	4762	4149	4209	2850	2841	2225	4459	3292	3386	4455	2845	3799
Rv1330c	2093	2017	2225	2294	2443	2909	2718	2559	2306	1454	1461	1249	1985	1904	1764	2155	1564	2332
Rv1331	4870	4468	4603	5521	6229	5501	5400	5195	4637	3520	3687	3114	5748	4457	3941	4783	3580	5147
Rv1332	10678	9376	11487	12201	11261	14460	13517	12135	11977	7972	8212	6737	12351	9142	9406	13387	7747	11586
Rv1333	8221	7893	8733	10228	7523	11799	9191	7984	8555	6105	6590	4575	10683	6138	7157	9673	5139	7308
Rv1334	3214	2774	2967	3993	2876	4338	4115	3172	3156	3131	2145	2075	4653	2560	2899	4288	2409	3340
Rv1335	2773	2481	2606	3134	2904	3700	3457	3212	2965	2336	1841	1687	3350	2353	2416	3464	2044	2926
Rv1336	6147	5862	6572	7563	6308	9200	7732	7019	6956	4691	3994	3825	8614	5126	5380	8060	4382	6277
Rv1337	6054	6824	6416	7889	6054	9205	7981	6929	6603	4491	5211	3608	8627	5524	5902	7974	4630	6330
Rv1338	4005	4255	4118	5342	3857	5936	4953	4207	4159	3207	3125	2376	6312	3767	3679	5329	2950	3692
Rv1339	7171	5713	8958	8262	6486	12383	8251	7329	9785	5777	4532	4433	8236	5877	6492	7749	5268	7374
Rv1340	7387	7736	10948	8467	8145	15072	8527	8307	11635	6212	6671	5508	9158	8338	8100	8718	6422	9237
Rv1341	2944	2766	4091	3628	2686	5239	3770	2994	4277	2527	2380	2145	3849	2629	3033	3557	2350	3486
Rv1342c	1342	1310	1634	1359	1649	1951	1671	1637	1648	1026	1057	929	1438	1345	1246	1443	1176	1726
Rv1343c	535	732	527	555	681	900	703	880	673	401	560	352	581	693	547	600	564	739
Rv1344	253	276	305	285	313	388	315	281	326	230	276	222	316	326	329	277	223	462
Rv1345	5287	5883	6457	5946	6181	8274	6271	6473	6956	4136	5610	4127	5950	6536	5604	6012	5064	7809
Rv1346	3383	3147	4129	4116	3494	5455	4414	4093	5215	2994	2736	2625	3978	3461	3779	4152	3017	5629
Rv1347c	750	706	737	916	543	1038	1046	778	887	635	516	599	981	611	880	1023	562	1099
Rvnt19	80	67	58	103	69	134	98	73	82	62	48	74	82	62	86	104	61	104
Rv1348	2898	2782	3242	3386	2803	4633	3614	3328	3344	2483	2495	2537	3277	2902	3818	3519	2363	4268
Rv1349	1868	1932	2310	2333	1830	3119	2092	1884	2094	1669	1537	1638	2220	1873	2531	2081	1364	2666
Rv1350	693	554	729	867	701	1024	790	717	802	673	464	514	860	598	749	778	538	853
Rv1351	955	1093	1054	920	1432	1378	1290	1438	1225	1009	1032	832	1044	1306	1085	1377	1152	1696
Rv1352	2922	3209	2880	3234	3701	4216	4016	5302	3595	3214	3534	2201	3463	4517	3414	5339	4170	5118
Rv1353c	918	812	832	1156	722	1252	1259	1212	986	1049	615	730	1181	988	1031	1544	952	1265
Rv1354c	1789	1423	1864	2088	1421	2619	2480	1942	1906	2032	1430	1517	2189	1627	2040	2402	1499	2470
Rv1355c	1393	1192	1519	1641	1132	1998	1631	1470	1534	1236	757	1086	1796	1055	1230	1543	1001	1474
Rv1356c	665	650	754	845	630	1106	813	669	721	686	543	511	1149	646	649	1037	496	833
Rv1357c	1059	1068	1264	1268	958	1878	1309	1220	1413	1024	825	878	1714	969	1200	1667	845	1403
Rv1358	823	612	760	958	563	1093	981	841	727	797	555	561	975	655	768	980	620	936
Rv1359	1907	1362	1619	2475	1573	2139	2408	1897	1659	1660	959	1001	2097	1421	1511	2001	1280	1929
Rv1360	12721	10250	9170	23147	7865	13973	15008	9907	8120	7945	3944	4619	12685	5736	6580	9491	4933	6230
Rv1361c	78135	82070	54028	115139	43700	89773	92401	77454	55969	15660	21428	12234	33221	21990	21257	31246	18841	22633
Rv1362c	2453	1990	1747	2698	2161	2354	3184	2374	1851	1804	1210	1186	2277	1547	1637	2742	1375	2273
Rv1363c	2080	1884	1660	2410	1964	2331	3055	2618	1845	1659	1162	1036	2019	1718	1469	2682	1482	2090
RVnc0015	955	775	693	1090	776	927	1212	926	655	721	505	472	1043	634	681	1039	581	708
Rv1364c	5705	4831	4899	6610	5004	6744	7245	5768	5053	3911	3102	2787	5882	3885	3915	6412	3269	4641
Rv1365c	1598	1546	1058	1691	1607	1424	2125	1975	1218	1132	1257	927	1900	1483	1360	2301	1439	1872
Rv1366	855	795	970	869	922	1290	1220	1127	1026	698	649	578	767	920	757	1010	841	1144
Rv1366A	581	551	543	655	526	777	781	672	601	462	420	370	541	557	508	641	547	651
Rv1367c	3663	3679	3949	4054	3681	5498	4664	4673	4642	2994	3244	2375	3576	3704	3630	4397	3241	4467
Rv1368	5707	6485	3605	6317	7548	4950	8168	8829	3592	4635	5296	3417	7275	7432	4857	10268	5972	6759
Rv1371	62	51	61	86	57	96	63	84	73	57	49	59	95	51	60	84	48	86
Rv1372	484	349	576	579	453	647	610	512	538	381	294	368	578	356	403	491	366	607
Rv1373	1548	1233	1749	1573	1392	2341	1828	1760	1716	1374	1028	1159	1549	1291	1497	1723	1055	1865
Rv1374c	1246	1317	1337	1417	1295	1894	1722	1688	1558	1326	1076	1256	1705	1784	1673	1924	1543	2178
RVnc0035	0	0	0	0	0	0	0	0	0	0	0	0	0	0	0	0	0	0
Rv1375	6178	7868	5183	8545	8468	7474	7859	7010	5644	5502	7158	4284	10815	8744	6592	8760	5690	6932
Rv1376	3498	3090	3144	4404	3030	4842	4248	3806	3445	2782	2517	1936	4958	3244	2975	4689	2711	3341
Rv1377c	2066	2482	2219	2549	2632	2944	2775	2724	2251	1697	1594	1321	2711	2041	1733	2703	1756	2201
Rv1378c	4312	6633	6214	5718	7422	8064	5411	6797	5916	2949	3420	2506	6274	3890	4006	5661	3048	4471
Rv1379	2815	3032	3984	2871	3125	4910	3373	3605	4093	2665	3734	2959	2613	4181	4033	3050	3050	4651
Rv1380	1316	1410	1530	1697	1669	2054	1530	1487	1735	1320	1313	1039	1538	1874	1488	1546	1314	1748
Rv1381	5007	4428	5490	5868	5238	7102	5751	5758	6733	4993	4751	3539	5023	5861	5300	6049	4338	6873
Rv1382	1812	1485	1746	2174	1661	2248	1974	1892	2094	1857	1505	1230	1843	1696	1657	2107	1483	2105
Rv1383	4429	3347	3675	5530	4006	5138	5062	4382	4579	4280	3068	2486	5029	4186	3680	5326	3518	4593
Rv1384	16952	13713	13771	23798	14250	19830	19185	15822	17188	15496	13548	9027	21776	16414	14224	21300	13285	16882
Rv1385	4673	4448	4143	6270	3893	6067	5011	4629	4962	3573	4646	2705	5551	4826	4335	5410	3791	4803
Rv1386	505	619	295	696	611	500	598	596	407	3328	6539	2478	6409	6706	4487	5435	4803	4103
Rv1387	2788	4529	1949	3712	4577	2766	3149	3214	2039	26088	36637	20195	43580	53905	29466	35592	38081	32559
Rv1388	14885	15989	16843	14076	21108	22627	20112	20006	18428	12417	15317	9717	15427	18200	15225	20777	15456	20748
Rv1389	24857	25747	31055	25533	29886	40323	31067	31284	33138	17170	19674	14284	22790	22532	22631	29132	19225	30681
Rv1390	12299	13221	12110	15013	13795	18148	14548	14786	12062	10988	10543	8241	17615	15181	11378	17204	11353	13408
Rv1391	19110	20046	20547	23452	19558	28787	21576	18629	18839	15965	16241	12198	27328	18933	18828	23906	14118	18689
Rv1392	26253	27699	21996	42075	26444	33936	30503	24542	20935	15786	17071	12020	36832	21418	18377	27121	14590	18098
Rv1393c	3096	3185	2059	3389	3204	2932	3972	3637	2325	2602	2190	1796	4067	2756	2567	5110	2625	3318
Rv1394c	1822	1521	1226	2051	2129	1599	2504	2373	1480	1465	1213	1036	2655	1798	1381	2940	1734	2151
Rv1395	1221	1104	1062	1435	1433	1214	1678	1563	1163	898	630	653	1485	830	872	1398	789	1298
Rv1396c	9001	10306	7643	12477	6927	10193	8907	6448	5002	6631	6040	4450	17051	6725	6659	10452	4329	5287
Rv1397c	18329	11680	14346	20824	11412	17515	18368	11203	10299	15358	7443	11643	29657	9826	14467	22734	9014	14854
Rv1398c	59875	45170	49187	54531	42036	54169	51456	40547	32771	46906	36178	36068	77685	36153	45810	61746	31771	46157
Rv1399c	2017	1991	2057	2193	2066	2611	2508	2253	1999	1765	1614	1394	2107	2035	1881	2410	1734	2517
Rv1400c	3346	3539	3524	3366	4279	4095	4009	4005	3313	3134	3631	2291	3463	4284	3219	3797	3425	4161
Rv1401	2778	3045	2539	3601	3149	3375	3655	3526	2567	2159	2581	1544	3312	2753	2345	3576	2398	2775
Rv1402	4212	4386	4168	6191	4128	5208	5380	4597	3849	2702	2764	1929	5698	3212	3201	5095	2754	3575
Rv1403c	2067	1889	1499	3205	2540	1983	1986	1816	1401	1614	1519	985	3787	1863	1358	2067	1092	1426
Rv1404	11427	12627	8216	14672	12141	12844	11603	11272	8297	9549	8959	6354	17595	11742	9239	14167	7991	9413
Rv1405c	7730	5272	4596	20914	15829	6210	5693	5135	4353	5656	4285	2740	20757	6509	4182	5908	3184	3672
Rv1406	2560	3292	3708	2937	3595	4894	2973	3530	3817	1288	1747	1358	2969	2089	1836	2817	1575	2335
Rv1407	3075	4189	5214	3965	4486	6584	3867	4258	5127	1761	2357	1793	4159	2656	2718	3682	2235	3376
Rv1408	4454	3718	3870	5609	4298	4884	4893	4200	3464	3474	2948	2408	5347	3757	3289	4663	3091	3818
Rv1409	11106	9805	10945	13208	10623	14753	13093	10950	10949	8281	8148	6642	13224	9739	9600	13022	8106	10723
Rv1410c	34499	40787	41917	38667	44980	56865	41795	41936	41295	25018	33606	23998	38014	40443	34120	41032	31165	42095
Rv1411c	13424	16516	14842	14240	19413	20344	15418	18846	15701	9493	13510	8765	13736	17917	12484	14429	13779	16498
Rv1412	1292	1213	1385	1231	1626	1704	1655	1696	1435	850	1095	804	1124	1410	1077	1383	1251	1545
Rv1413	1380	1383	1314	1506	1431	1679	1905	1865	1559	1137	1064	894	1341	1498	1232	1755	1276	1733
Rv1414	287	291	297	340	276	433	348	350	271	218	258	170	391	260	254	336	230	369
Rv1415	10755	8975	10589	11971	11581	13990	12539	10729	10019	9488	8072	6474	12934	10297	8792	12644	8829	10732
Rv1416	6711	6538	6983	7242	6449	9511	6865	6548	6498	4852	5408	3495	7512	5799	5434	7266	5040	5845
Rv1417	2565	2359	2979	3817	2045	4026	2876	2245	2444	1830	1790	1178	3661	1985	2071	2844	1825	1957
Rv1418	4632	3960	4376	5716	3764	6158	5730	4503	4441	4182	3353	2649	5661	3848	3789	5442	3553	4522
Rv1419	14318	11026	15127	14315	14936	21604	16223	18220	17666	5457	5860	4156	7392	6788	6119	8890	6635	7805
Rv1420	11319	11438	13493	13122	11156	19568	13393	12244	13826	7648	8774	6563	11024	9708	9719	11222	7989	11439
Rv1421	4434	4229	4832	5512	4450	6288	5332	4833	4697	3782	3755	3148	5429	4419	4381	5815	3746	5207
Rv1422	6699	6753	7570	8118	7578	9710	7924	7334	7378	5372	6361	4337	8708	7334	6653	8671	6007	7619
Rv1423	5502	5342	5926	6755	5797	7399	6919	6150	5999	4650	4715	3260	7058	5845	4948	7577	5218	6211
Rv1424c	2396	1958	2060	2422	2582	2720	3185	2679	2137	1963	1859	1515	2351	2402	1905	2950	2193	2881
Rv1425	5683	4576	4115	6592	5908	5631	7817	7256	4668	4968	3973	3432	7712	5575	4538	8490	5399	6775
Rv1426c	5281	3813	3188	6330	4026	4455	6483	4932	3587	4928	3057	2319	7359	3851	3641	7775	3681	4348
Rv1427c	5232	3630	3441	5700	4040	4546	6451	4525	3721	4807	2992	2648	6371	4075	3587	7579	3736	4886
Rv1428c	3016	2814	2427	3234	3018	3329	4359	3484	2800	3054	2685	2071	3527	3404	2736	4597	3175	3814
Rv1429	1118	1027	997	1120	1171	1300	1454	1420	963	1051	1049	850	1266	1222	1201	1543	1168	1573
Rv1430	2802	2576	3399	3164	2440	4608	3621	3442	3313	2434	2225	2119	2962	2699	3060	3266	2327	3965
Rv1431	2530	2389	2355	2600	2990	3264	3424	3488	2765	2011	1996	1656	2432	2785	2405	3415	2356	3528
Rv1432	1327	1400	1356	1721	1428	1807	1806	1836	1473	1130	1009	833	1865	1170	1338	1915	1155	1730
Rv1433	5315	4340	4208	6402	4638	5611	6951	5625	4672	5017	3330	2956	7799	3972	4349	7695	3595	5639
Rv1434	964	930	840	1198	955	1071	1070	861	788	890	777	621	1529	776	933	1310	669	951
Rv1435c	12605	12387	11785	15625	11980	14792	15126	12699	11268	11434	11574	8053	18810	10853	12560	17729	8089	14205
Rv1436	22069	25905	19001	22634	30274	26553	25761	28547	19708	19977	26716	15664	25265	36047	21604	28905	26550	29509
Rv1437	14603	15164	15413	17094	15603	21314	17026	14772	14967	11418	13460	9080	18011	17823	13793	18971	13281	16510
Rv1438	9870	9951	11460	12586	9567	16181	11546	10201	11354	8385	8712	6704	13879	11170	10181	14082	9024	11943
Rv1439c	585	538	538	711	527	768	743	643	491	567	478	427	852	621	653	818	509	700
Rv1440	1611	1628	1449	1791	1754	2019	2191	2020	1745	1459	1806	1131	2018	1752	1659	2245	1620	2251
Rv1441c	1840	2432	1776	2509	2460	2372	2763	2612	1936	1296	1971	1065	2572	2173	1563	2630	1786	2266
Rv1442	10137	10381	10126	12410	11583	14187	13303	12773	11273	8163	8245	6914	13440	10665	10136	14370	9081	12616
Rv1443c	2039	2031	1994	2417	2338	2756	2874	2348	2130	1734	1490	1481	2452	1887	1855	2603	1714	2309
Rv1444c	1989	1705	1802	2281	2054	2480	2750	2248	1903	1774	1437	1275	2490	1785	1761	2895	1500	2151
Rv1445c	4257	3403	4607	5413	3711	6469	4767	4140	4600	2854	2560	2255	5528	3137	3455	5015	2659	3849
Rv1446c	4388	3750	4790	5671	4010	6498	5133	3856	4676	3041	2608	2597	6006	3564	3814	5324	2757	4036
Rv1447c	12831	13623	12110	15493	13355	17779	14746	13699	12093	8895	10267	7364	15810	13406	11222	15888	10662	12634
Rv1448c	16486	22660	15439	18711	26093	22605	20392	26412	17377	12516	18881	11058	18093	25754	16357	21698	21248	22568
Rv1449c	27123	30562	30113	29160	35614	40449	33295	33425	30023	19559	24575	17906	27269	31823	25348	31176	24828	31522
Rv1450c	1383	2002	1999	1693	2044	2536	1591	1928	1880	802	1324	821	1696	1567	1237	1540	1263	1603
Rv1451	13616	11573	16507	16143	14954	20045	16815	15109	15565	10889	10903	10505	16474	13671	13770	16777	11604	16782
Rv1452c	1390	1469	1551	2012	1225	2150	1520	1262	1438	914	980	734	2121	968	1240	1522	852	1137
Rv1453	2630	2906	2475	3027	2739	3357	3482	3110	2703	2146	2456	1645	3389	2786	2617	3799	2508	3261
Rv1454c	4513	4731	4158	4713	5797	5616	6000	6231	4747	3856	4217	3280	5436	5392	4411	6751	4834	6442
Rv1455	652	654	808	711	708	1162	894	851	1037	463	590	548	690	777	735	826	654	986
Rv1456c	3286	3562	4279	3535	3898	5589	4099	3987	4900	2166	3617	2389	3133	4263	3646	3785	3459	4889
Rv1457c	2875	2855	3804	3435	2929	5280	3509	3266	4159	2402	2451	2186	3589	3136	3085	3804	2755	3847
Rv1458c	3320	3024	4240	3323	3143	5459	4022	3837	4362	2681	3016	2345	3493	3393	3359	4110	3298	4329
Rv1459c	4170	3916	4973	4904	4081	6599	5182	5067	5477	3549	3657	3113	5675	4474	4301	5729	4206	6080
Rv1460	6122	5052	3419	6629	4640	4977	6581	7594	4201	3942	4016	2466	7565	4169	3944	7313	4238	5043
Rv1461	29389	31100	27194	37172	30583	41457	37645	46941	35076	24856	23751	16885	45492	36936	24469	48352	35475	42468
Rv1462	14385	14486	18597	18745	15371	25438	19403	22962	22896	11056	13178	8612	21216	18176	13116	23475	18452	21706
Rv1463	6959	6711	7571	8133	6508	11323	9108	10511	9751	5606	5948	3973	9339	8265	5943	11206	8553	10457
Rv1464	11735	10006	14508	15663	10782	19998	15414	17048	17413	9772	9262	6887	17308	13022	10531	19271	14168	17230
Rv1465	3840	3319	4692	5383	3130	6883	5110	5224	5711	3328	3251	2485	6168	4090	3783	6364	4470	6025
Rv1466	3174	2501	3773	3575	2788	5067	4145	4515	4321	2621	2645	2055	4232	3482	2879	5014	3654	4741
Rv1467c	7177	5559	6153	6688	7330	8526	11496	8856	8005	4789	4172	4029	5171	6116	5529	8559	6300	9826
Rv1468c	3363	4346	5662	3635	5652	7215	4789	6141	7477	2085	2955	1905	2837	3621	2796	3564	3452	4644
Rv1469	5047	4411	3721	5286	5142	4832	7196	6361	4545	5160	3546	3046	6081	4595	4161	7789	4730	6539
Rv1470	688	642	422	685	809	677	1065	882	574	694	523	467	820	708	564	1019	656	867
Rv1471	1174	3344	1680	1071	3556	2687	2219	4242	2601	902	1332	1600	1069	1923	2430	1970	1951	3293
Rv1472	5093	8279	6922	5345	8294	9844	7279	10030	8366	3883	5820	4900	4674	6599	7313	6403	5958	8735
Rv1473	6943	7934	8873	7667	8367	12198	8725	8525	9273	5466	6512	5681	6795	7806	8272	7709	6231	9526
Rv1473A	608	545	635	747	553	946	743	627	634	439	391	432	770	461	609	738	453	612
Rv1474c	2554	2701	2861	2932	2725	4079	3242	2862	3211	2186	2019	1852	3301	2301	2752	3378	2052	3200
Rv1475c	20350	21594	21555	23753	25454	30616	24091	24353	22404	17319	15875	13443	26230	22984	19076	27352	18440	24372
Rv1476	3557	3159	3359	3043	4019	4628	4007	4058	3656	2850	2695	2104	3055	3761	3022	3800	3021	3656
Rv1477	18886	18676	13808	24266	17084	20402	22215	18309	13791	21852	15346	12465	32914	17550	19169	31038	14157	20072
Rv1478	6525	5560	4807	8202	5893	6462	7702	6396	4970	6197	4175	3757	10639	5508	5922	10463	4790	7295
Rv1479	27262	27641	26842	31805	30934	38267	33348	33980	28781	21074	21813	16619	34577	29791	24681	37588	23507	29428
Rv1480	16548	18142	18243	21840	17189	23965	18836	15215	17196	11980	14123	10105	23435	14769	15441	19488	10689	15597
Rv1481	11909	10997	11813	16271	9912	16799	13085	10335	11215	8897	7510	6534	17752	9390	10041	13666	7647	10090
Rv1482c	477	462	563	772	370	851	649	475	476	329	242	315	846	344	449	622	302	498
Rv1483	5352	6171	7480	5796	5785	11166	6600	7213	8196	5937	7675	5299	5510	9112	8182	6436	6806	9024
Rv1484	10075	10026	14731	10789	11231	18925	12572	11455	14271	10074	11233	9291	10134	14239	13618	11743	11075	15738
Rv1485	4782	3965	5401	5752	3588	8005	6001	4225	5592	3772	3166	3149	5032	3790	4900	5152	3275	5037
Rv1486c	7529	6738	8289	9275	8255	10940	9304	8169	8558	5231	4560	4154	7631	5908	5652	7439	5239	7280
Rv1487	2038	2012	1799	2443	2308	2292	2574	2320	1851	1196	1494	822	2166	1589	1384	2114	1417	1638
Rv1488	11381	12084	11429	13252	14702	15368	15139	15527	13339	6805	8731	5720	11873	10693	8477	13751	9315	11845
Rv1489	2840	2784	2836	3608	3186	4018	4116	3420	3449	2113	2046	1714	3755	2528	2568	4028	2224	3365
Rv1489A	1569	1403	1584	2098	1378	2174	2379	1793	1888	1099	969	841	2156	1059	1475	2243	1113	1643
Rv1490	1655	1411	1393	2006	1339	2169	2215	1721	1619	1560	1033	1056	2340	1427	1517	2812	1324	1878
Rv1491c	14204	14642	17482	19127	13146	24776	17432	16578	18038	6435	5295	3980	8444	6462	6362	10195	5751	7915
Rv1492	4613	4935	6280	5239	6414	8316	4934	5124	5586	3130	3406	2901	5779	4194	3957	5477	3249	4707
Rv1493	5141	4899	5685	6215	5226	7209	5648	4919	4929	3778	3129	3026	7105	4311	4424	6324	3441	4693
Rv1494	900	865	802	1167	727	1135	1084	896	777	726	561	493	1398	718	809	1182	582	905
Rv1495	274	318	306	290	277	417	347	279	316	281	179	217	386	270	298	318	192	328
Rv1496	1666	1596	1970	1968	1775	2632	2200	2013	2179	1438	1263	1068	2072	1555	1727	2282	1318	2001
Rv1497	11623	10238	8253	14912	9997	11522	14457	11326	8762	9644	7763	5947	18961	8241	9426	18171	7011	10452
Rv1498c	3195	2942	3728	3020	3573	4879	4487	4065	4158	2995	2611	2764	3096	3538	3714	4148	2933	5141
Rv1498A	657	785	953	793	967	1171	930	967	1027	660	664	644	826	957	863	916	716	1299
Rv1499	702	657	823	781	692	1084	897	848	819	543	582	577	760	611	747	848	655	907
Rv1500	1788	1730	1722	2210	1626	2553	2369	1885	1655	1590	1153	1203	2509	1629	1616	2358	1251	2061
Rv1501	4588	3590	4338	5454	3414	6529	5330	4063	4265	3537	2489	2850	5797	3134	3960	5635	2726	4696
Rv1502	6713	5336	7428	9088	4954	11192	7725	5611	6929	4733	3593	3840	9750	4187	6251	7832	3600	5719
Rv1503c	2292	1721	1910	3427	1568	2969	2712	1919	1792	1934	1028	1263	4084	1607	1826	3004	1304	1793
Rv1505c	1440	1234	1153	1833	799	1845	1560	955	1102	1169	641	836	2352	862	1286	1653	707	1066
Rv1506c	987	717	811	1388	610	1271	1228	840	843	840	460	675	1553	684	889	1491	696	1089
Rv1507c	1968	1977	1700	2770	1555	2540	2823	2005	1755	1850	1290	1476	3179	1951	2081	3102	1731	2549
Rv1507A	2268	2139	1856	2498	2049	2800	3097	2633	2004	2057	1730	1657	2661	2309	2211	3142	2139	2780
Rv1508c	9175	7711	9813	8991	9514	13243	12186	10986	10530	8114	7109	6822	8908	10126	8918	12312	9170	12936
Rv1508A	445	358	437	489	403	578	516	447	470	372	266	295	582	372	366	523	299	533
Rv1509	1458	1335	1435	1567	1305	2126	1767	1450	1537	1143	993	938	1864	1166	1329	1851	1019	1491
Rv1510	3234	3398	3679	3716	3331	5169	4195	3950	4084	2596	2677	2270	4264	3097	3392	4901	2696	4132
Rv1511	5280	5403	5568	5835	5963	7554	6446	5942	5671	5022	4869	4024	6083	6156	5609	6651	4946	6396
Rv1512	4467	3997	4735	4849	4551	6268	5396	4453	4854	3990	3596	3364	4900	4514	4592	5306	3702	5714
Rv1513	3558	2819	3571	3684	3061	4590	4506	3515	3734	3287	2633	2805	3802	3266	3756	4774	3002	4672
Rv1514c	2544	1816	2214	2588	1907	3134	3422	2691	2708	2166	1850	1605	2475	2151	2515	3392	2161	3066
Rv1515c	1690	1535	1772	1647	1748	2357	2769	2448	2290	1865	1413	1558	1532	2090	2228	2834	2152	3393
Rv1516c	1418	1557	1592	1403	1842	2188	1959	2006	1875	1506	1466	1307	1475	2112	1758	1948	1811	2642
Rv1517	564	551	525	593	688	742	853	855	649	524	424	377	567	662	531	770	640	784
Rv1518	411	368	431	517	302	621	595	430	481	427	221	327	519	321	447	545	298	528
Rv1519	218	184	233	232	159	279	317	248	279	188	116	196	186	175	257	238	144	325
Rv1520	1137	864	1166	1160	910	1562	1595	1256	1318	1030	659	869	1162	964	1160	1414	892	1541
Rv1521	15232	14848	14424	17059	17221	21289	19020	16716	14961	12502	11155	10236	18278	15557	14783	19487	12610	17297
Rv1522c	7966	7424	7256	9495	7244	10815	10029	8550	7485	6897	5633	5277	10968	6924	7848	10782	5925	8709
Rv1523	2051	2128	1838	2008	2422	2438	2710	2463	1878	2004	2214	1368	2033	2724	1980	2816	2137	2858
Rv1524	2832	2722	2467	3119	2836	3479	3651	3109	2761	2790	2729	1801	3024	3161	2577	3751	2653	3508
Rv1525	2371	2069	2091	3000	2119	3022	2923	2521	2253	2378	2122	1585	3093	2383	2405	3137	2030	2703
Rv1526c	1070	853	1149	1393	796	1497	1413	1069	1127	1325	759	881	1664	1033	1283	1499	928	1405
Rv1527c	7472	7688	8238	8913	8280	11458	10066	9079	8670	11301	9203	7284	11765	11469	11201	12083	10129	14106
Rv1528c	227	208	197	210	251	275	310	324	245	162	97	143	217	136	201	288	126	259
Rv1529	1690	2271	2045	1656	2676	2769	2506	2990	2517	1555	1369	1594	1609	1852	2265	2343	1823	2908
Rv1530	4394	6240	4008	5883	5302	6394	5677	6805	4206	1086	1049	883	7244	1277	1388	6977	1247	1672
Rv1531	12228	13455	9692	14310	13396	14018	15272	15336	9664	1509	1386	1210	17522	1865	1737	18150	1676	2182
Rv1532c	10132	11460	9298	11090	11183	13247	11932	11960	9707	954	944	754	13105	1076	1217	13259	978	1378
Rv1533	124792	153905	114292	151836	139902	152477	164872	145062	113612	4478	5299	3734	183926	6185	6199	193725	4646	5919
Rv1534	34895	31230	27502	46165	25415	40603	52580	38244	30445	1799	1456	1507	55202	2269	2226	63729	2039	2561
Rv1535	4352	4145	3527	5570	4698	5262	7177	7310	4677	10813	8833	10302	7506	13267	13556	12160	12644	20523
Rv1536	14373	12401	12488	16848	14318	17882	17893	16018	13130	22136	15444	16865	19991	20904	23549	25555	19941	30589
Rv1537	1540	1421	1460	1926	1360	2181	1938	1544	1568	1632	1579	1162	2314	1674	1850	2155	1419	2090
Rv1538c	2257	2030	2372	2524	2608	2919	2827	2659	2480	2054	2351	1714	2641	2789	2354	3098	2198	3225
Rv1539	5926	6221	7581	7253	7681	9964	6589	7551	7489	4618	6425	4170	6898	7817	6104	6648	6151	8042
Rv1540	8561	8953	9735	9362	10408	13539	10097	9419	9844	7254	8453	6247	9359	10371	8970	10157	7353	10652
Rv1541c	3250	3442	3180	4105	2690	4572	3763	2688	2909	2609	2648	1896	4355	2797	2912	3618	2214	2717
Rv1542c	629	477	513	891	329	793	623	391	391	503	281	280	1058	361	442	701	322	392
Rv1543	8057	8878	7316	8776	10251	10762	11493	11001	8568	6860	6969	5337	8571	11411	7223	10443	9544	11082
Rv1544	8185	8112	8828	9009	9199	11821	10654	10368	9851	6603	7470	5391	8257	9843	8117	10319	8601	11043
Rv1545	1359	1433	1570	1652	1365	2201	1838	1669	1784	1112	1334	1004	1579	1462	1577	1782	1313	1869
Rv1546	1585	1634	1766	2022	1457	2511	2101	1768	1871	1280	1490	1152	1980	1785	1880	2060	1532	2078
Rv1547	25458	21615	23566	29276	22122	33378	33910	25938	25532	20775	14205	14830	30783	18454	21068	34645	17767	26674
Rv1548c	3302	2342	2817	4566	2083	4227	4335	2727	2923	2913	1618	1816	5461	2054	2715	4837	1935	3049
Rv1550	1825	1962	652	2138	2123	811	2787	2244	543	1081	1243	711	2702	1598	1030	3586	1257	1381
Rv1551	1013	726	355	1428	720	534	1255	830	367	621	382	348	1806	514	587	1610	426	571
Rv1552	626	633	166	689	641	211	775	651	164	299	206	145	1903	240	223	2431	228	257
Rv1553	172	158	52	204	194	80	217	170	64	84	50	70	599	74	78	728	80	112
Rv1554	63	81	24	88	69	46	96	94	31	41	33	40	238	39	38	286	46	60
Rv1555	164	152	83	203	156	99	191	195	94	107	79	55	500	102	107	633	108	118
Rv1556	638	902	888	707	1138	1094	973	1102	1033	564	842	641	901	968	803	1137	819	1128
Rv1557	1107	1297	1974	1270	1211	2762	1775	1646	2186	1210	1308	1751	1359	1734	2232	1839	1417	2889
Rv1558	2518	2776	2499	2855	2555	3467	3178	2962	2857	2225	2599	1954	3118	2949	2846	3191	2284	3224
Rv1559	10733	12697	12728	13142	12895	16092	14056	12775	12607	9156	11711	8197	13534	14937	11757	14065	11699	14165
Rv1560	437	403	387	471	391	496	604	384	412	412	283	277	695	323	406	577	306	500
Rv1561	980	754	798	1241	639	1141	1236	789	811	802	553	580	1480	668	801	1309	522	946
Rv1562c	2398	1985	2204	2776	2062	3247	2746	2273	2106	2003	1553	1486	3226	1858	2028	3047	1672	2241
Rv1563c	2432	1983	2576	3042	2126	3382	2906	2292	2506	1918	1470	1419	3195	1757	2037	2846	1472	2211
Rv1564c	5576	3997	4842	6611	4389	6846	6730	5066	4943	4517	3014	3162	6848	4037	4353	6481	3555	5196
Rv1565c	15315	12966	12223	18028	12763	18094	17284	15219	13102	13192	9759	8254	19077	11870	12616	18516	10180	14145
Rv1566c	11672	11497	7838	13427	12230	11368	14416	13351	8788	13516	8950	7340	17291	11942	10877	18809	9826	13822
Rv1567c	1192	1180	1038	1368	1084	1523	1621	1392	1227	880	600	755	1226	918	1006	1254	832	1192
Rv1568	2077	2303	2726	2509	2334	3656	2652	2557	2960	1861	2091	1806	2424	2386	2488	2390	1827	2926
Rv1569	3428	4112	5165	3826	5200	5653	4423	4657	5109	2640	4344	2640	3782	4779	3740	3980	3950	5277
Rv1570	2335	2868	3624	2851	3009	4463	3112	2970	3509	1793	2670	1690	2807	2727	2663	2976	2237	3264
Rv1571	1295	1489	1539	1743	1189	2087	1524	1318	1592	1029	1353	815	1751	1104	1404	1634	1029	1433
Rv1573	358	340	438	575	251	625	397	337	367	314	252	228	651	300	380	465	253	341
Rv1574	109	111	111	187	88	169	108	67	76	96	56	63	223	74	122	124	51	88
Rv1575	89	209	157	173	184	248	126	158	137	94	128	91	212	143	145	142	88	148
Rv1576c	2316	4341	3379	3340	4613	4878	2639	3070	2908	1875	2921	1698	3860	3200	2772	3054	2128	2581
Rv1577c	2734	2698	4360	2800	2981	5261	2738	2514	3254	1703	1904	2248	3109	2117	3103	2636	1626	3025
Rv1578c	535	580	609	655	786	839	614	661	638	461	498	384	681	558	493	691	506	729
Rv1579c	293	324	278	268	414	400	351	342	299	251	263	187	299	396	223	452	297	436
Rv1580c	616	669	810	556	859	949	823	760	749	489	651	586	558	859	650	718	744	1070
Rv1581c	515	530	665	561	475	922	660	603	776	382	547	375	502	577	638	590	451	693
Rv1582c	1026	1360	1315	1229	1269	1732	1189	1145	1209	807	840	762	1318	970	1084	1119	837	1171
Rv1583c	626	838	1019	685	861	1304	893	858	927	435	629	576	659	633	865	715	571	913
Rv1584c	1027	1116	1346	1078	1235	1604	1452	1248	1333	718	778	908	1292	989	1358	1277	954	1485
Rv1585c	1015	1548	1456	1237	1551	2152	1504	1498	1517	734	902	980	1276	1186	1346	1300	859	1359
Rv1586c	1389	2916	2079	2166	2906	3058	1979	2221	2014	1091	1279	1197	2630	1855	1798	2108	1358	1973
Rv1587c	1230	1280	988	1370	1237	1442	1480	1495	1058	635	845	498	1421	959	907	1476	861	1066
Rv1588c	1382	1513	1428	1670	1868	1838	1458	1878	1443	808	753	545	1727	852	901	1655	817	1026
Rv1589	7768	8462	8899	7489	9995	11471	10336	11017	11066	6958	8963	6191	7349	11080	9140	10042	9508	12629
Rv1590	2577	2677	3067	2749	3178	3728	3414	3309	3518	2162	2730	2060	2668	3063	3084	3052	2720	3837
Rv1591	5919	5005	7661	6445	5553	10601	7737	6731	8343	5374	5501	5199	6656	6457	8022	7373	5445	8265
Rv1592c	8771	6924	10640	7939	6659	13946	7406	7146	7094	8549	7893	8444	10198	10032	10952	8915	5791	7916
Rv1593c	6837	5484	5026	7990	7014	7599	6022	6660	5390	4341	3261	2961	8595	4796	3966	6172	4178	5675
Rv1594	50790	60534	60240	54398	84683	75995	60005	66364	56183	39138	51395	42550	57239	73691	54436	55393	54679	71525
Rv1595	60672	83465	85104	72774	85066	112661	68247	68833	78731	39057	67625	43250	74465	72241	63653	67028	52512	71687
Rv1596	28585	29288	45315	37253	30424	58379	33054	28690	40978	18916	22812	19351	39343	26322	30463	34038	21244	31040
Rv1597	4796	5072	6701	6397	4600	9504	6291	5185	6277	3864	3421	3730	7447	4721	5749	6456	3801	5617
Rv1598c	1936	1813	1543	2194	1700	2134	2080	1996	1520	1490	1651	1079	2480	1721	1573	2164	1347	1932
Rv1599	10780	12026	15410	12933	16507	19025	12382	13477	14706	8059	9651	7534	13970	13072	10872	13001	10060	13675
Rv1600	6775	6681	6667	6909	6601	9801	6229	5711	6208	4995	5467	3954	7237	5104	5648	7156	4394	5885
Rv1601	2545	2526	2897	3300	2916	3933	2953	2566	2647	2444	1787	1844	3700	2560	2387	3506	2237	2906
Rv1602	3297	2873	3859	3954	3026	5393	3895	3386	3665	2687	2544	2148	4260	2973	3561	4352	2596	3784
Rv1603	4464	4602	5210	5719	4284	7435	5032	4537	5005	3547	3948	2780	6784	4255	4602	5869	3385	4610
Rv1604	4192	4060	5180	5737	4116	6896	4931	4043	4818	3329	3085	2577	6790	4040	4059	5769	3350	4349
Rv1605	3430	3461	4562	4633	3743	5765	3798	3254	4022	2739	2678	2168	5510	3535	3230	4438	2673	3479
Rv1606	1681	1494	1992	2254	1701	2601	1933	1603	1803	1438	1251	1223	2653	1595	1638	2191	1332	1745
Rv1607	7006	6519	8141	7560	6696	11082	8303	7432	8199	5686	6009	4703	7151	7064	6677	7785	5732	7483
Rv1608c	2962	2567	2756	2974	3298	3644	3715	3282	2972	2415	2478	2102	2955	3272	2757	3318	2638	3737
Rv1609	7657	7549	9408	8732	8614	12341	9362	8301	8942	6726	6973	5632	9441	8537	8025	9176	6756	9551
Rv1610	4056	5424	5269	5052	5113	6899	5008	5368	5410	3201	5752	2933	5204	5485	4763	5107	4412	5619
Rv1611	17559	17268	20628	21259	15997	26601	21711	18478	20085	16242	17134	13123	22691	19723	19791	22915	16679	21542
Rv1612	13620	10248	14851	18066	8927	20648	17097	11064	13909	12591	8025	9083	20119	11497	13482	18359	9870	14258
Rv1613	15268	13345	18301	20714	12929	25920	19190	15862	18317	12235	11129	9332	21201	15513	14666	20616	13204	16975
Rv1614	26511	20307	29506	34697	19371	39594	30567	23758	27655	21171	17070	16505	36090	21583	24987	31735	18847	26139
Rv1615	5228	6188	4795	6081	5890	7519	6381	6574	5395	4263	5153	3594	6482	5975	5650	6591	4647	6576
Rv1616	3681	3936	3405	4203	3800	5082	4449	4019	3542	3081	3393	2485	4395	3926	3693	4544	3012	4228
Rv1617	10649	12695	11578	11909	13195	15549	14028	13438	12023	9153	11379	7744	11135	14083	11000	13537	10979	14048
Rv1618	8150	6978	7527	8724	7196	10530	10920	8900	8481	6673	5433	5096	7950	7324	7461	10565	6893	9498
Rv1619	4461	4093	3612	6166	3883	5501	6153	5076	3993	3368	3263	2755	7269	4072	4221	7004	3890	4687
Rv1620c	8258	7958	7221	11429	8475	9852	11833	10280	8586	3548	6014	4276	13818	7095	6695	14732	7362	8821
Rv1621c	13480	13612	12225	18703	13149	17710	18921	15893	15684	5147	9804	6621	20266	10493	10777	23844	10740	14253
Rv1622c	11970	10507	8104	11732	11868	12194	15360	12111	10692	4023	8964	5421	10502	8421	8017	16825	9042	11739
Rv1623c	23733	18579	19071	20451	29438	25118	33140	26635	22429	8762	14451	12823	17893	22900	15506	29171	19899	26506
Rv1624c	3242	3666	2481	3601	4441	3715	4696	5087	3286	2408	3316	2146	3620	4308	3039	5005	4013	4742
Rv1625c	8553	7336	6817	9163	9239	9189	9633	8578	6724	5926	5548	4210	9897	7399	5833	10279	6028	7584
Rvnt20	13	7	9	15	7	16	20	18	9	14	11	12	12	10	18	13	15	14
Rv1626	12044	12748	13394	12169	13801	18184	14206	13357	12884	8989	11653	8638	13643	13470	12618	14875	10458	13748
Rv1627c	7746	10011	10874	9164	10293	15453	9173	9144	10743	6091	8158	6444	10631	8964	9575	9946	6572	9974
Rv1628c	2087	2653	3092	2501	2831	4317	2449	2716	2907	1783	2265	1929	3000	2572	2758	2800	2018	2976
Rv1629	10903	10772	13872	11384	13146	17179	12413	12149	13532	7673	8614	8073	11516	11196	10338	12350	9152	14270
Rv1630	46256	54531	47939	50598	50487	70593	59509	56493	51405	46381	51957	35786	56416	67335	53748	66967	52772	60180
Rv1631	17739	15764	18835	24914	13674	26639	21416	14022	17406	14793	12544	11348	26747	16078	17814	21625	11866	16198
Rv1632c	3957	2547	2934	5372	2306	4145	4998	2924	2756	3310	1798	1995	5827	2429	2987	4945	2162	3125
Rv1633	14576	14764	14535	16906	16155	19674	16531	15025	14480	9026	10067	7191	16677	11968	10511	16323	9756	12923
Rv1634	7001	7674	8212	10006	7390	11240	8120	7288	7905	4773	5654	3746	10393	6101	5732	8969	4966	6201
Rv1635c	4482	4821	6050	5189	4856	8914	5428	5491	6741	4592	4519	3646	5734	5655	5325	6107	4623	6532
Rv1636	3967	3889	4172	4542	3773	5257	4909	4044	4438	4143	4077	3134	5417	4193	4718	5561	4185	5959
Rv1637c	3692	3922	4741	4052	4326	6564	5032	4754	5317	3841	3769	3350	4821	4867	4754	5853	4488	6730
Rv1638	21546	20557	23526	25503	22351	31271	25980	22896	23723	13503	13780	11125	26587	15964	15932	27933	13846	19470
Rv1638A	3678	2666	1895	3245	3504	2474	5402	4440	2257	2593	2583	1599	3828	3160	2261	5808	3110	3556
Rv1639c	24594	20463	13840	26746	24808	18326	35808	29099	16546	17196	17148	12143	31565	23039	17146	39915	22138	25198
Rv1640c	12609	13276	11331	13256	12954	16541	17375	15294	12726	9286	9888	7252	13713	11973	11330	15917	10961	14421
Rv1641	17184	24783	17020	20231	20233	26548	25264	24659	19317	13953	20552	12625	22857	26771	19536	27467	18999	23356
Rv1642	6294	8432	5614	8110	5993	8747	7930	6671	5528	4657	6377	3840	9659	7651	6378	8368	5685	5986
Rv1643	11006	15227	11429	16386	12090	16600	14011	11719	10266	7983	10500	7280	17942	14850	11065	14302	10067	11097
Rv1644	10823	11878	12699	17878	9816	17652	12714	10094	10629	7707	8778	6806	17856	11511	11034	12468	8079	9109
Rv1645c	1956	1773	1933	3114	1523	2900	2378	2034	1800	1522	1247	1248	3113	1621	1895	2405	1313	1895
Rv1646	6860	6800	6121	8544	7460	8702	10312	8858	7902	5745	5197	4595	11217	6011	6332	13071	6033	10024
Rv1647	1474	1495	1815	1664	1600	2531	2040	1983	2203	1302	1321	992	1766	1551	1594	2233	1442	1941
Rv1648	2865	2659	3157	3130	2835	4285	3948	3743	4153	2632	2265	1811	3477	2977	2557	4402	3038	3735
Rv1649	4448	4896	5233	5392	4457	7668	5750	5497	5816	4067	4249	3378	5521	5093	5050	5895	4417	5507
Rv1650	15771	14250	19073	18935	15745	25276	19102	16168	19386	11966	13108	10127	17116	15325	15352	17875	12810	17266
Rv1651c	4589	6573	6164	5947	7183	7986	6349	6979	6431	2713	3872	2898	5999	4609	4403	6007	3809	5820
Rv1652	1138	1612	1783	1296	1956	2298	1155	1661	1846	1417	1375	1127	1238	1736	1589	1119	1087	1618
Rv1653	4282	4868	5257	4513	6057	6637	3768	5183	5573	4982	4081	3504	4524	5765	4723	3547	3157	5081
Rv1654	4529	5222	5037	5474	6000	6322	3725	4653	5503	5486	3971	3324	5557	5423	4743	3900	2793	4547
Rv1655	5324	5391	5482	7100	5953	6998	4315	4788	5872	6072	4176	3571	7432	5183	5185	4581	3090	4899
Rv1656	4003	3366	3587	5342	3594	4733	3048	3411	4023	4690	2949	2569	5294	3622	3791	3201	2215	3336
Rv1657	2012	1659	1663	2640	1872	2292	1405	1550	1771	2371	1532	1129	2865	1773	1747	1596	1035	1418
Rv1658	9536	7633	7074	12664	8722	9574	6756	6791	7220	10467	6942	5212	13107	8671	7825	7267	5017	6697
Rv1659	7693	5016	5398	10338	5401	7490	5594	5166	5560	7887	4601	3862	9880	5446	5940	5896	3690	5406
Rv1660	3262	2697	2683	4456	3055	3666	3610	3313	2991	2679	1984	1650	4367	2627	2429	3594	2180	2831
Rv1661	7552	8038	7292	10223	8775	10138	11225	10501	8804	3767	4903	2792	10125	5914	4818	10653	5639	6232
Rv1662	3569	3888	3340	4579	4332	4807	5876	5798	4175	2094	2605	1495	5215	3310	2443	5671	2916	3220
Rv1663	1421	1401	1190	1819	1231	1799	2063	1814	1389	1032	854	642	2242	1019	994	2003	968	1121
Rv1664	2241	2004	2089	3265	1906	3126	3058	2537	2111	1728	1250	1212	3946	1754	1802	3008	1398	1888
Rv1665	3401	2864	2580	3788	2528	3722	4667	3142	2671	2881	2108	2009	4933	2370	2807	4991	2238	3204
Rv1666c	2187	1660	1839	2538	1845	2500	2962	2070	1933	1959	1287	1367	2720	1791	1839	3002	1677	2403
Rv1667c	3512	3163	3166	3294	3790	3934	4263	4002	3412	2910	3106	2261	3451	3712	3098	4333	3469	4249
Rv1669	112	94	99	122	91	119	140	114	103	103	75	67	126	94	90	128	104	153
Rv1670	425	354	426	335	705	490	597	668	514	338	352	312	424	441	382	596	404	609
Rv1671	381	318	270	324	392	373	434	439	300	322	217	233	365	294	292	545	292	420
Rv1672c	3257	2592	2614	3523	3462	3559	4484	3758	2704	2856	2152	1890	3507	2935	2442	3981	2687	3746
Rv1673c	416	717	477	409	936	640	565	822	543	367	484	503	362	710	765	586	537	886
Rv1674c	170	289	269	201	354	292	234	364	285	162	219	231	241	310	297	252	222	419
Rv1675c	306	249	293	297	284	413	419	377	269	290	216	221	300	303	291	411	304	375
Rv1676	7789	7989	10024	8046	8942	13467	9469	9224	10355	7141	8347	6354	8057	9597	9087	8957	7704	10624
Rv1677	6387	6367	7629	6977	6715	10538	7897	7532	7857	5870	6208	4833	6854	7499	7360	7335	6182	8304
Rv1678	4748	6059	5394	6854	5131	7869	5989	5868	5222	3754	5078	2918	6892	5544	4935	6492	4558	5391
Rv1679	4821	5589	4775	6938	5827	6727	6520	6332	4715	3956	4449	3140	7288	6038	4696	7409	4933	6377
Rv1680	2108	2190	1692	2612	2374	2411	2683	2663	1689	1765	1822	1233	2915	2385	1971	3255	2154	2650
Rv1681	3681	3001	2766	4586	3584	4097	4872	4084	2891	3252	2328	2211	5603	3158	3190	5523	2912	4001
Rv1682	2865	2054	1801	4644	2175	2652	3399	1996	1524	2613	1325	1552	6863	1975	2315	4088	1535	2097
Rv1683	20355	19788	25011	22902	22912	33236	26090	23905	26631	19142	18021	14689	21183	23702	20820	25645	20236	29078
Rv1684	1112	942	1101	1182	965	1485	1447	1216	1165	1047	903	697	1157	1092	1012	1501	1133	1316
Rv1685c	2007	1810	2036	2390	1724	2941	2649	2260	2216	2088	1548	1385	2554	1864	2096	2988	1757	2498
Rv1686c	604	778	570	597	943	753	867	1095	677	529	528	434	680	747	565	1000	743	932
Rv1687c	450	673	431	499	964	559	746	927	524	456	511	378	599	769	526	825	677	849
Rv1688	326	358	376	340	472	475	502	578	443	313	334	240	313	403	366	481	377	449
Rv1689	3690	3705	3481	4128	3597	4584	4912	4068	3593	3528	3069	2580	4159	4271	3760	4519	3411	4392
RVnc0010	1214	1069	892	1482	999	1356	1697	1203	940	1027	665	657	1628	1014	974	1481	762	1114
Rv1690	1060	1075	805	1312	1097	1269	1466	1267	831	1117	908	776	1661	1162	1151	1839	1065	1489
Rv1691	1441	1598	1826	1723	1461	2422	1836	1676	1759	1511	1533	1313	1934	1665	2014	2105	1406	2265
Rv1692	2853	3018	4334	3704	3486	5346	3637	3386	4216	2717	2768	2236	3683	3303	3244	3546	2645	3726
Rv1693	553	508	560	675	548	726	735	506	563	546	429	392	823	594	575	677	470	613
Rv1694	3065	2900	3142	3955	2920	4071	3700	3180	3091	2550	2717	1881	4083	2913	2905	4088	2396	3138
Rv1695	4801	4428	5167	5845	4628	6573	5871	5355	5188	3745	4176	2715	5643	4682	4223	6014	3985	5125
Rv1696	5635	5284	6247	7647	5497	8237	6947	5396	5889	4588	4099	3311	7890	4856	4801	7346	4174	5245
Rv1697	19506	15116	12304	22191	18375	16329	25519	19063	13281	20144	12258	9722	27617	16198	13553	30616	14558	20458
Rv1698	10669	7943	6931	12783	8224	9546	12725	8810	7496	9569	5517	4817	15807	6308	7360	15932	6159	9473
Rv1699	17468	14221	17126	19935	15730	23718	22282	17540	18020	13965	9851	10703	20320	13416	14493	21163	11711	18276
Rv1700	4435	5073	4605	5773	4838	6451	6194	5904	5244	3605	3905	2603	5954	4290	4194	6609	4094	5535
Rv1701	5561	5458	5736	7596	5523	8044	7775	6211	6422	4223	3721	3076	8189	4476	4690	8368	4122	5874
Rv1702c	3072	2690	2645	4681	2319	3936	3828	2870	2534	2168	1518	1196	5121	1781	2152	4085	1700	2134
Rv1703c	11051	9378	11141	11030	10269	14261	14670	12122	12399	9990	9181	8376	10442	11328	11558	13335	9984	14640
Rv1704c	4909	4646	5147	5073	5065	7192	6587	5954	5629	4686	4828	3582	4760	6568	5173	6616	5500	6832
Rv1705c	1065	1143	1332	1204	1018	1919	1431	1434	1337	909	1084	843	1287	1275	1283	1314	1023	1464
Rv1706c	1061	898	1121	1218	939	1347	1416	1129	1139	1000	912	767	1302	1027	1046	1308	874	1300
Rv1706A	185	197	177	270	137	305	185	155	148	144	92	99	231	90	127	196	73	92
Rv1707	6064	5441	6007	6848	5447	8053	7848	7179	6254	5717	5399	4915	7178	6874	7072	8647	6090	8109
Rv1708	5611	4444	4344	6590	3894	6575	7189	4602	4855	6112	4157	3860	7725	4605	5671	7947	3938	5820
Rv1709	4834	3553	3987	6152	2851	5679	5599	3424	3977	4723	3155	2943	7452	3447	4632	6328	2929	4325
Rv1710	4640	3731	4380	5845	3956	5941	5412	4050	4200	4364	3208	3175	6653	4075	4153	5742	3511	4609
Rv1711	3626	2570	3136	4407	2790	4484	4277	3058	2867	3080	2400	1971	5174	2898	3003	4455	2592	3093
Rv1712	2720	2360	2645	3691	2471	3442	2969	2234	2270	2070	1958	1528	4196	2357	2300	3103	1813	2199
Rv1713	6952	6167	7317	9537	6575	9429	7768	6206	6317	5058	5186	3884	10623	6228	6107	8196	4733	5807
Rv1714	704	788	747	1112	718	1114	814	727	669	484	582	357	1230	620	679	805	444	509
Rv1715	385	434	420	596	417	594	473	378	366	300	278	200	701	344	334	455	266	327
Rv1716	534	517	437	667	540	630	587	516	357	395	306	261	854	483	396	558	342	386
Rv1717	162	166	151	168	183	183	178	168	109	131	122	78	244	168	151	150	88	143
Rv1718	630	702	681	793	807	866	732	758	573	525	656	413	880	808	599	700	572	635
Rv1719	675	655	806	880	820	975	826	713	745	531	528	393	898	742	588	895	568	764
Rvnt21	212	163	222	251	149	286	297	227	243	174	133	132	266	137	189	286	153	252
Rv1720c	401	423	376	445	373	521	558	449	413	354	282	284	523	359	405	533	290	491
Rv1721c	214	290	258	254	302	303	313	338	263	182	203	185	310	253	230	288	231	324
Rv1722	2905	3214	2981	2913	4120	4066	4357	4282	3543	1602	2003	1479	1918	2498	1970	2677	2425	2995
Rv1723	1929	2051	1893	2462	1958	2621	2518	2117	1999	1194	1159	927	1950	1256	1486	2023	1208	1657
Rv1724c	599	497	448	613	453	620	791	585	511	499	363	327	761	478	490	827	438	584
Rv1725c	886	688	686	985	871	978	1124	1074	843	632	585	498	1055	717	708	1163	683	932
Rv1726	932	920	973	910	1109	1174	1144	1197	1056	682	843	470	822	998	671	975	782	957
RVnc0047	0	0	0	0	0	0	0	0	0	0	0	0	0	0	0	0	0	0
Rv1727	862	707	761	1120	714	1151	1168	928	868	920	622	590	1184	688	878	1239	630	998
Rv1728c	2337	2074	2226	2598	2137	3008	2893	2416	2358	2439	1936	1658	2913	2297	2500	3072	1942	2916
Rv1729c	1610	1583	1694	1852	1341	2432	1998	1751	1701	1673	1358	1396	2003	1677	1931	2111	1323	2094
Rv1730c	2862	2140	2841	2994	2472	3921	3130	2391	2668	2521	1722	2093	3239	2080	2712	3125	1814	3075
Rv1731	9283	8204	8321	9650	10472	11147	12058	11864	9153	8281	8595	6506	9448	10838	9005	12676	9411	12277
Rv1732c	4866	5355	3977	5510	6639	5348	6050	6547	4145	4155	4110	2943	5821	6320	3811	5928	5442	5971
Rv1733c	3075	13009	686	3660	15052	918	2357	12062	565	2460	10507	839	3993	11463	1209	2562	8269	1431
RVnc0036	4056	5545	1571	4655	5906	1783	3307	5184	1105	2909	3129	1963	6268	4200	1955	3251	3783	2781
Rv1734c	2948	5012	1647	3765	5257	2065	3200	5460	1273	2014	3074	2058	5251	4102	2429	3356	3575	2763
Rv1735c	537	1500	390	725	1107	691	609	986	324	374	847	411	955	997	697	689	668	495
Rv1735a	102	362	47	213	283	70	68	184	39	62	167	49	282	323	55	91	145	56
Rv1736c	3660	12081	1271	6747	12468	1646	3145	7265	953	2722	9205	1124	8466	11260	1659	3354	6138	1730
Rv1737c	14716	49891	2678	19704	51616	3927	12582	41598	2318	10129	41530	4178	23873	40636	5738	13494	29796	6992
Rv1738	20187	61007	5190	24593	72944	7340	17647	61849	4456	13357	53907	7568	28196	53201	11476	18114	38106	12167
Rv1739c	10449	31346	2915	13864	32721	4354	9552	25656	2488	7627	21151	4201	16669	23401	6059	10264	17112	5823
Rv1740	331	312	243	407	283	286	357	316	220	256	271	184	492	221	247	416	230	289
Rv1741	161	189	159	232	209	174	255	186	156	158	125	113	270	134	166	205	150	200
Rv1742	1134	924	906	1276	978	1252	1511	1241	1031	995	755	669	1357	915	1002	1586	832	1145
Rv1743	7584	6223	6827	7872	7881	8921	9228	7419	7034	5591	4961	4207	7672	6215	5695	8367	5385	7202
Rv1744c	2163	2630	1992	2415	2792	2649	2414	2586	1938	1677	1943	1370	2806	2279	1934	2565	1642	2125
Rv1745c	2025	2980	2208	2132	3273	2777	2536	2783	2027	1512	2373	1420	2934	2935	1951	2622	1716	2102
Rv1746	3574	3787	3838	3843	4250	4896	4540	4383	3645	3399	3376	2767	4132	4425	3780	4544	3791	4783
Rv1747	22504	20748	25188	26284	21168	35079	26295	23624	25444	19153	17327	16222	27032	22066	23603	28329	18839	26364
Rv1748	1385	1214	1495	1554	1381	2173	1924	1750	1723	1243	1018	1020	1522	1323	1397	1706	1297	1955
Rv1749c	2071	2070	2687	2145	2491	3469	2852	2799	3001	1952	1710	1532	1886	2437	2259	2398	2049	2874
Rv1750c	2011	1652	2080	2153	1996	2857	2721	2227	2213	1740	1381	1264	1677	1887	1730	2054	1543	2260
Rv1751	14056	12216	16230	16730	12423	20582	17603	14380	15849	13188	10910	8695	14290	13765	12533	15334	11714	15229
Rv1752	1655	1241	1815	1977	1131	2438	2107	1517	1988	1532	986	951	1827	1266	1411	2036	1207	1769
Rv1753c	3201	2660	2302	4151	2231	3572	4122	3060	2512	3131	2181	1768	5723	2547	2996	5381	2299	3176
Rv1754c	2690	2164	1799	2665	2366	2451	4256	3036	2097	3561	1777	2153	3601	2715	2751	5622	2582	4407
Rv1758	102	111	101	114	99	130	138	134	126	70	83	108	123	111	120	143	104	159
Rv1759c	611	923	899	876	916	1212	812	965	923	369	626	358	901	731	590	724	516	781
Rv1760	2975	2495	2293	3365	2542	3313	3811	3098	2481	2167	1720	1642	3403	2360	2368	3728	2043	2938
Rv1761c	556	521	546	539	647	674	859	742	602	500	431	392	545	631	473	738	531	857
Rv1762c	730	806	744	703	940	957	972	829	816	657	688	592	804	846	764	894	685	1037
Rv1765c	7035	6756	6874	8864	7939	10105	8183	7826	6652	2995	2650	2204	9216	3410	3169	8557	2830	4007
Rv1766	941	870	906	1137	837	1314	1102	939	876	772	678	562	1337	847	954	1128	717	840
Rv1767	684	846	833	836	913	1194	881	971	840	549	568	555	930	720	821	906	629	919
Rv1768	5321	5446	3945	6809	5835	5363	7602	6510	4733	3595	3692	2065	7804	4080	3355	9115	4008	5219
Rv1769	7922	7311	6784	8940	8086	9000	11450	8694	7554	6286	5527	4502	10316	7128	6298	12354	6491	9239
Rv1770	8596	8570	8170	9595	9582	10926	11373	10512	8812	6915	7477	4935	11151	8763	7346	13040	8199	10408
Rv1771	9968	9732	7891	10814	11472	11238	13393	13285	9299	9017	8157	6362	13043	11109	9019	15731	10520	12765
Rv1772	2725	3531	2124	3703	3147	3224	4002	3847	2453	2895	2875	2097	4649	3584	3157	4576	2879	3853
Rv1773c	1822	1691	1149	2498	1657	1844	2308	2107	1267	1757	1236	1127	3008	1645	1872	2756	1499	2049
Rv1774	1897	1901	1188	2373	2016	1654	2397	2413	1259	1842	1345	1071	2942	1867	1551	2499	1733	2124
Rv1775	2929	3250	2538	3243	3399	3601	3776	3733	2544	2454	2585	1777	3523	3225	2659	3810	2754	3219
Rv1776c	1608	1732	1341	1888	1492	1853	1904	1809	1361	1258	1313	942	2100	1418	1447	2138	1273	1734
Rv1777	793	626	1230	1147	494	1864	944	721	1053	839	474	595	1120	572	895	876	606	867
Rv1778c	2767	2298	5389	3310	2077	8026	3213	3065	5789	3032	2384	2334	2539	2791	3624	2377	2695	4051
Rv1779c	13394	11128	23662	13865	14805	31136	13761	15152	24993	14067	12666	10721	9870	16180	15118	10377	14177	19043
Rv1780	4502	4108	5082	5044	4345	6784	5836	5022	5315	4165	3591	3273	5331	4229	4536	5592	3856	5502
Rv1781c	4196	4277	5169	4626	4586	6630	5051	4819	4862	3787	3521	3055	5291	4107	4292	4875	3295	4917
Rv1782	24472	27110	31801	27566	30696	42458	31219	34194	33016	13754	17868	12299	21776	21110	18633	24639	17211	22986
Rv1783	73027	70361	73464	86745	77614	106315	98777	89704	83253	39774	40088	32256	64076	50804	47083	77679	44868	62346
Rv1785c	4781	4153	4616	5961	3865	7020	6161	5156	5090	2665	2483	1927	4514	2924	3087	4744	2605	3801
Rv1786	836	703	816	1223	723	1062	1037	783	675	465	367	330	635	477	438	623	383	534
Rv1787	21091	21971	21547	39353	15818	32341	26923	19936	19588	1367	1446	1081	2472	1678	1677	2399	1326	1755
Rv1788	3120	3154	2848	5758	2412	4273	4169	3155	2731	530	368	310	959	422	493	746	398	524
Rv1789	30098	29107	31011	40362	30383	43589	36443	33716	30780	7323	9872	6137	11450	11859	9370	12854	9846	12457
Rv1790	4928	5299	5318	8956	3556	8142	6128	4409	4619	547	572	339	917	577	609	853	415	599
Rv1791	7679	6976	7877	9451	6561	11836	11039	8742	8810	2606	2192	1801	3741	3219	2815	4584	2737	3520
Rv1792	16609	15750	15969	19630	18602	22688	24755	21371	17821	6025	4874	4021	8946	8701	5880	11983	7684	8589
Rv1793	11519	12312	10473	12986	13775	15991	16782	15995	12530	5622	5011	3910	8603	8132	5854	10824	6940	8221
Rv1794	26670	29399	26412	34924	27101	41364	36410	32120	29317	11800	10550	8638	21514	14574	13229	23165	12455	16191
Rv1795	34889	36969	38259	47521	36580	55307	45376	41416	40510	17312	17321	13722	31615	21480	20871	30845	18238	24576
Rv1796	35352	33660	37354	47222	33281	55147	43078	37558	38318	19766	16534	15659	35802	22047	22849	32576	17827	25951
Rv1797	23829	22773	27499	34370	22338	38961	28013	23691	26102	12636	12602	10023	27578	15579	16255	23289	13039	16753
Rv1798	18403	15501	18874	26925	14620	27931	20971	16829	17341	10662	8191	7665	22910	10464	11777	18425	8811	11900
Rv1799	586	869	840	659	1040	1138	807	959	855	400	630	386	768	746	530	868	607	681
Rv1800	4001	3466	4369	4360	4064	5664	5307	4872	4342	2927	2673	2523	4219	3253	3218	4772	3372	4505
Rv1801	275	473	316	326	555	418	410	664	450	210	230	191	246	264	285	343	266	400
Rv1802	902	1115	989	1081	1084	1382	1227	1117	989	717	744	564	1142	986	848	1094	736	1011
Rv1803c	1518	1526	1497	1865	1797	1941	2116	2271	1655	1148	1195	898	2221	1476	1421	2707	1534	2172
Rv1804c	279	319	291	243	349	368	358	411	298	177	132	234	253	195	258	357	191	416
Rv1805c	2121	2178	1755	2045	3018	2079	3365	4607	2014	2465	2722	2473	2696	3350	2925	5150	3542	5989
Rv1806	78	156	68	106	192	109	153	349	145	184	125	180	137	272	254	398	262	539
Rv1808	1437	1644	1199	1740	1853	1624	3447	3999	2034	2756	2556	2043	2410	2671	3732	8104	4158	7715
Rv1809	4609	3925	3248	5052	4843	4638	10147	9923	5970	6518	4372	4460	6512	6209	6974	20652	11046	18492
Rv1810	7719	7393	6459	8635	7513	9361	13051	12939	8913	8312	7907	5752	10470	9807	8786	22637	14114	17762
Rv1811	4294	4975	6036	5264	4580	9016	6834	6730	7348	3255	3736	2752	3982	4272	4275	6323	4804	6275
Rv1812c	5187	7557	5521	6299	8103	7082	6638	7883	5954	4488	6010	3603	5789	7696	5136	5917	5941	6825
Rv1813c	10789	22079	3591	13749	23708	5218	10775	22027	3281	6487	13950	3259	14280	15885	4754	10706	13078	5291
Rv1814	1759	1653	1787	1885	1922	2396	2277	2261	1963	1486	1363	1187	1842	1731	1557	2107	1497	2121
Rv1815	11926	9697	5764	12762	10560	8612	16332	12908	7098	10877	6054	5027	19094	8073	7441	23323	7364	10727
Rv1816	6507	4283	3391	7370	4102	4913	8700	5578	4226	5507	2538	2825	10119	3066	4266	11451	3093	4947
Rv1817	1980	2085	2177	2486	2040	3118	2564	2267	2342	1378	1377	1123	2772	1567	1689	2520	1342	2063
Rv1818c	3603	5546	5624	4565	6055	7225	4423	5458	5836	2232	4573	2440	4722	4544	3758	4401	3356	4887
Rv1819c	2778	2762	3128	2762	3140	4197	3980	4078	4076	2734	2413	2322	2703	3469	3189	4126	3107	4754
Rv1820	5319	6098	6839	6312	7686	8802	6378	7215	7263	4349	5149	3621	6474	7209	5744	7046	5476	7598
Rv1821	30041	31521	31905	34338	34273	42824	35523	33709	32253	22709	24821	21636	36152	31766	30735	35818	24426	35028
Rv1822	2811	2606	2557	3730	2515	3749	3564	2905	2712	2495	2189	1909	3935	2614	2770	3712	2306	2923
Rv1823	2489	1981	2428	2984	2327	3405	3279	2871	2579	2345	1938	1828	3182	2545	2449	3477	2380	3219
Rv1824	1235	1017	1104	1287	1043	1635	1814	1587	1336	1232	972	841	1284	1270	1214	1846	1333	1888
Rv1825	3395	2768	2935	3758	2800	4232	4527	3687	3460	3273	2530	2207	4172	2942	3297	4948	2977	4214
Rv1826	7470	7383	6744	8090	7904	9343	10542	9452	7690	6775	6997	5318	8797	9013	7738	11210	7736	9431
Rv1827	19265	18688	18195	21836	22149	25084	23970	22431	18259	15076	15375	12937	23079	20613	19211	24566	16518	22176
Rv1828	12119	11105	11867	13487	12810	16854	15726	14535	12946	9515	9285	8003	13377	11523	11829	16010	9942	14166
Rv1829	3922	3785	3106	4916	3920	4321	4986	4036	2978	2952	2740	2193	5576	3247	3142	4980	2744	3478
Rv1830	9213	8206	6925	10743	8626	10072	12383	9667	7571	9241	7556	6034	13156	8808	8617	14482	7488	10145
Rv1831	3526	3439	4048	4168	3747	5076	4412	3581	3734	2621	2678	2295	5019	2908	3534	4314	2741	3961
Rv1832	23705	25208	25850	29512	26124	34797	27339	22812	23348	15566	18223	14849	31627	21501	21115	26973	16250	21341
Rv1833c	2568	3111	3076	3428	3592	4469	3370	3456	3162	1371	1468	1159	3435	1966	1797	3305	1516	2105
Rv1834	725	794	570	736	966	805	949	1171	679	514	680	512	879	856	708	1149	860	1000
Rv1835c	6238	4620	5836	8203	4484	8289	7088	5135	5491	5130	3630	3913	9453	4460	5810	7750	3833	5409
Rv1836c	23228	25075	26161	29500	24520	37375	27669	25660	27275	19469	22480	17559	31091	27722	27335	30299	21580	30902
Rv1837c	32295	38245	37206	36770	39983	53605	39400	37272	37273	30954	34326	26511	41741	44660	37488	42780	32002	44554
Rv1838c	1640	1410	1701	1950	1396	2290	2311	1837	1717	1528	1017	1446	2261	1479	1750	2222	1271	2286
Rv1839c	459	471	449	507	465	572	652	541	472	431	414	313	584	477	468	537	365	612
Rv1840c	915	1336	1208	1450	1329	1650	1165	1266	1129	575	972	542	1628	1019	870	1293	729	942
Rv1841c	5644	5312	5697	7471	5259	8011	6848	5622	5707	3830	3619	2940	7970	4501	4467	6996	3663	4554
Rv1842c	8968	10231	7971	11231	9836	10764	11168	10542	8256	6273	7448	5442	11811	8932	7913	11388	7166	9009
Rv1843c	15013	15279	12904	18081	18217	17212	18997	17092	12841	9750	11650	8090	17621	15043	12006	18559	11941	14838
Rv1844c	12471	13463	11843	13598	14384	16382	14075	13692	11742	7809	9989	7062	13272	11491	9694	14185	8870	11652
Rv1845c	13004	11637	14681	13709	15748	18088	15827	14782	14093	7079	8397	7430	11883	10714	10005	12704	8707	12748
Rv1846c	16003	12672	13117	16981	18527	16304	15357	14228	12072	8048	8110	7716	15375	10677	9397	11743	8137	12552
Rv1847	3065	3221	3186	3112	3376	4459	3808	3623	3114	2463	2316	2565	3500	3253	3340	3640	2652	3818
Rv1848	526	497	470	572	487	631	725	589	479	458	473	350	628	507	560	733	433	642
Rv1849	961	858	773	1093	789	1119	1259	950	794	904	783	570	1280	846	959	1309	749	994
Rv1850	3975	3793	3745	5373	3735	5122	5115	4278	3695	3252	2879	2270	5824	3824	3343	5300	3213	4026
Rv1851	892	698	811	1201	766	1106	1057	895	755	615	574	443	1166	755	696	1022	659	793
Rv1852	1140	1107	1096	1413	1262	1427	1404	1235	1080	854	843	613	1415	1051	886	1236	833	1095
Rv1853	2019	2037	3012	2185	2179	4269	2553	2339	3529	1487	1421	1137	1993	1657	1610	2186	1513	2153
Rv1854c	14562	11921	30165	12820	16551	39070	15556	17466	35019	9736	7835	8096	10959	9699	11657	12230	10307	15892
Rv1855c	6078	5830	6959	6535	7482	9047	7135	7085	7235	4196	4439	4360	6541	5955	5849	6918	4833	7368
Rv1856c	4428	3854	5135	5302	4960	6440	5152	4251	5130	3766	3031	3451	6594	4257	4643	6247	3695	5501
Rv1857	3812	2935	4291	3883	2907	6109	4152	3822	4690	3098	2402	2822	3971	3413	3865	4178	3146	4492
Rv1858	1589	1393	2230	1756	1424	2705	1920	1705	2224	1228	1147	1083	1709	1377	1539	1729	1321	1921
Rv1859	4562	4111	5895	4792	4721	7505	5689	5509	5659	3304	3639	3773	4795	4407	4927	5052	4088	5878
Rv1860	3639	4457	3779	3847	4808	5244	5467	5721	4668	2998	3781	2486	3820	4606	3578	5203	4046	6058
Rv1861	1071	1125	1051	1204	1141	1485	1712	1552	1378	863	825	766	1249	1034	1142	1644	965	1463
Rv1862	4377	4084	4880	5300	4802	6195	5652	5443	5351	3340	3345	2677	5053	4090	3828	5389	3813	5193
Rv1863c	11729	13798	12318	13261	13673	18196	14667	16244	14468	10135	13764	7635	13800	15321	12272	16201	12334	14576
Rv1864c	1212	1314	1233	1170	1588	1653	1777	1835	1466	1221	1332	975	1271	1694	1423	1616	1431	1919
Rv1865c	737	730	779	759	919	987	977	899	898	690	725	654	736	988	855	949	739	1011
Rv1866	2430	2391	2685	2639	3030	3584	3734	3355	3275	2556	2425	2057	2394	3341	2787	3479	2889	4269
Rv1867	1904	1505	1776	1943	2032	2161	2436	2057	1830	1603	1562	1212	1776	2018	1517	2156	1805	2342
Rv1868	5308	4472	4493	6268	4624	6233	6506	5229	4845	3848	3815	2929	6314	4354	4245	6105	3863	5434
Rv1869c	11099	9567	10547	18671	10373	15012	12606	9672	9264	8425	7206	5864	22893	10856	8951	12855	7785	9270
Rv1870c	29451	20488	20387	41706	12907	33061	32266	20532	18785	21511	13043	13898	51635	15213	23950	37937	13997	17966
Rv1871c	41315	36700	35664	53122	34418	47455	52868	41679	34429	32343	26513	26099	65685	34683	37620	62765	31258	42437
Rv1872c	186292	184470	161160	240479	176019	229400	223917	184606	151463	154156	139506	120809	301036	177651	180063	279001	145832	183600
Rv1873	239	235	344	284	215	480	349	271	287	243	199	269	355	239	336	300	183	404
Rv1874	1817	1867	2025	1885	2318	2479	2097	2392	1945	1525	1623	1496	1866	2121	1875	2005	1746	2436
Rv1875	1369	1877	1708	1446	2261	2144	1956	2361	1852	1232	1324	1441	1473	1892	1817	1939	1511	2473
Rv1876	3535	4112	3153	3988	4491	4597	4562	4541	3390	2975	2906	2512	4451	4164	3221	4695	3425	3962
Rv1877	7053	7271	7927	8920	6597	11283	9054	7835	7915	5596	5551	5099	8983	6543	7379	9071	5458	7944
Rv1878	2386	2175	2441	2664	2527	3213	3276	2800	2478	1874	1909	1543	2771	2311	2267	3002	2097	2773
Rv1879	4619	5114	4028	5176	4600	5899	5911	5750	4702	3703	3845	2966	6138	4443	4336	7208	4170	5770
Rv1880c	9163	8308	7654	9495	12524	10340	12038	12914	8491	7484	7912	5866	11009	10947	8041	13822	9571	12162
Rv1881c	2981	2978	1939	3390	2870	2964	3483	3417	2102	2472	2708	1701	4621	2944	2762	4705	2734	3123
Rv1882c	4802	3752	3276	5796	3990	4773	6644	4922	3405	4170	2433	2562	8210	3305	4036	8195	3309	4654
Rv1883c	15479	12382	6960	18044	13874	10331	20288	15766	7487	13040	7527	6786	29299	9940	9932	29136	9824	12800
Rv1884c	21385	19885	7300	23073	20901	12027	26913	22908	8959	18476	11591	7856	39415	15119	12186	42444	13302	16724
Rv1885c	4683	3774	4356	3778	4980	5752	7841	6499	5702	4202	3648	3433	3703	5599	4386	7105	5012	7856
Rv1886c	13573	16144	14113	12428	20129	18530	20336	19852	16548	11953	16226	11467	11915	23317	14703	18694	17353	22631
Rv1887	31736	34401	37585	35957	30833	52527	38774	35775	37147	26699	31694	26274	37927	36458	38873	40178	28614	39129
Rv1887a	6276	5881	6922	7923	6652	9975	7916	6844	6755	4712	4609	4113	7986	6153	5926	7612	4916	6638
Rv1888A	783	801	865	991	820	1268	1067	988	841	601	632	569	997	787	806	1007	690	942
Rv1890c	593	600	623	622	686	959	874	863	807	486	615	457	527	735	591	772	614	875
RVnc0001	0	0	0	0	0	0	0	0	0	0	0	0	0	0	0	0	0	0
Rv1891	4734	5025	3235	5188	5445	4310	6278	5494	3256	3080	3140	2161	5163	4514	3291	5864	3475	4321
Rv1892	1365	1369	1040	1444	1826	1259	2008	1647	981	905	989	668	1357	1266	899	1743	1120	1353
Rv1893	860	889	523	677	1237	768	1218	1001	513	520	616	380	737	912	530	1102	700	755
Rv1894c	4261	4766	6767	4564	7175	8164	5710	6226	6459	3456	3520	3653	4911	5167	4464	6504	4247	6626
Rv1895	971	1414	1086	1004	1342	1634	1367	1533	1270	817	985	898	1063	1221	1378	1290	971	1530
Rv1896c	1942	1869	1923	2164	2217	2666	2409	2281	1976	1506	1680	1347	1963	2130	1841	2157	1756	2241
Rv1897c	957	933	969	1055	940	1354	1077	958	891	815	791	581	1100	948	900	1102	882	1066
Rv1898	3047	2794	3256	3584	2984	4249	3682	3265	3267	2161	2182	1956	3617	2691	2814	3582	2473	3142
Rv1899c	17215	18082	19654	19508	20222	24225	21513	20345	18453	13002	17303	12122	19173	19656	17267	19889	15420	20097
Rv1900c	5876	6304	7114	6596	6952	8739	7019	6774	6724	4489	4853	4378	6490	6149	5424	6554	4954	6560
Rv1901	8599	9275	9754	9464	9408	13094	10576	10134	10022	7485	9432	6659	9491	10728	9752	10436	8455	11021
Rv1902c	4184	3670	4047	4811	3744	5767	5553	4768	4263	3337	2875	2773	4763	3744	4129	4923	3184	4524
Rv1903	821	771	656	1167	756	936	1092	755	655	838	564	569	1284	740	726	994	669	805
Rv1904	6078	6941	4162	7241	6167	5994	8668	7726	4778	5675	5794	4485	10210	6564	6519	10931	6207	7519
Rv1905c	5799	5288	4493	7406	4338	6987	7141	5671	4800	4236	4131	3032	8563	4266	5002	7798	3574	4741
Rv1906c	6332	4761	4412	7789	5431	6050	6749	5383	4259	4618	3371	3335	8781	4492	4590	6861	3564	5277
Rv1907c	2680	2556	1793	3532	2470	2724	3623	3187	2234	1099	1661	970	3345	1877	1554	3897	1710	2089
Rv1908c	26274	22614	15936	27159	28551	23196	44674	33903	24190	10797	18991	11896	27423	27314	17834	47808	26805	32568
Rv1909c	979	842	761	1021	955	1068	1427	1163	904	592	778	637	1172	955	821	1442	884	1272
Rv1910c	1200	917	990	1496	1048	1475	1750	1441	1266	1126	710	715	1374	899	992	1717	990	1449
Rv1911c	5449	4716	5743	6172	4993	7926	7487	6771	6674	4928	4207	3622	5353	4831	5395	6691	4828	7162
Rv1912c	1855	1560	1893	1545	2701	2325	2698	2609	2189	2001	1615	1339	1548	2489	1683	2792	2363	3335
Rv1913	1335	1221	1563	1375	1362	2014	1924	1621	1721	1253	1083	1042	1169	1291	1405	1542	1214	1914
Rv1914c	1153	1130	1270	1114	1091	1656	1550	1410	1430	921	956	807	972	1138	1093	1241	979	1440
Rv1915	8833	7584	9035	8207	11765	11537	11126	10902	9507	7554	6915	6182	7566	10899	7675	9561	9199	12017
Rv1916	8330	6632	6960	7627	8083	9678	9859	8395	7828	7087	6221	5284	7124	7275	7288	9698	6514	9719
Rv1917c	3245	2380	2667	3956	2316	4155	4042	3222	2955	3008	1964	1951	4690	2337	2962	4649	2348	3462
Rv1918c	4408	4600	3894	5384	4814	5691	6133	6250	4535	3845	3619	2938	6047	5265	4471	7256	4683	6469
Rv1919c	3955	3538	3518	4294	3732	4539	5296	4311	3568	3386	3821	2728	4433	4328	3761	5143	3901	4681
Rv1920	2015	1773	2223	1973	2883	2759	2989	2980	2456	1714	1454	1567	1824	2345	1910	2709	2290	3201
Rv1921c	1944	1977	2690	2044	2112	3590	3317	2763	3236	994	948	798	1430	1216	1131	1721	1074	1402
Rv1922	2776	2356	3055	2581	2956	3888	3730	3501	3385	1607	1437	1092	1556	1965	1557	2095	1785	2351
Rv1923	8841	8672	9316	9052	10971	12603	11162	11117	10039	7151	8106	5840	8121	10867	8005	10031	8711	10806
Rv1924c	3594	3599	3552	4134	3662	4927	4151	4039	3535	2848	2959	2221	4162	3563	3167	4092	3167	3761
Rv1925	86054	81553	87702	88920	111584	114227	96950	93740	87017	63385	68140	57102	91803	87540	79483	93664	69178	97468
Rv1926c	17883	27030	19510	22397	25819	28398	21700	27515	19380	15302	22112	15088	25909	25960	22860	24507	20743	24724
Rv1927	3311	5381	3710	4935	4654	5546	4014	5208	3404	3013	3955	2882	6118	5450	4522	4378	3828	4352
Rv1928c	1254	1361	1192	1558	1293	1870	1591	1490	1220	1000	1033	925	1659	1384	1400	1519	1080	1621
Rv1929c	2501	2293	3650	2834	2269	4591	3185	2761	3122	2138	1972	2480	3069	2243	3395	2795	1904	3620
Rv1930c	176	189	152	177	265	222	297	301	240	184	164	137	199	219	170	256	192	295
Rv1931c	396	392	382	373	541	512	488	512	426	298	373	265	404	414	366	524	387	518
Rv1932	10989	11821	11820	10968	15082	14685	13711	14061	13069	8163	13397	7362	9517	15027	10666	11346	12046	15001
Rv1933c	7108	8773	8196	8190	8345	11202	9201	8581	8398	4985	8139	4775	7297	8775	7129	7497	6670	8483
Rv1934c	1021	1221	1018	1582	1268	1488	1169	1168	876	724	826	541	1502	1183	948	1163	648	757
Rv1935c	266	512	217	318	622	355	418	665	292	175	205	156	322	285	220	467	267	329
Rv1936	641	943	557	693	1058	686	929	1182	611	429	466	381	716	671	544	973	549	740
Rv1937	2821	3212	2929	2970	3453	3781	3642	3736	2942	1983	2113	1721	2969	2401	2381	3544	2038	3067
Rv1938	554	678	469	675	723	585	787	892	522	395	378	276	749	462	413	840	417	578
Rv1939	344	412	341	429	486	472	481	555	380	195	248	178	458	277	253	496	262	408
Rv1940	1102	1408	996	1453	1373	1547	1390	1506	1124	701	804	525	1611	898	834	1544	756	990
Rv1941	4770	5047	4191	5584	4707	6407	5765	5352	4617	3695	3410	2536	5950	3991	3879	5831	3152	3878
Rv1942c	2215	1893	1972	2403	1882	2623	2890	2541	2240	1840	1480	1341	2589	1740	1905	2795	1659	2363
Rv1943c	990	1048	917	1093	1070	1196	1412	1217	1006	900	701	648	1136	982	887	1241	791	1206
Rv1944c	711	797	667	833	822	992	981	1006	852	552	704	473	727	776	661	826	639	918
Rv1945	4123	4768	4539	4278	6055	6077	5343	5969	5020	1326	1512	1174	3372	1974	1647	4091	1626	2544
Rv1946c	1819	1964	1952	1961	1917	2496	2379	2311	2008	1477	1268	1098	2046	1443	1495	2292	1345	1925
Rv1947	2108	2120	1951	2422	2030	2545	2884	2705	2163	1927	1944	1217	2247	1959	1891	2539	1741	2103
Rv1948c	781	687	649	1212	544	1092	1051	720	631	522	258	331	1340	389	484	1055	326	507
Rv1950c	340	363	290	353	327	389	497	357	346	306	244	204	305	328	317	408	297	383
Rv1951c	350	436	381	341	454	528	520	636	532	319	414	275	352	438	389	472	376	488
Rv1952	923	948	582	815	838	822	1037	1148	621	840	775	477	907	898	684	1017	868	802
Rv1953	490	393	350	555	379	513	552	497	397	389	345	264	560	445	385	570	353	453
Rv1954c	2431	3624	3479	2898	3983	4853	3121	4350	3479	1578	2401	1794	3044	2672	2774	3373	2228	3263
Rv1955	421	638	472	522	504	770	635	685	547	282	349	296	583	433	447	701	390	520
Rv1956	791	1303	901	858	1255	1441	1178	1435	1111	577	814	507	971	955	730	1142	765	952
Rv1957	814	880	667	833	869	1000	1090	1019	744	553	546	432	867	748	667	1050	628	891
Rv1958c	1468	1355	1138	1781	1276	1938	1969	1600	1310	1053	730	704	1682	1057	1169	1894	963	1197
Rv1959c	691	762	735	905	691	1017	984	819	652	592	541	436	1021	567	693	919	500	763
Rv1960c	551	908	488	709	729	635	732	729	538	448	526	423	836	687	537	649	445	623
Rv1961	997	962	944	1153	926	1189	1356	1194	1016	867	697	615	1186	837	874	1355	735	1103
Rv1962c	1605	1597	1423	1748	1552	2101	2194	2207	1727	1423	1264	988	1932	1493	1361	2482	1436	1969
Rv1962A	695	808	580	804	766	855	1031	967	723	586	542	435	824	699	635	1199	646	949
Rv1963c	1677	1471	1313	1647	1802	1807	2235	2090	1632	1443	979	910	1618	1299	1286	2519	1208	1928
Rv1964	386	756	378	491	774	520	637	1024	536	292	275	265	564	397	401	641	357	593
Rv1965	386	617	349	447	790	498	637	1058	563	255	232	207	454	388	365	745	390	577
Rv1966	459	626	401	568	741	551	742	1010	582	289	260	265	563	334	378	847	449	595
Rv1967	402	617	276	449	643	432	602	869	449	200	214	204	501	304	289	722	361	450
Rv1968	367	507	226	461	579	425	554	661	425	202	197	159	549	275	249	660	366	433
Rv1969	394	486	291	463	536	440	615	629	406	242	243	198	527	294	290	624	363	467
Rv1970	476	536	392	579	604	533	768	808	562	318	311	242	697	391	384	869	381	576
Rv1971	466	592	337	600	651	473	746	865	533	304	242	210	783	379	340	907	464	573
Rv1972	204	269	169	216	319	228	369	469	228	147	175	99	326	220	140	399	231	246
Rv1973	198	213	159	238	277	212	286	330	203	143	142	101	239	175	138	326	184	239
Rv1974	201	190	115	220	228	167	295	308	181	108	146	107	226	163	128	306	161	237
Rv1975	816	890	809	856	953	1031	1195	1183	848	595	777	533	950	865	800	1205	780	1009
Rv1976c	1403	1136	1480	1259	1738	1940	1684	1869	1512	931	1284	907	1209	1629	1185	1623	1340	1879
Rv1977	3077	2576	2883	3161	3136	3950	3785	3541	3227	2133	2149	1967	3321	2729	2674	3978	2372	3571
Rv1978	1473	1259	1290	1824	1466	1770	1928	1375	1224	1204	941	855	1970	1307	1246	1770	1088	1419
Rv1979c	11382	11660	10091	15395	8172	16408	14614	10197	9488	8859	8672	7506	14580	9964	11997	13054	7581	9789
Rv1980c	19845	21748	18136	19545	20015	28845	27861	24917	19903	17246	19472	16170	19057	25507	23861	26010	19508	25931
Rv1981c	3958	3964	3166	4356	3934	4928	4738	3899	3343	3803	2960	3432	5885	3990	4546	5656	3102	6129
Rv1982c	985	839	918	1424	1099	1300	1057	1054	735	794	573	568	1746	866	797	1291	716	1051
Rv1982A	778	744	638	937	792	1002	751	724	550	685	432	378	1199	636	567	871	524	629
Rv1983	4024	3864	3952	4518	4018	5400	5380	4854	4238	2930	2830	2461	4349	3652	3431	5008	3201	4766
Rv1984c	2275	2246	1993	2147	2775	2591	3028	2577	2085	2222	2098	1707	2385	2879	2353	2676	2402	3085
RV1984a	779	488	769	798	654	982	918	773	871	705	375	455	769	508	583	796	540	798
Rv1985c	1732	1424	1655	1885	1785	2310	2224	1966	1955	1398	1032	988	1878	1187	1340	2102	1212	1902
Rv1986	1032	1425	1070	1348	1342	1374	1551	1729	1331	735	876	717	1366	1084	1018	1592	863	1275
Rv1987	8750	6491	5290	9911	7182	7011	10356	7609	5575	9289	4484	5236	12174	6460	6775	11892	5631	9124
Rv1988	4116	3689	4024	4599	4056	5277	5397	5248	4115	3697	3555	2958	4997	4088	4363	6217	3677	5777
Rv1989c	1408	1418	1113	1422	1620	1607	1932	1955	1311	909	822	759	1346	1164	1151	1785	1115	1549
Rv1990c	881	1078	715	918	1362	969	1187	1324	800	541	760	517	997	953	654	1155	785	935
Rv1991c	782	907	828	940	942	1163	1096	1000	889	628	597	541	993	822	736	1108	679	949
Rv1991A	416	460	485	467	511	683	536	554	582	375	294	291	523	405	456	577	345	557
Rv1992c	3376	5304	4919	3988	5858	6947	4528	5259	5342	2525	3567	2624	4361	4401	3826	5109	3680	5077
Rv1993c	201	291	256	249	384	377	275	310	299	130	223	140	264	234	237	273	185	286
Rv1994c	527	899	684	636	982	1085	630	902	730	415	597	384	669	671	521	777	593	710
Rv1995	276	294	216	235	317	325	337	351	209	195	212	264	269	314	310	289	236	368
Rv1996	17536	43492	4947	19589	67830	6866	15512	52059	4850	9401	26292	5413	21732	34669	6838	15334	26843	9609
Rv1997	4157	14358	1290	5237	15258	1770	3832	11984	1222	2783	9552	1199	6265	10014	1661	3691	7530	1882
Rv1998c	854	1131	734	829	1306	1091	1187	1328	901	807	841	542	873	1253	722	1233	964	1118
Rv1999c	181	275	265	222	287	301	237	362	230	201	212	166	221	249	266	239	193	316
Rv2000	1006	860	1081	861	1224	1337	1408	1322	1167	1074	924	995	949	1460	1231	1474	1251	1811
Rv2001	944	812	955	875	823	1136	1313	998	1014	1010	725	842	953	1015	1205	1406	914	1583
Rv2002	1997	1838	2097	2210	2154	3001	2871	2564	2689	1973	1751	1696	2470	2445	2503	3412	2243	3479
Rv2003c	1453	2105	1369	1965	2132	1957	1922	1984	1649	1159	1571	903	2296	2071	1423	2233	1460	1754
Rv2004c	3608	11945	2513	5016	11758	3417	3993	7679	2456	2575	9264	1557	5414	9671	2377	4443	5896	2818
Rv2005c	9309	44929	4018	9536	45845	5674	10407	36348	4271	7812	45328	4136	10924	37682	6100	10421	27601	7808
Rv2006	13118	38570	9303	17252	35988	12317	12843	25455	8011	12618	32263	8353	20604	35367	10779	13290	21197	11434
Rv2007c	16544	64672	5372	17713	63654	7844	12848	48064	4454	17458	78306	8222	22451	62696	12567	13429	40089	11405
Rv2008c	473	736	379	604	669	495	520	685	375	479	515	326	732	598	446	532	431	588
Rv2009	3087	2242	1968	3532	1965	2765	2833	1931	1811	3457	1463	1896	5788	1694	2592	3879	1226	2527
Rv2010	5360	3931	4115	7332	4214	5466	5668	3760	3622	6561	2576	3969	12006	3381	5252	7762	2518	4893
Rv2011c	1146	1159	972	1604	1104	1381	1272	1084	855	1380	603	853	2730	718	1274	1732	543	1010
Rv2012	316	563	310	379	647	474	518	666	357	309	232	347	451	358	438	562	296	620
Rv2015c	8695	9034	8889	10879	10465	12661	10326	10079	8857	3547	3392	2593	11230	4220	4007	10875	3582	5183
Rv2016	769	1485	841	837	1294	1251	1084	1164	902	500	587	754	798	749	883	947	618	1233
Rv2017	1041	2130	1387	1181	2208	1960	1743	2097	1708	707	820	1036	1062	1173	1472	1522	1069	2232
Rv2018	2128	2656	2206	2339	2996	2976	3188	3235	2734	1775	1754	1821	2302	2193	2530	3283	2035	3210
Rv2019	990	934	794	1092	810	1097	1450	931	974	807	497	703	1251	706	889	1515	676	1189
Rv2021c	1468	1633	1352	1525	1889	1861	1996	2189	1650	1137	1191	962	1356	1594	1350	2110	1300	1947
Rv2022c	1397	1445	1281	2027	1206	1972	2015	1625	1386	1111	888	939	1977	1110	1392	1807	998	1390
Rv2023c	687	821	627	828	872	899	827	892	669	532	679	449	1068	784	667	1025	614	750
Rv2023A	218	179	172	250	121	212	241	141	147	146	47	89	315	89	141	282	81	141
Rv2024c	5291	4836	5050	6327	5459	6395	6441	5294	4867	2980	2428	2180	6466	3276	3111	6258	2994	3906
Rv2025c	1074	3441	1468	1127	4144	2167	1516	2633	1677	1400	1833	876	1400	2297	1303	1977	1763	1523
Rv2026c	952	863	880	927	936	1173	1291	1138	1040	819	808	598	1108	852	898	1534	862	1256
Rv2027c	1776	1593	1542	1660	2084	2058	2502	2213	1754	1609	1406	1219	1791	1956	1592	2588	1685	2403
Rv2028c	442	1286	373	752	1047	507	468	800	362	323	678	225	971	1275	331	482	478	454
Rv2029c	1060	4046	418	2514	3616	621	898	2280	340	758	2376	349	3557	4643	575	701	1816	473
Rv2030c	27001	97562	6011	45227	90036	9239	23834	58754	4354	18294	80578	6943	54151	90830	10495	27451	55000	10973
Rv2031c	36620	132989	6360	44451	120524	10610	33824	98183	6099	25830	118978	9377	52678	119761	14092	39156	83645	18161
Rv2032	7078	19014	1365	8271	22150	1898	6174	15746	1368	5037	15400	1765	9252	17025	2453	6182	12888	3186
Rv2033c	2034	2774	1619	2131	3246	1872	2788	2694	1823	1623	2291	1017	2074	2312	1434	2313	1811	2113
Rv2034	322	788	256	296	876	414	426	992	371	237	284	191	316	421	304	441	350	423
Rv2035	382	772	439	435	882	555	626	837	490	336	403	299	455	549	489	683	454	691
Rv2036	814	981	833	862	1111	1223	1219	1426	1067	655	643	616	847	822	924	1381	730	1304
Rv2037c	1775	1762	1687	1897	1875	2346	2577	2548	1992	1442	1186	1134	1866	1489	1590	2266	1462	2179
Rv2038c	839	549	647	1169	636	911	977	700	609	790	446	458	1174	596	638	1049	556	644
Rv2039c	713	543	614	977	549	903	864	734	655	660	504	394	1083	611	601	958	561	683
Rv2040c	1064	775	884	1421	844	1252	1351	1105	928	1046	571	662	1542	904	859	1472	880	1136
Rv2041c	1671	1616	1452	2173	1493	2119	1953	1859	1477	1489	1300	902	2148	1418	1494	2197	1353	1647
Rv2042c	2336	1945	2472	2479	2629	3314	3317	3049	2965	1937	1741	1412	2304	2400	2039	3222	2254	3155
Rv2043c	3915	3512	3537	4235	5017	4545	4718	4380	3732	3151	2808	2451	4174	4082	2989	4506	3538	4818
Rv2044c	433	398	379	512	338	489	659	469	378	326	310	242	499	288	340	585	256	396
Rv2045c	6026	5896	4634	6414	7265	6276	8248	8688	5469	4425	4642	3249	6202	6130	4263	7719	5797	6529
Rv2046	1631	1619	1432	2085	1543	1953	2249	1975	1460	1472	1340	1012	2355	1489	1483	2246	1425	1821
Rv2047c	8437	7291	8146	11183	7676	11209	8230	7114	6634	7510	6657	5189	12173	8009	7953	8482	5696	7046
Rv2048c	53577	55813	56127	72247	57657	74830	57405	53891	47584	39368	51648	31434	72521	62450	50315	56526	44957	52009
RVnc0003	0	0	0	0	0	0	0	0	0	0	0	0	0	0	0	0	0	0
Rv2049c	1613	1633	1685	1860	1661	2217	2161	1919	1588	1366	1459	1228	1969	1598	1741	2080	1462	2030
Rv2050	3067	4356	3570	3476	4409	5288	4567	4664	4107	2724	3109	2994	4218	3678	4132	5008	3234	4528
Rv2051c	13640	16602	16682	15996	17113	24211	19808	19877	19192	10438	11457	9449	17357	14476	14850	21220	12573	17381
Rv2052c	6015	12198	8350	8329	12267	11641	10698	11976	10197	3537	5302	4245	9631	5817	7073	11172	5545	7548
Rv2053c	4303	8842	5396	5853	8418	7935	8083	9578	8110	2653	3858	3505	6861	3931	5412	8658	4186	6123
Rv2054	3473	4074	3852	3590	5254	5452	4613	5461	4447	2910	4673	2636	3606	6067	3840	4869	5123	6043
Rv2055c	762	888	657	1085	774	1020	964	926	696	623	823	514	1055	1008	792	998	701	969
Rv2056c	362	331	195	537	241	308	364	338	172	211	225	152	471	250	247	329	202	186
Rv2057c	170	157	96	221	137	127	267	186	94	91	107	78	193	108	108	199	113	142
Rv2058c	257	186	69	289	82	68	314	182	50	93	88	65	263	106	85	222	82	53
Rv2059	2924	3235	2156	3798	2752	3225	3500	3277	2106	1910	2614	1470	3623	2907	2388	3183	2110	2413
Rv2060	0	0	0	0	0	0	0	0	0	0	0	0	0	0	0	0	0	0
Rv2061c	2540	2737	2245	2351	3548	3271	3308	3509	2465	2163	2892	1743	2639	3749	2511	3295	3124	3462
Rv2062c	9642	10144	13361	10483	10791	16646	11062	10722	12386	6718	9376	7183	10241	10584	10225	10496	8487	11532
Rv2063	92	88	119	106	143	117	140	101	98	73	63	64	109	90	73	122	93	122
Rv2063A	411	458	566	504	576	630	595	547	579	354	321	281	470	460	415	528	420	606
Rv2064	2714	3550	3787	3433	3716	5145	3541	3506	3944	1900	2957	1867	3419	3070	2857	3323	2334	3365
Rv2065	2079	2758	3206	2541	3006	3976	2656	2768	2943	1721	2585	1751	2629	2989	2604	2581	2243	2914
Rv2066	5355	5411	6536	6292	5916	8108	6531	6142	6322	3933	5157	3753	6365	5880	5474	6448	4787	6547
Rv2067c	5498	4463	4374	6196	4221	6493	7375	5174	4743	5052	4072	3820	6604	4790	5782	7665	4073	6403
Rv2068c	3201	3070	2799	3508	3350	3790	4248	3584	2906	2995	2864	2234	3623	3809	3266	4055	3011	3978
Rv2069	4876	4838	3455	5323	4301	5180	6113	4852	3749	3443	4446	3230	5423	5553	4410	6184	4552	5055
Rv2070c	2223	1893	1878	2528	1824	2578	3056	2264	2069	1704	1740	1418	2722	2015	2190	3147	1910	2633
Rv2071c	911	780	870	928	861	1213	1228	959	1009	858	675	644	1045	839	903	1236	837	1160
Rv2072c	1151	1169	1412	1188	1398	1714	1538	1395	1495	1150	966	901	1275	1304	1313	1515	1031	1725
Rv2073c	697	900	942	750	982	1127	998	991	1004	689	863	568	803	1019	881	912	786	1131
Rv2074	9027	7131	7518	10464	9080	9399	10849	8454	7947	8052	5505	5923	12093	7981	7335	10835	6468	10502
Rv2075c	7255	6431	6217	9055	5935	8463	8967	7258	6257	6832	5065	4586	10811	6205	7051	9926	5349	7931
Rv2076c	1116	1201	1353	1269	1146	1776	1568	1550	1387	852	884	752	1234	975	1267	1428	983	1426
Rv2077c	12622	9580	13065	13655	10673	15900	13120	11107	10748	8158	5520	7874	14834	7465	9551	11468	7258	11914
Rv2077A	179	224	220	170	227	291	249	311	235	180	174	148	176	241	209	226	211	268
Rv2078	342	323	331	384	350	446	444	391	335	331	260	240	412	391	313	374	312	452
Rv2079	3405	3213	3497	3817	3262	4874	4660	4340	4003	3268	2427	2510	3684	3184	3615	4492	3084	4761
Rv2080	5933	5332	5658	6616	5717	7517	8241	6895	5682	5028	3975	4164	7286	5847	5744	8115	5306	7144
Rv2081c	6774	7319	6819	7543	7546	9925	9887	10206	8307	5481	5592	4416	7968	7405	6471	9999	6838	9149
Rv2082	10292	9635	9292	12383	9355	13513	14102	12201	10552	6727	5130	5005	12117	7925	7555	12705	7496	9928
Rv2083	6244	6178	6741	7808	7518	9148	8421	7879	7410	3721	4060	2872	7368	5342	4721	7466	4460	5621
Rv2084	6263	6468	5383	7935	6267	8165	7794	6498	5958	3938	3792	2808	7599	4358	4133	6937	3758	4612
Rv2085	761	644	782	1116	574	1175	953	917	840	465	442	367	1074	458	559	868	423	542
Rv2086	317	344	466	414	286	651	402	386	362	199	161	149	475	205	237	348	169	300
Rv2088	2212	2228	2748	2396	2435	3443	2916	2646	2948	2027	2247	1617	2516	2581	2362	2971	2236	3160
Rv2089c	491	446	486	587	541	721	743	638	602	429	368	325	539	491	471	670	488	763
Rv2090	4971	5106	4821	5638	5186	6490	6798	5970	5358	3613	3954	3140	5837	4807	4569	6217	4011	5631
Rv2091c	10962	11262	9412	12056	13771	13275	14222	14644	10768	8488	8332	6484	12977	12225	9077	14051	10210	12668
Rv2092c	11423	12210	10282	15915	12459	14689	12665	11754	9669	7565	8497	5712	17660	10619	8664	13551	7295	8388
Rv2093c	7041	5953	5787	8590	6265	8219	8637	7493	6260	5012	4159	3624	8701	5306	5215	8557	4775	6101
Rv2094c	10216	10913	7336	11152	11375	11400	11690	13656	8775	6948	8713	4755	10750	10471	6949	11673	8915	9254
Rv2095c	3715	3332	3687	5357	3589	4881	4800	3383	3620	2712	2460	1985	5522	2713	2812	4835	2428	3409
Rv2096c	9235	8674	8240	10643	8014	12007	10255	7637	8098	6232	6273	4198	10793	6060	6585	10487	5180	7058
Rv2097c	17134	14229	14972	17613	17896	20342	20856	17473	15306	13906	10269	9711	16729	14438	12581	19761	12367	17912
Rv2098c	254	377	381	373	404	495	391	362	365	177	278	149	420	304	263	352	236	301
Rv2099c	150	176	224	190	194	320	242	225	306	122	124	116	223	167	177	204	160	203
Rv2100	7944	9789	8480	9432	9223	11881	9642	10285	9201	4625	6858	4139	8327	7878	6084	8650	5748	7564
Rv2101	16149	14099	16367	18049	15915	21298	21399	17911	18071	12866	11586	9533	17159	14035	14230	20136	13006	19365
Rv2102	6360	5137	5820	7227	5595	7719	7742	6733	6376	4934	4378	3428	7141	4866	5381	7864	4715	6794
Rv2103c	3110	2724	2812	4287	2379	3991	3968	2677	2922	2958	1959	2013	5060	2135	2851	4330	1849	3027
Rv2104c	1258	1144	1002	1612	977	1486	1498	1025	922	1179	726	816	2180	940	1197	1680	768	1215
Rv2104a	702	610	718	759	547	1049	966	730	762	591	434	606	997	552	732	1066	500	905
Rv2107	173	205	812	240	205	1316	210	264	856	188	163	183	288	239	300	252	216	306
Rv2108	1175	1094	1950	1555	1081	3353	1574	1469	2243	1148	822	861	1839	1239	1193	1702	1065	1554
Rv2109c	14478	14352	12169	16890	12383	18236	15057	12386	11561	9750	10915	7238	17949	10439	12113	16038	8761	11217
Rv2110c	17042	14965	16618	21637	16734	23864	20925	18069	16892	12752	11870	10702	22976	14869	16141	21494	11961	17262
Rv2111c	2233	1897	2036	2474	2256	2452	2517	2122	1812	1627	1478	1447	2947	1829	1848	2442	1573	2315
Rv2112c	10324	9086	11387	10975	10916	14646	12052	11173	10592	9320	9046	7713	11120	11622	10594	12046	9782	12637
Rv2113	1695	2168	2148	1850	2158	2754	2442	2700	2307	1649	2284	1578	2052	2755	2318	2528	2510	3123
Rv2114	5858	5632	5552	7009	5650	7707	8018	7561	5871	4772	4589	4235	7774	5432	6027	8284	5216	7212
Rv2115c	30514	26925	21512	36989	32685	31546	37291	33048	23988	18887	16689	13655	34070	20599	19712	35555	18206	24504
Rv2116	805	844	874	871	794	1164	963	925	955	643	717	520	896	844	797	948	688	949
Rv2117	606	549	677	630	549	840	777	572	688	544	479	486	589	566	607	803	508	681
Rv2118c	1933	2031	2218	2188	2191	2997	2259	2053	2156	1844	2071	1384	2172	2454	2094	2404	1986	2278
Rv2119	1546	1274	1235	1969	1308	1640	2085	1635	1466	1100	690	681	1888	900	935	2036	866	1315
Rv2120c	2735	2797	2464	2922	2848	3123	3935	3176	2619	2463	2448	2066	2459	2952	2785	3303	2519	3900
Rv2121c	1033	998	1139	1069	1379	1494	1575	1393	1561	921	1129	955	969	1345	1249	1389	1183	2103
Rv2122c	102	102	116	74	124	128	116	125	112	85	130	77	90	149	117	99	85	165
Rv2123	1001	903	954	1255	778	1561	1250	914	1000	507	477	543	1123	546	801	1023	424	862
Rv2124c	30806	32657	29705	39026	33644	43045	38244	34104	30558	14172	16767	13275	33001	20971	19715	32771	16569	22147
Rv2125	4367	4982	6015	4821	5783	7687	5224	5396	5898	2849	3807	2866	4743	4868	4248	4649	3731	4917
Rv2126c	880	1150	1176	1099	1164	1507	962	1100	1149	500	839	436	990	818	744	844	631	778
Rv2127	25532	23958	25950	27131	21709	37666	30347	26571	26006	17955	17637	14354	22925	21410	20774	26056	17514	21933
Rv2128	3322	3511	3259	3965	3083	4612	4110	3072	2858	2210	2396	1859	3502	2484	2524	3459	2157	2679
Rv2129c	5775	5099	5719	7460	4880	8257	7449	5433	5324	4155	3412	3251	7406	4273	5025	6764	3549	4911
Rv2130c	6727	6231	6648	7916	6918	9040	8248	7123	6932	5384	5729	4752	8573	6568	6764	8536	5586	7538
Rv2131c	7940	7569	9540	9822	10161	11626	8887	8607	8917	6636	7315	6095	10955	8995	8524	8974	6827	10112
Rv2132	1353	1222	967	1606	1116	1386	1664	1316	1071	1131	1084	835	1732	1115	1107	1784	1011	1380
Rv2133c	4387	4381	4523	5479	4224	6725	5731	4541	4792	2839	2727	2320	4757	3070	3567	4760	2663	3915
Rv2134c	9844	10908	11893	11927	12901	15089	11925	12448	12207	5738	7441	5361	10772	8804	7753	9800	6926	9263
Rv2135c	5250	4976	4656	8268	4057	7004	6137	4493	4525	3722	3715	2754	9620	3677	4857	7128	2968	4299
Rv2136c	11463	8543	9867	15252	8023	14411	16426	10187	10889	8674	5994	6851	17219	7162	10406	17292	6508	11756
Rv2137c	21843	19061	16283	24355	24044	18985	25143	22452	16619	14886	14545	11647	29272	17785	15106	26432	15918	22408
Rv2138	3875	4285	4196	4490	4142	5451	4887	4019	3865	3767	3117	3047	5500	4058	4101	5271	3237	4843
Rv2139	7141	6693	7417	8093	6818	9905	9634	7825	7751	5824	5534	4551	8566	6692	6664	9725	5770	8231
Rv2140c	2811	2479	2894	2823	3469	4059	4210	4296	3841	2544	2521	2072	3032	3423	3030	4566	3312	4663
Rv2141c	3260	3324	4030	3349	3816	5089	4692	3991	4091	2945	3278	3026	3570	4287	4005	4254	3407	5335
Rvnt22	74	35	68	85	42	108	90	61	59	47	23	48	101	23	51	108	44	69
Rv2142c	669	531	681	893	476	784	834	491	595	494	275	453	929	364	522	734	339	606
Rv2142A	1343	1419	1232	1369	1502	1472	1440	1534	1288	886	703	665	1259	1064	844	1115	797	1195
Rv2143	3879	3624	3693	4695	3580	5192	5275	4107	3817	3085	2947	2434	5164	3302	3651	4866	2765	4154
Rv2144c	6805	5775	5528	8889	5599	7473	8749	6366	5481	6217	5208	4270	11365	5768	6722	10193	5014	7427
Rv2145c	16471	15034	12209	21802	13719	18110	19784	14714	11986	15804	11494	10134	28100	13596	15333	24850	10210	15772
Rv2146c	5259	5663	4978	6395	5043	7082	7561	5954	5285	4037	3922	3754	7287	4815	5638	7821	3909	6208
Rv2147c	12206	10551	8947	14458	12214	11373	15809	11084	8707	12131	7483	7196	18767	10367	9408	18515	8550	12805
Rv2148c	2537	2036	2096	3722	1912	3071	3159	1967	2155	1922	1528	1219	3681	1687	2020	3071	1377	2102
Rv2149c	6018	5278	5645	7898	5469	7323	7829	4895	5674	4084	4131	3251	7969	4525	5001	6872	3780	5891
Rv2150c	14044	12254	12365	18238	13023	17051	18967	12761	13212	11607	9926	7642	20427	12366	11708	19084	10804	14690
Rv2151c	4543	3452	3765	5685	3689	5443	5246	4111	3743	3998	2652	2433	6913	3157	3692	6465	2698	4067
Rv2152c	6706	5750	5991	8795	5806	8170	7596	5816	5568	5766	4277	3530	10796	5141	5299	9168	4339	5854
Rv2153c	6916	7426	8019	9450	7763	9904	8215	7394	7574	4977	5940	3820	11093	6301	6113	9069	5046	7165
Rv2154c	18949	16632	16875	25057	18036	22623	22776	18839	17112	15941	12079	9485	28880	14895	14542	27145	13512	17747
Rv2155c	10636	10688	12081	14042	11284	15812	12941	12135	12204	8776	8761	6353	16704	9980	9924	15546	8886	11897
Rv2156c	6708	7466	9078	8645	8038	12068	8792	8765	9333	5224	6116	4694	10748	7908	7079	10312	6962	8624
Rv2157c	5154	5804	6748	7004	6345	8768	6389	6546	7139	3571	4541	3413	9166	5636	5104	8014	4905	6282
Rv2158c	12359	16522	13935	15471	18101	17295	15943	18102	14647	8575	14262	8373	20792	15644	12445	21409	13267	16609
Rv2159c	18518	27178	13124	22630	30322	18171	24939	30306	15435	12276	20731	10757	32128	25397	16464	37521	23482	25456
Rv2160c	8369	9953	6681	9456	14098	8729	12728	13268	7583	5834	8615	5536	12798	11538	8237	16171	10562	12830
Rv2161c	27239	37683	28467	36466	41800	36895	38356	39812	29762	17850	31233	18410	45569	35996	28501	45519	28757	36882
Rv2162c	20943	34431	32604	26894	36999	42608	28708	32967	33079	12194	25401	13279	29099	29901	20668	29871	23142	28061
Rv2163c	13733	11540	12909	15696	13236	17414	17862	14610	14233	11131	6900	7433	17382	8693	9831	20516	9016	14384
Rv2164c	6670	7033	7589	8098	8235	10107	9186	8883	8836	4921	3990	3269	8668	4860	4986	10496	4793	7980
Rv2165c	6472	5615	5994	7815	5445	8215	8117	5938	6018	5606	3307	3293	8661	3648	4948	8486	3278	5692
Rv2166c	7022	6712	6419	8117	6236	8946	8763	6815	6454	6590	3288	3934	9859	4278	6029	9445	4047	6738
Rv2169c	3806	3173	3324	4176	4170	3921	5483	4945	3745	2508	2140	1999	3828	2782	2323	4566	3015	4324
Rv2170	848	663	768	859	808	1012	979	895	776	635	511	436	817	637	628	861	606	868
Rv2171	3072	2965	3478	3064	3548	4668	3885	3817	3894	2818	2992	2431	3070	3664	3405	3784	3029	4462
Rv2172c	4948	4222	4895	6533	4412	6631	6095	5107	5083	4272	4048	3646	7666	4925	5321	6451	3824	5460
Rv2173	3550	3058	4471	3739	3583	5373	4440	4175	4555	3003	2721	2753	3746	3463	3508	4247	3157	4758
Rv2174	5134	4603	5849	6202	4604	8073	6828	5819	6437	4408	3762	3352	6146	4620	4916	7073	4026	5890
Rv2175c	1773	1804	1889	2018	1869	2697	2387	2365	2138	1368	1485	1217	1859	1737	1684	2231	1473	2150
Rv2176	1869	1768	2233	2041	2022	2826	2367	2371	2270	1571	1579	1527	2259	1941	1975	2376	1713	2501
Rv2177c	1286	1284	1287	1734	1073	2008	1705	1439	1433	1143	900	791	1886	1198	1180	1723	1002	1381
Rv2178c	11145	10207	12003	12166	11173	16065	13885	11591	12462	10961	8871	8970	14056	11644	12325	14566	9583	15036
Rv2179c	439	477	541	422	537	800	592	662	633	382	457	344	361	522	468	626	453	695
Rv2180c	1500	1283	1839	1342	1510	2294	1785	1676	1863	1211	1256	1103	1321	1531	1522	1555	1433	1956
Rv2181	10132	10733	11334	10850	11326	15736	12310	12395	12206	7401	8995	6223	9934	9880	9272	11185	8444	10508
Rv2182c	9353	8860	8194	10956	10105	12068	12599	12159	9763	6484	7043	5205	9672	8797	7640	11748	7659	10019
Rv2183c	3340	3409	3342	4564	3326	4813	4234	4187	3683	2516	2653	1888	3803	3154	2988	4151	2916	3524
Rv2184c	11393	11636	11291	12534	11656	16270	15353	14970	13449	8070	10022	6838	10515	10896	11006	14796	10050	13367
Rv2185c	3787	4137	4121	3638	5548	5647	5490	5456	4567	3113	3570	3036	3461	5167	4070	4878	4251	5789
Rv2186c	1248	1016	1107	1234	1630	1516	1309	1438	1213	1025	1137	833	1243	1377	1180	1338	1250	1580
Rv2187	8176	7535	5943	7442	10347	8024	12203	11419	7611	6586	6141	4979	8045	8727	6752	14162	8296	11519
Rv2188c	2317	2424	2671	2507	2364	3504	3587	3303	3013	1929	2043	1841	2598	2404	2519	3731	2376	3388
Rv2189c	4762	2981	3494	6626	2569	4873	7243	3689	4293	3675	2136	2516	6948	2653	3872	6853	2536	4603
Rv2190c	36430	35440	32499	40879	29619	45033	51858	35623	37249	29157	28036	24230	41560	32938	33935	50448	28373	40925
Rv2191	5343	5854	6038	6551	6035	8330	6026	6436	5955	2391	2859	2061	6386	3345	3150	5962	2693	3769
Rv2192c	4711	5189	6998	5621	6075	8281	5626	5504	6551	3388	4667	3366	5441	5755	4926	5303	4303	5752
Rv2193	27500	25279	26381	28571	30390	36874	32085	30665	27660	19070	18421	19001	28845	28480	23856	29979	22424	31690
Rv2194	29365	24533	26289	27203	30733	38440	35085	31396	27823	20487	21724	17820	26960	28450	24778	33896	22744	30988
Rv2195	47075	46357	39860	54623	45483	59512	55111	46484	40727	32180	37322	26043	55751	42606	39148	62151	36555	47278
Rv2196	79396	75370	75146	90961	78996	106968	92910	85150	77727	56348	61327	49211	101613	79820	70590	106210	64538	82204
Rv2197c	8447	8529	9069	10522	9053	11946	10832	9091	9310	6442	7103	5508	11510	8780	8237	11515	7056	9793
Rv2198c	7708	7165	7737	9473	6196	11006	9920	7627	8021	6551	5186	4992	10543	6920	7716	11107	5949	8571
Rv2199c	13985	12135	15066	13906	14266	20428	17805	16190	16549	10987	11049	10469	14531	14070	14114	18706	12888	18656
Rv2200c	21772	19638	20803	24289	20164	30914	27502	24683	22696	17928	16788	15025	25929	21952	20726	29261	19615	24505
Rv2201	6448	6704	8216	7025	6878	10927	8271	7826	8547	4829	4972	4806	6391	6195	6782	7479	5394	8347
Rv2202c	12619	15470	13781	14792	18154	19297	16280	17595	14492	6768	8441	6723	12386	11825	9512	12485	8746	11846
Rv2203	8231	10097	7995	10848	8943	12530	10688	10428	8625	6763	7330	5721	12284	9154	9433	11367	7295	9541
Rv2204c	8365	8163	7336	10326	9175	10193	10536	9830	6960	6498	7898	5417	12398	8747	8853	11290	7413	9422
Rv2205c	1634	1778	1907	1959	1627	2677	2192	2043	1835	1331	1336	1339	2053	1698	1887	2206	1445	2082
Rv2206	4830	5514	5290	5114	6710	6924	6124	6359	5564	4037	5470	3893	5198	6876	5421	5830	5233	7327
Rv2207	6528	8022	7578	7796	8251	10178	8148	8425	7971	4907	8034	4603	7709	8450	7323	8503	6283	8968
Rv2208	5072	6291	5882	6270	6472	7360	6422	6263	6009	4430	5917	3806	7517	6215	5640	7837	5305	6846
Rv2209	9546	9566	10455	11530	8775	14356	11795	10381	10125	5998	5788	5690	10710	7278	7876	10288	6311	8861
Rv2210c	5786	6038	6764	7030	6180	9125	7383	6880	7072	4902	5600	4265	7424	6391	6293	7631	5093	7453
Rv2211c	5033	6674	6729	5286	6275	8699	6821	6857	7200	4929	7010	4819	5190	8162	7066	6573	6187	8836
Rv2212	3222	3165	3146	3562	3476	4457	3968	3990	3615	2530	2428	2061	3369	3147	2902	4040	2903	3790
Rv2213	9504	9742	11903	10130	11440	14475	13050	12124	12200	7233	8513	7400	9187	10855	10239	11177	8605	13533
Rv2214c	19043	17491	23082	19335	22869	29042	21688	21378	22947	14263	14716	12902	19746	19693	17545	21928	16459	22803
Rv2215	27272	24250	26364	24444	33604	33664	30978	31437	26985	18992	21628	15425	23003	28124	20523	31143	24189	29439
Rv2216	12255	13347	13637	13973	14043	18312	14141	14029	14453	8631	11420	6926	13434	11877	10657	15129	10414	13888
Rv2217	7605	7225	8764	8046	9621	10769	9546	9185	8883	6452	6334	5915	8072	8419	7256	8893	7522	10730
Rv2218	9305	7867	7791	8917	8813	10965	10524	9115	8163	7378	6999	4957	8822	7731	7569	10059	6865	8684
Rv2219	10067	10451	9821	11997	11244	13437	12852	11727	10421	7950	9075	5927	12132	10442	8937	13121	8979	11431
Rv2219A	2506	2182	2299	2995	2424	3127	3410	2694	2466	1911	1697	1528	3094	2132	2313	3230	2116	2850
Rv2220	28426	31084	19678	25325	38870	28573	39643	42831	24618	28728	32374	23526	29339	49345	32185	45065	42242	49309
Rv2221c	18345	19499	18918	21302	20510	25276	22610	21556	19760	14235	19257	13484	20964	22036	20271	23113	17908	23241
Rv2222c	17130	15413	15742	19772	16920	22682	19434	17116	15213	16676	13990	12834	23242	18832	17593	21710	14131	19804
Rv2223c	5874	5085	4615	7100	4791	6558	6723	5178	4598	4785	3739	3235	7738	4410	4758	7314	3763	5470
Rv2224c	11263	11978	11236	12754	14610	14821	14121	13912	11506	8359	9780	7051	12514	12978	10071	13761	10179	13442
Rv2224d	57	65	85	65	77	128	103	94	110	59	71	76	81	60	80	110	95	110
Rv2225	8835	9510	10277	10030	9023	14056	10547	11434	10721	6209	7111	7258	9587	8542	9962	10780	7582	13429
Rv2226	5463	4319	5153	6714	4906	6415	6846	5155	5425	3184	3198	3077	4456	4057	4420	5752	3965	7356
Rvns01	517785	613305	544455	520919	735810	690723	660691	797079	553465	302740	355434	314117	487818	583451	482403	546331	476499	622052
Rv2227	2920	2440	2629	3620	2165	3837	3796	2841	2728	2554	1898	1708	3938	2126	2522	3689	2039	2884
Rv2228c	4684	4281	4943	5409	4359	6715	5699	5169	5112	3742	3683	2793	5567	4440	4363	6149	4032	5233
Rv2229c	3034	2982	3094	3302	3440	4316	3937	3625	3229	2547	3002	1817	3188	3330	2924	3945	3025	3446
Rv2230c	4770	5003	5536	5208	5815	7346	5717	5333	5864	3524	4811	2883	4698	5186	4499	5518	4301	5428
Rv2231c	2829	2962	3625	2917	3456	4450	3785	3257	3472	2354	2844	2016	2708	3381	2674	3227	2803	3473
Rv2231A	465	400	555	380	383	682	563	533	540	382	326	412	438	434	500	512	413	661
Rv2231B	27	21	34	26	24	64	36	38	42	26	19	26	36	29	39	27	28	38
Rv2232	2168	2337	2632	2179	3138	3081	2367	2783	2591	1745	2029	1613	2249	2683	2094	2218	2057	2765
Rv2234	1514	1670	1820	1501	2373	2228	2040	2133	1865	1206	1546	994	1480	2069	1319	1928	1600	1986
Rv2235	3150	3577	3218	3182	3362	4492	3650	3399	3212	2270	3092	1752	3124	2940	2758	3745	2339	3185
Rv2236c	1143	1192	1261	1453	1102	1800	1372	1222	1183	915	997	694	1537	1057	1129	1401	959	1263
Rv2237	4442	4284	4034	5430	3972	5921	6006	4764	4105	3629	3425	3160	6311	3920	4602	6398	3344	4682
Rv2237A	1935	1902	1898	2027	2099	2421	2222	2000	1688	1674	2055	1511	2624	2132	2111	2332	1798	2247
Rvnt23	55	47	54	56	40	85	74	37	47	45	33	33	69	34	53	53	35	63
Rv2238c	5905	5432	6075	6227	5892	8199	7111	6165	6211	4618	4672	3583	6047	5574	4968	6728	4730	5748
Rv2239c	5993	5854	6397	6277	6649	8718	7472	7016	6327	4476	5142	3578	5960	6476	5339	6744	5315	6269
Rv2240c	3660	5169	5005	3961	5310	6232	4641	5091	4960	3399	4506	3114	4101	5957	4400	4406	4542	5336
Rv2241	34722	33707	32408	36819	40076	45472	38280	38654	30569	25414	29191	20104	35777	36684	28925	38892	29136	33736
Rv2242	6135	6050	6087	7994	5955	8638	7339	6385	5844	4627	4556	3759	8998	5461	5761	7604	4424	5961
Rv2243	9671	9679	11419	7934	13152	14048	7641	9542	5896	9749	11646	9757	11551	16834	12631	10005	6678	7305
RVnc0018	0	0	0	0	0	0	0	0	0	0	0	0	0	0	0	0	0	0
Rv2244	17774	20347	19434	14956	24756	24941	13178	13174	7757	14419	23794	18022	21506	36213	22363	17704	11066	11272
Rv2245	52959	55009	70840	49933	67369	91510	38461	39376	28383	40611	72557	53216	72137	96376	74910	54947	33593	35469
Rv2246	35770	37925	50853	39325	38678	70265	25977	27099	20793	26849	45294	36743	59524	60409	56010	40061	22191	24149
Rv2247	58811	61032	87683	69752	67658	110714	43180	44619	37872	41807	71511	55227	93459	88393	80425	55538	34014	37729
Rv2248	5655	5340	5976	6717	4556	9211	3965	3634	2825	4359	5320	4721	8825	6108	7336	4937	2446	2806
Rv2249c	1050	1019	1106	1412	1112	1672	1287	1146	1200	783	659	696	1809	882	990	1317	704	1229
Rv2250c	224	213	224	260	285	275	340	356	262	204	179	147	278	207	189	319	202	361
Rv2251	1731	1895	1787	1864	2230	2439	3048	2732	2642	1270	1305	1138	1938	1661	1603	3224	1690	2999
Rv2252	1235	1036	1026	1178	1224	1448	2154	1789	1608	1040	647	718	1238	939	1103	2411	1145	1987
Rv2253	243	207	181	365	166	300	466	286	262	262	84	128	445	122	164	546	162	239
Rv2254c	379	503	372	598	351	638	500	348	325	349	241	249	881	259	397	637	175	298
Rv2256a	2313	2446	2311	3085	2252	3321	2905	2388	2163	1929	1646	1368	4178	1779	2306	3925	1444	2194
Rv2256c	13994	15482	13142	18290	15601	18453	17447	15530	12922	12084	10570	9381	25106	11989	14140	21995	9731	14854
Rv2257c	5392	4799	6043	6476	4940	8116	6236	5885	6209	4106	4168	3092	5936	5174	5201	6113	4465	5819
Rv2258c	8564	7783	9344	9410	8592	11856	10648	9108	9409	7244	7109	5802	9033	8929	8183	9688	7653	10087
Rv2259	8975	9598	9174	10456	11779	11270	11330	10885	9665	7121	8689	5950	9491	11573	8155	9787	9654	11207
Rv2260	5667	5610	5057	5978	6135	7222	6378	5891	5442	3821	4427	3151	5281	5904	4518	5944	5021	5568
Rv2261c	2652	2721	2531	3371	2521	3501	3397	2999	2518	1975	2124	1671	3501	2464	2502	3464	2331	2868
Rv2263	832	834	914	858	1070	1139	1095	994	882	744	746	589	928	1082	822	1028	841	1153
Rv2264c	2839	3300	2995	3309	3055	3947	3668	3585	3237	2267	2989	2075	3632	3172	3063	3982	2626	3576
Rv2265	425	466	501	425	504	670	625	587	531	358	437	334	488	560	494	594	444	662
Rv2266	2261	1452	1884	2376	2015	2546	3039	2471	2110	1605	917	1240	2230	1417	1587	2480	1486	2133
Rv2267c	1686	1085	932	1583	1289	1368	2743	1856	1469	1620	840	781	1434	959	1185	2832	1230	1879
Rv2268c	1450	1031	1006	1295	1448	1317	2378	1898	1374	1423	825	787	1093	1076	1026	2104	1248	1925
Rv2269c	313	210	408	268	257	386	371	328	362	244	179	260	250	171	274	255	221	424
Rv2270	305	321	385	277	282	567	407	415	400	317	248	264	246	250	357	268	216	413
Rv2271	3040	3783	2681	2698	3766	4173	4351	4111	3180	2549	2891	1872	2193	3886	2511	2837	3154	3422
Rv2272	3558	3923	3810	3677	3911	5711	4480	4322	4118	2718	3303	2431	2848	4109	3333	3378	3011	3975
Rv2273	726	850	924	920	756	1449	889	880	938	545	663	487	683	783	758	705	597	802
Rv2274c	276	231	347	339	225	473	350	283	373	293	213	210	281	240	292	252	186	316
Rv2274A	520	382	542	732	354	781	689	417	482	595	226	465	596	472	569	543	424	612
Rv2275	2629	2384	3230	3150	2234	4643	3576	2828	3095	2660	2071	1998	2390	2798	2914	2748	2357	3216
Rv2276	4533	4137	4958	5360	3828	7187	5370	4334	4712	3932	3455	2760	3953	4485	4019	4356	3852	4468
Rv2277c	1123	804	1155	1606	559	1827	1341	844	1013	993	534	626	1199	674	964	973	620	815
Rv2280	18569	19583	16717	15563	28465	22248	23482	25379	19065	15550	19374	11433	15789	24664	15338	23744	19627	24625
Rv2281	6093	6536	5936	6549	6421	8442	9496	8157	7520	3121	2579	2125	4955	3113	3061	5210	2652	3984
Rv2282c	566	505	609	666	463	967	809	747	738	534	403	423	489	527	526	582	487	697
Rv2283	31	27	43	30	30	57	49	38	46	37	23	30	37	37	35	34	50	56
Rv2284	4511	3468	4184	4054	5504	5102	5872	5985	4725	3649	3046	2577	3264	4803	3102	4562	4903	5680
Rv2285	5381	4539	4208	5833	5417	5777	7043	5636	4759	4224	3581	3304	5211	4792	4221	6415	4248	5876
Rv2286c	1443	1287	1021	1611	1416	1449	1913	1565	1100	989	1023	793	1544	1255	1213	1673	1178	1476
Rv2287	2134	1858	2180	2143	2114	2689	2576	2248	2112	1966	1894	1676	2262	2477	2131	2722	2123	2955
Rv2288	2297	1592	1515	2291	1991	2004	3093	2624	1789	2130	1925	1414	1974	2435	1960	3128	2768	2942
Rv2289	8053	5506	5101	7796	6854	6804	11789	9081	6183	7675	4886	4956	7094	8167	6424	11123	8713	10550
Rv2290	5855	4304	4784	6408	4171	6290	7436	5774	5110	5146	3590	3365	6675	4659	4718	7732	4675	6137
Rv2291	8776	7294	10134	9952	8602	13013	10569	8878	9374	6621	6121	5440	9697	7665	7457	9876	6664	8749
Rv2292c	589	420	511	642	360	682	711	447	445	432	314	272	688	344	435	688	346	498
Rv2293c	1527	1392	1138	2028	1159	1617	1930	1424	1054	1380	895	920	2315	1172	1349	2308	966	1392
Rv2294	1782	1923	1891	1830	2256	2426	2695	2543	2116	1844	1920	1522	1632	2667	2023	2392	2109	2968
Rv2295	7081	6353	6687	9389	5622	10145	9070	7467	6561	5699	4556	4701	10579	5683	7248	10061	4803	6741
Rv2296	5040	5785	4367	6712	5684	6557	6717	6698	4602	3892	4224	2985	7108	5322	4709	6929	4157	5497
Rv2297	1410	1417	1229	2001	1604	1764	2099	2088	1324	1123	952	676	2082	1435	1114	2161	1358	1547
Rv2298	4961	5077	4432	5694	5550	6296	6940	6602	5720	3482	3876	2916	4990	5100	4241	6105	4562	6212
Rv2299c	12333	11939	12169	11539	15705	16674	17539	16037	14723	10686	11408	8960	10522	15885	12565	16471	13580	19191
Rv2300c	1331	1323	1322	1380	1582	1775	1571	1721	1513	1051	1232	913	1453	1590	1215	1864	1312	1738
Rv2301	3446	4841	3399	3627	5358	5099	5106	6563	4410	2119	3529	2018	2811	4627	3060	4619	3774	4799
Rv2302	2463	3121	2396	2616	3953	3153	3888	3918	2775	1749	1970	1737	2731	3205	2294	3567	2662	3832
Rv2303c	4900	5950	4672	6033	5640	7160	7349	7105	5863	3433	4028	3201	5851	4927	5124	7568	4377	6415
Rv2304c	382	446	436	475	481	664	521	492	458	282	313	280	522	410	402	558	325	429
Rv2305	1470	1519	1496	1497	1949	1899	1899	1853	1646	1185	1225	1089	1509	1785	1417	1900	1549	2019
Rv2306A	1454	1363	1657	1722	1629	2131	1801	1661	1737	1185	1287	1087	1693	1429	1594	2017	1333	1899
Rv2307c	1277	1309	1406	1605	1219	1929	1709	1663	1437	1042	1188	945	1764	1294	1471	1848	1083	1622
Rv2307A	255	190	210	349	148	287	331	185	205	246	148	180	481	143	244	382	144	278
Rv2307B	235	177	221	344	159	339	337	224	196	312	132	174	555	187	278	478	149	274
Rv2307D	570	411	442	805	463	515	628	437	372	735	394	443	1404	478	557	884	415	708
Rv2308	1057	842	933	1201	892	1233	1128	842	825	595	400	474	1429	541	588	1156	400	733
Rv2308a	1737	1203	1718	1686	1366	2218	2112	1710	1676	1498	916	1224	1810	1338	1449	2112	1203	2000
Rvnt24	668	488	447	710	594	573	674	569	431	551	458	423	786	577	441	683	455	679
Rv2309A	57	61	46	60	46	79	73	65	54	65	40	49	63	65	56	65	50	72
Rv2310	90	69	68	99	66	108	91	77	64	68	53	41	112	51	92	112	56	76
Rv2311	437	405	404	471	470	526	640	513	393	416	350	260	526	444	386	623	386	538
Rv2312	1143	778	924	1206	803	1251	1377	1200	1025	844	611	628	1248	711	816	1489	841	1104
Rv2313c	4282	3463	3663	5047	4016	4865	5393	4428	3681	3083	2726	2281	5278	3323	3267	5374	3237	3916
Rv2314c	7590	6497	6155	9136	7087	8306	8744	6724	6101	6282	6063	4274	9981	6556	6098	9713	5579	7426
Rv2315c	6056	3986	4630	6941	5678	5685	7475	5524	4725	5446	4066	3650	7030	5252	4878	7409	4439	6412
Rv2316	172	154	118	188	165	175	235	165	152	204	149	125	192	201	169	260	149	249
Rv2317	136	91	104	134	103	146	219	135	82	180	103	115	154	129	134	220	136	193
Rv2318	711	438	550	755	548	770	1013	765	615	798	433	520	837	544	669	1169	578	958
Rv2319c	725	506	585	789	545	815	946	670	664	529	393	365	769	495	527	892	462	613
Rv2320c	1379	1184	1235	1753	1081	1766	1983	1385	1462	1022	800	665	1577	915	1053	1779	853	1343
Rv2323c	823	748	812	925	853	1068	1176	1000	863	615	524	525	896	686	635	1079	613	973
Rv2324	953	842	935	1067	805	1210	1266	1004	954	771	525	654	1217	759	950	1312	657	1185
Rv2325c	6295	7492	7282	8564	7012	9870	7363	7201	7339	4102	6176	3538	9492	6256	5529	8430	5031	6137
Rv2326c	18988	20227	21711	25351	22428	29725	22297	21143	20645	12620	15753	10469	27225	19068	16218	23914	14830	17901
Rv2327	7929	3892	4829	10337	4724	6491	6496	4473	4121	7989	3717	3888	13321	4506	5689	7820	3383	4843
Rv2328	5019	3926	5248	6600	3306	8324	7063	5230	6552	4454	2926	3317	6308	3459	5038	5585	3171	5754
Rv2329c	21522	18221	20574	23878	17848	31062	33410	29164	27827	16789	15510	11597	17015	18724	18750	24315	19870	25988
Rv2330c	637	539	606	623	627	840	743	876	695	493	414	390	591	567	500	599	572	827
Rv2331	1220	685	1074	1505	764	1133	1606	876	958	1090	558	963	1726	666	985	1122	754	1366
Rv2331A	783	700	942	952	588	1316	945	819	936	690	601	690	829	619	935	722	557	860
Rv2332	2259	2276	2635	2726	2299	3549	3138	2896	2786	2012	1664	1654	2393	2142	2364	2547	1998	3037
Rv2333c	1897	2070	2128	2010	2355	2860	2647	2779	2319	1549	1631	1442	1913	2014	1935	2279	1995	2702
Rv2334	10115	10994	13132	12124	11377	18561	13009	13123	13662	10094	8763	8418	13512	12579	12206	14550	10399	15325
Rv2335	4866	5837	6963	6612	5371	9393	5690	5489	6517	4445	4845	3958	7538	5284	6333	6311	4414	6938
Rv2336	2514	2019	2013	3690	1784	3373	3240	2302	2059	2400	1213	1621	5336	1779	2490	4533	1537	2362
Rv2337c	4002	3562	3157	4551	3732	4571	6277	4969	3888	3377	2394	2453	6290	2895	3673	8979	2931	4934
Rv2338c	2266	2022	1911	2567	2389	2804	3291	2626	2156	1923	1404	1386	3483	1961	1923	4245	1861	2567
Rv2339	8432	6713	7291	9150	6581	10787	10204	7787	7537	6707	4776	4811	10980	5979	6768	11101	5075	7472
Rv2340c	3718	4480	4246	4146	5363	5551	5126	4925	4370	2885	3275	2598	5144	4023	3523	5353	3504	4651
Rvnt25	145	137	108	139	137	182	185	207	129	104	109	87	147	132	128	208	130	179
Rv2341	285	274	273	412	234	347	363	298	289	264	243	207	478	259	268	430	232	303
Rv2342	2249	2009	1729	2594	2299	2250	2690	2700	1853	1389	1567	979	2522	1748	1522	2408	1644	1946
Rv2343c	7308	6475	6789	8896	7084	8806	8852	7207	6674	6168	5087	4216	9821	6252	6231	9072	5483	6992
Rv2344c	3782	4025	4989	4201	4344	6205	4729	4341	4833	3436	3865	2947	4399	4257	4367	4421	3429	4786
Rv2345	12137	13182	12132	13453	15550	15761	16817	16314	13279	8810	10757	7981	13963	14126	10905	17053	11424	15824
Rv2346c	9275	11619	6697	9525	14023	9327	14665	13661	8034	6784	7258	4813	12082	11329	6442	16470	9770	10722
Rv2347c	16102	17308	11199	17842	20907	16521	23517	21808	13449	7740	9724	5853	14766	17069	8147	20502	13970	13483
Rv2348c	5662	5759	3714	5976	6800	5332	8900	7713	4258	3499	3305	2132	7051	5499	3364	10067	5470	5189
Rv2349c	3935	2562	2291	4349	2878	3195	5033	3460	2621	3693	2032	1774	5773	2634	2626	6346	2541	3459
Rv2350c	6123	3210	3187	6987	3719	4106	7647	4068	3552	5701	2411	2590	8032	3151	3526	8323	3096	4778
Rv2351c	3164	2191	2512	2984	2580	3529	4408	3285	3114	2620	1721	1878	3440	2350	2552	5251	2209	3672
Rv2352c	1943	2139	1867	2376	2439	2331	3450	3081	2515	1334	1482	1003	2744	1877	1688	3745	2098	2867
Rv2353c	25	35	19	37	21	40	30	40	30	25	17	12	52	13	26	42	20	25
Rv2357c	2927	2869	3288	2924	3305	4507	4190	3660	3611	3155	2830	2766	3289	3888	3842	4944	3203	5052
Rv2358	1568	2072	1995	1831	2514	2519	1636	2175	2023	1344	1400	1333	2172	1865	1529	1744	1499	2279
Rv2359	2046	1851	2521	2273	2787	3179	2762	2442	2620	1893	1456	1643	2577	2071	2057	3074	2078	3046
Rv2360c	2598	2076	2402	3416	2243	3176	3105	2285	2339	2336	1582	1677	3598	1761	2319	3222	1712	2599
Rv2361c	4787	3433	3461	5255	3418	4998	5320	3844	3563	3664	2330	2398	5661	2855	3442	5289	2707	4025
Rv2362c	3760	3280	3538	4432	3926	4500	4322	3755	3362	2827	2291	2018	4561	2818	2705	4160	2446	3366
Rv2363	2382	2246	2863	2732	2416	3767	3116	2570	2809	2002	1955	1775	2683	2385	2434	2950	2063	3206
Rv2364c	3571	3430	4109	5325	3076	6107	3950	3279	3696	2551	2005	1880	5887	2920	2934	3856	1932	2585
Rv2365c	1090	978	1184	1608	1008	1649	1078	968	1093	746	580	565	1730	853	751	946	599	645
Rv2366c	5960	5932	6825	9442	5139	9187	6590	4713	5295	4180	3729	3013	10334	4203	4601	6655	3183	3919
Rv2367c	4637	3943	4029	5497	3605	6396	4371	3402	3585	3291	2692	2132	5892	2770	3685	4711	2007	2860
Rv2368c	13255	10252	12658	17738	11739	16925	15358	11452	11416	10482	7120	8418	19951	9001	11549	15576	7713	12492
Rv2369c	287	243	206	313	204	319	436	300	275	276	199	195	406	246	268	527	221	351
Rv2370c	882	733	823	999	803	1089	1284	926	827	829	496	510	1068	630	796	1321	622	992
Rv2371	409	585	556	505	670	747	565	621	636	340	367	296	516	468	419	540	387	565
Rv2372c	3637	6000	5769	4395	6442	7759	4783	5779	6090	2748	3750	2777	4897	4556	4315	4984	3762	4977
Rv2373c	10221	16483	13901	12550	16690	19129	13102	15109	14732	7797	11025	7511	13727	13044	11393	13375	10254	13108
Rv2374c	11004	12428	10942	12099	13270	16402	12798	12951	10998	8010	10144	6298	13189	12061	9693	13056	8984	10997
Rv2375	9709	8359	7164	10265	8859	10308	13014	10342	7807	6529	7120	5140	10004	8691	7564	11637	7439	8926
Rv2376c	19189	18868	13921	21239	18530	20137	23085	21315	15825	13317	17285	10467	19883	19365	15069	20657	15230	17386
Rv2377c	355	312	308	403	390	417	550	484	423	363	304	242	547	415	375	560	424	640
Rv2378c	1387	923	1452	1635	1009	1946	1738	1404	2081	1240	747	773	1789	977	1219	2010	1033	1847
Rv2379c	5665	4306	7193	6699	4907	9252	7874	6730	9942	5151	3417	4148	7157	4552	5260	7868	4635	9121
Rv2380c	5623	4493	7235	7191	4882	10128	7485	6456	9706	5143	3090	4034	7494	4224	5624	7728	4314	9193
Rv2381c	3015	2670	4205	3877	2783	6137	3965	3499	5881	2387	1894	2384	4152	2364	3612	4141	2341	5694
Rv2382c	2151	2358	2910	2589	2564	4108	3248	3256	4069	2047	2061	2097	2786	2459	3225	3224	2346	5563
Rv2383c	3441	3665	5875	3683	4438	7563	4879	5300	8101	3036	2460	3949	3706	3299	5500	4957	3329	9543
Rv2384	420	439	576	454	487	747	605	583	686	353	323	386	433	419	586	533	372	877
Rv2385	597	559	725	684	589	1031	810	743	798	552	358	559	723	513	788	825	498	1009
Rv2386c	467	425	628	449	516	796	689	607	733	453	250	549	485	407	807	701	381	1202
Rv2386a	1497	1477	1402	1936	1583	1985	2358	1972	1502	790	691	722	1477	972	1035	1479	858	1253
Rv2387	5896	5606	5841	6950	6069	8619	8704	8300	7103	3086	2432	2534	4586	3739	3464	5285	3472	4621
Rv2388c	5855	5436	5856	8007	5257	7713	7099	6202	5544	4402	4481	3283	8641	5182	5095	7364	4389	5724
Rv2389c	1880	1877	1203	2842	2323	1735	2215	1964	1208	1927	1817	1065	4394	2202	1600	2888	1713	1879
Rv2390c	2826	2443	1438	5438	3121	2150	2721	2309	1519	2778	1946	1231	8465	2442	1993	4016	1703	2093
Rv2391	46423	55024	38630	63615	50289	60474	65405	60386	41261	44991	39370	29974	102115	51853	46216	96050	44324	50482
Rv2392	11865	12312	8995	17058	12861	13724	15735	13622	9088	11735	9241	7107	28104	13531	10822	24039	11106	12362
Rv2393	13190	15309	10970	17982	15752	15496	17602	17178	10933	13294	12436	7913	31662	16306	12346	27073	13551	13914
Rv2394	13238	13489	11818	17621	13394	16507	16078	15282	11107	11957	11668	8297	28830	14687	12706	24069	11626	13753
Rv2395	6210	5470	6465	7955	5358	8913	7635	6288	6391	5270	4630	4069	10011	6043	6175	8834	4820	6527
RVnc0024	6738	5965	5067	8230	5951	6398	8970	7084	5754	5333	5663	4732	9399	6654	6275	9581	5604	8287
Rv2395A	0	0	0	0	0	0	0	0	0	0	0	0	0	0	0	0	0	0
Rv2395B	5456	4108	3818	6533	4046	4854	8010	4575	3722	3951	3659	3128	7217	3988	4709	6848	3768	5461
Rv2396	10484	11891	8979	15044	10873	12823	14153	11002	9439	6729	8836	6065	15684	10824	9445	13800	7959	10475
Rv2397c	4401	5434	5256	6336	5626	7260	5785	6041	5232	3992	4121	3634	7370	5438	5640	6460	4738	7060
Rv2398c	1856	2316	2706	2787	2156	3998	2354	2805	2800	2280	1759	2134	3125	2322	3340	2928	2254	3758
Rv2399c	3063	4026	3480	4238	3725	5143	4288	4724	3692	3188	2946	2644	4568	4092	4034	4584	3568	5289
Rv2400c	3210	4194	4019	4093	3238	6341	4338	4275	4397	3466	3544	3062	4421	3916	5101	4710	3234	5358
Rv2401	757	829	984	888	800	1405	1107	929	1048	910	840	778	1119	882	1309	1108	846	1252
Rv2401A	238	233	203	261	215	297	314	301	229	232	245	170	380	287	300	351	247	317
Rv2402	6263	6037	6021	6713	7012	8400	7993	8052	6385	5325	5466	4072	6350	6750	6292	7766	5802	7796
Rv2403c	4339	3975	3959	4625	4491	5833	5288	4999	4326	4176	3568	3000	4852	4690	4307	5688	3869	4835
Rv2404c	3234	3860	3824	3584	3648	5634	4220	3884	4252	3329	3794	2843	3868	4590	3928	4379	3617	4699
Rv2405	2829	2781	2746	2923	3365	3660	3339	3580	2782	1906	2356	1596	2443	2707	2120	2874	2449	3103
Rv2406c	2606	2888	1343	3509	2732	1903	3455	2796	1302	1699	1669	1263	4256	2221	1755	3686	1509	1946
Rv2407	363	382	335	378	497	465	476	507	356	321	297	253	399	441	328	474	357	489
Rv2408	1328	1320	1268	1661	1318	1760	1786	1547	1412	989	850	808	1582	982	1005	1681	966	1437
Rv2409c	3287	3261	2859	4101	3368	4118	4330	4242	3245	2284	1775	1478	3734	2302	2152	4668	2218	3174
Rv2410c	6165	6110	5319	7201	6471	7561	8043	7520	6074	3932	3127	2574	6073	4145	3886	7984	4066	5753
Rv2411c	9323	9298	8280	9923	10903	11832	12601	12177	9410	5653	5557	4081	8202	6864	5873	11138	6214	8461
Rv2412	4073	5881	5224	3950	5246	7185	5762	5813	5978	4002	5571	4330	4657	6758	6129	5578	5346	7345
Rv2413c	4233	4847	4898	4784	4801	6930	5495	4771	5129	3489	4218	3187	4898	4612	4637	5534	3824	5476
Rv2414c	3542	4097	4682	3793	4113	6164	4384	4437	4451	3045	4416	2948	3912	4932	4561	4226	3670	4832
Rv2415c	532	503	567	585	534	841	682	707	715	437	478	404	492	512	568	638	479	737
Rv2416c	1765	1881	2294	1773	2359	2937	2615	2636	2575	1244	1456	1427	1571	1790	2068	2075	1660	3148
Rv2417c	5587	4391	6256	6959	4563	8329	6664	5305	6546	4516	3756	3325	7294	3985	5170	6973	3481	5310
Rv2418c	2181	1634	2327	2672	1814	3127	3071	2128	2394	1894	1409	1463	2483	1781	2190	2931	1651	2789
Rv2419c	2731	2753	3517	3267	2882	4497	3951	3323	3953	2372	2624	2109	3051	2962	3192	3676	2635	4006
Rv2420c	863	940	1103	947	831	1457	1117	965	1162	781	898	682	998	976	1018	1110	817	1167
Rv2421c	2048	2393	2591	2316	2338	3716	2933	2823	2870	1919	2465	1829	2307	2647	2758	3008	2347	3092
Rv2422	140	206	194	160	229	228	199	214	185	190	176	177	211	176	205	227	196	268
Rv2423	855	738	891	914	831	1190	1143	1055	946	528	500	398	658	614	636	802	511	789
Rv2424c	1177	991	1155	1687	819	1837	1448	1119	1187	1005	805	697	1897	850	1158	1574	785	1115
Rv2425c	5219	3739	5587	6393	4298	7578	6407	5003	5612	5397	3633	3455	7898	4420	5151	8163	4476	6133
Rv2426c	4442	3538	4117	4732	3890	5789	4952	4437	4337	4165	3665	2495	5688	4126	3878	5980	4138	4859
Rv2427c	7690	6881	8375	8345	8541	10134	9105	7941	8545	7991	6715	5922	9328	8772	7700	9767	7412	9868
Rv2427A	247	214	439	277	219	575	329	313	488	239	216	232	284	241	302	219	266	402
Rv2428	2299	3186	4633	2001	4076	6880	3686	6151	9164	3289	5070	2886	1638	7306	3991	3054	8422	9103
Rv2429	3932	3779	6275	4817	3851	8912	5216	5731	9739	4832	4225	3781	3814	5951	5109	4082	7339	9375
Rv2430c	6606	5339	5281	9011	4223	8157	7033	5027	5471	5281	4075	3197	7298	4873	5266	5371	4255	5146
Rv2431c	5943	4869	4901	7517	3850	7429	7371	5248	5111	4803	4264	3267	5978	4348	5282	5451	3618	4947
Rv2432c	2860	1821	2303	4461	1681	3422	3705	2064	2219	2258	1471	1624	3874	1670	2633	2871	1604	2322
Rv2433c	299	237	246	366	245	372	362	274	245	255	190	157	349	235	250	314	187	239
Rv2434c	1698	1495	1576	2113	1467	2318	2239	2113	1695	1537	1201	955	2026	1458	1489	2265	1407	1815
Rv2435c	2076	1727	1925	2405	1726	2718	2866	2361	2189	1857	1277	1274	2126	1748	1771	2457	1558	2272
Rv2436	1779	1340	1788	2307	1545	2465	2024	1929	1831	1808	1027	1113	2025	1338	1593	1789	1225	1875
Rv2437	1086	694	1026	1423	790	1425	1291	940	1036	961	517	604	1627	702	897	1406	692	964
Rv2438c	12333	11292	10778	13833	12715	15295	14146	12626	11267	11413	11099	7583	14873	12189	11312	15551	9964	13379
Rv2438A	314	268	231	428	219	386	378	281	289	255	228	200	467	289	284	454	213	336
Rv2439c	4143	4947	4028	5410	5663	5189	5629	5486	4357	3750	5378	3140	5943	6547	4936	6066	5198	5900
Rv2440c	7582	7763	7871	9923	7916	11979	10669	9465	8878	7020	8184	6058	10218	10099	9845	12019	8172	10894
Rv2441c	5600	6275	5909	5782	6925	8370	8210	7675	6795	6219	7131	5100	6353	8889	7404	8888	6835	8956
Rv2442c	3667	4354	3708	4034	4121	5844	5276	4935	4130	4279	4989	3534	4557	6020	5456	6462	4560	5957
Rv2443	5287	5335	4987	7480	4930	7411	6289	5175	4406	4821	3894	3928	8990	5586	5681	6562	3895	5519
Rv2444c	42608	43328	42064	58412	41143	58857	47401	37325	35293	35820	35357	29165	70947	42231	45390	56427	28906	39480
Rv2445c	2739	3305	3186	3233	3021	4644	3755	3204	3566	2778	3690	2775	3558	4333	4043	3844	3025	4650
Rv2446c	1963	1804	2589	2559	1816	3456	2449	1962	2641	1594	1738	1308	2609	1746	2280	2722	1676	2359
Rv2447c	10970	12119	15334	14352	12323	20439	13306	12039	15159	9352	10138	8253	14360	12055	12461	14914	10134	14306
Rv2448c	14076	14711	17278	14650	16518	23106	17234	15663	17478	11619	12926	9890	14221	15527	14629	16984	12568	18904
Rv2449c	6848	7422	9048	6938	12215	10752	7882	9950	8431	5454	7296	5006	7127	9908	6615	8243	7822	9813
Rv2450c	971	2579	9249	1228	2023	11426	945	2337	7140	1148	3777	2495	1050	3550	3743	997	2550	3896
Rv2451	1580	1678	3922	2097	1372	5178	1884	1874	3936	1541	1948	1730	2011	2116	2619	1664	2034	2965
Rv2452c	328	216	411	543	174	655	500	243	442	368	196	254	540	237	454	422	266	415
Rv2453c	4419	4019	5922	5560	4022	8652	6358	5918	7752	4474	4557	3535	4735	4831	5706	6032	5590	8042
Rv2454c	16858	17405	22007	18678	19045	31617	24232	23594	28430	17597	18506	15526	16854	23299	22736	22824	23289	33143
Rv2455c	24865	24014	30016	23001	30576	42107	31322	31697	35907	21434	25322	19762	20556	31691	27193	28306	28423	40682
Rv2456c	6688	5799	5532	9584	4744	8279	8722	5880	5489	4453	3576	3468	10010	4189	5449	8814	3585	5472
Rv2457c	51909	47747	38990	61310	49353	56776	67560	59537	42988	38644	34119	27875	62269	42826	41499	69374	36623	50539
Rv2458	892	945	1177	1019	1164	1462	1251	1173	1163	767	804	741	1116	1001	998	1198	882	1375
Rv2459	10529	11882	8885	11740	12291	12838	14327	14538	10159	7585	8858	6797	12906	10700	10440	15855	10103	12500
Rv2460c	12735	15636	12778	13071	19431	18523	18273	21568	16029	9955	11364	10451	12871	18143	14177	16854	15230	19739
Rv2461c	11025	14047	11038	12169	17188	15323	15678	18905	13520	8794	11514	9172	11721	16187	12352	14700	14014	18320
Rv2462c	19859	20885	22336	22090	21198	32732	23336	22014	22305	16580	19946	15392	22443	22914	22595	24465	16721	23348
Rvnt26	543	473	475	763	503	687	651	433	455	410	307	371	874	408	475	629	366	511
Rvnt27	58	63	71	96	64	93	79	57	60	55	38	56	105	57	73	69	46	75
Rv2463	11511	10484	13142	12685	9981	17282	14119	11987	12509	10983	9285	9363	13897	12101	13592	14653	9298	14216
Rv2464c	3713	3249	4194	4080	3297	5554	4551	3845	4287	3316	2647	2648	4163	3495	3909	4510	2993	4451
Rv2465c	1695	2521	2131	1828	2705	2691	2162	2410	2147	1537	1654	1507	1954	2092	1977	1922	1692	2495
Rv2466c	1424	4384	2654	1309	5353	3770	2312	5740	3629	810	1518	1987	1104	1971	2863	2059	1859	3824
Rv2467	14080	16180	18127	14438	18742	23396	18257	18817	19142	11333	13925	10793	13191	18592	14837	17001	15424	20495
Rv2468c	6832	7835	7674	7145	9049	10411	8603	9384	8212	4685	6859	4205	6026	8622	6222	7579	6903	8344
Rv2468A	2472	2836	2576	2487	3133	3747	3244	3416	2706	1639	2501	1417	2246	3044	2110	2870	2459	2712
Rv2469c	3940	3675	4168	3654	4398	5343	4742	4592	4256	2208	2416	1740	2580	2799	2414	3428	2425	3156
Rv2470	3110	2433	2745	3482	2870	3621	2948	2762	2628	2245	1912	1802	3477	2477	2322	2748	1890	2864
Rv2471	8228	7614	7506	9779	8045	10699	9191	7672	6868	6578	6313	4708	9820	7081	7145	9197	5355	7254
Rv2472	1912	1710	1742	2285	1865	2374	2168	1941	1679	1748	1305	1116	2791	1630	1651	2506	1497	1938
Rv2473	1613	1593	1499	2150	1521	2264	2088	1849	1455	1436	1285	955	2453	1575	1420	2236	1278	1528
Rv2474c	4405	3606	4563	6156	3629	6286	5231	4329	4732	3599	3089	2556	6673	3622	3934	5915	3323	4153
Rv2475c	5084	5103	5733	6653	5371	7985	6185	5613	5777	4561	4062	3189	7483	5320	4847	7188	4536	5598
Rv2476c	57672	55614	61821	68527	61607	85296	69631	62854	64480	47245	46358	37402	71547	58763	53946	77108	50483	66952
Rv2477c	18303	16336	18840	17475	18761	25243	22359	19278	19216	14794	15334	12615	15799	18860	17308	20392	15752	21673
Rv2478c	343	312	410	408	228	600	405	369	359	267	273	285	385	320	399	374	269	482
Rv2481c	530	420	474	604	520	641	810	753	536	434	339	387	723	461	485	851	523	737
Rv2482c	14214	11562	10267	17514	12375	15083	19315	16037	12477	10464	8153	6943	20694	10193	10356	21867	10324	13613
Rv2483c	9023	8833	7001	11457	9473	10055	13039	11836	8587	5910	6190	4222	13087	7489	6423	15498	7430	9482
Rv2484c	14043	14023	12776	14661	17896	16827	19483	19501	14553	8949	11830	6968	17323	13603	10541	22005	11924	14936
Rv2485c	1355	1378	827	1295	1866	993	2154	1738	804	1403	1109	856	4358	1491	1143	7921	1356	1738
Rvnt28	39	56	56	41	36	67	57	49	53	37	26	48	64	35	57	58	31	59
Rv2486	2283	2722	2833	2296	2978	3781	2910	2905	2971	1964	2418	1842	2799	2887	2584	3079	2170	3126
Rv2487c	548	685	599	732	671	813	693	748	641	325	464	255	827	488	458	755	464	527
Rv2488c	3258	2946	3202	3667	3180	4062	4398	3815	3503	2186	2120	1697	3426	2487	2406	3856	2215	3370
Rv2489c	72	99	109	109	109	134	140	121	114	77	83	65	120	91	121	122	90	142
Rv2490c	1500	1792	1943	1822	2029	2452	1813	2065	1914	1017	1305	919	1963	1652	1231	1663	1547	1837
Rv2490a	36	36	24	32	32	42	50	34	40	34	17	24	35	31	34	60	22	43
Rv2491	69	69	59	71	66	88	92	67	68	74	44	69	85	76	67	98	46	97
Rv2492	147	182	153	174	118	256	218	139	160	148	116	99	268	125	151	239	98	161
Rv2493	1018	1006	837	1224	1183	1157	1294	895	769	1085	745	726	1728	933	838	1537	763	1093
Rv2494	2386	2025	1914	3043	1910	2838	3252	2279	2021	2232	1187	1231	3647	1647	1813	3649	1479	2195
Rv2495c	9070	8971	8466	11805	8550	11922	12131	10972	9423	7257	5842	4217	11238	6999	6747	12002	6458	8167
Rv2496c	6664	7382	6395	8643	7598	8799	9146	8015	7279	5470	5203	3462	8149	5688	5342	8487	5027	6725
Rv2497c	8648	8091	7859	9540	9087	11463	11255	9484	8500	6186	5439	4150	8779	6178	6254	9703	5200	7598
Rv2498c	2990	3081	2989	3838	3365	4115	4457	4084	3524	2181	1900	1473	3955	2324	2154	4344	2229	2884
Rv2499c	1742	1649	1532	1992	1741	2218	2403	2106	1690	1264	855	810	2165	1247	1151	2544	1047	1499
Rv2500c	4247	4057	3664	4933	4263	5468	6004	5235	4201	2740	1984	1830	4930	2596	2837	5835	2472	3518
Rv2501c	5167	5444	5272	6627	6097	7318	6925	6708	5759	3322	3223	2302	7045	3607	3439	6911	3335	4498
Rv2502c	5214	5631	4159	6339	5694	5732	7510	6417	4575	3925	3259	2404	7168	3874	3701	8024	3721	4667
Rv2503c	2440	3092	2052	2980	3511	2849	3748	3584	2164	1907	1652	1243	3158	2224	1749	4033	1879	2391
Rv2504c	2899	4510	2917	3848	4344	4042	4124	4388	3064	2017	2301	1520	3870	2969	2316	4145	2364	2972
Rv2505c	1260	1363	1065	1310	1398	1491	1814	1671	1266	1026	938	756	1349	1117	1054	1766	987	1396
Rv2506	1375	1709	1642	1989	1664	2125	1528	1475	1474	1068	967	830	1882	1103	1130	1339	789	1304
Rv2507	5629	5428	5248	6123	7355	6592	7410	7645	6211	4154	3698	3090	5752	5998	3941	7271	5776	6891
Rv2508c	3580	3241	3232	4044	3439	4368	4579	4132	3728	2916	2691	1943	4062	3256	2792	4495	3090	3644
Rv2509	6025	5246	5048	6457	5738	6684	6913	6013	5301	5190	4623	3564	6178	5718	4928	6359	4684	6271
Rv2510c	3309	2801	2952	4249	2544	4227	4631	3412	3158	2758	2540	1989	4134	2908	3115	4322	2627	3508
Rv2511	1248	1213	1284	1226	1595	1573	1603	1641	1353	1064	1217	984	1124	1566	1324	1431	1354	1874
Rvnt29	95	98	104	115	85	121	116	135	100	79	100	74	132	125	120	131	94	130
Rv2512c	12169	9577	9424	15755	9402	13296	12925	8358	8554	3566	6493	3603	6121	8269	5858	5145	5771	6210
Rv2512a	798	587	854	1235	648	1136	1099	674	694	774	321	529	1369	532	699	1070	458	762
Rv2513	2891	2327	2338	3104	2181	3805	3617	3112	2553	2303	2010	1458	3018	2148	2341	3698	1693	2372
Rv2514c	803	652	742	1035	591	1112	1040	667	758	660	403	475	1048	501	674	933	444	785
Rv2515c	674	894	870	876	920	1128	912	940	869	547	537	452	792	621	673	857	527	853
Rv2516c	1551	2421	1696	2146	2338	2751	2244	2368	1814	1126	1215	1235	2348	1586	1998	2436	1317	1981
Rv2517c	315	530	355	485	459	534	468	433	374	237	316	279	581	360	386	476	282	471
Rv2518c	5424	4595	7231	5143	5271	8877	6685	6216	8458	4580	3787	3631	4073	5184	4648	5226	4822	6999
Rvnt30	557	425	480	647	435	596	584	434	409	420	341	448	710	414	530	576	398	639
Rv2519	9157	8640	9837	11099	7974	14361	11550	9446	10462	8777	8160	7324	11077	10026	11338	11376	7976	11663
Rv2520c	964	951	1007	1048	1046	1403	1386	1196	1243	918	858	746	1067	1324	1079	1300	1081	1509
Rv2521	3703	4322	2700	3584	5950	4019	4905	5331	3257	2856	4305	2096	3558	5327	2818	4619	4566	4461
Rv2522c	4548	5162	3896	5314	5093	5550	6804	6027	4938	3581	4132	2619	5173	5310	3736	6008	5017	5833
Rv2523c	2321	2553	3141	3025	2107	4275	2513	2292	2247	2048	2850	2185	4657	3042	3667	3551	1917	2710
Rv2524c	136493	141524	172978	160233	155265	217560	115761	114376	103644	116366	165540	125222	254274	195864	183590	203561	106229	138277
Rv2525c	4645	4338	3906	5522	4612	4948	5763	5054	3680	4540	3034	2952	6756	3481	4040	6872	3161	4982
Rv2526	446	384	441	408	543	610	521	520	461	359	340	272	442	409	403	491	348	553
Rv2527	771	718	669	807	949	937	1012	850	801	731	543	586	905	889	789	1031	713	1241
Rv2528c	1135	990	1105	1170	1092	1634	1547	1200	1115	1025	813	810	1290	977	1138	1447	873	1327
Rv2529	1102	1002	1071	1109	1136	1441	1402	1194	1089	931	996	727	1226	1157	1032	1389	1016	1401
Rv2530c	1705	1437	1447	2024	1538	1976	2381	1735	1566	1593	1064	1144	2394	1371	1438	2429	1229	1933
Rv2530A	1347	1055	1107	1549	1046	1482	1720	1285	1206	1143	894	699	1971	938	1192	1709	872	1235
Rv2531c	9006	8416	8146	12105	8800	11627	10555	8614	7543	7427	5785	5534	13210	8072	8074	11358	6440	8573
Rv2532c	2517	2846	2964	3244	2591	3769	2759	2408	2625	1789	2113	1578	3613	2206	2428	2858	1903	2378
Rv2533c	5759	6745	7067	7200	6380	9767	6589	6442	6499	4054	5527	3961	7127	5957	6076	6867	4478	6286
Rv2534c	6506	7506	7195	7291	7769	9703	7767	7809	6735	5124	5347	4503	7667	7802	6825	8204	5882	7468
Rv2535c	8007	8782	10239	8632	11510	13419	10194	10256	10307	6539	8316	6476	8579	10451	9187	9551	8210	11614
Rv2536	7659	8121	8134	8611	8278	11151	10248	9773	8812	6326	6947	5359	9798	8399	8032	10885	7373	9837
Rv2537c	3347	3011	3360	3875	3019	4551	3944	3355	3344	2618	2176	2212	4400	2779	3223	4206	2465	3501
Rv2538c	5279	5796	6431	7323	5685	8760	5875	5128	5695	3639	4259	3202	7580	4595	4875	6355	3517	5048
Rv2539c	3660	4719	5227	4683	5113	7110	4232	4385	4982	2308	3559	2251	4971	3843	3573	4204	2833	3713
Rv2540c	12410	16404	19574	16401	19231	24455	14359	15981	17549	7648	12332	8243	16836	13998	12461	14405	10044	14159
Rv2541	472	665	640	558	731	809	547	686	710	260	508	271	334	579	376	283	385	425
Rv2542	6754	9097	7515	8196	8813	10735	9071	10850	7786	4843	7159	4829	7376	8639	7421	7707	6952	8547
Rv2543	7183	7264	9168	9047	6653	12517	9038	8442	8585	5174	5868	5771	9746	6447	8582	8442	5450	8025
Rv2544	336	290	266	555	233	439	459	300	270	250	167	176	515	213	285	422	190	242
Rv2545	155	125	113	246	113	188	230	117	115	160	88	90	322	114	124	193	92	123
Rv2546	86	64	64	122	58	112	117	82	68	86	41	57	146	77	79	103	56	85
Rv2547	748	540	621	849	690	835	841	730	626	596	339	391	872	475	512	728	456	733
Rv2548	1533	1164	1513	1864	1209	1987	2084	1540	1566	1299	813	1028	1885	1059	1356	1890	1019	1716
Rv2548A	1629	1634	1678	1855	1542	2503	2101	1797	1902	1473	1313	1285	2033	1580	1811	1875	1213	1929
Rv2549c	1371	1766	2102	1237	1986	2693	1786	2133	2222	1156	1427	1385	1304	1782	1768	1489	1480	2386
Rv2550c	547	791	759	554	870	948	837	817	841	501	595	518	625	766	676	649	589	980
Rv2551c	1252	1253	1361	1774	1210	1806	1286	1338	1183	765	1002	645	2076	1152	1079	1404	786	939
Rv2552c	4339	4727	5871	6782	4747	7746	4933	4419	5003	3093	3462	2390	7286	4109	4028	5072	2849	3498
Rv2553c	9279	9154	10251	13431	9047	14400	10062	8841	9125	6962	6449	5247	14503	8405	7941	10716	6311	8553
Rv2554c	4629	4909	5673	6575	5064	7764	5134	4695	5100	3373	3722	2694	7141	4543	4360	5435	3678	4513
Rv2555c	42683	45503	46247	57676	46389	64931	48972	43547	42744	32546	33990	24884	59869	42546	39265	50019	31392	40549
Rv2556c	9958	8025	9572	10983	10265	11648	10302	8963	8226	8481	7358	6521	11595	9046	8831	9808	6886	9545
Rv2557	7676	11754	6040	7649	16876	7463	11532	17044	6908	5983	11796	5348	10372	14082	7905	16455	13436	13664
Rv2558	7528	10324	6922	7573	14291	8555	11491	14497	8183	5092	8915	4820	9126	10655	6960	13596	10229	11626
Rv2559c	3147	4058	3302	3334	4580	4400	4395	5045	3840	2003	2856	1786	3663	3255	2627	5158	3025	4029
Rv2560	2759	2329	2500	2516	3381	3049	4247	3394	2979	2852	1924	1759	2795	2843	2247	4541	2671	4194
Rv2561	1994	1652	1563	2206	1539	2263	2823	2058	1938	1982	1207	1269	2360	1499	1788	2736	1592	2365
Rv2563	3398	3358	3402	3599	3813	4572	4967	4267	3882	3631	3680	2877	3169	4599	3864	4129	3694	5312
Rv2564	3866	2726	4091	3683	3844	5264	6137	5547	5423	3985	3215	3036	2907	4447	4547	5181	4714	7029
Rv2565	7246	5500	6256	9169	5736	8909	9602	6895	6720	6019	4303	4115	8330	5380	6136	8809	4983	7330
Rv2566	6890	5299	5704	8130	5856	7798	8387	6479	5934	4312	2929	2783	6217	3825	3953	5977	3479	5139
Rv2567	13712	8981	9844	16506	9671	13124	16695	11295	9883	10777	6340	5888	14737	7589	8429	14869	6923	10170
Rv2568c	2750	2212	2110	3500	1964	3121	3574	2609	2296	2600	1760	1580	3596	2074	2334	3589	1872	2807
Rv2569c	1098	1102	1010	1189	1186	1410	1418	1345	1080	1132	1113	845	1303	1435	1118	1595	1133	1620
Rv2570	738	736	699	870	796	950	956	902	741	669	573	522	969	732	670	976	635	893
Rv2571c	3593	3103	3501	3974	3225	4876	4659	3892	4242	3065	2626	2213	3902	3258	3318	4526	2752	4146
Rv2572c	4929	5388	5965	5316	5857	7845	6794	6635	6539	4378	5248	3609	5133	6275	5378	6752	5204	7076
Rv2573	463	464	513	556	545	684	647	619	528	381	450	330	540	514	431	627	477	658
Rv2574	2022	1762	1817	2295	1975	2324	2340	2082	1867	1629	1612	1259	2431	2070	1840	2194	1645	2525
Rv2575	11415	9332	11450	12128	11383	15200	14283	12121	11405	8872	7949	6820	11308	10759	9798	13462	8628	12380
Rv2576c	10986	9848	11409	11492	12331	13656	10523	10060	9909	8008	7285	7144	11674	10397	8888	9873	7225	11214
Rv2577	2520	2427	3405	2724	2720	4503	3656	3475	3949	859	761	645	877	909	959	1183	828	1338
Rv2578c	858	1034	992	1076	1226	1415	1129	1354	1135	553	506	490	1188	712	713	1002	627	911
Rv2579	1893	1878	1782	2426	2091	2660	2574	2373	1906	1774	1413	1257	2921	1929	1874	3091	1543	2343
Rv2580c	9512	9600	10795	10636	10944	14531	11094	10233	10568	7299	8833	5915	11004	9922	9049	11702	7791	10917
Rv2581c	5461	5335	5413	5897	6913	7245	5915	6105	5373	4456	4646	3441	6015	6224	4695	5770	4541	5998
Rv2582	3219	3562	3468	3015	3882	4700	4682	4243	3826	3418	3370	2744	2986	5460	3530	4704	4411	5914
Rv2583c	22246	22193	22354	24832	25991	30335	27196	25526	23586	16220	17295	12814	23477	20889	18295	25571	17649	23406
Rv2584c	10831	10028	9221	11916	12034	12126	14818	14305	10572	7290	10091	5370	10434	11682	8750	13284	10857	11514
Rv2585c	7987	7387	8236	10442	6822	11280	9452	7593	7691	5876	5752	4780	10540	6750	7105	9629	5738	7969
Rv2586c	18842	17555	21051	22672	19100	28125	22658	20050	20789	14056	13079	12372	23344	17736	17277	22519	14746	20301
Rv2587c	21831	24226	24532	26331	24010	35154	26047	24950	25024	15736	17746	13411	26051	23365	19923	26156	18506	22826
Rv2588c	4051	4835	4381	4958	4966	5830	5184	5276	4387	3223	3844	2909	5412	5386	3990	5501	4294	5028
Rv2589	7649	6562	8110	8550	7886	10452	8432	7564	7778	5745	4990	4279	9224	6599	6016	8195	5276	7060
Rv2590	40458	26582	20575	71210	25280	30911	44383	28161	19407	30024	20561	18579	100120	29012	29002	62736	23862	25969
Rv2591	2932	3707	2783	4327	3457	4060	3583	3339	2705	1816	2179	1406	5465	2562	2358	3799	2023	2507
Rv2592c	4706	4805	5013	6458	4967	6610	5634	4744	4777	3318	2879	2388	7745	3093	3612	6574	2607	4205
Rv2593c	3015	3114	3245	3995	3133	4270	3750	2822	2931	2211	1929	1463	5039	1998	2367	3990	1702	2549
Rv2594c	6740	6856	6827	8539	6768	9391	8340	6959	6751	5348	4706	3416	10488	4557	5381	9061	4012	5875
Rv2595	830	864	846	875	1024	1155	1117	1119	972	823	697	555	921	883	743	1029	794	1080
Rv2596	1407	1358	1276	1534	1494	1885	2078	1762	1473	1349	1030	962	1540	1326	1222	1934	1317	1797
Rv2597	1971	2276	2042	2349	2089	3076	2893	2539	2277	1497	1716	1153	2252	2071	1864	2618	1844	2241
Rv2598	586	576	524	644	564	750	788	705	554	414	358	328	639	466	459	757	479	531
Rv2599	598	552	435	634	571	697	796	609	501	399	312	310	713	444	403	725	368	516
Rv2600	4142	5074	3659	4763	5707	4949	5498	5912	4144	2933	3524	2182	5561	4439	3113	5623	3327	3892
Rv2601	3400	4413	3405	4678	4489	4780	4279	3862	3151	2409	3087	1963	5508	3910	3006	3982	2399	2918
Rv2601A	1756	1564	1421	2168	1526	2150	2020	1685	1481	1157	917	831	1907	1201	1166	1815	955	1225
Rv2602	4288	3970	3978	5325	3934	6006	5348	4328	4437	3188	2882	2594	5103	3466	3774	5053	2835	3986
Rv2603c	6721	7894	6797	7458	7553	9892	9051	8146	7428	5876	6845	4637	7254	8579	6571	8694	6773	8220
Rv2604c	3266	3783	4372	4249	3554	5720	3814	3671	4450	2720	3454	2144	4020	3323	3364	4269	2728	3897
Rv2605c	6743	7624	7371	6778	8018	10550	8587	8099	8138	5123	6689	4971	6487	7937	7083	7937	6411	9177
Rv2606c	6978	7087	9048	6789	10444	10995	8847	9045	8943	6083	7248	5770	6699	9386	7423	8115	7311	10464
Rv2607	565	584	686	535	767	967	845	819	858	563	605	511	509	736	666	764	658	975
Rv2608	4568	4967	5749	5358	5129	7197	6104	5542	5686	3526	4714	3733	5676	5310	5299	6221	4174	6272
Rv2609c	7649	7107	8599	9954	7423	11945	9210	7730	8781	5646	6454	4426	10437	7200	6778	9890	5999	7724
Rv2610c	6447	5583	7372	8338	5604	9910	7473	6122	7196	5191	4951	3876	8892	5592	6112	8061	4968	6702
Rv2611c	5056	4263	5832	6525	4536	8264	6188	5159	6178	4273	3899	3207	6657	4634	4881	6903	4050	5868
Rv2612c	3122	2888	3669	3766	2949	5083	3796	3089	3759	2426	2570	1835	3758	2922	3082	4021	2500	3375
Rv2613c	3319	3129	4052	4192	3209	5450	4344	3374	4191	2820	2436	2346	4105	3139	3384	4504	2710	4109
Rv2614c	11292	10375	12566	11157	12014	16827	13320	12193	13327	9008	9034	7268	10813	11578	10171	13356	9655	13225
Rv2614A	271	293	318	275	264	453	368	381	412	178	260	190	262	290	267	280	225	387
Rv2615c	2041	2254	3126	2427	2692	3629	2491	2919	3038	1452	2298	1286	2094	2551	2100	2232	2272	2748
Rv2616	2182	2780	2206	2257	3377	2832	2785	3344	2253	1845	3062	1638	2503	3030	2482	3044	2639	3229
Rv2617c	2189	2880	2126	2420	2657	3148	2943	2958	2377	1968	2122	1620	2857	2625	2486	3009	2150	2932
Rv2618	1796	2688	1917	1911	2848	2756	2201	2648	2046	1460	2064	1382	2160	2356	2219	2105	1787	2781
Rv2619c	1021	1618	1104	1095	1921	1436	1127	1476	1061	828	995	830	1232	1314	1184	1144	952	1445
Rv2620c	770	1699	852	900	1646	1267	869	1248	856	588	792	620	884	878	1088	801	610	1094
Rv2621c	1467	3295	1916	2093	3530	2396	1683	2559	1810	1156	1363	1488	2056	1674	2217	1630	1204	2527
Rv2622	551	1129	779	723	1099	966	692	941	740	496	687	866	803	891	1181	675	558	1376
Rv2623	7423	51406	2528	8798	73641	3396	6268	39934	2187	5734	39707	2815	8634	38591	4112	5542	23192	4341
Rv2624c	1021	7415	508	1379	8793	630	929	3804	484	791	4809	426	1402	4399	589	847	2553	689
Rv2625c	1395	8135	749	1837	8034	992	1433	5445	672	979	5603	546	1830	5766	801	1270	3308	914
Rv2626c	2203	13745	508	2500	16015	776	1925	9899	505	1646	8444	667	2555	10816	919	1847	6363	1174
Rv2627c	4141	36802	1204	4770	58392	1836	3130	35283	1108	3551	23117	1574	4925	23777	2222	2801	15176	2199
Rv2628	1210	9766	932	1320	19410	1309	1225	10571	995	997	6237	663	1169	6762	837	1136	3913	1046
Rv2629	12348	38681	9761	16126	37563	13832	12867	30675	8420	9687	27447	6600	16066	29004	9282	11754	20396	9399
Rv2630	1529	4612	1458	2629	3785	2001	1567	2796	1132	1106	3000	665	2610	3353	1044	1608	2020	892
Rv2631	6285	8314	3893	7535	7518	6064	8843	8883	4703	4429	5378	3033	8867	6568	4636	10089	5183	5914
Rv2632c	2675	2712	1751	2584	3135	2380	4385	4170	2072	1741	2420	1402	3362	2775	2191	4893	2526	3427
Rv2633c	1624	1498	898	1509	2417	1152	2568	2168	1158	1127	1101	892	2030	1796	1025	3216	1742	2278
Rv2634c	1420	1828	1890	1669	2374	2325	2321	2473	2582	980	1453	773	1876	1529	1233	2433	1583	2119
Rv2635	11	19	14	5	13	14	8	16	16	11	9	6	9	15	6	14	16	12
Rv2636	460	448	374	521	466	551	679	666	475	341	356	298	450	473	477	646	478	601
Rv2637	1666	1419	1507	1797	1735	1971	2010	1991	1659	1234	1324	1014	1669	1474	1348	1970	1366	1892
Rv2638	1761	1594	1452	1766	2032	2148	2550	2345	1676	1165	1049	1100	1904	1524	1437	2864	1571	2420
Rv2639c	2965	2530	2807	3465	2852	3717	3637	3756	3191	1271	1448	1042	2033	1656	1748	2313	1658	2325
Rv2640c	1389	705	982	1397	954	1285	1622	1205	1200	929	707	842	1384	878	1074	1516	916	1445
Rv2641	1122	1249	802	1188	1545	1145	1589	1679	865	945	1022	695	1547	1158	949	2024	1062	1322
Rv2642	616	822	543	596	944	821	791	916	637	490	652	397	720	742	534	908	570	669
Rv2643	1271	1759	1399	1460	1891	1983	1758	1966	1556	967	1157	876	1533	1526	1305	1772	1189	1720
Rv2644c	807	724	643	950	773	926	962	772	695	622	471	600	1008	742	714	946	647	855
Rvnt31	539	421	588	708	461	686	757	532	517	452	294	427	744	358	420	633	417	580
Rvnt32	224	216	173	226	235	224	254	201	137	202	219	165	326	181	182	281	209	261
Rvnt33	179	143	143	164	142	233	226	144	139	146	105	142	187	124	161	225	147	236
Rvnt34	56	48	72	68	52	73	107	73	70	69	37	69	80	51	88	126	74	105
Rv2645	1283	1605	1354	1366	1256	2155	1851	1879	1481	1064	1628	1120	1376	1770	1916	2220	1359	1980
Rv2646	1464	1912	1337	1879	1138	2092	1526	1329	1267	1146	1625	992	1961	1527	1709	1781	1067	1396
Rv2647	414	419	440	653	300	665	490	379	344	398	346	363	665	444	534	443	302	495
Rv2650c	1274	1915	1847	1703	2044	2505	1493	1796	1624	989	1307	944	1899	1538	1437	1542	1009	1418
Rv2651c	1243	1324	2538	1600	1617	3062	1179	1418	1803	844	1078	1116	1976	1177	1748	1189	839	1489
Rv2652c	211	285	315	258	314	444	279	382	343	165	250	175	294	264	287	280	205	355
Rv2653c	31	41	39	41	75	47	42	61	45	31	26	18	59	39	37	37	38	43
Rv2654c	20	15	15	21	19	7	17	19	18	6	14	9	19	20	11	12	15	8
Rv2655c	1361	1506	1893	1424	1764	2179	1969	1858	1661	1150	1057	1223	1614	1469	1511	1557	1243	2277
Rv2656c	3489	4134	4964	3893	3939	6389	4272	4151	4388	2508	3718	2769	3765	3951	3931	3921	2865	4199
Rv2657c	1610	1546	1629	1648	1631	2089	2227	1950	1619	1176	963	1356	1881	1274	1573	2131	1372	2360
Rv2658c	806	913	884	698	961	1200	1381	1339	1197	439	513	353	613	587	638	1115	652	1025
Rv2659c	1222	1341	1423	1102	2100	1808	2288	2328	1926	842	762	692	952	1203	892	1786	1505	1870
Rv2660c	1085	1266	889	987	1258	1261	2014	1833	1317	621	488	747	1057	592	941	2084	956	1638
Rv2661c	371	481	419	366	454	646	711	702	541	243	233	281	444	323	398	699	353	506
Rv2662	317	318	393	366	275	576	460	413	385	223	254	221	393	255	359	462	286	346
Rv2663	544	507	525	692	547	609	802	633	438	394	340	290	816	386	461	816	419	537
Rv2664	619	723	423	716	772	682	859	915	474	344	398	331	793	683	517	1004	581	596
Rv2665	4249	3645	5012	5326	3799	6014	5530	4265	4540	3353	2447	3383	6475	3198	4112	5449	2904	5107
Rv2667	242	325	275	334	327	358	341	380	273	238	209	136	299	268	261	392	260	328
Rv2668	1344	1390	968	1096	2187	1136	1691	2006	1088	1033	1325	756	1254	1591	919	1650	1604	1627
Rv2669	1022	1194	724	956	1288	972	1652	1747	912	915	1094	598	1170	1203	918	1641	1353	1505
Rv2670c	1472	1340	1036	1476	1208	1577	1979	1486	1214	1208	1095	797	1464	1233	1266	2016	1130	1566
Rv2671	1778	1394	1572	1651	1963	1814	2052	1673	1518	1638	1413	1081	1631	1870	1326	1799	1532	1890
Rv2672	6119	5504	5806	5524	7155	7180	7719	7858	6505	4794	4983	3928	5255	6780	5033	7034	6073	7919
Rv2673	3778	3233	3333	3759	3560	4540	4843	4325	3677	3219	3228	2455	3503	3936	3271	4456	3614	4684
Rv2674	4329	4507	4032	4841	5313	5571	5242	5035	4208	3649	3580	2736	5233	4730	4012	4795	3741	4510
Rv2675c	5488	5214	5192	6103	5912	7416	6398	5936	5375	3860	4357	3097	6606	5106	4465	6751	4327	5439
Rv2676c	3146	3015	3372	4165	4087	4330	3881	3427	3119	2351	2255	2022	4575	3263	2699	3721	2601	3687
Rv2677c	7205	9304	9140	9485	9678	11485	8320	7924	8480	4699	7566	4393	9931	7506	6748	8461	5684	7271
Rv2678c	6756	8059	8606	8771	9738	10645	8440	8612	8337	5243	7208	4490	9124	8574	6438	8456	6468	8579
Rv2679	3598	3423	3463	4559	3297	4657	4389	3687	3598	3375	3313	2431	4789	3685	3688	4430	2969	3735
Rv2680	6712	5044	6082	7739	5794	7572	7647	5154	5528	5175	3305	3314	8237	4032	4809	7483	3815	5558
Rv2681	7042	5396	6014	8857	5362	8478	8341	5830	5999	5131	3479	3144	9797	4041	5036	9063	3732	5444
Rv2682c	15529	13826	14878	20327	14839	20332	20115	16500	15878	12370	10644	9141	23405	13352	13734	23504	12359	16843
Rv2683	2007	2078	1836	1961	2258	2623	2304	2189	1903	1711	1969	1277	1938	2475	1718	2376	1910	2130
Rv2684	4774	4087	5417	5015	4310	7179	6027	4838	5695	3873	3412	3573	4876	4429	4787	5954	3749	5823
Rv2685	4954	5097	5690	6240	4543	8473	6217	5413	5558	4053	3721	3499	6511	4815	5335	6742	4001	5354
Rv2686c	1222	1326	1183	1683	1148	1741	1464	1121	1197	916	753	691	1875	902	962	1692	715	1106
Rv2687c	1142	1180	913	1286	999	1402	1194	887	884	738	876	472	1361	750	862	1318	571	712
Rv2688c	3350	2709	3623	3801	3541	4412	4180	3340	3400	2512	1996	2146	3804	2663	2917	3886	2251	3699
Rv2689c	2305	2141	2045	2822	2049	2800	3056	2373	2310	1783	1679	1242	2472	1783	1902	2825	1671	2286
Rv2690c	3802	4030	4016	3850	4887	5399	5365	5639	4776	3014	3503	2725	3345	4820	3756	5140	4285	5679
Rv2691	3252	2726	3296	3247	3347	3866	3942	3700	3413	2918	2686	2318	3080	3532	2926	3750	3201	4023
Rv2692	4332	3726	3739	4092	4426	4945	4953	4298	3839	3565	3394	2388	3916	4053	3488	4940	3446	4242
Rv2693c	4362	4356	4886	4596	4921	6722	6115	5844	5737	3120	3207	2984	4360	3665	4404	5601	3380	5248
Rv2694c	2585	4258	3646	2912	4717	4780	4477	4830	4537	1659	2027	2685	3156	2530	3551	3896	2602	4392
Rv2695	912	1003	1062	1145	1041	1453	1173	1139	1124	702	794	658	1228	1033	991	1148	825	1220
Rv2696c	7570	8208	9468	9542	8809	12816	9460	9564	9472	5942	6401	5236	9513	8228	8039	8978	6789	9024
Rv2697c	3807	4289	5835	4680	4837	7694	4355	4611	5433	3142	3948	3394	4389	4519	4624	4086	3267	5255
Rv2698	2092	2514	2774	2006	2879	3597	3306	3848	3568	1919	2642	2104	1828	2795	3062	2735	2675	4312
Rv2699c	807	1094	927	742	1378	1271	1426	1633	1343	792	903	974	840	1102	1235	1081	1062	2037
Rv2700	4262	4808	4841	3668	6246	6247	5476	6986	5733	3870	4315	3647	3444	6678	4820	5180	5858	7637
Rv2701c	1234	1277	1467	1288	1470	1950	1563	1528	1559	1051	1227	918	1209	1589	1351	1408	1355	1659
Rv2702	2393	2292	2744	2555	2770	3420	2741	2686	2745	2060	1915	1787	2567	2550	2331	2640	2044	2859
Rv2703	33301	35959	31459	39164	32330	46361	41162	35816	32144	32500	31777	24673	46934	37338	37716	50047	30647	41043
Rv2704	1908	1607	2205	2657	1447	3131	2489	1978	2339	1930	1265	1561	3292	1730	2256	2825	1736	2620
Rv2705c	1325	1026	1273	1532	1305	1977	1738	1908	1599	1396	1458	1168	1769	1799	1809	1941	1717	2262
Rv2706c	7160	4096	5875	6335	7079	6997	7572	7597	6479	6058	4992	4672	4739	5216	5667	5271	5543	8218
Rv2707	14584	10256	14137	14413	12428	21083	17599	14632	17512	11881	7388	8928	12770	8878	12342	15539	9404	15581
Rv2708c	1472	1451	1300	1466	2081	1557	1814	1570	1322	1130	1268	1024	1439	1699	1289	1571	1330	1922
Rv2709	3456	1922	2754	3731	3159	3188	3316	2872	2554	2395	1268	1486	3571	1857	1736	2852	2021	2671
Rv2710	21748	34256	23796	27615	37514	36098	39656	40804	32478	10566	13380	15411	26038	18492	21218	35606	18948	26977
Rv2711	13380	14799	12724	15776	16488	17709	18124	17161	15021	9015	8602	8669	15991	11299	11589	16605	10295	15572
Rv2712c	3978	4065	3554	4771	3616	5670	5832	4524	4161	2941	2120	2371	4924	2775	3412	5813	2624	3805
Rv2713	5306	4724	4867	5677	5580	6479	6599	5680	4719	3378	3402	3092	4865	4448	4113	5420	3671	5360
Rv2714	5996	5780	5394	6948	6202	7505	7453	6448	5510	4782	4335	3785	6461	5500	5270	6513	4286	5857
Rv2715	15108	14631	14037	18814	13896	20453	18670	15580	14732	8703	8176	6791	11884	10539	9716	12653	8013	11286
Rv2716	3574	2790	2729	4687	2740	4214	4616	3313	2776	2570	1675	1520	3456	2414	2275	3595	2431	2879
Rv2717c	1258	1138	1217	1524	1116	1731	1840	1478	1311	998	963	728	1491	1122	1066	1685	1045	1389
Rv2718c	3769	4298	4094	3813	4984	5398	4683	4947	4176	2337	2729	2045	3640	3333	2550	4017	2762	3509
Rv2719c	3017	3941	3865	3751	4244	5494	3816	4525	4113	1604	1710	1227	4426	1943	1862	4336	1498	2339
Rv2720	12720	15383	14775	16493	16973	20871	14299	16109	14399	10670	9860	8657	22188	11560	12797	17684	8893	13641
Rv2721c	21063	19758	15801	25250	19822	22633	27535	22858	17566	21487	16125	13177	33134	19504	20278	36137	17137	25509
Rv2722	571	414	371	666	441	532	699	502	416	445	302	282	832	420	446	711	328	544
Rv2723	1942	1583	1628	2383	1345	2333	2628	1715	1622	1592	928	1145	2706	1306	1524	2577	1181	1716
Rv2724c	3446	3009	3861	4091	3429	5408	4604	4112	4211	2617	1953	2215	4454	2735	3246	5007	2434	4138
Rv2725c	9450	9775	10372	11716	10087	13740	11188	10612	10488	6862	6984	5765	12690	8892	9004	11213	6930	10386
Rv2726c	4747	5199	5422	5637	5577	6819	6113	5663	5495	3861	4652	3051	6289	5537	4942	6292	4454	5649
Rv2727c	1612	1537	2126	1909	1714	2779	2015	1737	2313	1354	1275	1143	2379	1513	1612	2293	1348	2050
Rv2728c	1038	1160	1542	1229	1179	2076	1151	1306	1704	895	983	675	1281	1125	1077	1380	937	1485
Rv2729c	3586	2449	5222	3255	3856	6313	3622	3950	5821	2886	2746	2201	3746	3444	3104	4383	3490	4637
Rv2730	398	384	436	403	572	516	542	572	392	374	376	240	595	376	387	670	432	538
Rv2731	4401	3936	4565	4504	4840	5857	5811	5227	4970	3701	3417	2940	4863	4182	4397	6592	3875	5936
Rv2732c	5391	5952	7717	6166	6517	9374	7094	6830	8025	4342	5221	3734	5702	5895	5907	6833	5147	7670
Rv2733c	7349	7676	9729	7516	8912	12529	8739	8886	10008	6422	6999	5632	7003	8849	8208	8072	7200	9787
Rv2734	2642	3381	2703	2905	3062	4168	3466	3726	3236	1195	1240	1144	2798	1424	1538	3322	1189	2054
Rv2735c	1671	1708	1527	2215	1604	2479	2166	1819	1666	982	559	693	2434	890	1052	2437	750	1327
Rv2736c	2838	3470	3082	3539	3366	4458	3588	3681	3261	1495	1457	1121	3999	1746	1817	3936	1379	2243
Rv2737c	28286	35192	30294	38507	36439	44639	36567	36848	31595	15910	14606	11878	43196	19493	18121	40255	15162	22735
Rv2738c	1129	1424	1424	1237	1526	1799	1575	1618	1466	975	1391	996	1328	1580	1326	1491	1264	1674
Rv2739c	2868	3762	3745	3874	3606	4471	3842	3812	3523	2275	3895	2058	3973	4014	3297	3666	3075	3583
Rv2740	2646	3246	1749	3006	3879	2442	3114	4099	1987	1815	2645	1393	3119	3267	2040	3310	2669	2828
Rv2741	3054	4296	3516	3849	4498	4710	4152	4625	3726	1834	3302	1758	4048	3683	2762	4146	3169	3845
Rv2742c	2802	3972	3302	3518	3356	4356	3796	3511	3416	2033	2659	2042	3989	3006	2932	4180	2537	3552
Rv2743c	6315	10572	7392	6681	10471	9767	9558	9716	8816	3603	5316	4015	6211	6019	6101	8912	5589	7938
Rv2744c	8715	17974	11257	9844	18223	14613	14570	15598	12525	5676	6536	7603	10321	10020	9974	13291	8367	12524
Rv2745c	3963	11315	8077	5234	10182	9893	8421	11306	10207	2288	4442	4974	5383	4402	7915	8055	4665	7580
Rv2746c	1201	1295	1430	1352	1361	1753	1634	1348	1489	1143	1220	905	1779	1312	1300	1939	1026	1518
Rv2747	1650	1484	1789	2012	1387	2401	2090	1452	1500	1744	1217	1343	2917	1241	1922	2423	1029	2058
Rv2748c	31220	33094	29480	35097	38145	39661	35907	32439	29212	26283	22271	17235	39256	26089	24783	39304	20681	30935
Rv2749	1854	1738	1783	2254	2082	2298	2011	1913	1705	1574	1171	1132	2293	1734	1522	1832	1483	1802
Rv2750	6041	6235	6767	6457	7300	8102	7273	6440	6171	5322	5141	4803	6626	6571	5598	6623	5203	7106
Rv2751	5572	4874	5268	6077	4962	7156	5831	5010	5153	3878	3890	3186	6123	4088	4558	6099	3657	5199
Rv2752c	13666	11068	13470	17439	11558	18782	15748	12325	13222	10637	8394	7898	18367	10781	11400	17143	8998	12124
Rv2753c	13274	15354	17900	15116	17817	23217	14621	15099	17141	10541	13305	10150	14515	15748	14405	13914	11033	15424
Rv2754c	970	1031	1060	957	1167	1373	1243	1320	1077	1036	1073	834	957	1384	1098	1300	1185	1448
Rv2756c	2127	2036	1744	2630	2220	2635	2828	2584	1948	1691	1570	1078	2655	1998	1806	2511	1526	2025
Rv2757c	651	639	513	801	564	819	792	638	534	568	347	361	838	523	522	747	366	548
Rv2758c	221	228	174	218	200	267	301	242	166	193	155	130	282	172	206	228	161	193
Rv2759c	771	591	675	940	752	883	903	844	728	635	545	403	950	658	630	889	582	790
Rv2760c	270	235	299	354	265	349	377	291	267	273	184	161	445	243	240	318	183	275
Rv2761c	2840	2427	2478	4029	2373	3581	3622	2686	2555	2342	1715	1516	4320	2230	2279	3937	2014	2509
Rv2762c	1207	1222	1096	1625	1122	1501	1526	1288	1177	973	966	570	1647	1019	985	1628	912	1215
Rv2763c	2288	2224	2159	2848	2047	2943	3269	2501	2161	1918	1738	1283	3098	2007	2067	3082	1914	2296
Rv2764c	5004	5221	4854	4998	5195	6657	7228	6150	5260	4507	4298	3652	5470	5540	4998	6895	4630	6503
Rv2765	506	514	432	479	616	635	732	770	564	440	460	368	509	600	524	709	551	770
Rv2766c	1159	1457	1327	1481	1447	1828	1750	1604	1542	1118	1152	904	1533	1564	1242	1667	1242	1740
Rv2767c	205	216	164	333	235	263	287	257	206	167	155	85	411	200	181	325	138	217
Rv2768c	1297	1635	1117	2050	1367	1653	1936	1586	1203	994	1150	718	2653	1393	1104	2169	1130	1346
Rv2769c	522	441	427	639	369	604	790	563	434	441	422	319	817	440	494	984	413	644
Rv2770c	3607	3372	3348	4184	3186	4995	4941	4245	3789	3071	2865	2461	4581	3164	3620	5068	2882	4374
Rv2771c	2409	1976	1914	2346	2320	2688	2956	2708	2150	1909	1918	1280	2492	1956	1970	3234	2030	2323
Rv2772c	2717	2239	2427	2660	3158	3110	3687	3310	2612	2153	2171	1800	2657	2771	2365	3331	2635	3336
Rv2773c	5059	3857	4016	5340	5236	5142	5945	5148	4223	4322	3565	3024	5632	4439	4187	5734	4063	5737
Rv2774c	1444	1235	1631	1442	1432	1959	1776	1813	1574	1146	1082	1006	1375	1307	1260	1592	1365	1730
Rv2775	2481	2234	2174	2735	2205	3269	3858	2911	2860	1896	1322	1516	2516	1940	2200	3471	1731	2709
Rv2776c	3148	2718	3176	3806	3178	4161	4485	3571	3943	2262	1826	1915	3769	2287	2833	4699	2246	3915
Rv2777c	6084	5302	5074	7291	5819	7383	7679	5993	5650	4311	3563	3332	7235	4706	4880	7947	3986	5738
Rv2778c	3607	3303	3008	4155	3386	3993	5266	4170	3471	3428	2958	2608	4297	3813	3714	4883	3602	4569
Rv2779c	1146	674	799	1476	720	1055	1451	852	796	1265	581	841	2213	728	1192	1758	679	1277
Rv2780	8611	7707	5542	9645	9867	7675	11976	10957	6049	7347	6029	4669	11708	9040	6641	14303	7799	10090
Rv2781c	9735	11635	9683	12736	11775	13246	11410	11968	8777	7311	10308	6048	12398	11570	9489	11040	8848	9992
Rv2782c	11986	16117	20071	18007	15508	26216	10996	10026	13633	8887	13557	10014	19220	16927	15314	10765	8375	11102
Rv2783c	40148	58446	48141	51725	51592	70621	45835	45177	44008	32471	48294	30269	57319	61135	44969	53278	38650	46482
Rv2784c	3172	2956	3141	4029	2398	4699	3968	2645	2894	3049	2204	2545	4458	2594	3815	3885	2180	3506
Rv2785c	15020	13699	15253	16976	13408	21053	19043	15560	15212	15063	11401	13426	21082	15997	19376	21191	13353	20481
Rv2786c	4067	4344	4412	4466	5016	5989	4971	5125	4874	3063	3570	2814	4405	4584	4091	4682	3752	4980
Rv2787	1763	2147	2215	1939	2303	3014	2537	2637	2506	1762	1971	1801	1925	2501	2454	2454	2236	3332
Rv2788	4715	4465	5347	5346	5423	6827	5662	5293	5204	3202	2818	2518	4862	3449	3372	4785	2873	4150
Rv2789c	7903	6940	8479	10163	6846	11744	8856	7291	7939	5483	4086	3731	10638	5267	5737	9369	4297	5943
Rv2790c	8371	9341	8800	11746	9004	13009	10046	8758	8112	6073	5158	4220	12517	7389	6305	11107	5671	7145
Rv2791c	21425	27470	21577	26066	28290	30430	24704	26158	19768	14933	17972	11155	27738	21605	16623	26042	15827	19059
Rv2792c	9155	9027	10692	12056	10210	14089	11018	12148	10731	5606	7058	4391	11296	7611	7037	11082	6381	8286
Rv2793c	6112	6362	7942	8014	5592	10962	7103	6526	7566	4737	5450	4390	7975	6039	6813	7201	4570	6653
Rv2794c	5516	5359	6420	6692	5514	8592	6532	5400	6201	4996	4805	4133	7235	5974	5897	6644	4614	6210
Rv2795c	6172	5950	7062	6744	6408	8960	7075	6489	6676	6322	5879	4989	7430	7574	6810	7279	5922	7754
Rv2796c	936	737	944	1100	918	1291	1231	984	924	781	607	565	1062	843	798	1081	678	955
Rv2797c	1390	1379	1700	1672	1329	2303	1717	1700	1759	1097	1111	955	1609	1349	1502	1666	1213	1753
Rv2798c	509	553	714	612	641	899	758	632	701	470	552	476	666	648	653	662	537	770
Rv2799	2676	2531	2174	3168	2633	2869	3198	3231	2282	1973	2357	1597	2965	2652	2310	3077	2270	2743
Rv2800	4975	5054	5587	5728	5796	6785	6557	6139	5763	3545	4146	3120	5606	4809	4500	6345	4025	5892
Rv2801c	479	555	438	541	477	694	618	530	534	399	367	296	650	442	476	633	379	586
Rv2801A	197	244	190	235	277	287	257	273	200	172	166	137	281	206	197	252	147	259
Rv2802c	1390	1733	1818	1639	1773	2266	1825	1846	1937	1138	1604	1069	1809	1689	1615	1807	1322	1933
Rv2803	493	615	471	548	590	619	636	724	519	444	555	374	627	646	522	641	576	706
Rv2804c	378	480	410	502	456	620	555	608	441	369	407	274	486	513	454	588	412	536
Rv2805	237	180	262	235	189	347	332	270	301	184	183	196	206	255	251	301	202	333
Rv2806	326	263	316	371	258	367	413	300	313	278	231	213	324	250	313	369	223	321
Rv2807	372	340	369	475	320	523	507	433	434	340	241	263	427	358	373	432	346	375
Rv2808	640	631	677	801	638	868	870	674	645	755	603	623	847	803	785	791	672	843
Rv2809	1212	914	1054	1443	1044	1441	1348	1058	949	1198	917	800	1714	1146	1200	1602	928	1181
Rv2811	146	163	177	289	122	296	180	115	113	98	113	89	316	116	176	192	106	116
Rv2812	43	92	82	113	73	110	64	71	58	41	38	42	115	70	75	51	41	45
Rv2813	58	74	104	83	78	104	99	100	85	74	63	65	89	96	97	77	77	101
Rv2816c	3139	3797	1729	3191	3052	2974	5126	4599	2342	4142	3880	3120	4345	4610	4511	6598	3811	5724
Rv2817c	12454	11142	5915	13301	9574	9704	17135	14508	6749	15003	10108	9231	18792	13043	14240	23043	11132	14090
Rv2818c	2565	1858	1340	3222	1893	2125	3044	2317	1551	2945	1694	1751	3928	2713	2613	3999	2174	2882
Rv2819c	2426	1950	1341	2991	2100	2040	2857	2516	1559	2706	1960	1594	3399	2828	2348	3680	2297	2999
Rv2820c	2039	1814	1187	2414	1854	1789	2315	2167	1327	2226	1667	1385	2882	2522	2038	3197	2206	2528
Rv2821c	2261	2242	1124	2456	2495	1830	2751	2949	1497	2657	2529	1517	2833	3747	2266	3913	2915	3293
Rv2822c	1030	964	534	1027	1237	886	1260	1422	757	1191	1183	739	1312	1603	1169	1877	1382	1510
Rv2823c	2939	2315	2039	3191	2567	3019	3703	3043	2460	3555	2370	2629	3827	3252	3770	4745	2853	4658
Rv2824c	1283	1152	1094	1571	1110	1521	1364	1168	1022	1173	948	865	1713	1298	1206	1541	973	1355
Rv2825c	3995	2878	4183	4587	3373	5082	4852	4132	3937	3071	2324	2273	4345	2824	3061	4787	2797	4132
Rv2826c	1991	2062	2161	2976	2066	3099	2138	1775	1911	1688	1475	1153	3390	1658	1691	2532	1318	1768
Rv2827c	3067	2961	2990	3887	3004	4301	3322	2919	2814	2426	2113	1694	4310	2455	2333	3673	2045	2650
Rv2828c	2473	2100	2492	3010	2510	3129	3139	2585	2683	1824	1662	1346	2880	1968	2097	3061	1704	2593
Rv2828A	1438	1436	1299	1508	1788	1668	1695	1734	1399	1022	1355	754	1529	1459	996	1531	1177	1423
Rv2829c	2077	2615	2038	2420	3139	2534	2791	2837	2153	1735	2137	1417	2923	2625	1940	3152	2000	2679
Rv2830c	734	844	658	783	1118	821	963	1032	693	637	802	448	843	863	596	1050	680	898
Rv2831	2117	2705	2089	2351	2917	2839	3040	3168	2485	1617	2330	1372	2492	2803	2082	3126	2565	2920
Rv2832c	1925	2121	1740	2108	2152	2417	2415	2439	1906	1555	1673	1100	2504	1994	1608	2663	1789	2002
Rv2833c	627	545	562	806	574	748	885	800	625	684	435	364	795	434	511	976	480	696
Rv2834c	376	282	387	513	358	528	512	461	375	381	228	209	443	341	284	496	315	403
Rv2835c	477	441	508	743	438	684	573	479	514	401	294	244	694	405	391	582	309	439
Rv2836c	4055	4932	4948	6800	4075	7045	5104	4333	4874	2808	3449	2426	6730	4071	3874	5327	3334	4251
Rv2837c	9596	12019	11652	14486	11111	16043	12418	11261	11993	7230	9214	6638	14506	10814	10810	12921	8864	12065
Rv2838c	5485	7613	7123	7772	7520	9938	7322	6911	7139	4243	5417	4210	8419	6809	6797	7308	5380	7898
Rv2839c	33920	53451	45657	49785	50548	65929	45851	47382	47475	24104	33027	25977	55120	43269	38363	49326	33724	46206
Rv2840c	15746	16389	16866	18648	16692	22575	20339	19255	17952	13239	13479	11146	21856	17093	17084	23705	15705	20118
Rv2841c	7803	8564	7812	9114	8604	11161	10070	9146	9200	5867	6576	4574	9924	7153	7111	10991	5990	9008
Rv2842c	6204	6161	6277	7127	7310	8362	8483	7940	6920	5150	4888	4011	7985	5874	5650	9192	5546	7646
Rv2843	1331	1888	1909	1467	2140	2483	1882	2247	2228	1378	1838	1204	1430	2138	1563	1964	1774	2441
Rv2844	2434	2679	3076	2350	3013	3948	3543	3262	3569	2321	2821	1973	2393	2930	2762	3292	2635	4023
Rv2845c	5757	5378	6282	7186	5383	8884	7371	6164	6689	5147	5131	4602	8804	5931	7128	7976	4923	7808
Rv2846c	25947	19556	23799	27067	23402	32061	20048	18145	15161	24022	21442	24064	41239	29834	32085	28037	15494	19577
Rv2847c	3287	3263	3945	3864	3711	5242	4001	3878	3556	2470	3045	2410	4093	3622	3632	3714	2815	3947
Rv2848c	3571	3676	4486	5053	3411	6142	4218	3720	3921	2700	2390	1999	6078	3046	3038	4604	2210	2793
Rv2849c	1885	2067	2474	2733	2057	3251	2316	2235	2215	1467	1366	1046	3077	1717	1692	2522	1399	1687
Rv2850c	8601	9394	10406	11287	9497	13125	9737	8766	9274	5912	7024	4758	12187	7927	7147	9642	5848	7333
Rv2851c	4268	4445	4790	5208	4215	6465	4894	4480	4524	2815	3617	2332	5005	3386	3640	4837	2890	3805
Rv2852c	10744	10225	11464	10512	12301	15280	11646	12255	11051	7639	8712	6350	10554	11048	8263	11652	8553	10949
Rv2853	1589	2072	1970	1950	2673	2512	2184	2422	2195	1176	1464	984	1882	1910	1416	2107	1640	2088
Rv2854	1587	1489	1556	1517	1734	2038	2071	1911	1763	1133	1111	1011	1255	1396	1285	1771	1162	1767
Rv2855	6596	7990	6305	6839	8867	8763	8647	9332	7069	4945	6149	4453	6105	7868	6207	7841	6279	8015
Rv2856	4497	4278	4323	5587	3760	6465	5285	4682	4345	4095	3259	2822	5610	3958	4023	5035	3324	4140
Rv2857c	4103	3444	3713	4741	3327	5624	4694	4188	3994	3925	2981	2654	4668	4055	3925	5057	3767	4468
Rv2858c	6747	6257	7322	8377	6658	9759	8054	6871	7272	6330	6208	5072	7760	7757	7245	7961	6305	8488
Rv2859c	3517	3281	3856	3993	3424	5002	4243	3930	3904	2956	3469	2464	3755	4106	3708	4092	3427	4430
Rv2860c	4214	3705	4381	5591	3993	5726	5321	4579	4240	4007	3424	3015	5530	4617	4174	5177	3963	4990
Rv2861c	7496	6838	7166	8939	6632	10158	8802	7250	7108	7429	5216	5631	9835	7498	7508	9299	6024	8221
Rv2862c	596	526	698	642	678	847	798	694	728	479	462	467	729	670	654	759	563	827
Rv2862A	103	81	69	183	71	88	114	59	68	101	59	49	285	65	104	169	40	63
Rv2863	428	348	333	535	290	459	607	294	334	508	254	228	752	266	383	745	248	411
Rv2864c	4723	4119	3233	4702	4777	4307	6358	4200	3610	4808	3508	2459	6055	4299	3482	7971	3250	5288
Rv2865	679	657	719	687	947	883	832	857	708	530	495	472	756	591	573	790	508	990
Rv2866	795	611	807	1035	595	1176	925	754	709	480	355	459	1052	410	596	835	371	627
Rv2867c	18137	16257	17828	23243	19222	24939	21268	18498	17581	9299	9034	7134	18673	11441	10022	16727	9433	11990
Rv2868c	15267	17288	16770	19947	18485	22763	18963	18615	16674	11732	13247	9325	21211	17587	13822	20925	13985	17450
Rv2869c	10712	11874	11558	11398	12834	16210	13024	13504	12670	7774	10769	7253	11649	11962	10579	13508	9371	12870
Rv2870c	5223	5357	6662	5675	7479	7974	6356	6870	6630	4221	4791	3715	5983	6093	5176	6230	5060	6963
Rv2871	428	491	507	399	474	632	581	510	530	425	600	351	386	523	503	533	433	656
Rv2872	857	926	902	794	950	1220	1113	989	1052	896	823	668	800	953	945	1056	816	1122
Rv2873	825	1425	829	970	1794	1092	1274	2395	918	818	1125	767	929	1761	1016	1396	1688	1656
Rv2874	1100	1218	1255	1353	1225	1770	1318	1814	1297	1050	913	901	1299	1180	1242	1344	1253	1609
Rv2875	538	1680	613	611	2035	934	723	2924	900	530	1298	716	868	1902	1073	1317	2158	1814
Rv2876	1070	1673	1303	1165	1754	1675	1575	2063	1526	1065	1461	975	1456	1623	1367	1551	1623	1910
Rv2877c	1850	2787	2384	2772	2549	3531	2253	2596	2217	1288	1851	1129	2936	2016	1792	2223	1738	1870
Rv2878c	3344	4388	3540	4611	3300	6024	3803	3485	3340	2171	2759	1916	4694	3033	3128	3671	1930	2481
Rv2881c	12327	12144	11832	14638	11374	16886	14659	12838	12277	9222	10977	7316	15049	12180	11198	15627	9686	12014
Rv2882c	4976	5139	4487	6137	5085	6211	6385	4812	4204	3975	3400	3107	6129	5370	4277	5992	3997	5274
Rv2883c	10788	9073	10441	11900	9328	13854	12456	10348	9828	8845	8223	6664	11720	10081	9876	12031	7756	10566
Rv2884	1798	1952	1310	2115	1914	2035	2554	2195	1462	1184	1088	727	2643	1360	1058	3034	1237	1567
Rv2885c	6549	8748	6677	7642	9050	9871	7402	8594	6660	2230	2678	1803	7678	3092	2652	7454	2614	3515
Rv2886c	3231	3403	3577	4128	4266	4714	3390	4123	3355	878	1005	707	3760	1186	1102	3327	1000	1421
Rv2887	1494	1492	1983	1732	1474	2757	1846	1624	1890	1316	1201	1248	1716	1356	1642	1650	1069	1797
Rv2888c	14805	14155	18155	18549	15182	23930	16575	13760	16830	12269	12631	11097	19483	17007	16642	16950	11807	17334
Rv2889c	10350	12381	12322	13401	12096	16018	12513	10205	11465	8836	12262	8314	14458	13981	12953	13066	9306	13372
Rv2890c	9887	13655	11163	10533	12412	15594	14011	13065	11605	9117	11896	9140	11327	15772	13737	14663	10945	15731
Rv2891	236	290	222	326	213	336	333	342	271	112	109	94	186	138	150	199	86	124
Rv2892c	1341	1293	1621	1574	1291	2259	1868	1785	1620	623	744	677	802	863	1043	999	715	1133
Rv2893	1729	1638	1630	2365	1659	2216	2223	1576	1701	1213	929	891	2228	1053	1246	1930	933	1397
Rv2894c	7143	6304	5489	9405	7269	7078	8728	6982	6064	5952	5034	3644	9973	5195	5373	8745	4545	6550
Rv2895c	4353	4490	5289	4548	5474	6407	5688	5292	5363	3707	4312	3331	4416	5035	4589	5423	4060	5742
Rv2896c	1528	1772	1943	1776	1960	2374	1952	2048	1843	1216	1515	1211	1743	1731	1606	1687	1445	2101
Rv2897c	553	710	699	931	715	892	596	586	533	408	452	310	939	529	438	505	320	395
Rv2898c	1258	1358	1203	1561	1429	1631	1397	1253	995	956	1111	673	1660	1277	1088	1157	858	956
Rv2899c	3555	3101	3129	4563	3143	4467	4107	3518	3091	2560	2398	1878	4236	2843	2818	4251	2552	3219
Rv2900c	14550	15687	15683	18159	16770	21602	17353	16138	15271	10046	12309	8560	17813	14611	12393	15872	11379	14616
Rv2901c	3324	2960	3327	4714	3319	4552	4008	2996	2764	2508	2090	1987	5320	3148	2797	3807	2411	2930
Rv2902c	12056	11650	12502	17645	11055	17538	13195	10943	11042	10173	9839	7297	19997	12097	11800	14345	7857	10004
Rv2903c	22727	23373	22350	28004	20683	33967	26483	21850	22166	20962	20309	16093	31554	24400	24380	30070	17723	22902
Rv2904c	8098	9945	9178	9393	9571	13730	10555	9684	9192	8845	9669	7447	11890	11755	11103	12705	9349	11256
Rv2905	19119	14472	15170	22745	13554	21417	24096	17468	16364	16020	9985	10480	24703	12076	15241	24715	11222	18051
Rv2906c	2771	2141	2712	4329	1973	3826	3390	2219	2646	2322	1641	1543	4416	1909	2499	3473	1588	2472
Rv2907c	2144	1908	2502	2455	2068	3538	2822	2267	2655	1767	1867	1434	2193	2158	2329	2544	1750	2506
Rv2908c	2616	2664	3354	2697	3335	4550	3655	3270	3579	2536	2634	1998	2711	3518	3082	3459	2821	3656
Rv2909c	4498	5439	5492	4526	5830	7644	6514	5859	6048	4499	5372	3878	4788	7296	5746	6056	5282	7489
Rv2910c	274	260	227	287	296	286	353	341	244	238	273	196	239	310	251	334	273	323
Rv2911	1391	1894	1591	1604	1946	2258	1918	1655	1823	1621	1840	1427	1848	2208	2023	2044	1615	2402
Rv2912c	976	1486	1206	1071	1619	1630	1339	1354	1259	608	615	745	885	831	982	1126	733	1178
Rv2913c	2662	4235	3033	3506	4346	4223	4077	3876	3268	1453	1528	1523	2281	1988	2148	2749	1695	2529
Rv2914c	5626	4416	4140	6982	4414	5914	7328	5633	4522	2693	1839	1591	4138	2267	2596	4386	2149	2675
Rv2915c	3509	2999	3700	4417	2894	4836	4616	3472	3954	2880	2085	2301	3726	2480	3365	4214	2309	3759
Rv2916c	6757	7660	7770	7257	8898	10037	9534	8859	8490	5484	6477	4790	6280	7759	7024	7851	6203	9181
Rv2917	1409	1187	1244	1476	1519	1569	2046	1679	1483	1082	812	678	1005	1137	993	1214	1087	1501
Rv2918c	5294	4183	5005	7735	4194	7290	5952	4910	4916	3931	2780	2707	7707	3509	4255	5800	2983	3934
Rv2919c	2048	1416	1867	2923	1724	2442	2480	1694	1689	1461	965	1019	3314	1333	1661	2293	1195	1845
Rv2920c	1712	1418	1429	2213	1298	2075	1977	1562	1285	1394	1237	1026	2632	1452	1674	2144	1156	1674
Rv2921c	8941	8561	9999	10140	11289	12431	10411	10217	9986	7032	8144	5799	10620	9849	8382	10764	7901	10480
Rv2922c	11998	12179	13010	13284	13382	16921	15563	14139	13751	10176	10747	8971	13550	13789	12535	15637	12030	16846
Rv2922A	1026	1386	1120	1083	1860	1337	1501	1739	1145	956	1547	836	1168	1880	1114	1543	1557	1843
Rv2923c	982	1050	1065	972	1473	1260	1300	1410	1029	827	1168	665	1010	1462	925	1212	1274	1405
Rv2924c	1471	1501	1573	1945	1446	2081	1707	1423	1483	1117	1200	978	2082	1397	1355	1780	1156	1493
Rv2925c	9523	8577	9164	10523	10946	12099	11122	10389	9149	7051	8123	5519	11340	9028	7984	11545	7326	9792
Rv2926c	10000	9120	8196	10510	11549	10391	11185	10275	7944	8264	8254	5820	12552	8895	8331	12223	7652	10635
Rv2927c	15537	11064	10096	16812	18051	11970	17518	14107	9639	14793	9415	8626	21123	12867	10669	19722	11594	15800
Rv2928	3427	3755	3695	3689	3721	5263	4564	3939	3990	3786	4005	3282	3950	4579	4433	4644	3378	5572
Rv2929	1671	1379	1734	1883	1226	2344	2129	1498	1623	1601	1078	1423	2121	1353	1898	2198	1224	2328
Rv2930	18550	24480	31829	26557	20662	48166	21413	24640	30621	16860	21107	19968	24236	29935	31498	19120	20444	28491
Rv2931	27437	30119	67947	35816	31601	96977	26614	31119	54387	23790	27409	29105	26357	38245	42450	20283	24639	37016
Rv2932	19983	17775	45319	26281	19754	64380	17224	17944	32332	17244	18522	20323	17347	23695	30442	13129	14301	22026
Rv2933	39927	39413	97999	55861	41728	136762	30638	32995	62645	33997	45265	42415	36187	58221	62110	23722	27722	41622
Rv2934	36205	31822	88375	52127	34168	120184	27064	27022	53885	31107	42833	39172	31739	53876	59347	20673	23667	36083
Rv2935	47564	43801	88653	64442	45641	130761	40788	43263	64563	46880	58570	49004	49739	75525	73471	37581	38062	53939
Rv2936	10600	8981	18104	13623	9022	28405	9239	9540	13683	9602	11073	9153	10171	13624	14358	8206	7488	11235
Rv2937	7992	5939	12395	10112	6051	19566	7378	6626	9708	7695	7178	7295	8256	9856	10611	6654	5719	8625
Rv2938	5790	4530	9672	7697	4379	14767	5378	4635	7658	5901	5156	6314	6732	6828	8355	4776	4120	6959
Rv2939	11948	8936	13778	15128	8395	21748	11198	9022	11053	10476	8083	8067	13272	10471	12838	9993	7337	10101
Rv2940c	94548	109401	138528	127842	104096	184164	97072	89462	100739	63082	88497	68136	105122	107105	103542	81208	66867	87164
Rv2941	39225	49335	32138	44341	52859	50434	47734	51590	34367	29518	35583	23941	43486	46589	33667	46503	35635	42228
Rv2942	43247	48701	47245	63060	42322	68215	47896	41420	40182	29407	30615	23398	67041	39617	36612	50942	28377	35418
Rv2943	1041	951	898	1371	1053	1241	1476	1312	1009	812	781	516	1280	963	844	1425	941	1153
Rv2943A	70	54	66	87	79	92	103	99	74	64	59	30	84	69	57	88	64	91
Rv2944	1643	1418	1954	2043	1220	3086	1550	1401	1720	1130	1248	1151	1518	1366	1884	1356	927	1223
Rv2945c	8878	8890	10602	10336	9390	16000	7911	7937	8493	6307	7821	6382	7478	9743	9753	6193	5888	7472
Rv2946c	39777	47986	75138	56958	49458	101603	34891	38197	55306	22189	39404	27717	38014	47263	44987	24515	27696	35294
Rv2947c	9121	10967	17008	13207	12356	23031	9193	10165	13090	5567	9204	6634	8930	12219	10788	6337	7830	9549
Rv2948c	18888	18591	29891	26827	17673	44752	19918	18881	25565	13136	15253	15310	19295	19304	23651	14072	13092	19445
Rv2949c	9337	9663	12929	14001	7925	20967	9886	8935	11638	6450	6507	7374	10702	9743	11191	6972	6610	9468
Rv2950c	26944	29777	36951	41510	23855	54880	33568	25907	33157	22504	20113	23821	39854	30151	36058	27273	21186	30688
Rv2951c	9427	9922	9096	10734	9647	13760	11983	11436	9885	8442	9648	7195	10134	11209	10478	10792	8576	12463
Rv2952	5656	5805	5547	6418	5500	8333	7200	6477	5676	5363	5621	4197	5585	6791	6208	5779	5633	7025
Rv2953	8761	8217	8669	10799	7265	12551	11636	10253	9319	8627	7133	6651	9929	9113	9805	10632	8038	11544
Rv2954c	7669	7887	7507	9729	6669	11019	10425	9059	7935	7518	7179	6132	10818	8713	9078	11265	7662	10740
Rv2955c	2569	2992	2895	3181	2486	3837	3540	3392	3096	2502	2983	2074	3126	3226	2994	3368	2857	3617
Rv2956	4434	5757	4179	5518	4639	7166	5653	5006	4823	4063	4862	3652	6310	5934	5419	5712	3934	5752
Rv2957	4079	4035	2816	5484	3122	5033	4410	3402	2695	3470	2927	2241	5985	3854	3525	4962	2993	3183
Rv2958c	2986	2909	4845	3216	2887	7495	3640	3749	5611	2339	2670	2879	2384	3402	4715	2535	2774	4305
Rv2959c	1769	2075	3077	1927	1979	4596	2273	2426	3450	1684	1880	2192	1705	2705	2987	1716	1980	3263
Rv2960c	1138	1268	1939	1078	1334	2746	1250	1424	1898	1037	1581	1235	967	1670	1778	982	1278	1917
Rv2961	462	407	465	454	398	587	591	609	512	471	394	367	466	480	575	505	513	672
Rv2962c	2092	2272	2910	2027	2606	3513	3056	3054	3264	2073	2586	2022	1929	2887	2945	2841	2597	4033
Rv2963	1809	2171	2255	1963	2414	2783	2269	2301	2194	1319	1206	1187	1745	1573	1605	1971	1383	2116
Rv2964	1357	1044	1096	1249	1280	1507	1782	1324	1267	1206	727	688	1192	962	902	1667	940	1223
Rv2965c	1590	1373	1533	2332	1232	2040	2107	1535	1393	1560	1135	1037	2735	1394	1497	2175	1126	1604
Rv2966c	2512	2537	2513	3588	2231	3564	3100	2749	2689	1836	1880	1241	4029	2041	2130	3346	1728	2078
Rv2967c	11820	11728	12629	14486	12751	17382	15691	14308	13944	8427	8401	6984	14695	11047	10511	15996	9531	13104
Rv2968c	4897	5107	5302	5355	5014	7570	6657	6612	6172	3292	4342	2910	5227	4897	4646	6535	4583	5862
Rv2969c	8623	10064	8950	9169	10759	12896	11050	11208	9870	6480	7894	5558	8890	10711	7962	10898	8215	10377
Rv2970c	6893	7796	7895	8315	7647	11102	8525	7976	7636	5629	6493	5199	8736	7954	7473	8648	6185	8322
Rv2970A	2039	2139	1877	2542	2196	2855	2813	2652	2315	1433	1417	1444	2787	1950	1920	2824	1647	2621
Rv2971	5050	6132	5342	5317	5943	8167	6448	6465	6238	3845	4296	3540	5870	5598	5104	6664	4442	6124
Rv2972c	1406	1541	1882	1826	1409	2765	1913	1652	1971	1181	981	1150	2030	1294	1715	1837	1025	1813
Rv2973c	2368	2174	2596	3560	2118	3599	2641	2187	2342	1812	1325	1332	3579	1895	1897	2492	1392	1916
Rv2974c	2695	3403	3278	3629	2984	4360	3217	2978	3114	1559	2289	1291	3534	2339	2166	3017	1721	2309
Rv2975c	1942	2351	2186	2221	2412	2955	2377	2512	2194	1207	1679	1067	2091	1992	1608	2271	1513	2020
Rv2975a	2457	3263	2687	2730	2965	4268	3373	3764	3152	2787	3594	2264	2970	4295	3587	3875	3421	4260
Rv2976c	4089	4701	4492	5031	4262	6380	5496	5144	5040	3267	3572	2865	5001	4261	4367	5356	3645	5280
Rv2977c	4486	5822	5645	6669	5998	7515	5823	5737	5350	2122	2755	1678	6605	3270	2657	5935	2821	3429
Rv2978c	12805	17229	13029	15093	18954	18518	15192	17367	12862	5768	7622	4787	15661	9525	6890	15440	7291	9236
Rv2979c	5236	4757	5411	6527	6062	7118	5417	5500	5176	1724	1656	1346	6071	2101	1976	4995	1695	2458
Rv2980	727	932	1113	796	928	1452	1016	1002	1178	538	930	567	828	907	848	1020	700	1011
Rv2981c	7156	8188	9005	9257	7856	11734	8556	8058	8504	5279	6330	4775	9458	7327	7114	8790	5538	7904
Rv2982c	5070	4843	5092	5970	5285	6774	6143	5359	5126	3675	3431	2564	5429	4400	3562	5203	3701	4742
Rv2983	911	743	765	1055	827	1075	1111	906	775	622	456	434	789	614	599	815	565	790
Rv2984	18333	19234	13687	20471	21951	19881	25027	24883	15777	8707	8714	6068	11225	12037	8351	15800	10698	13044
Rv2985	17914	21777	14922	21707	21313	22264	28007	27998	18267	13926	12158	9135	21747	16493	13675	31700	16894	22817
Rv2986c	22296	30433	18772	24781	34313	28234	36237	34806	22146	19874	17446	12526	28988	24812	17698	40568	23130	30951
Rv2987c	2590	6952	3632	5428	6511	6251	4018	4844	2603	683	825	926	5354	1527	1522	2653	787	1547
Rv2988c	10115	29656	13782	25763	17601	23120	13518	14759	9539	4581	4619	3605	27802	5086	5757	11392	3269	4524
Rv2989	11605	32101	19854	24785	17546	31782	13896	15045	15901	5133	6380	4171	22831	5298	6981	10857	3440	4768
Rv2990c	11151	11978	4689	17755	8458	7303	12725	9101	3425	5648	4318	2994	18340	5128	5208	9676	3042	2961
Rv2991	1126	1175	1390	1149	1284	1665	1430	1250	1147	937	862	1006	1476	1116	1324	1450	857	1453
Rvnt35	83	40	57	89	46	56	68	58	44	62	37	33	129	35	50	66	34	61
Rvnt36	189	183	159	230	167	234	240	165	192	161	143	143	263	131	211	209	153	259
Rv2992c	7695	6331	8271	9171	6855	10896	9737	7694	8526	6954	5256	5509	8671	7173	7608	9535	6321	9748
Rv2993c	6185	5336	5398	6886	5531	7563	7361	5963	5300	5684	4879	3797	6823	5922	5379	6885	4613	6181
Rv2994	5075	5052	5242	5810	5082	7077	6701	6208	5652	3975	4212	3308	5751	5123	4739	6634	4322	6067
Rv2995c	10688	11667	12145	11605	12659	15761	13026	12527	13117	8186	9824	6813	10471	11589	9747	12988	9288	13341
Rv2996c	14590	16277	17716	15623	20992	21652	19005	17791	18571	10101	14804	8633	13446	17575	12493	16495	14245	18251
Rv2997	3644	3695	3818	4605	3911	5098	4347	3958	3694	3058	2635	2238	4425	3276	3245	4178	2743	3743
Rv2998	1345	1173	1208	1723	1178	1562	1558	1429	1157	1141	927	802	1624	1101	1099	1433	959	1318
Rv2999	979	978	991	1183	1110	1434	1375	1300	1057	1118	765	781	1124	1274	1035	1347	1110	1555
Rv3000	2043	1924	2252	2518	1892	3319	2761	2311	2308	2050	1587	1626	2961	2119	2431	3013	1730	2723
Rv3001c	11634	11786	11632	13889	13955	16791	13672	14256	11748	11774	12816	9133	16517	17541	13616	17540	12712	15665
Rv3002c	2990	2918	3115	4189	3203	4572	3894	3282	3022	3241	2651	2783	5346	4575	3764	4515	3057	4173
Rv3003c	16041	19109	18018	22282	17696	26408	20465	17804	18292	17271	20604	14689	26914	25153	23009	24866	17180	23333
Rv3004	3310	2624	2973	3583	2986	3996	4341	3242	3047	3228	2367	2044	4553	2727	3054	4763	2287	3554
Rv3005c	10249	7849	7994	12195	9478	11119	14057	9503	8942	10073	7112	6436	15461	8678	9477	16094	8013	12497
Rv3006	7398	6730	7027	9006	7101	9719	9175	8456	7348	6507	5380	5223	9710	7226	7496	9400	6066	8743
Rv3007c	3000	2442	2410	3552	2432	3621	3906	3087	2478	2433	1659	1867	3921	2412	2545	3887	2064	2825
Rv3008	3273	2438	3387	3791	2582	4188	3931	3328	3298	2566	1907	2145	3913	2187	2627	3992	2217	3806
Rv3009c	10921	11233	10282	12029	12364	14359	12717	12261	10622	7384	8516	5849	11080	9226	8501	11376	7591	10323
Rv3010c	8445	7971	8520	9191	11877	11188	10055	11275	8808	5313	6398	4742	7483	8460	6774	8480	6839	8734
Rv3011c	4018	4901	5852	4521	5654	7181	5489	5236	5948	3358	4542	3618	4004	5658	5015	4776	4336	6726
Rv3012c	429	678	498	463	601	803	594	632	563	399	575	400	456	784	541	515	545	721
Rv3013	1781	1372	1938	1760	1374	2616	2266	1786	2294	1896	1746	1465	1990	1815	2298	2437	1626	2839
Rv3014c	4183	4472	5272	4505	5223	6798	5350	5074	5380	3680	3932	3328	4441	5008	4600	5159	4229	5973
Rv3015c	1894	1748	2061	1935	2281	2432	2371	2230	2149	1390	1701	1033	1535	1915	1509	1901	1706	2024
Rv3016	2153	1413	2169	1928	2026	2670	2453	2344	2456	1357	1169	1145	1636	1585	1489	1929	1713	2227
Rv3017c	330	308	320	364	334	492	384	356	415	234	258	179	354	317	239	345	261	324
Rv3018c	391	435	331	550	356	502	521	467	401	342	359	285	657	396	404	671	341	488
Rv3019c	204	257	181	245	286	262	249	293	179	143	148	106	192	289	161	254	196	242
Rv3020c	111	101	73	88	122	114	104	103	89	63	84	52	93	115	73	101	90	114
Rv3021c	201	215	184	256	195	284	277	247	205	170	201	125	298	201	225	316	188	263
Rv3022c	43	48	47	63	30	46	55	48	37	29	43	16	44	40	38	61	30	34
Rv3022A	12	39	15	15	20	31	27	31	16	19	28	10	23	18	21	31	13	25
Rv3023c	9571	7459	7371	12348	7731	10342	10397	6858	6674	2974	5137	2856	4815	6575	4765	4067	4661	4906
Rv3024c	5664	4972	6174	6735	5400	8392	7277	6236	6612	4373	4082	3676	6628	4894	5553	7497	4512	7011
Rv3025c	6745	7868	7933	8604	8185	10820	8537	7861	7966	5547	6400	4644	8492	7842	6581	8197	5930	7694
Rv3026c	3968	5064	8008	5281	5567	10460	5515	6523	8549	763	751	611	1371	872	1011	1051	672	989
Rv3027c	3450	3525	5036	4798	3367	7223	5002	3728	5373	1534	1267	1458	2298	1583	2152	2350	1193	2269
Rv3028c	19225	21646	26272	20744	25123	32947	24829	21781	27737	14145	19851	14471	20281	23692	21109	22860	17125	26848
Rv3029c	16312	19280	22370	17189	22448	28723	20907	19317	22410	13545	16938	13833	18614	22195	19284	20394	15835	23356
Rv3030	3185	3710	3352	3423	4063	4804	4088	4263	3747	2882	3279	2255	3780	4407	3393	4734	3310	4564
Rv3031	4777	4849	6112	5433	5548	7950	6062	5941	6463	4035	3992	3757	5860	5647	5436	6819	4560	7180
Rv3032	3482	2995	3929	3979	3110	5275	4073	3203	3822	3162	2422	2791	4527	3101	3932	4770	2657	4444
Rv3032A	1055	774	1023	1174	885	1294	1220	978	1084	983	702	665	1338	831	972	1419	795	1110
Rv3033	426	429	375	624	442	576	673	515	417	431	360	348	652	512	479	711	420	553
Rv3034c	3530	3367	3204	4196	3203	4732	4589	3800	3384	2787	2464	2236	4239	3000	3116	4676	2644	3609
Rv3035	4539	4944	5008	4932	4934	6770	5721	5233	5351	3308	4388	2906	4758	4635	4186	5345	3839	5168
Rv3036c	2012	1980	1820	2409	1711	2608	2496	2343	2071	1544	1263	1143	2475	1814	1623	2595	1680	2049
Rv3037c	4013	3567	4064	5531	2971	5892	4726	3529	4178	3077	2820	2360	5856	2930	3930	4900	2407	3788
Rv3038c	7542	6988	7795	9297	7312	10171	9124	8147	7955	6592	5571	5521	10277	7507	8065	9660	5801	9329
Rv3039c	1899	1621	2250	2142	1995	2951	2657	2242	2457	1512	1396	1364	2263	1731	1892	2670	1643	2444
Rv3040c	1867	1857	2236	2214	2050	3027	2397	2228	2421	1502	1529	1319	2321	1989	1875	2412	1759	2387
Rv3041c	2985	2972	3694	4070	2861	5190	3814	3196	3831	2200	2644	2007	4032	2983	3155	3912	2647	3539
Rv3042c	16941	15389	17625	18553	15663	24423	21797	17339	20194	12129	12304	10160	17357	13262	15111	21613	12166	18191
Rv3043c	21542	19823	20045	19656	25759	25616	29348	26556	22546	16261	15605	14077	17873	23962	17785	27111	20857	27882
Rv3044	9940	10780	12698	10559	11717	16547	12911	12121	13161	8218	9031	8117	10339	11225	11145	11938	9373	13222
Rv3045	14002	16814	14988	16165	19029	21303	18488	19801	16148	9503	12817	8802	14488	16863	12615	15773	13405	16781
Rv3046c	6400	6841	6564	7564	6809	9592	8392	8352	7191	3216	3946	3061	5372	4916	4485	6076	4129	5548
Rv3047c	491	681	623	689	603	908	783	662	646	413	281	479	804	420	712	871	346	829
Rv3048c	3094	3138	2844	4217	3432	3902	4302	3251	2498	2417	1465	2182	5467	2282	3111	4797	1836	3423
Rv3049c	14709	14133	9372	20432	11902	15215	17073	13135	8844	11858	9461	7512	24231	11559	11263	20576	8811	11576
Rv3050c	14908	16030	14907	19561	13975	23001	18364	16411	15013	10854	9202	8843	20857	11775	13035	19977	10342	14599
Rv3051c	56598	69360	55072	67390	68997	80561	71271	67404	53825	32714	33496	32799	64755	48550	45210	68455	39045	54366
Rv3052c	17572	23257	15045	18044	21623	24654	23041	22988	15846	9590	13500	9443	16780	14989	14009	20966	11723	15638
Rv3053c	18214	24814	18542	21860	27335	26904	24518	26017	18228	10645	11010	11125	21287	18238	14671	22240	13524	17622
Rv3054c	265	918	373	294	927	571	427	908	426	208	244	310	300	360	422	357	250	499
Rv3055	828	837	946	855	1067	1163	866	979	959	547	652	489	832	870	733	770	685	953
Rv3056	1894	1975	1861	1996	2101	2596	2287	2181	1900	1413	1506	1200	2085	1718	1594	2233	1379	1958
Rv3057c	3267	2764	2112	3749	2706	3254	3963	3376	2214	2518	2193	1763	4346	2542	2670	4639	2178	2911
Rv3058c	4645	4464	3178	4992	4369	4523	5910	5072	3276	4547	3937	3122	6772	4701	4667	7679	3964	5338
Rv3059	7067	6016	5170	6105	8368	7062	8780	8026	5442	4516	4267	3407	5659	5738	4356	7813	5148	6519
Rv3060c	4232	4102	4931	5596	4113	7245	4883	3899	4660	2739	2520	2494	5740	2780	3851	4507	2284	3818
Rv3061c	4270	4964	5331	6877	4672	7783	5299	4549	4448	2627	3021	2400	7096	3283	3969	5113	2559	3538
Rv3062	4341	4637	4403	5034	4699	5894	5676	5082	4595	3077	2750	2374	4529	3482	3180	4757	2915	4167
Rv3063	4237	3572	3708	4671	4242	5151	5221	4701	4203	2518	2440	1878	3797	2910	2491	4288	2762	3357
Rv3064c	719	678	676	919	653	1017	1058	838	785	529	448	466	901	552	678	989	495	864
Rv3065	432	531	415	595	540	637	577	543	442	264	351	249	561	366	360	482	304	425
Rv3066	1015	1228	1222	1360	1204	1653	1285	1222	1178	768	856	735	1375	1059	1133	1281	752	1092
Rv3067	1462	1588	1640	1709	1566	2421	1971	1796	1680	1396	1484	1394	1928	1745	1862	1844	1401	2100
Rvnt37	130	69	101	146	88	135	153	124	117	56	85	60	162	78	102	136	94	123
Rv3068c	3085	2784	2737	3066	3487	3545	3898	3629	2950	2630	2526	2041	3074	3179	2729	3668	2752	3840
Rv3069	643	677	691	665	725	935	819	806	768	481	605	442	654	666	602	757	587	755
Rv3070	388	377	381	413	437	533	528	523	456	315	367	238	371	422	341	450	338	474
Rv3071	1430	1264	1446	1544	1374	1912	1967	1589	1552	1240	1000	921	1511	1367	1361	1757	1221	1872
Rv3072c	1230	830	955	1340	866	1364	1586	1163	1080	1187	924	780	1325	981	1139	1598	921	1364
Rv3073c	366	270	352	410	293	407	397	280	307	315	198	233	457	311	337	367	263	371
Rv3074	6800	8936	8789	8181	9799	12129	7637	10207	9235	4996	5720	4104	8446	5956	6240	8109	4787	7246
Rv3075c	10243	8572	11310	11264	12520	13284	12022	10748	10442	9747	8673	8442	12633	11508	10323	12198	8930	13765
Rv3076	614	675	654	564	754	811	756	711	650	416	578	421	541	691	520	709	489	696
Rv3077	3826	3508	3308	3371	4880	4219	5208	4925	3626	3146	2858	2204	3123	4022	2988	4601	3579	4583
Rv3078	1469	1264	1260	1408	1388	1877	2027	1908	1515	1122	1155	878	1104	1313	1223	1828	1185	1648
Rv3079c	1040	905	843	1167	930	1219	1463	1154	1045	817	713	567	1222	845	827	1344	816	1055
Rv3080c	3088	2882	3144	2644	3901	3897	3689	3546	3199	1915	2533	1668	2804	2738	1974	3517	2410	3267
Rv3081	1784	1852	1591	1865	1578	2428	2346	2343	1820	1219	1255	942	1995	1381	1489	2311	1323	1768
Rv3082c	643	640	499	604	668	756	1065	947	708	493	435	317	598	456	508	1032	459	764
Rv3083	5863	3124	1679	6915	3930	2351	9525	3920	1851	4417	2208	1523	11197	3393	1972	13435	2977	2994
Rv3084	2131	1393	747	2560	1415	1027	3265	1489	862	1477	993	565	4007	1385	745	4876	1139	1126
Rv3085	1602	1074	471	2137	1112	722	2702	1027	510	1266	699	414	3731	943	587	4138	814	835
Rv3086	5409	4503	2528	6676	5316	3524	7829	5588	2767	3858	3239	1889	10281	4352	2803	11510	3867	4266
Rv3087	3256	2792	1431	4060	3283	1988	4816	3055	1732	2278	1780	923	6519	2536	1468	7415	2340	2435
Rv3088	2709	2139	1341	3080	2445	1884	3975	2831	1677	2160	1482	971	5161	2019	1339	6560	1917	2315
Rv3089	3862	2987	1741	4325	3191	2549	5480	3703	2155	3043	1974	1391	6884	2725	2005	8627	2564	2927
Rv3090	510	520	375	449	688	542	759	768	544	527	481	377	443	762	445	710	693	837
Rv3091	5719	5533	6627	6625	6001	8363	7293	6232	6771	4878	4738	4166	6892	5735	5902	6793	5000	7504
Rv3092c	7902	6721	10906	10187	7544	13828	9662	7805	9448	6592	4465	5324	10685	6186	7186	8937	5021	8349
Rv3093c	4141	2888	9007	5355	2915	11546	5055	2606	6620	4867	1893	2959	7354	2467	4482	4873	1555	3931
Rv3094c	2811	2212	6773	4735	2002	8299	3984	1871	4828	4341	1172	2441	8002	1805	3703	4534	1250	3095
Rv3095	2452	2035	3635	4028	1707	5238	3298	2162	3361	2995	1291	1819	5658	1650	2930	4082	1213	2469
Rv3096	5716	4337	4826	6718	4823	7016	7297	5501	4947	6164	3100	3366	8239	4398	4730	8491	4038	6063
Rv3097c	1127	820	1021	1264	728	1429	1531	992	1011	1029	730	769	1548	767	1134	1537	771	1233
Rv3098c	1402	1534	1248	1704	1476	1809	1824	1679	1285	1169	1100	889	2017	1347	1352	1736	974	1413
Rv3098A	1847	1783	1782	2083	1956	2487	2442	2066	2037	1336	1254	1308	2579	1599	1744	2465	1294	1996
RVnc0046	2113307	2614740	2291563	2138126	3216640	3054851	2547327	3145513	2252249	1469489	2211951	1626646	2382263	2572521	1995911	2595517	2030092	2900565
Rv3099c	5789	5053	5776	5945	7130	7729	7120	6434	6256	5429	5133	4247	6124	7053	5805	7186	5673	8243
Rv3100c	2001	1631	1970	2242	1664	3079	3044	2151	2493	2117	1452	1669	2329	1827	2434	2820	1723	2882
Rv3101c	4184	3960	4438	4682	3817	6758	5926	4671	5312	3827	3445	3330	4546	4562	4806	5366	3772	6045
Rv3102c	1965	2524	2418	2446	2351	3638	2780	2728	2785	1824	2520	1868	2432	3132	2648	2689	2250	3362
Rv3103c	1574	1713	1952	2076	1479	2658	1834	1536	1754	1071	1233	899	1998	1246	1459	1798	1092	1646
Rv3104c	6615	7316	8086	7817	7084	11215	8170	7137	8277	4528	5675	4224	7425	6155	6449	7438	4854	7189
Rv3105c	5069	5829	6488	6031	6496	8686	6548	6083	6602	3923	4261	3663	5613	5550	5113	5922	4477	6402
Rv3106	1748	1698	1818	1924	1927	2396	2226	2097	1857	1503	1488	1270	2061	2099	1781	2354	1713	2277
Rv3107c	2679	2460	2540	2958	2896	3467	3797	3942	3107	2462	2051	1850	3161	2559	2699	4133	2578	3732
Rv3108	674	684	694	716	766	897	960	834	706	710	611	575	972	755	760	1060	668	970
Rv3109	427	351	252	467	295	386	465	392	225	368	195	257	717	305	358	640	304	388
Rv3110	174	141	101	205	178	180	234	168	141	156	108	127	355	164	178	274	118	211
Rv3111	138	137	112	212	165	157	203	170	97	146	106	94	251	116	142	197	113	164
Rv3112	68	114	57	98	106	96	109	114	53	83	54	54	141	88	85	113	59	122
Rv3113	194	185	166	252	182	260	239	207	183	201	149	162	322	173	222	290	177	252
Rv3114	321	225	378	391	218	446	420	330	339	230	118	280	455	175	328	395	193	371
Rv3115	9744	7886	7402	12687	7886	10857	10600	7014	6807	2917	5358	2944	4684	6971	4780	4053	4912	5149
Rv3116	5223	5568	4620	5528	6560	6625	7167	6929	5492	4985	4664	4005	5412	6683	5575	6661	5422	7891
Rv3117	8433	11674	10281	9057	12131	15730	12047	13501	11734	7818	9945	7472	9946	13131	11010	12816	10741	14545
Rv3118	4754	6137	5783	5027	7006	7810	6593	7723	6359	4103	6491	3851	5492	6834	6100	7257	6066	8179
Rv3119	2907	2901	2523	3276	3548	3704	3904	3762	2926	2407	2238	1657	3484	3347	2420	4287	2849	3418
Rv3120	4982	5043	4888	6025	5674	6730	6958	6741	5739	4333	4006	3211	6131	5415	4740	7722	5127	6662
Rv3121	5238	4957	3860	6586	4243	6374	6348	5164	4271	4480	3432	2979	7275	4428	4585	7035	3565	4793
Rv3122	1305	1113	1416	1566	1196	2066	1458	1197	1490	867	752	593	1393	886	970	1164	790	1099
Rv3123	1560	1454	1811	1767	1592	2138	2006	1626	1702	1294	1129	836	1723	1075	1318	1624	985	1574
Rv3124	485	435	401	521	455	487	662	583	414	408	365	315	673	458	428	667	393	527
Rv3125c	2551	2656	1954	3280	2643	2784	3232	2868	1913	2370	1829	1632	4144	2461	2301	3717	2230	2530
Rv3126c	186	355	181	264	501	294	233	352	152	163	174	145	272	287	197	213	250	178
Rv3127	46209	136027	13897	58752	187867	20324	35834	135629	12520	27827	73134	17067	62689	98356	21728	34451	67076	25595
Rv3128c	5935	22656	1953	9646	24091	3180	4694	15823	1274	3171	11225	1704	11223	12173	2777	4750	8679	1882
Rv3129	5564	18995	924	7047	21154	1394	3367	11589	572	3175	10858	1264	7989	9973	1745	3705	7625	1291
Rv3130c	101385	269237	17978	118133	405103	27281	77909	284358	15563	62660	173470	29540	125853	224440	37152	72208	159552	44832
Rv3131	66186	165863	12711	77957	231274	19126	54823	210865	12262	42180	114094	17939	82031	146570	24060	54765	124293	33115
Rv3132c	16874	39653	8980	23443	42322	12693	16339	31341	8340	12256	27227	6622	25727	30718	9815	16596	22792	10254
Rv3133c	8131	20364	3825	11076	18439	5145	7044	13163	3249	5727	17378	2723	11373	16311	4077	6630	11152	4326
Rv3134c	25338	69368	7754	32461	61900	11296	24094	56875	6783	18070	59665	8185	33134	54784	12985	21431	41107	13241
Rv3135	4828	6405	5788	5797	4653	8301	5831	6383	5400	3617	5352	3822	4171	5958	5906	4002	4470	5662
Rv3136	22138	28182	32346	22380	36077	40568	26315	33261	32378	13725	23679	16323	13133	32304	22394	13259	21639	27904
Rv3136A	6974	8206	10325	6788	8985	13991	7690	8760	10250	3697	6332	4907	3158	8368	7236	3030	5403	7849
Rv3137	5685	7062	8770	6570	7270	11809	5963	6518	8188	3026	5804	3723	3223	6225	5837	2853	4132	5865
Rv3138	4741	3440	5036	5476	3839	6385	5325	4442	4875	3372	2529	3286	5208	3255	4061	4324	3078	5224
Rv3139	34953	19510	28164	37483	29003	39176	34574	27123	34684	25870	21407	19638	34009	29539	28303	34480	23418	36174
Rv3140	19204	17406	22512	27162	18022	32830	20137	16655	29977	17577	15828	13243	27380	21539	19057	22598	17824	28766
Rv3141	10738	10095	9773	12931	11241	13548	13304	12203	10359	8335	7575	5997	13343	9470	8937	13485	8570	10744
Rv3142c	4078	3091	2226	4353	3655	3289	4439	4025	2531	3321	2364	2072	5338	3089	3010	5074	2806	3864
Rv3143	4105	3699	3035	4241	4015	4290	6242	6142	3962	3380	3340	2553	5400	4012	3775	8312	4034	5499
Rv3144c	5837	6543	5478	6769	6885	7321	8338	8295	6422	4211	4651	3379	8533	6090	5350	10273	5534	7154
Rv3145	4683	5205	3366	5995	5132	4395	6106	5875	2941	3859	3852	2990	7159	5575	4246	7276	4281	4843
Rv3146	5952	5622	3976	6596	6507	5419	7578	7348	3646	4230	4143	3259	7471	6282	4769	8436	5290	5572
Rv3147	8386	7626	4813	8881	7647	6547	9777	8380	4437	5713	5918	4494	9659	6923	6142	10625	5797	7437
Rv3148	23677	19857	13183	27356	20277	19104	28289	22490	12599	17639	13553	12917	29159	18229	19215	31136	15204	20265
Rv3149	12290	11297	7546	15098	12188	10155	14319	12160	6824	8946	8637	6712	16422	10291	10226	16067	8503	10535
Rv3150	20421	18683	12395	25355	19857	16425	23216	19109	11210	15381	13279	10988	28503	17021	16056	25534	13840	17509
Rv3151	49760	51645	34216	64436	54517	47492	56515	50724	31400	35555	36621	26284	72530	47186	38983	61070	35712	41524
Rv3152	20123	20711	13297	25483	20569	19731	23352	22540	13063	14489	14196	9792	28340	19346	15133	26743	15020	17043
Rv3153	10707	10686	7397	12498	11784	10924	13023	12183	7282	7870	7788	5317	14041	10538	8191	13969	8514	9554
Rv3154	14292	12970	10243	15856	13529	14787	16585	14963	10416	9736	10305	6995	17213	11830	11012	16907	9483	11689
Rv3155	2387	2547	1503	2850	2492	2246	2840	2260	1541	1956	1627	1416	3488	2301	1870	2827	1725	2030
Rv3156	35893	37376	25033	47028	36874	36292	41144	36386	24306	24318	27366	18034	51671	33308	27844	42495	24180	27832
Rv3157	25358	26003	17373	32211	26864	25171	29615	27538	16760	18569	18419	13068	36261	25479	18868	31281	17923	20178
Rv3158	21170	20115	14667	25470	21652	20421	24539	21472	14125	15907	15345	11556	28811	19291	16661	24613	13888	17357
Rv3159c	4437	4415	2716	6078	3689	4587	5344	4188	2882	2996	2829	1819	6837	3323	3074	5255	2610	2962
Rv3160c	2079	2319	2033	3255	2145	3114	3034	2379	2308	1095	1114	961	3594	1563	1446	2848	1268	1848
Rv3161c	4702	5029	3847	6754	4761	5770	6323	5079	4272	2402	2741	1865	7977	3245	3158	6453	2609	3552
Rv3162c	510	461	529	707	505	733	700	646	565	373	359	251	823	477	437	848	437	497
Rv3163c	1034	1101	1128	1467	1012	1525	1290	1158	1039	875	681	560	1839	935	856	1713	827	996
Rv3164c	1252	1105	1182	1395	1085	1621	1514	1271	1230	1084	730	786	1680	950	1060	1848	889	1328
Rv3165c	316	291	271	335	328	407	421	335	295	242	200	201	368	240	299	465	278	372
Rv3166c	902	831	760	1019	868	982	1143	979	817	734	554	598	976	756	796	1220	727	1044
Rv3167c	161	327	192	178	293	330	228	280	220	172	145	179	194	176	230	232	154	268
Rv3168	1260	1227	1109	1415	1348	1673	1829	1456	1133	1186	866	995	1552	1156	1325	1909	1105	1668
Rv3169	2454	3195	2103	2456	4099	2748	4393	4804	2754	2350	2360	2477	2976	3474	3617	5160	3561	5887
Rv3170	3622	3811	3233	4420	3889	4501	5049	4492	3707	2270	2381	1783	3853	2758	2608	4533	2569	3504
Rv3171c	11119	8165	7756	12041	10688	10447	12364	10712	7833	8826	6754	5433	12632	7721	7883	12623	7983	10170
Rv3172c	938	755	1018	1367	771	1395	1155	862	873	862	623	723	1648	730	987	1164	591	964
Rv3173c	4724	3710	4650	6279	3809	6844	4207	3925	4442	3409	2271	2641	6802	3114	3598	4376	2382	3974
Rv3174	101	159	104	139	147	129	132	173	101	91	90	63	191	98	85	140	76	121
Rv3175	1385	1433	1571	1612	1365	1949	1926	1686	1521	1194	1318	956	1549	1317	1379	1541	1140	1564
Rv3176c	492	474	467	850	503	654	645	596	452	434	281	350	959	316	491	722	264	449
Rv3177	561	538	643	615	557	883	697	771	657	477	482	421	597	550	541	604	412	662
Rv3178	178	149	207	193	147	282	190	213	167	145	130	127	178	135	174	182	143	212
Rv3178a	231	163	253	232	169	311	277	200	251	163	69	176	244	104	177	214	157	302
Rv3179	1294	1227	1115	1495	1223	1629	1706	1490	1297	1221	877	860	1760	1078	1333	1904	944	1626
Rv3180c	493	558	479	565	592	621	667	664	563	457	382	325	669	463	414	736	416	595
Rv3181c	371	438	390	367	430	465	452	525	424	280	289	227	448	380	295	481	305	472
Rv3182	570	563	617	768	630	809	755	679	615	473	352	409	959	487	556	884	406	636
Rv3183	285	288	300	341	293	425	399	349	278	232	202	172	445	230	318	459	199	307
Rv3188	497	696	478	514	800	631	745	971	595	343	438	301	511	490	391	646	469	564
Rv3189	1119	1113	965	1293	1056	1460	1659	1337	1204	812	641	585	1354	783	954	1576	747	1172
Rv3190c	3430	2961	2549	3865	3241	3736	4435	3433	2686	2674	1980	1849	3993	2760	2574	4247	2400	3304
Rv3190A	3603	3329	2695	3978	3704	3977	4451	4277	2796	2331	2150	1712	4005	3103	2357	4390	2670	3144
Rv3191c	9743	11255	9173	11659	11143	14115	12062	13131	9638	4166	5138	3487	11204	6142	5487	11873	5135	6728
Rvnt38	49	51	64	50	33	72	51	37	43	36	35	30	76	35	53	30	19	41
Rv3192	1101	971	1186	1562	897	1694	1298	1090	1138	908	696	693	1635	830	1087	1249	664	995
Rv3193c	25392	25399	25886	29114	27996	36949	31141	30219	28462	18589	19342	15546	26322	25123	21888	29552	21316	28945
Rv3194c	2688	3017	3375	2586	3715	4353	3924	4231	3832	2349	3079	2259	2376	4029	3072	3630	3525	4645
Rv3195	1111	1141	1318	1291	1091	1896	1369	1211	1282	850	923	897	1569	1138	1228	1315	896	1293
Rv3196	1985	1995	2009	2006	2348	2534	2639	2418	2124	1585	1453	1436	1937	2199	1844	2451	1740	2477
Rv3196A	535	537	525	550	705	672	785	680	563	457	402	416	511	620	462	681	571	796
Rv3197	20547	16325	15491	26020	20948	22112	26677	23243	17233	14372	12343	11426	27423	17254	16349	27667	15227	20840
Rv3197A	1226	1346	1136	1677	1011	1848	1734	1344	1241	799	702	822	1585	793	1260	1657	691	1408
Rv3198c	6479	6997	5562	7981	7343	7514	8828	8370	6096	4326	4072	3121	8203	5455	4643	8598	4889	6264
Rv3198A	1159	1111	1120	1453	913	1393	1619	1142	1139	987	765	716	1624	991	948	1577	905	1172
Rv3199c	5768	5182	6038	6652	5150	8636	7528	6159	6704	4281	3880	3256	6058	4491	4866	6994	4101	6179
Rv3200c	8766	9163	10015	9847	9409	13380	10659	9966	9995	5857	6496	4550	8749	7594	6469	9339	6178	8190
Rv3201c	5920	7496	7637	7670	8140	9977	6699	7891	7053	1747	1891	1596	8389	2123	2382	7240	1788	2937
Rv3202c	7890	11656	10630	10952	13231	13817	9210	11251	9826	1851	2512	1800	11109	2846	2741	9171	2229	3508
Rv3202a	287	256	232	305	353	285	356	346	218	191	159	160	291	267	167	349	214	304
Rv3203	1535	1583	1493	1606	1857	1937	1955	1941	1607	1131	1238	820	1698	1488	1202	1822	1330	1597
Rv3204	1925	1573	1912	2067	1563	2813	2455	2004	2038	1461	1183	1124	2093	1405	1786	2466	1446	2094
Rv3205c	9621	10006	12453	10702	11670	16111	12406	12353	12626	7760	8868	6896	11223	10324	10110	12321	9186	12634
Rv3206c	8507	10162	8744	10192	11081	12085	11361	11121	9293	7171	6691	6486	12627	8378	8954	12800	7264	11086
Rv3207c	12403	10294	10019	15263	12417	13971	15323	12164	10032	12129	8531	8130	17866	11640	11384	17357	9634	13526
Rv3208	5759	5097	5880	6500	5960	7277	6810	5966	5613	5004	4444	3948	7410	5458	5280	6949	4662	6394
Rv3208A	2774	2930	3471	2747	3808	4148	3406	3562	3470	2222	3061	2061	2732	3526	2768	3313	2757	3684
Rv3209	7044	5581	6155	9366	6099	8349	8773	7261	6735	6949	3480	4155	11403	4829	5786	10779	4933	8238
Rv3210c	4068	3568	3358	4870	3379	4774	4786	3431	3185	4179	2448	2399	5793	3026	3512	5464	2601	3829
Rv3211	33768	43364	37235	41190	40441	53444	37571	35634	33595	25188	31527	22037	46710	41017	31851	43111	27075	35202
Rv3212	11997	15303	18739	18009	15041	24709	11305	10316	12982	8170	11129	8447	20439	14010	12913	12771	7828	9690
Rv3213c	11732	11339	10966	11989	14453	14561	14534	13853	11126	10257	11521	7651	13152	14192	10456	14700	12016	14196
Rv3214	2527	2306	2779	2529	2763	3747	3412	3338	3179	2279	2533	2218	2459	2919	2904	3223	2683	4182
Rv3215	3181	2784	3108	3110	3008	4076	4330	3986	3555	2851	2778	2228	2991	3110	3189	4185	3107	4409
Rv3216	2179	1825	1987	2499	1811	2793	2768	2228	2166	2107	1443	1656	2662	2017	2336	2974	1905	2937
Rv3217c	2759	2809	3235	3095	3229	4299	3340	3716	3305	2406	2930	2024	3330	3454	2842	3324	3006	3658
Rv3218	1689	1765	1470	1975	1603	2134	2111	2101	1584	1633	1636	1364	2411	2059	1974	2565	1761	2451
Rv3219	11987	10588	9697	12338	9961	12593	14572	11917	9891	13569	14328	9537	15559	13838	14062	16820	13413	15957
Rv3220c	19908	20699	18480	25272	19894	25944	22149	17931	17037	16677	16509	13136	27635	18952	19093	22227	13777	18783
Rv3221c	3347	3100	2855	4364	3182	3918	3952	2996	2405	2543	2232	1693	4933	2637	2794	3727	2255	2659
Rv3221A	9885	9531	9119	10896	10022	13044	12394	11748	9911	8053	8517	6625	11295	9809	9381	13020	8446	11412
Rv3222c	8616	8608	8663	9022	9672	12065	10009	10716	9594	5553	6770	4456	8406	7555	7859	9316	6307	8485
Rv3223c	6351	6868	7124	7749	7796	9143	8155	8031	6977	4742	4454	4565	7750	6520	5901	7414	5429	7848
Rv3224	10619	11523	8275	10874	13958	11576	13870	13442	9161	11209	13419	9365	13651	17940	13086	17064	14118	17631
Rv3225c	7276	7652	7516	8881	7193	11091	8672	7823	7550	5755	6466	5102	9598	7466	7404	9359	5702	8073
Rv3226c	2372	2634	2233	2832	3277	3015	2908	3311	2296	1143	1284	889	2733	1668	1290	2704	1421	1848
Rv3227	3220	4251	3827	4111	4535	4910	4307	4399	3820	2375	3520	2201	4051	4101	3382	4141	3177	4135
Rv3228	2510	2844	2837	3110	3081	3496	3286	3254	3029	1850	2296	1620	4041	2626	2533	3636	2285	3145
Rv3229c	7471	5252	1106	14817	5806	1813	5123	3438	724	9421	2945	2145	49088	6633	4198	23707	3127	1839
Rv3230c	3426	2450	988	5356	2379	1540	2829	1963	962	3850	2201	1328	9641	2901	2267	6079	1727	1619
Rv3231c	1495	1304	1147	1777	1300	1618	2103	1328	1208	1429	942	929	2244	1300	1256	2058	1042	1545
Rv3232c	3476	2740	2589	4085	2582	3910	4463	3345	2799	3022	2168	1821	4152	2793	2711	4706	2502	3203
Rv3233c	1725	1404	1385	2004	1343	1941	2242	1792	1545	1536	1152	1029	1992	1559	1514	2223	1378	2008
Rv3234c	2951	2727	2672	3560	2406	3655	3743	3113	2587	2648	2387	1806	3616	3010	2726	3674	2555	3186
Rv3235	1998	2072	1739	2947	1725	2616	2667	2199	1857	1554	1549	1065	3047	1746	1713	2823	1561	1793
Rv3236c	4749	3930	3541	6730	3962	5033	6402	5120	3818	3347	2915	2334	6586	3486	3571	6350	3384	3932
Rv3237c	1871	1807	1143	2316	1836	1687	2473	2290	1384	1239	1440	826	2361	1586	1302	2567	1513	1620
Rv3238c	1569	1725	1397	1849	2215	1995	2231	2298	1584	1214	1204	974	1944	1718	1370	2142	1391	2038
Rv3239c	5732	5518	5960	7357	5706	8655	7634	6965	6979	3926	4360	3146	7242	4975	5045	7599	4516	5994
Rv3240c	19729	20418	19581	22105	21815	27333	27300	23355	22916	16567	15274	14204	23398	20567	19781	28928	17460	26186
Rv3241c	6343	6733	4159	7148	8033	6192	9406	10254	5741	5449	4878	3333	9118	7572	4778	13199	7585	8695
Rv3242c	1607	1697	1557	1912	1623	2105	1854	1883	1620	934	1004	720	1912	1122	1027	1823	846	1238
Rv3243c	2598	2344	2532	3130	2726	3313	3088	2816	2618	2139	1894	1508	3146	2519	2192	3088	2059	2670
Rv3244c	10931	10088	10014	15376	10527	14244	13358	11420	10328	9175	7287	6050	17942	9350	9166	15601	8007	10715
Rv3245c	25691	26271	21047	31315	26084	29824	32382	25390	22792	22634	21815	14518	38801	22922	21624	37796	19070	26794
Rv3246c	20447	16259	15433	22354	24803	19105	27454	21586	16836	17378	15469	12363	26914	19889	16137	28028	16868	26104
Rv3247c	4412	3710	6606	6125	3663	8818	5600	4319	6701	2763	2195	2348	4650	2657	3615	4312	2257	3621
Rv3248c	37089	38172	44808	44441	39275	64487	45432	42607	48452	18427	18437	16165	30719	26322	23365	33526	21417	29415
Rv3249c	7395	7507	6873	8391	9135	9806	9269	9156	8044	5333	5320	4773	8223	7356	6929	9135	5856	8706
Rv3250c	1280	1353	1070	1575	1813	1522	1753	1484	1226	972	945	834	1510	1313	1269	1568	1074	1457
Rv3251c	500	467	432	732	579	625	616	426	392	394	257	299	743	471	429	627	319	509
Rv3252c	7917	6335	6942	12365	6412	9728	9137	6505	6665	6834	3792	4947	12684	5036	7335	9755	4151	7190
Rv3253c	2363	1917	2184	2684	2218	2878	3201	2621	2330	2102	1843	1578	2307	2130	2168	2697	2007	2895
Rv3254	3368	3036	3482	3898	3205	4759	4311	3883	3750	2781	2333	2205	3929	3022	3090	4269	2746	3740
Rv3255c	8278	7479	9695	10485	7856	12938	10091	8276	9704	6429	5891	5483	11404	6867	8122	10917	6262	9143
Rv3256c	6748	6942	8417	8556	7214	11006	7548	6890	8137	4474	5801	4042	8756	6054	6240	8106	5116	7070
Rv3257c	16051	14295	17119	19114	16088	21700	19801	15701	17214	12397	10771	10058	20150	13278	14103	20068	11202	17095
Rv3258c	6568	6401	6389	6964	6988	8168	8251	8060	6978	5976	6316	4345	7490	5992	6641	8777	5321	8338
Rv3259	3739	5118	3831	4860	4205	5530	5212	5987	4487	4629	4371	4332	5956	5199	6737	6237	4556	7406
Rv3260c	6536	8071	6293	7935	6986	9202	9008	8920	7600	7913	7368	6314	10682	7864	9760	11102	6863	11325
Rv3261	4351	5020	4765	4924	5478	6344	5885	6179	5179	3952	4770	3358	5204	5753	4722	6340	4764	6537
Rv3262	8146	10683	8082	8661	11332	11030	10367	12156	8571	7066	11823	6511	9316	13108	9911	10686	10092	12879
Rv3263	4707	4099	4149	5884	4197	6153	5612	4406	4182	2922	1778	1892	5938	2166	2779	5337	2092	3249
Rv3264c	9242	9882	12254	10719	11105	15208	10988	10416	11748	8513	9693	7269	11507	10834	10774	11805	8783	12587
Rv3265c	4811	4925	6260	5237	5193	8268	5645	5437	6273	4218	4864	3777	5515	5155	5492	5939	4257	6337
Rv3266c	7130	6212	8313	7834	8522	10371	7729	7872	8026	5362	5439	4614	7744	7050	6392	7671	5728	8146
Rv3267	19718	16778	17358	25188	18142	22957	24744	17517	17362	17072	10878	10264	27817	13356	15121	25346	11550	18790
Rv3268	7097	6643	6854	8408	6301	9271	8424	6379	6906	5943	5550	4409	9697	5514	6546	8965	4391	7814
Rv3269	1841	4988	4720	2880	5787	6464	2090	3397	5779	2434	2163	1790	4335	3253	2310	4575	2907	4693
Rv3270	15837	27626	41254	20701	35632	57086	18813	23753	48227	18984	16098	14704	33715	23171	21175	43447	23158	35350
Rv3271c	5726	7225	8610	6860	8078	11127	7406	7553	9098	5028	6136	4014	8550	7031	6263	9992	6513	8419
Rv3272	6389	5546	5583	7467	6961	7573	7612	6841	5494	5416	4763	3924	7886	6997	5070	7672	5629	6675
Rv3273	26323	27848	23674	28631	30912	33292	32019	31875	25583	21078	25444	16472	29115	31242	23986	32521	25093	31172
Rv3274c	12065	12161	12671	13574	14628	17641	15952	14343	13907	10312	11248	8642	13666	15001	12375	16057	11730	16333
Rv3275c	3695	3460	4605	3895	3960	6272	4365	4192	4794	2866	3589	2307	3965	3797	3816	4608	3264	4357
Rv3276c	4726	4991	6431	5316	5597	8023	5915	5104	5835	4163	4431	3513	5519	5407	4897	5624	4187	5958
Rv3277	5923	6143	6769	6930	5503	10080	6855	5936	6593	6532	5031	5624	8318	6491	8189	7611	4683	7501
Rv3278c	3186	2812	3440	3969	2550	5601	4272	2819	3633	3565	2354	2901	4600	2861	4261	4682	2369	4057
Rv3279c	1581	1729	1975	1993	1712	2745	2002	1946	2080	1394	1540	1260	2070	1810	1882	1900	1434	2072
Rv3280	15987	18314	14839	17408	19135	20966	21576	20607	16347	13065	13516	10377	17548	20975	14714	21039	17126	21370
Rv3281	12618	11101	11539	13448	11078	17530	15199	15054	13406	9298	10692	6607	12619	11840	11326	17356	10486	14067
Rv3282	4438	4729	4494	5571	3883	6371	5639	4432	4606	3929	3825	2867	5967	4165	4389	5764	3402	4712
Rv3283	18847	17654	16324	20680	23729	23324	21882	22138	16599	16334	14927	12307	22415	21281	16454	22780	16999	20310
Rv3284	10253	8990	9014	10398	9617	14082	12280	11125	10176	8247	8622	5944	10780	9501	9366	12857	7417	9860
Rv3285	39223	44419	41804	43089	50638	55086	42123	44560	36685	32047	45099	29689	48265	55085	43092	46281	37883	47258
Rv3286c	4059	4469	3931	4451	3841	6029	5164	4219	3829	3182	3466	2960	5271	4376	4390	5795	3351	4632
Rv3287c	1803	1699	1580	1881	1989	2013	2610	2386	1688	1509	1504	1167	2222	1748	1636	3268	1661	2279
Rv3288c	1019	1129	994	1166	1675	1380	1460	1713	1119	731	761	751	1426	1169	951	1805	1076	1533
Rv3289c	693	851	1128	1086	965	1620	915	1036	1107	562	462	503	1138	577	775	952	542	845
Rv3290c	5456	9789	11320	8078	9313	17312	6148	9946	10874	3392	4476	4838	8607	5395	7512	6919	4084	7023
Rv3291c	685	815	684	735	851	886	932	934	685	575	757	545	762	939	723	958	794	962
Rv3292	2405	2927	2733	2270	3577	3351	3713	3876	3156	2057	2602	1854	2345	3709	2417	3750	3092	4204
Rv3293	5950	6637	6909	6972	7032	8733	7803	6898	6976	5042	5967	4087	7860	6365	6187	8631	5639	7587
Rv3294c	842	719	837	1256	542	1202	1041	764	814	683	568	477	1332	641	876	1165	576	722
Rv3295	7577	6737	3616	9864	6655	5272	9246	7055	3335	5352	4616	3521	11028	5882	4869	9526	4229	5547
Rv3296	14672	16548	16579	19565	17278	22260	16724	16236	15377	6027	5984	4629	20523	7102	7082	16695	5752	8091
Rv3297	2117	2120	2761	2719	2303	3446	2671	2567	2592	1231	1143	1089	2969	1406	1584	2623	1250	2018
Rv3298c	2920	2736	2619	3940	2481	3603	3915	3382	2778	2381	1852	1558	3716	2484	2383	3821	2454	3008
Rv3299c	13850	12463	11870	15975	14571	16401	18127	17081	13612	11249	9622	7456	15374	12651	11207	18064	11893	15491
Rv3300c	3368	3230	3262	4075	3574	4267	4387	3908	3391	2688	2773	1946	4415	3204	3075	4528	2885	3596
Rv3301c	4228	3762	4142	4934	3757	5956	5397	4464	4302	3656	3126	2678	5282	3713	4121	5522	3459	4280
Rv3302c	11147	10299	12537	11948	11714	15966	13670	13104	13170	9229	9629	7783	12143	10879	10673	14449	10128	14072
Rv3303c	4931	5313	6990	5152	6505	8291	6225	6370	7212	4265	4585	3642	4777	6450	5118	5868	5352	7295
Rv3304	1378	1649	1653	1645	1677	2317	2025	1952	1795	1419	1553	1100	1684	1797	1695	1897	1564	1948
Rv3305c	7094	6685	7511	7607	7544	10067	8435	7297	7853	5691	5423	4357	7652	6362	6250	8681	5528	7657
Rv3306c	6778	6882	7990	8051	8640	9648	7444	7574	7592	5193	6446	4111	8185	7735	6072	7253	5940	7505
Rv3307	8696	12600	9271	9766	14488	11621	11183	14484	10001	7722	13775	6992	9963	15666	10577	11285	11949	13573
Rv3308	4157	4672	4520	5450	4759	6013	5317	4796	4448	3368	4187	2691	5566	4623	4239	5136	3645	4709
Rv3309c	1642	1354	1476	1873	1269	2183	1998	1641	1653	1379	1018	987	2151	1285	1443	1926	1108	1646
Rv3310	4078	3808	2448	4794	3177	3690	5438	4165	2996	3739	2453	1939	5025	2938	2805	5205	2510	3676
Rv3311	5127	3999	4607	5746	4785	5797	7059	5414	4969	4525	3043	3324	5229	4195	4188	6245	3822	6413
Rv3312c	2629	2069	2182	3571	1950	3100	3741	2719	2488	1972	1391	1357	3348	1852	2081	3605	1885	2876
Rv3312b	1679	1200	1121	2614	926	1623	2852	1427	1081	1167	603	837	2491	922	1193	2272	917	1432
Rv3312A	5433	4806	2497	6634	3180	4253	6466	5770	2911	3446	3333	1903	6810	3609	2988	6150	3692	3690
Rv3313c	3056	2377	2581	3339	2743	3366	4459	3659	3233	2691	1854	1624	3405	2227	2415	4940	2535	3698
Rv3314c	2683	2840	3212	2888	3313	3993	3620	3894	3611	2282	2342	1745	2796	3002	2469	3699	2810	3866
Rv3315c	703	724	862	698	995	1001	996	1110	877	630	750	508	674	855	709	878	880	1065
Rv3316	1226	1323	1240	1260	1507	1688	1467	1540	1304	1070	954	785	1303	1394	1143	1640	1112	1496
Rv3317	1195	1023	1239	1243	1571	1567	1534	1438	1286	1108	925	865	1274	1334	1111	1691	1104	1563
Rv3318	5470	5184	5560	5426	5912	7580	7147	6588	6269	4850	4189	3613	5667	5373	5136	8028	5087	7462
Rv3319	4878	4039	4440	5146	4616	6440	6015	5461	4933	4591	3607	3222	5916	4398	4828	7416	3841	5784
Rv3320c	3521	2389	3228	4706	2497	4617	4000	2672	2890	3674	1872	2482	5692	2338	3405	4285	2127	3379
Rv3321c	692	470	636	945	508	813	776	489	569	619	347	487	1139	490	622	707	374	648
Rv3322c	941	787	805	1088	807	1150	1077	920	797	779	645	556	1173	727	864	1101	586	860
Rv3323c	748	646	613	929	628	877	974	674	657	676	461	546	1153	594	755	904	504	873
Rv3324c	488	400	504	517	421	627	696	489	483	379	281	337	651	389	409	602	354	518
Rv3324A	89	60	80	103	78	141	111	92	93	69	65	41	127	83	81	121	54	86
Rv3327	2091	1749	1957	2540	1691	2810	2662	2262	2146	1717	1314	1329	2460	1626	1897	2504	1649	2129
Rv3328c	3844	3201	3647	4549	3604	4561	4485	3676	3389	2474	2304	1859	3608	2710	2813	3272	2389	3082
Rv3329	4829	4270	4791	5621	4507	6383	6075	4975	4866	4159	3730	3303	5052	4763	4547	5601	3947	5449
Rv3330	4959	4712	3954	5742	4617	5257	6555	4772	4155	4774	3660	2747	6500	4229	3990	7069	3535	5430
Rv3331	4180	4385	3090	5174	4015	4324	5838	5352	3472	3538	3967	2805	6056	4627	4114	6454	4058	5137
Rv3332	2719	2957	2258	3934	2988	2904	3524	3408	2203	2022	2032	1506	4760	2706	2408	3943	2372	2654
Rv3333c	739	745	780	970	737	974	882	864	737	562	602	458	1085	701	677	831	575	759
Rv3334	1038	1442	1201	1189	2077	1598	1469	1749	1285	676	790	647	1121	1123	995	1210	1021	1335
Rv3335c	5324	4397	5590	6591	4205	8036	5675	4679	5361	3552	3563	2570	5460	3578	4390	5314	3147	3841
Rv3336c	7559	6655	7509	9259	8271	9689	8981	8006	7483	5938	5122	4742	8531	7601	6354	7693	6178	8227
Rv3337	3348	3099	2426	4286	3491	3272	3558	3297	2155	2381	2200	1809	4451	2856	2580	3874	1982	2824
Rv3339c	7052	5639	6631	8988	5756	9463	7326	5431	5821	5421	3179	3937	9220	4380	5259	6702	3503	4787
Rv3340	3580	3674	4228	3996	4277	5742	3887	4128	3743	3148	2906	2958	4022	3788	4104	3788	2805	4019
Rv3341	3308	4294	5198	3972	4833	6789	3997	4922	4869	2337	3249	2943	3684	3950	4579	4213	3134	4812
Rv3342	2720	3534	4237	3319	3805	5535	3427	3712	3978	1853	2291	2196	3147	2848	3511	3369	2254	3352
Rv3343c	8661	8526	9163	12847	7307	13987	10899	9101	9175	6134	5300	4721	12412	7135	7402	10789	6047	8083
Rv3344c	214	350	323	254	427	376	302	340	318	121	227	129	283	290	172	248	232	235
Rv3345c	736	1363	1060	993	1502	1316	921	1228	1177	317	739	397	1068	867	571	877	697	852
Rv3346c	381	348	314	401	388	439	605	528	384	359	255	224	444	340	293	536	326	421
Rv3347c	21209	19623	19033	26488	20041	27487	27976	24984	21415	15064	12590	11207	28957	16225	16560	31214	15201	21383
Rv3348	1161	1298	1325	1393	1266	1827	1491	1476	1279	915	1087	845	1273	1188	1198	1296	917	1224
Rv3349c	628	608	616	781	648	883	835	714	649	489	544	373	827	599	521	825	487	676
Rv3350c	11209	10233	11368	13612	11090	15952	15021	14087	13061	8920	7793	6670	14551	9838	10009	16466	9021	13361
Rv3351c	321	255	275	440	201	355	441	284	292	310	158	238	583	217	356	522	185	325
Rv3352c	168	152	139	237	104	215	224	171	130	170	133	117	278	120	192	263	139	215
Rv3353c	87	87	59	117	89	107	137	111	71	94	66	54	132	80	87	146	81	90
Rv3354	412	628	274	437	510	472	487	591	365	410	637	328	549	690	502	574	504	669
Rv3355c	1067	947	1206	1136	1171	1442	1484	1375	1173	912	899	686	1044	1127	992	1418	1108	1342
Rv3356c	3549	4190	4453	3930	5026	5418	4350	4636	4258	2982	4002	2725	3736	5089	3797	4263	3870	4981
Rv3357	79	87	103	95	131	106	147	122	130	86	102	80	89	106	85	154	80	169
Rv3358	113	95	128	108	125	181	172	191	179	105	114	85	93	151	110	173	141	212
Rv3359	1121	1130	1155	1403	1302	1539	1469	1496	1217	1016	1002	814	1437	1264	1037	1595	1134	1464
Rv3360	1162	1026	1061	1442	1005	1502	1288	1205	1093	903	773	651	1477	958	938	1297	804	1131
Rv3361c	2135	1559	1891	2889	1483	2741	2647	1760	1809	1544	1099	1048	2692	1385	1563	2272	1190	1655
Rv3362c	3313	2716	2963	4561	2466	4072	4153	2686	2747	2307	1775	1784	3882	2030	2581	3456	1892	2719
Rv3363c	1499	1202	1401	1970	1142	1982	1833	1172	1305	974	909	748	1600	935	1217	1536	812	1142
Rv3364c	1373	1257	1363	1789	1252	2013	1708	1286	1465	774	875	606	1571	1015	1136	1412	872	1179
Rv3365c	16369	14732	16704	21993	15022	23411	21232	16565	16396	9073	9228	7938	16791	11753	11772	16559	9962	13681
Rv3366	635	635	601	723	505	828	692	660	560	478	579	452	699	671	652	580	476	637
Rv3367	3699	4868	4668	4481	4855	6227	4959	5432	4999	2217	3612	2289	4144	3850	3464	4622	3134	4425
Rv3368c	1069	1183	944	1054	1522	1196	1458	1490	1081	840	1095	574	970	1299	861	1276	1207	1418
Rv3369	1736	1711	1623	1703	2411	1946	1733	2211	1754	1193	1340	971	1597	1834	1257	1575	1338	1926
Rv3370c	3954	5927	5813	5442	6248	7588	5039	6454	5951	2800	3340	2251	5446	3551	3568	4857	2847	4285
Rv3371	9323	6176	6950	12784	5558	9594	13206	7895	6935	6496	3564	3907	11580	3895	6045	12506	4274	6670
Rv3372	3400	3470	4092	4133	3802	4933	4460	3819	3981	2787	3038	2452	3883	3668	3381	3869	3244	4349
Rv3373	1560	1716	2065	1814	1958	2688	2058	1978	2096	1516	1642	1339	1769	2157	1788	1833	1612	2149
Rv3374	363	306	403	391	394	520	500	385	433	336	301	276	376	375	319	346	342	497
Rv3375	2262	1893	2511	2665	1729	3520	2681	2153	2808	2133	1476	1561	2479	1894	2266	2759	1774	2652
Rv3376	10129	7923	11133	11780	8278	14936	11802	9105	10904	9483	6475	6747	12359	8474	9807	11899	7276	10019
Rv3377c	7094	5349	6587	8652	5126	10039	8866	6365	6926	6626	4118	4621	9432	5386	6509	8956	4679	7408
Rv3378c	936	926	884	958	946	1294	1238	1083	1041	1011	666	803	1056	996	1016	1418	857	1438
Rv3379c	719	641	796	729	826	995	929	935	836	760	576	499	665	776	733	994	722	1014
Rv3382c	1987	1811	1644	2528	1961	2375	2442	2191	1706	1580	1295	1198	2837	1718	1636	2564	1478	2123
Rv3383c	1894	1517	1451	3027	1557	2103	2335	1818	1343	1549	1113	1014	3404	1497	1493	2552	1301	1488
Rv3384c	2052	1606	2041	3032	1410	2917	2874	1762	2075	2151	1155	1451	3438	1374	2142	2918	1216	2080
Rv3385c	2728	2406	2805	3261	2390	3438	3710	2995	2898	2614	2061	2004	3624	2228	2880	3882	2158	3382
Rv3386	574	506	666	657	663	789	762	679	723	389	428	312	606	435	465	696	427	621
Rv3387	685	640	617	662	656	861	886	818	746	526	561	374	587	608	559	901	510	813
Rv3388	1056	1509	1330	1415	1629	1670	1389	1598	1470	568	893	475	1179	977	812	1202	918	1185
Rv3389c	5474	6348	6845	6326	7494	8377	6977	7308	6869	4490	6441	4067	6335	7282	6021	7013	5722	7213
Rv3390	2563	2740	2028	2743	2584	2646	3344	3539	2189	2327	2598	1844	3125	3002	2763	3971	2718	3509
Rv3391	2374	1943	1911	2988	1877	2647	3148	2245	1872	1951	1509	1566	3383	1812	2287	3304	1583	2693
Rv3392c	1681	1753	1792	2018	1534	2653	1994	1712	1793	1877	1538	1381	2185	1929	2045	2114	1349	2106
Rv3393	1357	1490	1927	1609	1384	2576	1532	1542	1723	1185	1321	1180	1608	1500	1781	1487	1076	1856
Rv3394c	1185	2079	1656	1541	2199	2178	1433	1991	1680	897	1650	858	1823	1681	1314	1583	1168	1508
Rv3395c	612	1103	839	821	1164	1120	724	997	836	492	858	504	947	962	741	791	628	775
Rv3395A	1829	2116	1727	2373	1821	2627	2105	1816	1634	1805	1806	1438	2682	2316	2230	2204	1460	2150
Rv3396c	10320	11252	13346	11984	11619	17542	12272	11673	13096	9396	10629	7710	10953	12223	11371	11690	9381	12816
Rv3397c	590	548	589	778	545	773	703	646	590	621	398	410	717	514	609	654	480	629
Rv3398c	904	822	656	1258	648	1080	984	816	711	904	677	607	1050	799	867	912	651	926
Rv3399	581	543	726	614	782	1048	689	847	735	646	452	516	590	668	707	674	566	948
Rv3400	4709	4569	5625	5568	5032	7202	5617	5344	5311	4550	4576	3727	4997	5485	5142	5260	4110	6231
Rv3401	13730	12130	14058	16232	13589	18466	16072	13831	13824	12435	10898	9371	15404	13772	13459	14952	11668	16412
Rv3402c	1637	2081	1415	1973	2208	2046	2121	2287	1621	1496	1474	1650	2363	2036	2268	2219	1541	3264
Rv3403c	4144	3436	3029	4660	3293	4168	4726	3703	2985	3339	2643	2273	4734	3283	3365	4436	2888	3706
Rv3404c	3379	3067	2852	3798	2860	3950	4116	3577	2798	2815	2615	2212	3917	3038	3105	3981	2504	3494
Rv3405c	1382	1541	1539	1541	1549	2047	1857	1924	1533	1239	1491	1403	1780	1729	1801	1919	1437	2089
Rv3406	410	791	627	459	811	826	543	819	625	286	344	358	485	510	474	546	400	564
Rv3407	15929	17319	10188	16050	17595	14791	16366	15683	9182	14248	14375	8727	19662	17681	10947	16968	10853	14246
Rv3408	22339	21616	17195	28525	26881	23388	25272	23300	15931	19783	16057	12877	34268	24495	17434	28706	18955	23258
Rv3409c	66138	66376	56827	78802	67173	81262	73353	65639	54715	51505	56853	36157	89386	64049	56035	83108	49360	59051
Rv3410c	5175	6155	5809	6231	5357	8195	6185	5474	6105	3165	4110	2777	6429	4075	4237	6419	3494	5003
Rv3411c	17116	18038	20803	19128	22532	26836	21827	19925	20305	11218	12407	10191	20739	16579	14277	20571	13662	18787
Rv3412	17027	14868	14111	19738	16756	19030	19909	17472	14539	14166	12288	10998	23787	15426	16705	22788	13515	18628
Rv3413c	12760	10707	11054	15015	11052	15445	16855	11956	11441	10103	8267	7303	16175	9006	11271	17579	8191	12759
Rv3414c	7313	5694	6102	8397	6217	7926	8610	6824	5684	6724	4741	4523	9660	5128	6470	9892	4567	7411
Rv3415c	476	599	577	538	478	811	613	645	543	300	369	285	476	387	439	562	315	478
Rv3416	14038	11893	16302	20437	9060	23534	17583	11784	14879	2259	1224	1637	3983	1669	2782	4283	1800	3107
Rv3417c	8178	19526	12251	10068	20764	16272	52102	31614	47780	5920	8306	8816	12726	10611	12952	52139	27188	45327
Rv3418c	1202	2756	1658	1421	3015	2145	9379	4645	6739	963	1054	1407	1941	1616	2288	9332	4609	7228
Rv3419c	5227	5017	5772	6944	4756	8218	6359	5145	5582	4180	4015	2805	7426	4635	4727	6675	3848	4956
Rv3420c	3136	2887	3865	3756	3199	5031	4406	3394	3930	2729	2350	2431	4341	2871	3354	4340	2756	4358
Rv3421c	2989	3362	3736	3870	3653	4808	3832	3516	3914	2576	2696	1929	4031	3034	2794	4092	2743	3733
Rv3422c	1734	1784	1976	2179	1731	2607	1959	1737	1889	1371	1414	902	2149	1450	1450	1999	1301	1605
Rv3423c	4446	3764	4845	5294	4489	6462	5370	4550	4722	3717	3239	2786	5289	4043	3826	5343	3349	4793
Rv3424c	2596	1468	2570	3781	1466	3715	3344	1933	2513	2163	903	1756	4521	1293	2317	3299	1218	2370
Rv3425	669	701	615	1177	522	966	846	614	627	565	508	481	1282	660	725	861	458	733
Rv3426	741	801	734	1082	734	1102	941	834	654	741	533	532	1185	821	760	1144	556	806
Rv3427c	1804	1196	1497	2492	1388	2035	2017	1520	1385	1667	738	997	2360	1249	1304	1899	1114	1607
Rv3428c	192	241	221	292	279	321	258	267	231	174	223	142	311	220	223	266	176	222
Rv3429	4385	3569	4513	6026	3507	6400	5133	3749	4416	3531	2217	3141	7301	3053	4171	5573	2529	4552
Rv3430c	3831	3623	3757	5670	3126	5820	4017	3589	3492	2886	2572	2071	6023	2826	3308	4537	2006	2876
Rv3430a	978	774	730	1034	872	1042	1253	824	714	786	684	545	1259	809	722	1246	587	923
Rv3432c	2744	2674	2746	3324	2822	3783	3441	3035	2825	1832	1948	1406	3713	2513	2102	3805	2114	2698
Rv3433c	3065	3456	4155	3880	4207	5036	3739	3784	4190	1779	2498	1733	3829	2884	2575	3382	2255	3059
Rv3434c	1883	1606	1923	2258	1409	2548	2393	1729	1869	1448	1038	1138	2460	1292	1586	2334	1150	1781
Rv3435c	6232	5519	6318	7118	5295	9135	8203	7299	7479	4545	4152	3832	6524	4647	5774	7953	4264	6659
Rv3436c	8485	10666	10616	9651	10580	13618	11619	11312	11002	6179	7816	6207	8219	8810	8613	9789	7199	11005
Rv3437	1232	1305	1262	1332	1573	1576	1573	1663	1333	736	887	762	1226	1234	1082	1432	996	1353
Rv3438	2473	2782	2531	2733	2695	3549	3188	3418	2663	1803	2383	1532	2704	2780	2378	3258	2282	2988
Rv3439c	3543	3423	3056	5181	2916	4427	4281	3337	3006	2393	2437	1737	5199	2667	2964	3900	2167	2865
Rv3440c	1033	1067	1141	1473	957	1566	1543	1000	1012	862	773	689	1529	864	1049	1264	741	1244
Rv3441c	11431	11996	13396	14802	12785	17357	14580	11735	13063	9587	10736	9095	14824	13160	13459	14174	9385	14638
Rv3442c	6646	7458	8362	7238	7397	11637	8619	8001	9223	6667	7998	5976	7175	9918	9119	8960	7078	10477
Rv3443c	7913	9988	10061	8558	10098	14051	10456	9813	11006	8305	9429	8394	8721	13407	11418	10522	9404	14016
Rv3444c	297	245	189	323	266	221	540	358	212	228	162	116	358	202	194	424	237	307
Rv3445c	279	205	146	284	263	201	479	316	193	226	154	111	345	187	156	367	189	244
Rv3446c	279	250	293	313	309	412	291	322	312	228	252	173	272	289	283	328	252	335
Rv3447c	707	758	753	761	840	991	884	1081	801	706	712	527	714	848	754	786	680	918
Rv3448	299	301	314	308	355	423	383	404	379	270	281	213	295	299	284	283	260	404
Rv3449	738	823	964	866	829	1188	942	1051	984	544	501	431	765	624	590	899	538	855
Rv3450c	1124	1193	1256	1377	1175	1774	1641	1381	1460	940	1018	676	1426	1090	1116	1488	918	1352
Rv3451	2320	2288	2928	2549	2682	4080	3013	3197	3138	1669	1724	1613	2206	2338	2172	2789	1846	2896
Rv3452	1431	1395	1520	1706	1600	2081	1880	1829	1665	1192	1096	871	1621	1325	1184	1843	1111	1762
Rv3453	2437	2185	3226	3547	1828	4731	2700	1992	2849	2006	1553	1775	3199	1948	2656	2077	1301	2130
Rv3455c	7340	6926	9696	10076	6698	13236	7475	5860	7705	6187	5522	5753	9655	7788	8495	6787	5055	7558
Rv3456c	14903	18068	17025	19470	16742	23928	15364	13482	13779	11548	15673	11007	18774	19728	15980	14380	11813	15990
Rv3457c	26619	27890	28515	33533	28401	42536	30224	28711	25835	21523	23440	19342	33241	36843	28411	29972	24319	30837
Rv3458c	14501	16481	13141	18515	15809	19131	17990	14959	12753	12010	14384	10257	19028	19352	15037	17966	13995	16537
Rv3459c	9868	10806	9191	11968	10031	14015	12823	12087	9744	8245	8893	6716	11499	13466	10359	13249	10159	11883
Rv3460c	12366	14974	11766	15519	12327	17328	16641	14588	11657	10827	12533	9221	15803	16954	13864	16880	13039	17314
Rv3461c	7239	8754	6128	8015	6893	9518	9009	8214	5748	6858	6543	5013	9317	9751	8222	9682	6680	7912
Rv3462c	11124	12171	9736	12126	10503	14614	13331	12244	9095	10760	9912	8481	13500	14705	12565	15482	10259	12446
Rv3463	1042	2664	1855	1157	2724	2395	1715	3583	2456	828	1307	1628	1124	1573	2345	1531	1408	2968
Rv3464	11934	9475	11344	13327	11873	14454	13436	11230	10926	10077	6919	8714	12613	10471	11074	12277	9114	13854
Rv3465	7175	5092	6521	7145	6132	8882	8103	6122	6643	6018	4641	4796	6843	5784	6751	7704	5059	7569
Rv3466	1695	1686	1841	2059	1747	2486	1923	1930	1745	1017	1034	825	1901	1028	1361	1786	923	1472
Rv3467	1085	1154	945	1348	1138	1394	1354	1378	959	669	791	452	1363	875	848	1358	820	935
Rv3468c	701	666	808	994	679	1121	826	696	713	642	429	543	1031	630	636	770	609	880
Rv3469c	317	244	328	421	269	431	377	320	295	305	256	264	458	342	327	341	248	360
Rv3470c	722	670	765	796	606	1028	848	812	782	677	758	570	839	774	845	971	695	934
Rv3471c	65	67	68	74	75	101	95	108	80	70	83	78	111	94	83	113	81	148
Rv3472	389	328	407	394	362	504	629	468	398	467	432	363	505	549	539	637	469	759
Rv3473c	243	222	204	281	197	296	390	335	260	326	315	266	389	347	381	453	360	504
Rv3476c	842	641	857	849	761	1044	1234	986	886	1756	1312	1551	1926	1867	1959	2805	1707	2850
Rv3477	403	633	275	360	845	394	584	780	312	17890	28290	16816	28165	34526	25796	37083	28860	33457
Rv3478	9992	12226	10235	12891	11111	14048	11810	11753	10063	73570	106276	67769	127578	141610	102416	168147	122307	145819
Rv3479	5134	4263	4291	5981	3906	5857	5860	4545	4150	17625	12647	12367	33670	17528	18135	35614	16685	22292
Rv3480c	7587	6790	7926	7153	8800	9840	9500	8837	7878	6822	5712	4932	9479	7614	6805	10574	6965	8851
Rv3481c	1098	1107	1427	1292	1049	2111	1600	1443	1732	975	849	730	1142	1009	1129	1217	881	1381
Rv3482c	2913	2812	3493	3275	2946	4867	3789	3653	4024	2441	1952	1657	2998	2682	2530	3624	2525	3386
Rv3483c	3205	3091	3916	3480	3266	4991	4076	4153	4506	2770	2774	2074	3201	3136	3103	3705	2658	3855
Rv3484	13023	8789	14384	13539	9302	19640	13836	12682	16948	10861	7413	7348	11536	8862	10405	11795	9259	13636
Rv3485c	3374	2786	3288	6210	2135	5160	4001	2668	3350	2719	1624	1778	7094	2375	2799	4157	1939	2587
Rv3486	6633	4491	3251	10592	3455	4949	7918	4312	2888	4750	2636	2870	13267	3812	4322	9601	3428	4184
Rv3487c	32816	25644	17396	42341	20308	27391	39428	28638	18585	23286	19345	15015	49612	22901	25006	48633	20190	24699
Rv3488	946	799	1042	1080	824	1270	1047	941	937	746	640	693	1153	769	925	932	638	962
Rv3489	3156	3525	2801	3787	3575	3816	3557	2802	2575	2226	2216	2014	4334	2556	2756	3049	1842	2974
Rv3490	18425	17663	17683	24388	17117	25506	20093	17078	15618	12275	11049	9941	24849	12971	15499	18606	10261	14316
Rv3491	6231	5240	4269	7754	5180	6243	7300	5816	4459	5061	3492	3374	8681	4481	4845	7746	3845	5292
Rv3492c	3198	2233	2301	3735	2600	3386	4796	3315	2820	2612	1591	1700	4611	2147	2478	5327	2248	3206
Rv3493c	3497	3010	3034	4198	3122	4026	5180	4223	3632	2800	1952	1960	4816	2802	2708	5759	2769	4034
Rv3494c	8283	8413	7155	10417	8473	10559	11234	10605	8863	6285	5643	4346	13084	7400	6540	13556	7058	8522
Rv3495c	7076	6344	6373	8797	6527	8892	9458	8182	7456	5827	4702	4273	10101	5724	6148	11002	5534	7553
Rv3496c	9119	8411	8132	11875	8852	11840	11983	11172	9429	6411	5575	4677	13214	7907	7084	14115	7530	9409
Rv3497c	7086	6163	6137	8153	6591	8673	8956	7700	6945	5428	4543	4187	9047	5788	5750	10063	5506	7528
Rv3498c	9196	8122	7591	9443	8755	10435	11625	9947	8921	6574	6448	4809	9891	6898	7202	12979	6589	9271
Rv3499c	6560	5772	5640	6582	6646	7921	9287	7931	6682	5274	3963	3905	6794	5905	5316	9491	5672	7899
Rv3500c	1900	1602	1500	1922	1951	1995	2875	2536	1928	1631	1310	1227	2199	1670	1655	3378	1715	2669
Rv3501c	1552	1807	1602	1642	1809	2241	2139	2187	1772	1400	1563	1123	1486	1869	1554	2146	1571	2132
Rv3502c	2847	3292	4175	2417	4907	5364	3767	4614	4970	2094	3197	2261	2204	3763	3044	3624	3082	4590
Rv3503c	613	579	921	598	1028	939	695	741	780	433	544	392	587	666	575	641	573	774
Rv3504	1289	1247	1704	1258	1848	2082	1854	1955	1927	978	979	1090	1446	1344	1276	1825	1200	2143
Rv3505	1472	1880	1571	1561	2264	2112	1967	2108	1910	1028	1544	963	1563	1579	1468	2025	1331	2082
Rv3506	900	947	1040	1088	855	1586	1190	1006	1196	724	790	726	1058	910	1049	1122	745	1153
Rv3507	2981	5377	5285	3917	5810	6470	4050	5081	5501	1818	3376	2020	4292	3456	2916	4169	2853	4006
Rv3508	7246	15864	9722	9765	17986	12347	9408	14993	12266	3354	8246	3704	11802	8741	5314	10390	7769	7801
Rv3509c	6901	7995	8462	7540	9741	11162	10095	10147	9499	5519	7209	4899	8320	8593	7284	10083	7467	10494
Rv3510c	1398	1572	1867	1391	1627	2331	1664	1608	1686	1303	1303	1101	1490	1551	1542	1531	1229	1828
Rv3511	1091	2127	1697	1441	2247	2121	1477	2066	1808	853	1439	871	2003	1657	1264	1983	1329	1868
Rv3512	131	326	268	231	303	323	139	198	240	56	141	70	258	176	86	101	107	130
Rv3513c	272	488	376	284	548	530	447	486	430	225	307	266	298	340	391	447	320	507
Rv3514	3647	6960	5043	4629	7917	6020	4525	6106	6594	1498	3858	1799	4495	3707	2421	3975	3331	3549
Rv3515c	996	2000	1764	1031	2396	2351	1586	2107	2153	874	984	1181	1031	1429	1616	1621	1173	2454
Rv3516	716	746	1074	730	1080	1132	878	974	963	634	586	646	757	729	813	851	695	1182
Rv3517	1063	1542	1204	1280	1401	1781	1248	1492	1164	584	580	495	1260	625	781	1274	514	816
Rv3518c	3380	3628	3071	4211	3763	4517	4525	3996	3130	2639	2497	2281	4287	3226	3343	4457	2672	3998
Rv3519	9675	9979	8213	10884	11680	11802	11729	12071	8985	7124	8159	5652	10972	10292	8432	11171	8140	10829
Rv3520c	11278	11936	11719	13674	11235	16936	13604	13106	12159	7878	9714	6874	13283	10866	10917	13108	8567	11273
Rv3521	1859	1994	2196	2390	1886	2832	2322	1984	1955	1480	1419	1344	2466	1844	1836	2180	1453	2002
Rv3522	1389	1524	1826	1692	1488	2624	1822	1710	1983	1166	968	1029	1531	1299	1473	1805	1138	1830
Rv3523	3600	3048	4611	5413	3046	6585	4560	3443	4259	2878	1889	2839	5212	2680	4033	4048	2400	3933
Rv3524	9779	8056	12743	9523	8770	16012	11405	10447	13647	7104	5922	4810	5553	7510	7002	6753	6106	8157
Rv3525c	812	569	666	947	624	946	1168	788	794	672	322	435	713	499	523	844	539	720
Rv3526	2201	2707	2774	2349	3484	3930	3063	2929	2945	1850	1873	2208	3004	2560	3043	3420	2102	3694
Rv3527	1326	1326	1270	1295	1329	1878	1674	1438	1452	1066	969	1090	1493	1144	1469	2031	998	1752
Rv3528c	1075	1132	952	1131	1317	1379	1679	1298	1270	1028	784	923	1282	1267	1156	1740	1139	1936
Rv3529c	792	836	707	815	836	1077	961	938	713	653	528	492	871	641	789	1128	553	811
Rv3530c	318	392	403	363	439	589	372	385	384	268	181	248	385	324	352	429	306	408
Rv3531c	2731	2544	3199	2886	2683	3753	3497	3196	3027	2185	1916	2159	3102	2311	2740	3198	2150	3497
Rv3532	787	699	668	1101	853	917	1032	867	820	642	533	484	1136	653	634	957	634	850
Rv3533c	1502	1912	1331	2097	1664	2189	2016	1813	1520	1107	949	849	2029	1275	1308	2008	1186	1500
Rv3534c	1394	2247	1952	1688	2592	2453	1970	2105	1974	1098	1308	1028	1736	1713	1636	2134	1548	2259
Rv3535c	1052	1824	1489	1308	1869	2189	1296	1429	1572	748	1142	767	1237	1303	1119	1303	953	1428
Rv3536c	1369	1852	2615	1534	2382	3105	1798	2021	2645	1184	1376	1210	1607	1651	1560	1912	1436	2137
Rv3537	1094	1515	2015	977	1983	2689	1394	1603	2240	1020	982	1140	1105	1390	1497	1639	1169	2051
Rv3538	703	961	917	811	999	1325	773	748	866	646	623	605	956	649	961	1012	616	1025
Rv3539	1305	1117	1295	1538	1135	1678	1588	1421	1346	1168	753	801	1552	957	1131	1499	951	1432
Rv3540c	1108	1029	1028	1591	1142	1510	1457	1263	1109	1059	671	691	1944	1005	1040	1679	957	1188
Rv3541c	421	414	415	639	404	562	546	445	397	339	279	243	811	395	384	634	343	392
Rv3542c	1189	1298	1141	1801	1185	1660	1527	1261	1189	1006	819	719	1997	1157	1212	1897	1026	1174
Rv3543c	2352	2388	2263	3043	2273	3129	2640	2404	2113	1947	1602	1362	3450	1918	2294	3263	1695	2283
Rv3544c	2080	2541	2381	2514	2546	2994	2717	2298	2260	1667	1872	1400	2778	2010	2122	2922	1714	2678
Rv3545c	1850	2100	2627	1792	3207	3465	2643	3022	2824	1468	1450	1586	1855	2348	1995	2837	2001	3191
Rv3546	1050	1659	1956	1092	2377	2377	1664	2033	2166	895	1299	1053	1105	1823	1453	1623	1372	2142
Rv3547	2238	2013	1800	2473	2578	2472	2962	2857	2003	1730	1579	1260	2564	1963	1798	2493	1902	2651
Rv3548c	2600	2873	3280	2884	2927	4917	3704	3614	3271	2137	1855	1658	3030	2679	2484	3643	2455	3273
Rv3549c	1152	1277	3323	1490	1485	4997	1391	1409	3020	1018	912	972	1741	1153	1554	1609	874	1697
Rv3550	766	872	2420	1060	1001	3667	844	872	1990	744	613	726	1237	851	1066	900	642	1146
Rv3551	904	1045	2272	1135	1238	3264	1068	1024	1838	780	757	723	1159	911	1050	1098	739	1029
Rv3552	796	921	1909	1020	995	2742	906	801	1555	715	638	654	1113	732	897	987	573	1018
Rv3553	897	1000	2084	1215	1191	2822	1092	1049	1907	767	758	758	1355	957	1107	1225	733	1262
Rv3554	3666	3353	4230	4036	3798	5664	4871	4588	4222	3339	2290	2338	4386	3169	3268	5240	3268	5228
Rv3555c	3441	3301	3834	4311	3517	5199	4172	3778	3820	1963	1475	1566	4299	1848	2217	3787	1663	2681
Rv3556c	3057	3514	5873	4023	3715	8368	4029	3728	5089	2503	2631	2396	4243	3374	3607	3927	2566	4128
Rv3557c	1223	1270	3046	1777	1180	4602	1688	1343	2385	1080	865	1110	2025	1159	1781	1671	884	1637
Rv3558	1534	1494	1695	1617	1657	2377	2202	2123	1865	1366	1341	1095	1695	1755	1615	2324	1598	2349
Rv3559c	758	735	1515	842	872	2006	1017	950	1419	694	689	639	865	822	1004	1088	727	1162
Rv3560c	519	699	1747	686	736	2421	709	643	1410	497	627	597	769	660	903	753	492	900
Rv3561	862	877	2377	1130	1084	3258	984	873	1762	715	635	804	1385	869	1162	1080	671	1164
Rv3562	741	844	1766	869	872	2327	817	867	1543	564	605	636	945	737	972	959	598	1075
Rv3563	541	627	1414	689	792	1747	757	782	1292	406	466	544	651	616	766	759	514	959
Rv3564	623	682	1485	763	781	1933	819	812	1443	525	503	501	815	603	708	885	550	943
Rv3565	1019	919	1576	1075	1012	2099	1208	1090	1649	725	715	703	1148	777	1010	1235	689	1250
Rv3566c	1613	1585	1628	1850	1868	2004	2019	1851	1516	1205	997	887	1918	1403	1206	1907	1259	1598
Rv3566A	741	986	651	931	1064	1005	1016	1068	774	591	585	495	1007	675	685	1033	631	773
Rv3567c	1281	1451	1307	1551	1454	1857	1617	1426	1371	935	716	806	1552	851	1153	1486	814	1293
Rv3568c	3514	4009	3596	4149	4335	5447	4655	4629	3995	2169	2519	2167	3595	2847	3348	4328	2448	4098
Rv3569c	2613	3298	2983	3209	3429	4208	3365	3460	3249	1759	1933	1771	3037	2276	2768	3355	2098	3159
Rv3570c	3987	4994	4276	5006	5776	5951	5225	5343	4436	2990	2830	2792	5525	3889	3960	5453	3238	4649
Rv3571	1280	1558	1489	1574	1603	1933	1824	1717	1529	921	936	808	1473	1042	1205	1504	986	1381
Rv3572	1824	1847	949	1974	2077	1464	2247	2387	1126	1252	1358	810	2231	1713	1136	2503	1693	1860
Rv3573c	939	1086	1029	1015	1297	1364	1338	1305	1171	697	660	676	892	860	898	1248	812	1257
Rv3574	1783	1620	2707	1867	2204	3327	2309	2025	2994	1368	1084	1483	1948	1489	1814	2143	1385	2451
Rv3575c	2301	2229	2749	2285	2629	3458	3394	2976	3313	2158	2401	1868	2038	2883	2725	3137	2509	3658
Rv3576	2180	1635	1817	2446	1681	2411	2637	1855	1846	1846	1256	1205	2557	1694	1782	2468	1457	2077
Rv3577	2416	1769	2043	2685	1818	2826	2951	2084	2258	1771	1443	1224	2545	1616	1701	2725	1452	2070
Rv3578	2961	2547	3116	3993	2168	4384	3643	2786	3239	2776	1905	1971	4166	2073	2786	4027	2023	2966
Rv3579c	5855	5187	6889	6827	5957	8515	7769	6385	7124	5018	4461	4027	7089	5669	6043	7597	5121	7445
Rv3580c	5303	6375	6941	7603	5933	9588	6994	6105	6883	4656	5116	4144	8393	6143	6237	6920	4669	6832
Rv3581c	11838	13180	14305	16590	12045	18427	14628	13121	13638	8637	9662	8710	19655	11391	12923	15630	9106	12918
Rv3582c	34041	30806	32932	46537	29919	45868	40556	35047	30287	20619	20769	17341	49549	23996	28216	40558	20099	25686
Rv3583c	74907	73816	69988	91764	82038	90103	81459	77138	62187	46955	57445	43578	101620	63841	59905	79531	46698	65780
Rv3584	8990	12917	8764	9435	12678	12207	12390	14087	9775	7227	9978	7426	10014	13546	10483	12616	10881	13565
Rv3585	9972	13439	12168	14685	12194	16527	12131	11800	11332	4086	4424	3628	15166	5179	5946	11781	4137	5960
Rv3586	7536	6754	6842	9160	6435	9760	8775	7004	6878	6403	4381	4460	11233	5230	6391	10405	4374	7218
Rv3587c	9299	9748	8763	9780	10567	11725	12345	11633	10061	10362	8936	6526	11613	11523	9174	14309	9751	14262
Rv3588c	2587	3001	2604	3031	3516	3366	3439	3687	2910	1916	2271	1712	3128	3107	2473	3390	2648	3538
Rv3589	1871	2541	2592	2047	2339	3380	2568	2470	2699	1642	2101	1522	2104	2431	2268	2529	1983	2905
Rv3590c	1548	2245	2397	2078	2597	3095	2246	2453	2629	1200	1999	1163	2183	2367	1697	2413	1991	2650
Rv3591c	303	297	294	369	341	372	425	384	328	291	316	202	405	383	308	477	297	396
Rv3592	4427	4957	4064	5006	4993	5638	5423	5579	4510	3563	4345	2317	4688	4884	3560	4695	4102	4907
Rv3593	12122	10235	11264	14607	10684	15819	14442	12162	11787	9864	7532	6965	13637	9627	9889	13550	8549	12017
Rv3594	2032	1856	2012	2874	1644	2798	2606	2153	1988	1512	1200	1005	2864	1401	1767	2745	1245	1949
Rv3595c	3431	5279	4751	5223	4958	6758	4656	5160	5108	2223	3134	2453	5628	3724	3810	4885	3093	4378
Rv3596c	58696	69923	63616	76134	72047	89155	72723	72692	64674	46908	52151	41127	85101	68790	62059	81333	52325	71765
Rv3597c	5163	5365	4818	5690	5834	6258	7601	5893	5241	4818	3922	3768	7857	5122	5481	8670	4261	7118
Rv3598c	4366	4186	4139	5391	3982	5951	5733	4767	4381	3934	4155	3403	4469	4956	4536	5615	4304	5958
Rv3600c	9080	6082	6678	10989	6824	9478	10998	8465	8013	3485	3549	2710	6227	4595	4262	8101	5692	9060
Rv3601c	3163	2220	2614	3642	2882	3490	3903	3102	3019	1472	1249	1287	2388	1981	1809	2995	2332	3578
Rv3602c	4585	4313	4865	6565	4256	5890	5627	4604	4898	2463	2663	2278	4679	3323	3211	4425	3364	5444
Rv3603c	4798	5356	5327	6287	4332	7752	5735	6195	5831	3269	3996	3024	5430	4115	4914	5616	3851	6499
Rv3604c	7203	5312	7504	8811	6947	9592	9073	7285	7746	5827	4107	4023	9210	5308	5818	9088	5097	8209
Rv3605c	1824	1765	2603	2263	1788	3519	2208	2139	2452	1393	1374	1202	2520	1633	1740	2409	1431	2004
Rv3606c	2132	2303	3052	2771	2381	3914	2694	2399	2851	1718	1667	1434	3132	2186	2185	2893	1809	2482
Rv3607c	1644	1694	1970	2011	1558	2783	1982	1714	1949	1286	1270	1024	2327	1563	1494	2036	1278	1704
Rv3608c	2607	2484	3483	3696	2593	4866	3113	2531	3148	2031	1741	1501	4327	2368	2341	3482	1753	2464
Rv3609c	2343	2290	3125	3297	2501	4168	2855	2195	3016	1909	1681	1608	3633	2204	2249	3249	1748	2717
Rv3610c	18992	20164	21201	24061	20674	29671	21644	20617	20628	15780	17256	12966	26681	20776	18293	24164	15961	22035
Rv3612c	11109	10422	3104	15631	6573	5672	15937	10585	4245	4923	4830	2937	17592	4684	5182	19317	5110	5260
Rv3613c	9638	9984	3088	9962	8718	5214	15053	14149	4634	3996	5654	2989	10532	6350	5159	17571	7073	6976
Rv3614c	41355	43943	14037	41284	53661	21256	66942	70844	20375	16873	25052	13378	43339	35936	20334	76785	37173	35165
Rv3615c	20266	27740	7344	19363	37477	11169	35167	35897	10807	8454	13405	8169	22169	24841	10387	37860	21026	20851
Rv3616c	53592	72605	25431	59220	85709	38733	86538	89802	33587	21156	45601	21024	64693	59619	31535	94310	50601	48677
Rv3617	1338	1280	1277	1436	1422	1726	1751	1655	1388	1138	1218	1058	1869	1425	1348	2053	1365	1984
Rv3618	2110	2455	2350	2385	2505	3625	3100	3500	3325	1196	1236	969	2198	1534	1495	2531	1417	1926
Rv3619c	3474	3674	4562	3737	4782	5932	5026	5012	5038	344	343	291	528	516	367	594	432	531
Rv3620c	3229	3651	3892	3493	4661	5179	4863	4809	4710	538	563	454	841	946	593	996	751	850
Rv3621c	1079	1274	1633	1039	1994	2152	1859	2410	2510	284	255	253	449	343	363	478	293	440
Rv3622c	191	253	334	221	413	428	345	480	519	46	52	34	101	51	54	100	58	72
Rv3623	3464	3791	3868	4241	3725	5428	4905	4751	3892	2541	2745	1946	3142	3263	2779	3930	2906	3923
Rv3624c	5261	4998	5405	5379	5934	7220	6602	6336	5805	4838	4658	4093	5233	6326	5487	5828	5274	7042
Rv3625c	2375	2393	3263	3133	2274	4228	2763	2580	3076	1932	1988	1696	3553	2070	2611	2996	1790	2528
Rv3626c	5221	5932	6109	5719	5700	8270	5843	5433	6289	3560	4839	3101	5635	4729	4693	5898	3821	5288
Rv3627c	9440	11137	12944	10475	14244	15957	12102	12238	13277	7250	9357	6801	10481	11921	9285	11208	8891	12653
Rv3628	1874	2225	2306	1669	2516	2954	2653	2865	2586	1694	2594	1720	1576	2904	2351	2244	2391	3195
Rv3629c	2054	1961	2169	2289	1764	3065	2969	2357	2398	1786	1743	1432	2557	1871	2272	2850	1760	2584
Rv3630	3465	4085	4708	3762	4021	5974	4681	4808	4998	2830	3668	2545	3639	3850	3678	4252	3285	4486
Rv3631	1748	1392	1549	1979	1370	2062	2153	1801	1683	1514	1159	1036	1881	1367	1483	2026	1235	1615
Rv3632	1088	871	870	1096	971	1277	1504	1180	1078	823	733	675	1033	915	849	1426	827	1231
Rv3633	10881	12204	7276	9545	17210	10331	17364	20296	10229	8733	10495	7916	11163	14848	10344	22297	14580	18980
Rv3634c	6143	6666	5312	6451	6612	7414	8397	8388	6308	5300	5631	4255	7549	6785	6494	10611	6297	8340
Rv3635	1745	1649	1867	2005	1687	2424	2392	2053	1977	1709	1503	1297	1978	1860	1878	2166	1625	2398
Rv3636	966	872	922	1084	841	1379	1357	1271	1136	873	830	775	1017	886	1104	1282	902	1309
Rv3638	149	107	187	147	136	216	208	179	165	141	104	149	153	143	158	177	118	212
Rv3639c	189	175	231	188	198	287	287	247	213	162	156	135	218	190	162	244	155	285
Rv3640c	302	241	294	438	192	367	371	248	263	229	124	175	503	191	259	332	168	278
Rv3641c	2769	2184	2466	4116	1807	3983	3330	2313	2297	1987	1219	1447	4328	1476	2192	3358	1312	1828
Rv3642c	1105	853	950	1426	851	1233	1410	898	826	835	477	605	1828	662	768	1318	579	889
Rv3643	88	61	118	86	60	143	118	96	106	71	77	94	83	60	122	106	66	122
Rvnt39	15	11	9	16	12	21	13	7	11	6	9	8	18	9	17	16	9	15
Rv3644c	3482	4094	4294	4615	3848	5852	4182	4147	4109	2099	2714	2015	4641	2815	3187	4202	2315	3239
Rv3645	18489	17137	25112	22290	19379	34137	18400	19028	24061	18154	16699	15395	21812	19824	22860	17968	15354	23307
Rv3646c	18372	20972	22715	22266	19090	33046	21392	20526	22154	17375	20781	16002	22061	24617	23796	21480	16991	24064
Rv3647c	6021	6799	5150	7469	6392	6981	6713	6406	4832	4167	5992	3320	7502	6875	5209	6684	4759	5702
Rv3648c	44728	54240	36706	48460	55650	54208	36869	35578	23345	30761	44621	26289	48824	55807	40356	37982	26206	29877
Rv3649	1516	1440	1458	1989	1491	1963	1753	1548	1378	770	864	585	1287	1047	911	1093	780	968
Rv3650	316	232	237	339	303	330	331	350	246	187	208	138	237	210	192	275	173	256
Rv3651	5665	3710	3584	5878	4315	4611	6597	4852	3763	4133	2587	2012	4091	3347	2779	4409	3041	3807
Rv3652	645	703	719	776	734	1037	830	841	723	519	636	435	771	729	588	808	631	824
Rv3653	257	494	416	358	452	591	423	508	468	201	359	192	447	390	336	390	311	402
Rv3654c	447	592	596	481	730	786	650	670	571	339	407	312	515	516	458	584	422	593
Rv3655c	219	317	252	301	309	412	342	343	304	204	254	184	271	297	256	337	211	337
Rv3656c	133	173	139	181	244	209	185	178	165	125	158	94	205	160	136	190	148	197
Rv3657c	205	337	265	323	302	337	258	260	225	136	219	117	324	236	219	227	179	182
Rv3658c	2342	2718	3003	2472	2988	3780	3326	3469	3260	1739	2450	1836	2638	2697	2699	3141	2324	3377
Rv3659c	402	740	559	1031	645	898	573	565	413	271	350	241	1288	466	420	538	282	360
Rv3660c	2148	3290	3471	3775	2104	5204	2670	2708	2642	1471	2061	1779	4839	2258	3146	3594	1712	2220
RVnc0004	2551	2671	2651	3048	2089	3827	3356	2740	2340	2084	1549	2015	4840	2173	2692	3969	2036	3052
Rv3661	5345	7027	5999	6044	6799	8696	6704	7531	6325	3895	4999	3513	6217	6463	5139	6740	5108	6592
RVnc0036a	461228	603521	258007	466000	728259	369077	583226	749099	285553	377928	476188	260232	1117875	557039	352383	1270896	487201	509656
Rv3662c	7121	9549	4624	8924	9096	6726	8470	9696	5076	4475	5480	3194	15353	8115	5098	13986	5980	6111
Rv3663c	4188	4302	4649	5629	4360	6519	5233	4834	4946	3152	3239	2209	5689	3863	3520	5104	3202	4251
Rv3664c	1405	1197	1493	1680	1339	2093	1837	1713	1712	1256	916	790	1526	1148	1128	1738	1201	1582
Rv3665c	1196	1015	1341	1248	1045	1844	1517	1459	1553	1018	813	690	1047	934	1048	1410	1077	1428
Rv3666c	2589	2530	3067	2528	2777	3871	3651	3781	3447	2212	2121	1917	2128	2593	2677	3087	2643	3920
Rv3667	6107	5891	6900	5296	7559	8685	8002	7764	7574	5073	5456	4299	4560	7062	5694	6560	6157	8687
Rv3668c	2358	2592	2861	2561	2543	3955	3221	3150	3323	2195	1898	1866	2659	2457	2613	3335	2148	3517
Rv3669	2908	2777	2783	2923	3045	3747	3505	3487	2913	2611	2809	2098	2945	3326	2923	3460	2693	3774
Rv3670	3940	3282	3687	4139	2955	5080	5263	4156	4212	3267	2797	2705	4026	3102	3973	4887	2923	4885
Rv3671c	7620	7359	7899	9367	7851	10481	9470	8300	7940	5800	6205	5069	8796	8034	7124	8989	6576	8885
Rv3672c	4243	4991	4823	5676	4543	6741	5657	5139	4977	3174	4137	2819	5360	5041	4445	5506	3840	4961
Rv3673c	6287	7274	7655	7639	7389	10009	8350	7942	8047	4484	6202	4164	7119	6941	6557	7274	5691	7662
Rv3674c	4221	4633	4866	4783	4561	6648	5437	5333	5283	3580	4136	3180	4453	4462	4667	4859	3788	5438
Rv3675	2045	2187	1755	2032	2375	2373	2728	3093	1888	2194	2286	1637	2526	2385	2361	3254	2174	3182
Rv3676	10155	9856	9198	10470	9869	13833	13155	11715	10525	8183	7055	5760	10062	8312	8342	12460	7221	9791
Rv3677c	10331	9355	11432	11526	9807	15315	11893	10184	11547	7404	7693	6495	11026	8691	9351	10439	7386	10635
Rv3678c	6585	7124	7882	7463	8606	9636	8388	8010	7815	4889	6902	4435	6857	7633	6461	6883	6521	8242
Rv3678A	2418	2235	2521	2494	2756	3226	2708	2843	2342	1787	2232	1575	2595	2466	2237	2457	2038	2681
Rv3679	16919	15523	18310	16532	16151	25310	21699	19372	19148	14834	12845	13464	17376	16498	18508	22702	14802	21568
Rv3680	27546	22071	24882	28470	21275	35909	33642	24979	26526	21105	16737	17350	28951	20578	24825	33886	18180	26851
Rv3681c	2971	3196	3814	3429	3173	5316	4135	3759	3970	2165	2472	2504	3551	2890	3497	3793	2549	3925
Rv3682	27751	29884	33526	34045	31362	46893	32651	32750	34307	21445	23255	18591	31999	30934	26740	31239	26511	34302
Rv3683	6533	7183	6421	7436	8384	9437	8143	9036	7492	4526	5215	3692	6527	6749	5516	7391	5665	7363
Rv3684	9185	9559	8047	10006	9647	11178	11686	10321	8505	6206	6600	5064	9044	7619	7249	9757	6431	9000
Rvnt40	549	474	452	755	469	698	731	546	511	384	337	331	748	373	431	714	354	522
Rv3685c	4958	4271	4534	7548	4000	6046	6327	4696	4441	4380	3469	3059	8205	4109	4746	6701	3792	5073
Rv3686c	6734	7302	5383	8820	5311	7953	9730	8167	6418	6400	7407	4485	10002	7079	7466	10463	6745	8016
Rv3687c	2647	2155	2231	3010	2182	2995	3480	2954	2297	2113	1674	1563	3194	2305	2293	3474	1956	2683
Rv3688c	2834	2264	2158	3085	2947	2866	3371	3149	2313	2297	2039	1597	3140	2606	2395	3090	2320	2956
Rv3689	9461	9863	7548	11046	10228	10606	13149	12656	9342	7160	7881	4734	11821	9161	7081	14243	8495	10673
Rv3690	2539	1778	1852	2917	1980	2547	3470	2529	2094	1976	1120	1324	3200	1673	1852	3449	1492	2497
Rv3691	4663	3901	3718	5149	4154	5080	5931	5072	4272	3437	2587	2206	5085	3292	3291	5521	3030	4074
Rv3692	5457	4893	4630	6510	5795	6252	7426	6517	5089	4224	3508	2903	7215	4830	3851	7791	4446	5705
Rv3693	7661	7110	6873	9549	6889	9551	9654	7945	7564	5715	5039	3671	10353	5788	5719	9791	4894	6785
Rv3694c	9438	9124	10389	10894	9742	14092	11767	11068	11244	7341	7650	5542	9781	9082	8032	10602	7616	10047
Rv3695	4037	4017	4156	5306	4146	5743	5323	4875	4374	3269	3078	2368	4918	3749	3601	5103	3410	4273
Rv3696c	4115	3794	3711	4856	3937	4968	5291	4302	3904	3157	2909	2070	4486	3413	3094	4616	2906	3808
Rv3697c	2384	1863	1937	2487	2106	2466	3283	2638	2208	1985	1625	1264	2297	1837	1717	2948	1848	2591
Rv3697A	816	603	617	891	806	822	1010	679	633	662	482	423	840	636	509	941	525	783
Rv3698	1389	1238	926	1678	1270	1431	1791	1561	1018	1205	897	724	1865	1187	997	2020	1019	1264
Rv3699	4167	4176	4370	4446	6667	5449	5047	6231	4901	3169	3773	2778	4503	5589	3625	4691	4618	6119
Rv3700c	4214	4138	3817	4719	4213	5359	4977	4644	3955	2982	3235	2181	5299	3692	3172	5135	3109	3874
Rv3701c	2458	2063	2024	3113	2076	2706	2874	2408	1934	1884	1541	1098	3652	1899	1847	3115	1502	1770
Rv3702c	1543	1354	1290	1998	1376	1673	1774	1627	1319	1197	1099	814	2240	1342	1285	2221	1043	1466
Rv3703c	3725	3699	3102	4630	3840	4168	4462	4188	3064	2855	3269	2176	5414	3519	3333	5174	3056	3771
Rv3704c	5949	5655	5252	7311	5917	6835	7604	6497	5291	4467	4624	3470	8100	5556	5333	8041	4671	6149
Rv3705c	2098	2680	1302	2921	2293	1981	2964	2946	1528	1484	2076	1300	3705	2518	1944	3690	2057	2477
Rv3705A	950	1080	766	1103	1123	1149	1489	1812	1001	686	801	483	1201	1079	807	2035	1122	1366
Rv3706c	1819	1413	1098	2016	1509	1635	2672	2067	1285	1609	1158	881	2461	1561	1335	3234	1720	1901
Rv3707c	4022	3845	4891	5159	3557	7068	5511	4572	5331	3073	2960	2482	4785	3311	3911	5057	3115	4514
Rv3708c	11144	11306	15236	13114	12859	19785	13541	12737	15333	8232	9863	7265	12473	11323	11197	12968	9318	13057
Rv3709c	11760	11626	16122	14082	13752	20586	13557	12057	14410	9617	9125	9218	14296	12591	12247	12901	9500	14033
Rv3710	21076	18352	23369	27924	17563	33442	23133	18792	21245	18565	14578	14600	29506	17701	21899	24855	14050	21703
Rv3711c	8961	7493	7310	10135	9170	9184	10758	8835	7587	7401	6168	4642	11570	7232	6594	12000	6260	9439
Rv3712	1993	2353	2744	2178	2449	3459	2727	2731	2878	1523	2056	1468	1988	2321	2118	2409	1947	2766
Rv3713	2301	2350	2664	2669	2685	3513	3209	3167	3073	1666	1993	1410	2458	2350	2292	2868	2219	3147
Rv3714c	2362	2805	2431	3299	2469	3592	3357	2815	2714	1590	1345	1267	3293	1630	1911	3211	1438	2195
Rv3715c	5102	5653	5424	5192	5877	7278	7528	6255	6351	4296	5129	3628	5356	5757	5236	7207	5046	6918
Rv3716c	3597	4518	3892	3872	4663	5495	5095	4705	4246	3086	3917	2765	4216	4924	4109	4931	3800	5182
Rv3717	7316	7710	5081	8597	8084	7271	9517	9157	5679	8089	7190	4933	10072	8607	7062	11097	7159	9113
Rv3718c	1059	1346	1052	1251	1320	1390	1437	1243	1080	1059	1045	830	1399	1406	1249	1490	1095	1438
Rv3719	15153	12873	15098	16830	14505	22376	17617	15411	15901	9874	8381	7929	13498	10416	11377	13638	8919	12577
Rv3720	11431	11385	11845	13189	12193	15939	12780	11776	11548	6634	6558	5857	10829	8254	8000	10917	6985	9892
Rv3721c	9224	9986	10387	11211	10107	14323	11558	10605	10904	6719	7715	5828	10565	8751	8556	10673	7350	10675
Rv3722c	16370	17845	18306	16806	17640	26509	20588	18385	18583	13327	15291	13757	17214	18932	18939	20725	14064	20997
RVnc0006	292	319	394	362	338	480	362	303	370	235	250	229	432	310	408	332	262	404
Rvnt41	44	45	49	60	42	80	55	52	31	38	44	29	68	38	52	66	33	59
Rv3723	12201	10940	12276	12405	11532	16370	14842	12726	12201	9459	9513	7752	11317	11373	11207	13029	9362	12595
Rv3725	10351	10281	9838	10574	12048	13488	12981	13158	10955	9640	10716	7772	10892	13202	11061	13131	11194	14676
Rv3726	8999	11085	7626	10373	10503	11136	11507	12576	8947	8443	10813	5972	11651	12367	9204	13309	10086	12063
Rv3727	4306	3263	2792	5613	3079	4315	5671	3905	3127	4023	2361	2294	8385	3099	3319	6582	2712	3740
Rv3728	2826	3410	3095	4063	3239	4318	3528	3408	3144	2017	2335	1646	4665	2741	2566	3830	2101	2992
Rv3729	4064	4122	3138	4734	4193	4272	5307	5203	3565	3483	2997	2540	5375	3910	3652	6166	3774	4718
Rv3730c	1953	1666	1505	2308	1780	2076	2423	2054	1582	1748	1546	1143	2731	1717	1655	2832	1726	1984
Rv3731	1274	1015	1030	1359	1491	1271	1580	1446	1022	1107	870	778	1482	1319	1016	1514	1083	1536
Rv3732	4616	3915	3856	5238	4520	5085	5979	5423	4353	3568	2936	2426	5313	3995	3517	6108	4055	4846
Rv3733c	3640	4036	2576	3917	4003	3920	5607	5996	3608	2692	3478	2216	4474	3691	3447	7032	4112	5261
Rv3734c	9489	11079	5845	9301	15523	8321	15740	17918	8656	6914	8574	5429	10131	12189	7374	18420	12101	14357
Rv3735	2838	2527	2649	3001	3400	3346	3657	3702	3075	2102	2190	1727	3059	2745	2286	3668	2577	3440
Rv3736	2798	2811	2953	2906	2720	4055	3642	3452	3155	1952	2056	1971	2988	2428	2710	3390	2327	3424
Rv3737	5440	6074	6578	6592	6278	8518	6969	6276	6908	4206	4905	3779	6674	5881	5490	6481	4479	6584
Rv3738c	2113	2126	2309	2772	1946	2883	2785	2072	2279	1951	1655	1602	2843	2042	2130	2332	1617	2609
Rv3739c	575	400	537	729	424	817	646	533	591	541	427	360	756	500	547	655	381	599
Rv3740c	2890	2551	2794	3929	2333	3762	3711	2847	2697	2817	1954	2007	5347	2519	2796	4037	2011	2998
Rv3741c	919	626	535	1294	524	816	1285	653	519	1149	535	584	2230	636	907	1610	559	901
Rv3742c	1895	1100	1323	2477	1320	1671	2797	1559	1351	2325	911	1290	4210	1344	1705	3325	1332	2038
Rv3743c	725	664	723	993	522	1021	900	679	653	1029	472	529	1266	567	712	1350	465	733
Rv3744	1085	1187	1217	1180	1204	1683	1031	1326	1385	1116	1006	691	1271	1169	938	1165	1150	1304
Rv3745c	146	109	138	141	134	185	162	160	186	126	87	84	181	120	132	163	135	204
Rv3746c	478	410	249	1120	1005	376	480	437	269	322	309	183	1705	414	253	622	246	302
Rv3747	2543	2934	2761	2324	3624	3593	3600	3697	3285	2308	3604	2073	2363	3940	2975	3229	3192	4116
Rv3748	3621	3490	3825	3732	3492	5348	4843	4577	4242	3047	3562	2734	3807	3727	4098	4589	3469	4724
Rv3749c	4202	3823	2723	4931	3445	4473	5551	4489	2965	3647	2868	2545	6522	3507	3921	7372	3327	4217
Rv3750c	6176	5231	3912	6598	5543	5926	9236	7236	4522	5380	3796	3831	8996	5414	5411	11436	5544	6973
Rvnt42	69	65	70	112	83	90	114	97	100	74	63	80	153	101	115	105	88	137
Rv3752c	916	833	716	1083	921	921	1370	1156	841	717	839	650	1378	943	986	1515	893	1240
Rv3753c	2043	2379	1658	2413	2420	2198	2751	2660	1830	1828	2364	1568	3170	2556	2214	3409	2222	2598
Rv3754	3648	3321	3616	4497	3811	4601	4832	4093	3542	3025	2452	2534	4472	3399	3253	4306	2847	4102
Rv3755c	4842	4733	4146	5696	5114	5767	5740	4919	4067	3391	3168	2758	5536	3981	3695	4961	3091	4290
Rv3756c	3452	3197	3323	5227	3343	4725	3868	3345	2966	2288	2090	1544	5034	2744	2369	3586	2128	2251
Rv3757c	3787	4009	3479	5811	3601	5043	4131	3469	2847	2543	2598	1555	5336	2748	2385	3901	2222	2369
Rv3758c	8326	6858	6816	9822	7082	9781	8702	6159	6056	5810	4603	3975	8679	5089	5919	7413	3951	5459
Rv3759c	8568	6323	7741	11243	8246	10109	9510	7739	7332	6172	4374	4765	9224	5633	6455	7346	4649	7357
Rv3760	963	726	682	890	975	831	1214	999	784	830	488	538	874	827	711	1110	720	1188
Rv3761c	2477	2273	2516	2421	2888	3227	3365	2992	2612	2449	1960	1774	2527	2645	2417	3131	2395	3323
Rv3762c	4753	5845	3849	5462	6971	5124	7255	8355	4617	3603	4260	3044	5184	5902	4163	7241	5981	6988
Rv3763	13686	15900	9448	13358	24176	11851	23355	25848	11853	13996	13544	9729	17218	20508	13170	30111	21122	24768
Rv3764c	15184	17831	9144	16207	19554	13010	26217	27814	13464	14967	15106	10153	19892	18732	14927	35630	20100	26620
Rv3765c	1334	1233	1608	1341	1524	1969	1978	1535	1674	1059	978	887	1117	1254	1232	1489	1111	1780
Rv3766	2001	1514	1518	2361	1885	1924	2690	2001	1737	1160	895	886	2064	1351	1168	1875	1238	1792
Rv3767c	4667	3028	2250	6126	3195	3234	5692	3901	2542	3059	2070	1591	5106	2563	2438	4847	2433	2761
Rv3768	548	581	606	555	656	685	624	646	579	400	441	344	458	469	416	533	422	602
Rv3769	3320	3150	3089	3532	3389	4004	3312	3521	3031	2747	2771	2158	3725	3299	2867	3181	2380	3646
Rv3770c	2602	2726	2438	2714	2964	3487	2912	3023	2430	2102	2370	1708	2842	3040	2493	2856	2049	2691
Rv3771c	1247	1421	1779	1341	1101	2439	1636	1533	1768	973	1454	1326	1203	1467	1805	1387	1119	1721
Rvnt43	64	95	94	91	77	117	120	79	96	60	104	85	108	112	116	87	98	125
Rvnt44	76	88	81	75	111	118	114	104	88	58	114	62	108	101	89	88	114	102
Rv3772	2715	2656	2723	2894	2841	3530	3147	2772	2676	2100	2124	1692	2638	2741	2269	2745	2209	2801
Rv3773c	2396	1863	1910	2495	2030	2692	2901	2306	1947	1796	1549	1330	2295	1807	1896	2702	1746	2390
Rv3774	11531	10863	11306	11501	16447	13709	12613	13865	10901	9905	10683	7633	11285	15810	9507	11767	12401	14327
Rv3775	6930	6086	6441	6623	7207	8752	7983	8025	6740	5711	6081	4569	6209	7701	6365	8277	6589	8620
Rv3776	5015	6102	6075	6236	6753	8243	5742	6884	5726	3552	3969	2679	6221	4434	4203	5794	3516	4756
Rvnt45	18	13	19	21	15	24	12	16	7	11	2	11	17	6	15	19	14	15
Rv3777	7224	6200	6684	8349	6466	9431	9070	7651	7501	5418	4439	4153	8623	5565	6152	9040	5040	7371
Rv3778c	8091	7633	8733	8586	8930	10608	10804	8862	8809	6521	7133	6098	9163	9003	8638	11149	7362	10801
Rv3779	4845	4573	5643	5036	5576	7333	5727	5418	5547	3728	3842	3301	4811	4481	4449	5586	3601	5475
Rv3780	3735	4041	3964	4162	4420	5409	4758	4749	4033	3421	3245	2973	4385	4406	3834	4975	3767	4824
Rv3781	3639	3272	3585	4401	3308	5265	4582	3764	3806	3150	2450	2501	4490	3387	3878	4736	2857	3929
Rv3782	9564	8000	9703	12486	7299	13660	10837	8419	9293	7582	6041	6265	12496	7026	8848	10726	5931	8546
Rv3783	7778	6204	7351	9979	5984	10881	8962	7023	7477	5997	4223	4401	10243	5641	6322	8591	4785	6465
Rv3784	2018	1553	1974	2751	1348	2963	2551	1764	1987	1768	1029	1356	3197	1336	1930	2771	1134	2070
Rv3785	4251	3358	3923	5586	3608	5308	5035	4018	3906	3043	2160	2293	6046	2614	3268	4968	2245	3679
Rv3786c	3202	2711	3024	3605	3171	3883	4043	3439	3254	2681	2311	1871	3396	2952	2645	3576	2608	3586
Rv3787c	903	859	979	957	961	1268	1178	1109	1036	742	675	530	850	731	756	989	703	963
Rv3788	906	1007	881	961	1321	1245	1452	1531	1148	1089	1062	910	1073	1336	1274	1932	1265	2023
Rv3789	1075	1125	1001	1153	1058	1439	1661	1478	1215	1085	900	869	1160	1206	1275	1685	1131	1618
Rv3790	2531	2770	2604	2782	2524	3797	3526	3286	3011	2467	2414	1994	2599	3000	2877	3305	2503	3455
Rv3791	5588	4504	5643	5513	5825	7733	8080	7354	6996	5046	4550	4173	4867	5619	6144	7293	5235	8127
Rv3792	7124	6424	7507	8075	7205	9855	8921	8477	8684	5097	5459	4071	7063	5810	6288	8326	5512	7676
Rv3793	17734	17611	19471	21399	18998	26555	22355	21075	21466	12827	13224	10609	20700	16227	16018	20665	14192	19135
Rv3794	21324	21572	21873	24612	22195	29201	27554	24489	23957	18043	19457	14036	23720	24065	21189	26920	19902	26923
Rv3795	25258	20906	22084	30781	22114	30232	29479	23439	23526	20826	17928	15125	31062	22001	21967	30187	19233	26904
Rv3796	2613	1782	1636	3266	1411	2421	3017	1974	1695	2267	1330	1377	3696	1594	2107	3234	1434	2082
Rv3797	1601	1564	918	2362	1408	1387	2280	1569	941	1942	1384	1019	3382	1642	1442	3005	1322	1694
Rv3798	6698	6176	7182	8902	5637	10342	7872	6849	6683	5298	5356	4465	9852	6508	7386	8696	5261	6879
Rv3799c	39947	36435	45466	54825	38150	63843	43265	39004	38013	30689	29771	28667	63145	42740	44918	53588	31858	42432
Rv3800c	117370	113200	135635	153024	123576	184360	125366	115216	112600	89314	99960	91090	183284	129355	136372	155659	90669	123887
Rv3801c	43624	48124	42633	50314	49636	60867	52488	48842	39519	34322	39825	34576	61714	52640	48625	62169	35251	49188
Rv3802c	8669	8960	8130	10328	8965	12436	11362	10904	9056	5749	5902	5477	9549	8137	8237	11208	6381	9811
Rv3803c	11887	15895	14754	14746	16603	20221	17087	17514	16246	9572	15116	9701	14087	18278	15038	17277	13952	18688
Rv3804c	73011	100160	107428	85006	82362	160758	95243	101587	120931	70060	109296	69460	89043	128296	110845	98520	99620	120942
Rv3805c	16216	14746	18705	23349	14610	26418	19009	17015	17932	13532	13133	10664	25518	16556	16995	21015	13448	17469
Rv3806c	9189	8799	10421	13041	8505	14739	11093	9076	10534	7866	8267	6356	14396	9740	9950	12456	7575	10183
Rv3807c	4720	4916	5503	6080	4624	7747	5869	4952	5934	4185	4674	3474	6520	5283	5574	6505	4079	6011
Rv3808c	14662	13202	16896	16841	14730	22899	18552	15825	17355	14470	11881	11792	18624	16391	17014	19646	13267	20185
Rv3809c	4984	5291	5458	5503	4386	7725	5965	5418	5825	5113	4719	4251	6189	5666	6583	6170	4580	6702
Rv3810	23182	25413	21832	26532	25742	29828	28717	28394	23715	21688	21595	15710	33527	25006	23508	37226	20316	29134
Rv3811	16507	12854	13537	19926	12731	19272	20188	13319	13899	15601	7977	9332	24571	10593	13074	23121	9454	15383
Rv3812	3509	3159	3858	4433	3003	5717	4303	3518	3908	2681	2095	1969	4812	2605	2980	4209	2182	3320
Rv3813c	4999	5378	5779	5923	5715	8111	6100	5410	6537	3578	3833	3134	5925	4817	4657	6502	3714	5615
Rv3814c	3931	4473	4431	4511	5390	6295	5161	5213	5084	2843	3168	2274	4357	4572	3405	5176	3579	4903
Rv3815c	4104	4674	4326	4745	4964	6344	5061	4727	4618	2940	4076	2104	4335	4369	3339	4701	3444	4064
Rv3816c	6529	6900	6997	7284	8281	9974	8024	7953	7433	4802	5392	3883	6666	7533	5481	7463	5863	7187
Rv3817	1516	1882	1777	1773	1716	2519	1884	2080	1953	1109	1605	1011	1658	1765	1621	1694	1336	1767
Rv3818	5655	5433	6614	5919	6180	8777	7347	6794	7525	4209	3259	3523	5037	4625	4773	5567	4133	6205
Rv3819	1744	1168	1839	1606	1405	2720	2310	1888	2344	1247	643	1032	1321	1017	1388	1871	1081	1801
Rv3820c	4806	3910	4957	5798	3657	7210	6152	4842	5202	3997	2435	3022	5807	3444	4313	5727	3055	4986
Rv3821	4715	4147	4809	5258	4730	6538	5864	5503	4944	4071	3662	3149	5603	4649	4402	5749	4066	5439
Rv3822	14770	9212	7755	20797	8383	11995	20099	12295	9010	10887	5769	6343	24518	9179	9846	23903	9244	12017
Rv3823c	20959	15572	12438	27817	15157	18770	28474	22260	15113	12891	10905	8896	36041	14339	13986	37236	15250	18636
Rv3824c	7941	6274	4371	9791	6765	6891	11012	9362	5373	5246	4623	3695	13307	6219	5508	14395	6501	8104
Rv3825c	69749	67059	50338	86854	74443	71248	97528	90476	61774	40820	51692	36266	106338	65567	54832	122715	65481	77712
Rv3826	6985	7456	5379	7977	6781	8118	9876	9123	6420	4962	4661	3903	8101	6196	5540	9308	5915	7778
Rv3827c	8983	10047	8500	11672	9781	12378	11258	10720	9049	4631	4541	3714	11158	5448	5523	10529	4921	7339
Rv3828c	2184	2068	2284	3081	1881	3062	2780	2171	2032	834	756	563	2887	759	941	2257	830	1140
Rv3829c	1455	1458	1351	1613	1590	1915	2064	2088	1770	1042	1025	846	1518	1397	1264	1977	1370	2006
Rv3830c	232	254	258	263	236	331	335	295	285	178	165	152	276	187	217	276	190	349
Rv3831	932	971	982	934	944	1356	1356	1535	1158	694	803	716	993	878	1035	1301	945	1396
Rv3832c	499	577	403	535	543	625	664	760	492	439	475	359	621	515	478	707	486	747
Rv3833	692	1107	810	792	985	1074	1173	1242	981	585	559	631	749	688	979	1071	728	1364
Rv3834c	1047	1301	1349	1054	1508	1698	1449	1419	1425	903	1255	826	926	1501	1188	1274	1168	1706
Rv3835	6099	6162	6259	7191	6482	9097	7298	6741	6360	5420	4925	4168	7392	6336	6094	7397	5242	6651
Rv3836	1707	2449	1759	2055	2175	2500	1968	2149	1696	1395	1141	1168	2251	1522	1852	2013	1282	1769
Rv3837c	7077	11267	8531	7974	12829	11570	9935	12739	9153	5235	6374	5322	7940	7887	8144	9589	7074	9970
Rv3838c	3724	4486	4622	4273	5269	6127	4074	4507	4505	2580	4023	2483	4279	4423	3897	3852	3049	4237
Rv3839	636	748	773	745	805	1001	889	987	831	561	660	634	787	825	887	854	726	1571
Rv3840	425	552	454	471	424	678	466	525	419	303	432	299	578	470	453	494	339	432
Rv3841	73983	120435	70748	88049	130469	104050	66637	88693	63396	46229	109966	46754	114482	131359	61968	75292	73409	68063
Rv3842c	41056	61478	46921	51922	63908	71235	37962	50341	39866	24330	50305	22601	64526	62735	36205	44830	40427	31194
Rv3843c	12862	15689	15910	14929	17683	21297	16241	17868	17212	8438	12759	8166	14333	14911	12432	14904	11367	15723
RVnc0040	265	298	136	263	270	188	374	256	137	208	206	181	516	251	201	527	196	290
Rv3844	1223	1332	1389	1404	1383	1843	1522	1448	1281	909	1055	848	1319	1262	1193	1283	899	1249
Rv3845	1278	1278	1319	1559	1074	1872	1419	1259	1164	696	688	554	1182	914	886	1044	642	872
Rv3846	7450	9065	6519	7191	12373	9432	10935	11934	7701	6141	6427	5159	6777	11159	6627	10506	9033	10690
Rv3847	12579	10451	12389	14387	10775	17523	17188	15323	14365	7265	6556	5527	10400	7533	8316	13135	7225	11052
Rv3848	5104	5382	4447	6784	5069	6247	5920	5214	4096	2976	3369	2232	5883	3991	3237	4996	3349	3494
Rv3849	6488	6452	4625	8384	5731	6740	9139	7378	4971	5268	4258	3656	10118	6241	5499	10742	5474	6986
Rv3850	2762	2581	2397	3299	2360	3321	4053	3357	2681	2076	2050	1677	3496	2556	2525	4166	2229	3336
Rv3851	900	755	741	925	837	910	1283	963	806	740	593	585	1138	729	755	1418	733	1131
Rv3852	5927	6239	5350	5787	7441	7239	7473	7163	5751	5004	5361	4074	6240	7350	5334	7234	5393	7725
Rv3853	5466	5432	4896	5307	6316	6981	6787	6193	5406	4702	4513	3468	5508	5902	4972	6961	4746	6120
Rv3854c	15578	13986	24960	16855	18228	38611	15194	14182	25782	10447	8770	11266	15299	11910	15670	15853	8179	17999
Rv3855	3518	3553	7690	4356	4112	10463	3700	3459	7465	2472	2110	2722	3213	2870	3665	3021	2059	4400
Rv3856c	7883	7933	9626	9434	8310	13547	8882	7945	9219	5935	5803	5231	10436	6837	7514	9187	4963	7594
Rv3857c	1497	1631	1591	2040	1529	2335	1963	1422	1591	1370	968	953	2757	1209	1338	2400	924	1603
Rv3858c	16461	15652	16029	21857	14853	24353	21548	17744	18761	12992	11890	9402	21252	14308	14636	22173	12729	18208
Rv3859c	54809	58074	56161	67171	60175	82043	75658	70596	68238	44109	44251	34470	64802	57904	52707	77867	52439	72374
Rv3860	1567	2125	1766	1889	2053	2591	2161	2302	1916	1322	1455	1136	1891	1923	1657	1969	1533	2105
Rv3861	145	170	191	176	130	298	135	140	175	70	95	57	149	118	114	120	82	132
Rv3862c	213	345	363	322	214	671	279	256	380	157	101	109	301	105	161	217	87	139
Rv3863	3584	3130	3828	4358	3039	5553	4128	3517	3704	2657	2101	1995	4104	2423	2753	3754	2096	3235
Rv3864	8794	10733	8438	10819	11533	13408	12094	12741	9859	6568	7422	5440	11803	10103	7852	13793	8000	10763
Rv3865	4628	5648	4496	5364	6810	6592	6465	6548	5032	2789	2852	2348	5552	4866	3604	6253	3831	5222
Rv3866	10129	10812	9714	11226	13140	13549	13235	13775	10924	6221	6799	5099	11475	9479	7414	13417	8229	10400
Rv3867	9154	11742	8850	10695	11943	13197	11837	12722	9140	6227	7288	5237	10817	9976	7371	12115	7876	9186
Rv3868	26129	31060	23620	34273	27566	37980	31155	29996	23741	16463	18876	12456	32838	23302	20172	32398	18321	21930
Rv3869	22054	15334	18872	29949	17937	26127	22034	18013	16891	16065	9320	10764	30743	13937	15061	22129	11476	16134
Rv3870	33615	27884	29211	43578	29242	42970	35138	29781	25637	23644	17517	15158	46048	23440	22986	38007	18734	23090
Rv3871	19337	16896	17872	24429	17798	25629	20934	17606	16355	13177	10046	8884	25952	13600	13544	21868	10563	13794
Rv3872	4668	4293	4768	6256	4547	6446	6018	4885	4559	3295	2024	2814	6554	3399	3672	5829	2798	4580
Rv3873	14629	15649	14986	17100	16881	21621	18003	16580	15385	10163	9668	8088	17544	12092	11760	17261	8794	12974
Rv3874	30316	36776	30535	31580	45569	44435	36360	41551	31178	20560	25048	15541	35530	33980	23841	38743	24581	28439
Rv3875	41394	53800	45758	44448	67340	63313	50780	58144	44399	29865	36086	24158	52654	50087	36211	53713	34682	39875
Rv3876	13082	12689	13115	16633	12668	19138	17241	14684	14597	10811	8600	8265	19481	11539	12005	20182	10273	16097
Rv3877	12216	10867	13529	14168	11118	19653	14734	12987	15428	9754	8446	7955	16295	9348	11901	16925	8578	13810
Rv3878	7643	6969	7852	9882	7304	10971	9182	7751	7842	6807	4477	5199	11227	6168	7373	10030	5237	8540
Rv3879c	15987	18828	17756	21961	18770	25256	20026	19284	18796	9931	11184	9297	23890	13951	14060	22248	11422	17369
Rv3880c	4470	4772	4560	5313	5750	6062	6085	5701	4921	3437	3630	2897	6047	5054	4208	6814	4129	5551
Rv3881c	16409	19183	16402	20922	20982	24047	21558	22172	17645	12933	14452	10512	22492	19819	16429	24220	15817	20336
Rv3882c	10030	9973	11663	12428	10665	16111	12668	12034	12461	8203	7548	6294	11884	9934	9197	11974	8167	11409
Rv3883c	11316	13430	13516	14754	13079	18523	14186	13950	14095	9477	10273	7932	14807	12963	12192	13897	9614	13592
Rv3884c	9435	7800	8506	11612	8364	12380	11241	9584	9436	7158	5831	4812	11824	7887	7335	11324	6694	8351
Rv3885c	7100	6056	7308	9586	5839	10307	8629	7302	8215	5061	4634	3716	9183	5434	5712	8865	4876	6748
Rv3886c	5314	4861	5425	6813	5136	8109	6647	5880	6310	3557	3161	2749	6572	4495	3809	6812	4271	5549
Rv3887c	5627	5633	6711	7206	5380	9839	7916	7519	8081	4096	4846	3341	6637	5375	5537	8385	5197	7258
Rv3888c	3916	4066	3893	4316	4028	5809	5491	4732	4749	2919	2672	2347	4217	3942	3422	5272	3434	4984
Rv3889c	2977	2915	3379	3247	3458	4101	4475	4576	4056	2385	2336	2170	3108	3181	3008	4357	3305	4753
Rv3890c	2089	2374	1871	2004	3317	2746	3627	3804	2513	1690	1537	1505	2003	3000	1949	3203	2553	3799
Rv3891c	1498	1564	1169	1417	2309	1657	2457	2403	1653	1141	847	1006	1421	1792	1281	2358	1730	2437
Rv3892c	1150	1130	1071	1513	1124	1413	1874	1466	1223	781	685	653	1205	912	957	1290	820	1330
Rv3893c	750	818	717	1032	754	959	1063	867	770	576	516	470	924	644	692	867	538	785
Rv3894c	11775	11435	10798	15094	12121	15402	15965	13978	11980	8195	7545	6103	14026	9760	9039	13898	8701	10925
Rv3895c	2448	2590	2682	2906	2888	3607	3242	3209	2904	1367	1673	1260	2652	2108	1919	2948	1861	2559
Rv3896c	2972	3139	3294	3258	3291	4578	3908	3836	3598	2238	2090	2126	3421	2979	2910	3879	2584	3768
Rv3897c	2492	3039	2764	3023	3012	3765	3217	3214	3028	1933	2588	1422	2920	2884	2280	3205	2195	2831
Rv3898c	1679	1995	1859	1975	2301	2616	2108	2266	1925	1405	1769	1074	2102	2224	1699	2328	1726	2165
Rv3899c	2534	2533	3141	3246	2459	4186	3259	3041	3215	1905	1955	1795	3137	2376	2640	3153	2017	3161
Rv3900c	2123	2265	2713	2661	2528	3427	2983	2820	2702	1639	1815	1400	2595	2284	2071	2857	1908	2718
Rv3901c	1502	1373	1477	1564	1421	2103	1880	1711	1621	1180	1173	972	1526	1445	1401	1699	1118	1549
Rv3902c	510	446	484	695	509	776	652	564	566	453	322	325	820	447	438	766	385	613
Rv3903c	1535	1468	1602	2037	1340	2299	1745	1516	1624	1083	1068	853	1969	1269	1341	1707	1021	1497
Rv3904c	207	224	245	243	257	323	232	253	226	140	190	135	227	204	210	209	190	223
Rv3905c	174	303	192	235	273	330	240	249	204	132	206	135	251	271	245	203	189	244
Rv3906c	2271	3532	2899	2725	3829	3771	3203	4118	2982	1948	3696	2371	2845	4007	3504	3176	3363	4468
Rv3907c	5435	6534	7727	5739	7710	9899	6921	7577	7968	4788	6522	4935	5553	7926	7072	6364	6263	8970
Rv3908	4350	4873	5540	5070	4685	7762	5826	5425	5889	3908	4172	3606	5283	4887	5004	5801	4167	6018
Rv3909	9265	8051	10245	10932	8140	14005	11051	9270	10330	7989	6628	6158	11623	8205	9002	12100	7162	10493
Rv3910	20067	18232	21299	24339	19906	28115	23706	21430	21330	16817	15156	12382	26629	18104	18334	24830	15573	20494
Rv3911	1675	1452	1675	2049	1429	2423	2246	1977	1826	1503	1042	1041	2207	1271	1500	2218	1147	1716
Rv3912	543	569	511	614	589	651	726	711	566	500	454	382	799	635	532	774	575	769
Rv3913	3646	4853	3599	3479	5766	4887	5667	7138	4813	3208	3847	3073	3536	4853	4091	5628	4441	6484
Rv3914	4519	5756	2931	3677	7226	4258	7081	9317	4483	3928	4638	3062	4034	6318	4480	7763	6483	7823
Rv3915	13954	13250	13172	14222	13596	18087	17195	16252	13891	13000	11933	10322	15074	14863	14223	17501	12437	17110
Rv3916c	6088	5979	6182	7120	5639	9280	7519	6835	6184	4791	4723	4401	7998	5345	6553	8111	4315	6801
Rv3917c	9223	9068	9070	11069	9312	13125	9264	8799	7701	7206	6926	6107	12285	8953	8853	10057	5990	8595
Rv3918c	5760	5454	5689	8116	5449	8848	5564	4815	4325	5140	3777	3777	9538	5883	5710	6238	3655	4885
Rv3919c	3717	3743	4056	5924	3144	6135	3365	2681	2835	2871	2989	2309	6593	3730	3702	3643	2229	2622
Rv3920c	11991	10360	12816	16187	10142	17698	11626	8510	8888	9525	8541	7424	17637	11720	11726	11520	6884	8837
Rv3921c	17369	16072	19796	25531	14399	29190	19220	14371	16232	16092	11301	13626	27327	18843	20443	20345	11961	16045
Rv3922c	6413	6237	7130	8798	4388	10876	7273	6235	6429	5933	5888	4704	9188	6533	8777	7953	5012	5973
Rv3923c	7237	8838	9316	8824	6390	14012	9023	8684	8721	7928	8347	7059	10136	9605	11674	10413	7377	9237
Rv3924c	2585	3662	3716	3161	2908	5453	3388	3293	3452	2889	3654	3085	3696	4291	5195	3859	3139	4510
